<?xml version="1.0" encoding="UTF-8"?>
<gpx xmlns:xsi="http://www.w3.org/2001/XMLSchema-instance" xmlns="http://www.topografix.com/GPX/1/1" version="1.1" creator="Hiiker.app" xsi:schemaLocation="http://www.topografix.com/GPX/1/1">
	<metadata>
		<name>Caminho da Nazaré</name>
		<desc/>
		<link href="https://hiiker.com"/>
	</metadata>
	<rte>
		<name>Day 1</name>
		<rtept lat="39.60516" lon="-9.07608">
			<ele>101.2</ele>
		</rtept>
		<rtept lat="39.60506" lon="-9.07579">
			<ele>99.1</ele>
		</rtept>
		<rtept lat="39.605" lon="-9.07572">
			<ele>99.5</ele>
		</rtept>
		<rtept lat="39.60503" lon="-9.07568">
			<ele>101.0</ele>
		</rtept>
		<rtept lat="39.60483" lon="-9.07546">
			<ele>96.8</ele>
		</rtept>
		<rtept lat="39.60487" lon="-9.07542">
			<ele>99.3</ele>
		</rtept>
		<rtept lat="39.60491" lon="-9.07538">
			<ele>102.1</ele>
		</rtept>
		<rtept lat="39.60493" lon="-9.07535">
			<ele>103.3</ele>
		</rtept>
		<rtept lat="39.60493" lon="-9.07532">
			<ele>104.2</ele>
		</rtept>
		<rtept lat="39.60492" lon="-9.07529">
			<ele>103.6</ele>
		</rtept>
		<rtept lat="39.60489" lon="-9.07526">
			<ele>102.7</ele>
		</rtept>
		<rtept lat="39.60489" lon="-9.07523">
			<ele>103.0</ele>
		</rtept>
		<rtept lat="39.60491" lon="-9.07518">
			<ele>104.3</ele>
		</rtept>
		<rtept lat="39.60491" lon="-9.07515">
			<ele>104.9</ele>
		</rtept>
		<rtept lat="39.6049" lon="-9.07512">
			<ele>104.4</ele>
		</rtept>
		<rtept lat="39.6049" lon="-9.0751">
			<ele>104.5</ele>
		</rtept>
		<rtept lat="39.60493" lon="-9.07499">
			<ele>107.3</ele>
		</rtept>
		<rtept lat="39.60494" lon="-9.07497">
			<ele>108.0</ele>
		</rtept>
		<rtept lat="39.60493" lon="-9.07496">
			<ele>107.8</ele>
		</rtept>
		<rtept lat="39.60499" lon="-9.07475">
			<ele>114.2</ele>
		</rtept>
		<rtept lat="39.60499" lon="-9.07457">
			<ele>113.9</ele>
		</rtept>
		<rtept lat="39.60498" lon="-9.07449">
			<ele>113.5</ele>
		</rtept>
		<rtept lat="39.60499" lon="-9.07434">
			<ele>113.7</ele>
		</rtept>
		<rtept lat="39.60501" lon="-9.07428">
			<ele>114.2</ele>
		</rtept>
		<rtept lat="39.60501" lon="-9.07423">
			<ele>114.3</ele>
		</rtept>
		<rtept lat="39.60504" lon="-9.07423">
			<ele>114.9</ele>
		</rtept>
		<rtept lat="39.60504" lon="-9.07401">
			<ele>116.9</ele>
		</rtept>
		<rtept lat="39.60505" lon="-9.07386">
			<ele>118.3</ele>
		</rtept>
		<rtept lat="39.60506" lon="-9.07376">
			<ele>118.6</ele>
		</rtept>
		<rtept lat="39.6051" lon="-9.07359">
			<ele>119.4</ele>
		</rtept>
		<rtept lat="39.6053" lon="-9.07298">
			<ele>119.3</ele>
		</rtept>
		<rtept lat="39.60523" lon="-9.07294">
			<ele>117.1</ele>
		</rtept>
		<rtept lat="39.60526" lon="-9.07279">
			<ele>117.5</ele>
		</rtept>
		<rtept lat="39.60533" lon="-9.07267">
			<ele>118.8</ele>
		</rtept>
		<rtept lat="39.6054" lon="-9.07249">
			<ele>120.0</ele>
		</rtept>
		<rtept lat="39.60551" lon="-9.07226">
			<ele>122.0</ele>
		</rtept>
		<rtept lat="39.60557" lon="-9.07218">
			<ele>122.8</ele>
		</rtept>
		<rtept lat="39.60562" lon="-9.07213">
			<ele>123.1</ele>
		</rtept>
		<rtept lat="39.60568" lon="-9.07209">
			<ele>123.8</ele>
		</rtept>
		<rtept lat="39.60586" lon="-9.0717">
			<ele>125.6</ele>
		</rtept>
		<rtept lat="39.60599" lon="-9.07151">
			<ele>125.5</ele>
		</rtept>
		<rtept lat="39.60598" lon="-9.07147">
			<ele>125.1</ele>
		</rtept>
		<rtept lat="39.60616" lon="-9.07105">
			<ele>123.0</ele>
		</rtept>
		<rtept lat="39.60631" lon="-9.07058">
			<ele>120.0</ele>
		</rtept>
		<rtept lat="39.60644" lon="-9.07021">
			<ele>118.1</ele>
		</rtept>
		<rtept lat="39.60666" lon="-9.06944">
			<ele>115.7</ele>
		</rtept>
		<rtept lat="39.60716" lon="-9.06841">
			<ele>111.3</ele>
		</rtept>
		<rtept lat="39.60777" lon="-9.06721">
			<ele>101.8</ele>
		</rtept>
		<rtept lat="39.60789" lon="-9.06693">
			<ele>101.8</ele>
		</rtept>
		<rtept lat="39.60793" lon="-9.06668">
			<ele>100.4</ele>
		</rtept>
		<rtept lat="39.60792" lon="-9.06647">
			<ele>99.5</ele>
		</rtept>
		<rtept lat="39.60787" lon="-9.06632">
			<ele>97.6</ele>
		</rtept>
		<rtept lat="39.60797" lon="-9.06621">
			<ele>99.1</ele>
		</rtept>
		<rtept lat="39.60793" lon="-9.06593">
			<ele>96.1</ele>
		</rtept>
		<rtept lat="39.60794" lon="-9.06581">
			<ele>95.2</ele>
		</rtept>
		<rtept lat="39.60804" lon="-9.06554">
			<ele>94.8</ele>
		</rtept>
		<rtept lat="39.60813" lon="-9.06542">
			<ele>96.7</ele>
		</rtept>
		<rtept lat="39.60799" lon="-9.0652">
			<ele>93.7</ele>
		</rtept>
		<rtept lat="39.609" lon="-9.06401">
			<ele>104.4</ele>
		</rtept>
		<rtept lat="39.60899" lon="-9.06391">
			<ele>104.4</ele>
		</rtept>
		<rtept lat="39.6097" lon="-9.06295">
			<ele>104.9</ele>
		</rtept>
		<rtept lat="39.60973" lon="-9.0628">
			<ele>105.0</ele>
		</rtept>
		<rtept lat="39.60973" lon="-9.0627">
			<ele>105.0</ele>
		</rtept>
		<rtept lat="39.60967" lon="-9.06245">
			<ele>104.8</ele>
		</rtept>
		<rtept lat="39.60961" lon="-9.06227">
			<ele>104.2</ele>
		</rtept>
		<rtept lat="39.60953" lon="-9.06213">
			<ele>104.0</ele>
		</rtept>
		<rtept lat="39.60945" lon="-9.062">
			<ele>103.9</ele>
		</rtept>
		<rtept lat="39.60933" lon="-9.0619">
			<ele>104.8</ele>
		</rtept>
		<rtept lat="39.60943" lon="-9.06099">
			<ele>111.4</ele>
		</rtept>
		<rtept lat="39.6095" lon="-9.06098">
			<ele>111.0</ele>
		</rtept>
		<rtept lat="39.60958" lon="-9.06098">
			<ele>110.5</ele>
		</rtept>
		<rtept lat="39.60964" lon="-9.06095">
			<ele>110.2</ele>
		</rtept>
		<rtept lat="39.60969" lon="-9.06093">
			<ele>109.9</ele>
		</rtept>
		<rtept lat="39.60972" lon="-9.06091">
			<ele>109.8</ele>
		</rtept>
		<rtept lat="39.61022" lon="-9.0605">
			<ele>110.0</ele>
		</rtept>
		<rtept lat="39.61024" lon="-9.06048">
			<ele>109.9</ele>
		</rtept>
		<rtept lat="39.61024" lon="-9.06046">
			<ele>110.0</ele>
		</rtept>
		<rtept lat="39.6102" lon="-9.06033">
			<ele>111.2</ele>
		</rtept>
		<rtept lat="39.61017" lon="-9.06027">
			<ele>111.8</ele>
		</rtept>
		<rtept lat="39.61014" lon="-9.06025">
			<ele>112.0</ele>
		</rtept>
		<rtept lat="39.6101" lon="-9.06025">
			<ele>112.3</ele>
		</rtept>
		<rtept lat="39.61009" lon="-9.06025">
			<ele>112.4</ele>
		</rtept>
		<rtept lat="39.61005" lon="-9.06017">
			<ele>112.6</ele>
		</rtept>
		<rtept lat="39.61007" lon="-9.06015">
			<ele>112.5</ele>
		</rtept>
		<rtept lat="39.61008" lon="-9.06013">
			<ele>112.4</ele>
		</rtept>
		<rtept lat="39.61009" lon="-9.06009">
			<ele>112.4</ele>
		</rtept>
		<rtept lat="39.61006" lon="-9.06003">
			<ele>112.5</ele>
		</rtept>
		<rtept lat="39.6099" lon="-9.05964">
			<ele>113.1</ele>
		</rtept>
		<rtept lat="39.6097" lon="-9.05918">
			<ele>115.1</ele>
		</rtept>
		<rtept lat="39.60964" lon="-9.05903">
			<ele>116.1</ele>
		</rtept>
		<rtept lat="39.60962" lon="-9.05897">
			<ele>116.5</ele>
		</rtept>
		<rtept lat="39.60956" lon="-9.05886">
			<ele>117.1</ele>
		</rtept>
		<rtept lat="39.60946" lon="-9.05874">
			<ele>117.6</ele>
		</rtept>
		<rtept lat="39.60932" lon="-9.05862">
			<ele>118.4</ele>
		</rtept>
		<rtept lat="39.60921" lon="-9.05855">
			<ele>119.3</ele>
		</rtept>
		<rtept lat="39.60917" lon="-9.05852">
			<ele>119.6</ele>
		</rtept>
		<rtept lat="39.60915" lon="-9.05851">
			<ele>119.8</ele>
		</rtept>
		<rtept lat="39.60911" lon="-9.0585">
			<ele>120.0</ele>
		</rtept>
		<rtept lat="39.60905" lon="-9.05848">
			<ele>120.4</ele>
		</rtept>
		<rtept lat="39.60865" lon="-9.05845">
			<ele>121.9</ele>
		</rtept>
		<rtept lat="39.60841" lon="-9.05844">
			<ele>121.5</ele>
		</rtept>
		<rtept lat="39.60811" lon="-9.05841">
			<ele>119.9</ele>
		</rtept>
		<rtept lat="39.60811" lon="-9.05822">
			<ele>119.0</ele>
		</rtept>
		<rtept lat="39.60812" lon="-9.05795">
			<ele>117.9</ele>
		</rtept>
		<rtept lat="39.60818" lon="-9.0569">
			<ele>113.7</ele>
		</rtept>
		<rtept lat="39.60827" lon="-9.05518">
			<ele>111.5</ele>
		</rtept>
		<rtept lat="39.60828" lon="-9.05495">
			<ele>110.9</ele>
		</rtept>
		<rtept lat="39.60839" lon="-9.05486">
			<ele>110.5</ele>
		</rtept>
		<rtept lat="39.60835" lon="-9.05477">
			<ele>110.2</ele>
		</rtept>
		<rtept lat="39.6083" lon="-9.05458">
			<ele>109.8</ele>
		</rtept>
		<rtept lat="39.60827" lon="-9.0545">
			<ele>109.8</ele>
		</rtept>
		<rtept lat="39.60825" lon="-9.05444">
			<ele>109.9</ele>
		</rtept>
		<rtept lat="39.60825" lon="-9.05439">
			<ele>109.6</ele>
		</rtept>
		<rtept lat="39.60825" lon="-9.05432">
			<ele>109.1</ele>
		</rtept>
		<rtept lat="39.60827" lon="-9.05426">
			<ele>108.5</ele>
		</rtept>
		<rtept lat="39.60867" lon="-9.05374">
			<ele>107.3</ele>
		</rtept>
		<rtept lat="39.60874" lon="-9.05368">
			<ele>107.6</ele>
		</rtept>
		<rtept lat="39.60881" lon="-9.05363">
			<ele>107.8</ele>
		</rtept>
		<rtept lat="39.60903" lon="-9.05351">
			<ele>108.3</ele>
		</rtept>
		<rtept lat="39.60918" lon="-9.05346">
			<ele>108.5</ele>
		</rtept>
		<rtept lat="39.60931" lon="-9.05341">
			<ele>109.3</ele>
		</rtept>
		<rtept lat="39.60938" lon="-9.05337">
			<ele>109.6</ele>
		</rtept>
		<rtept lat="39.60942" lon="-9.05332">
			<ele>109.7</ele>
		</rtept>
		<rtept lat="39.60944" lon="-9.05326">
			<ele>109.4</ele>
		</rtept>
		<rtept lat="39.60935" lon="-9.05282">
			<ele>106.2</ele>
		</rtept>
		<rtept lat="39.6093" lon="-9.05275">
			<ele>105.9</ele>
		</rtept>
		<rtept lat="39.60925" lon="-9.05273">
			<ele>105.8</ele>
		</rtept>
		<rtept lat="39.60919" lon="-9.05272">
			<ele>105.8</ele>
		</rtept>
		<rtept lat="39.6091" lon="-9.05274">
			<ele>106.3</ele>
		</rtept>
		<rtept lat="39.60903" lon="-9.05276">
			<ele>106.9</ele>
		</rtept>
		<rtept lat="39.60881" lon="-9.05288">
			<ele>108.6</ele>
		</rtept>
		<rtept lat="39.60867" lon="-9.05299">
			<ele>109.6</ele>
		</rtept>
		<rtept lat="39.60855" lon="-9.05311">
			<ele>109.8</ele>
		</rtept>
		<rtept lat="39.60841" lon="-9.05324">
			<ele>109.3</ele>
		</rtept>
		<rtept lat="39.60835" lon="-9.0533">
			<ele>109.1</ele>
		</rtept>
		<rtept lat="39.60819" lon="-9.05341">
			<ele>109.7</ele>
		</rtept>
		<rtept lat="39.60815" lon="-9.05343">
			<ele>109.9</ele>
		</rtept>
		<rtept lat="39.60811" lon="-9.05319">
			<ele>109.5</ele>
		</rtept>
		<rtept lat="39.60807" lon="-9.053">
			<ele>108.7</ele>
		</rtept>
		<rtept lat="39.60805" lon="-9.05291">
			<ele>107.9</ele>
		</rtept>
		<rtept lat="39.60803" lon="-9.05281">
			<ele>107.1</ele>
		</rtept>
		<rtept lat="39.60802" lon="-9.05272">
			<ele>106.3</ele>
		</rtept>
		<rtept lat="39.608" lon="-9.05266">
			<ele>105.6</ele>
		</rtept>
		<rtept lat="39.60797" lon="-9.05258">
			<ele>104.8</ele>
		</rtept>
		<rtept lat="39.60793" lon="-9.05236">
			<ele>102.6</ele>
		</rtept>
		<rtept lat="39.60787" lon="-9.0521">
			<ele>100.6</ele>
		</rtept>
		<rtept lat="39.60781" lon="-9.05189">
			<ele>99.1</ele>
		</rtept>
		<rtept lat="39.60775" lon="-9.05159">
			<ele>97.4</ele>
		</rtept>
		<rtept lat="39.60772" lon="-9.05147">
			<ele>97.0</ele>
		</rtept>
		<rtept lat="39.60771" lon="-9.05137">
			<ele>96.7</ele>
		</rtept>
		<rtept lat="39.60767" lon="-9.05124">
			<ele>96.1</ele>
		</rtept>
		<rtept lat="39.60764" lon="-9.05114">
			<ele>95.6</ele>
		</rtept>
		<rtept lat="39.6076" lon="-9.05108">
			<ele>95.2</ele>
		</rtept>
		<rtept lat="39.60755" lon="-9.05103">
			<ele>94.9</ele>
		</rtept>
		<rtept lat="39.60749" lon="-9.05097">
			<ele>94.4</ele>
		</rtept>
		<rtept lat="39.60727" lon="-9.05044">
			<ele>89.8</ele>
		</rtept>
		<rtept lat="39.60711" lon="-9.04971">
			<ele>86.6</ele>
		</rtept>
		<rtept lat="39.60707" lon="-9.04947">
			<ele>85.9</ele>
		</rtept>
		<rtept lat="39.60703" lon="-9.04931">
			<ele>86.3</ele>
		</rtept>
		<rtept lat="39.60699" lon="-9.0492">
			<ele>86.4</ele>
		</rtept>
		<rtept lat="39.6069" lon="-9.04902">
			<ele>86.5</ele>
		</rtept>
		<rtept lat="39.60666" lon="-9.0486">
			<ele>85.9</ele>
		</rtept>
		<rtept lat="39.60668" lon="-9.04832">
			<ele>85.1</ele>
		</rtept>
		<rtept lat="39.6067" lon="-9.04811">
			<ele>84.6</ele>
		</rtept>
		<rtept lat="39.6067" lon="-9.04796">
			<ele>83.6</ele>
		</rtept>
		<rtept lat="39.60672" lon="-9.04776">
			<ele>82.1</ele>
		</rtept>
		<rtept lat="39.60678" lon="-9.04736">
			<ele>79.2</ele>
		</rtept>
		<rtept lat="39.60683" lon="-9.04709">
			<ele>78.1</ele>
		</rtept>
		<rtept lat="39.60687" lon="-9.0469">
			<ele>77.6</ele>
		</rtept>
		<rtept lat="39.6069" lon="-9.0467">
			<ele>77.0</ele>
		</rtept>
		<rtept lat="39.607" lon="-9.04631">
			<ele>77.1</ele>
		</rtept>
		<rtept lat="39.60703" lon="-9.04609">
			<ele>76.6</ele>
		</rtept>
		<rtept lat="39.60706" lon="-9.04594">
			<ele>76.6</ele>
		</rtept>
		<rtept lat="39.60708" lon="-9.04576">
			<ele>76.5</ele>
		</rtept>
		<rtept lat="39.60701" lon="-9.04511">
			<ele>78.6</ele>
		</rtept>
		<rtept lat="39.60701" lon="-9.04506">
			<ele>78.8</ele>
		</rtept>
		<rtept lat="39.60679" lon="-9.04507">
			<ele>79.3</ele>
		</rtept>
		<rtept lat="39.6067" lon="-9.04508">
			<ele>79.6</ele>
		</rtept>
		<rtept lat="39.60665" lon="-9.04508">
			<ele>79.7</ele>
		</rtept>
		<rtept lat="39.60659" lon="-9.04509">
			<ele>79.7</ele>
		</rtept>
		<rtept lat="39.60654" lon="-9.04509">
			<ele>79.7</ele>
		</rtept>
		<rtept lat="39.60648" lon="-9.04509">
			<ele>79.7</ele>
		</rtept>
		<rtept lat="39.60627" lon="-9.04508">
			<ele>79.7</ele>
		</rtept>
		<rtept lat="39.60607" lon="-9.04505">
			<ele>79.8</ele>
		</rtept>
		<rtept lat="39.60599" lon="-9.04505">
			<ele>79.9</ele>
		</rtept>
		<rtept lat="39.60587" lon="-9.04506">
			<ele>80.0</ele>
		</rtept>
		<rtept lat="39.60581" lon="-9.04506">
			<ele>80.1</ele>
		</rtept>
		<rtept lat="39.6057" lon="-9.04506">
			<ele>80.6</ele>
		</rtept>
		<rtept lat="39.60565" lon="-9.04506">
			<ele>80.8</ele>
		</rtept>
		<rtept lat="39.60561" lon="-9.04504">
			<ele>80.9</ele>
		</rtept>
		<rtept lat="39.60559" lon="-9.045">
			<ele>80.9</ele>
		</rtept>
		<rtept lat="39.60558" lon="-9.04481">
			<ele>80.3</ele>
		</rtept>
		<rtept lat="39.6056" lon="-9.04428">
			<ele>79.0</ele>
		</rtept>
		<rtept lat="39.60558" lon="-9.03681">
			<ele>51.5</ele>
		</rtept>
		<rtept lat="39.60557" lon="-9.03668">
			<ele>51.1</ele>
		</rtept>
		<rtept lat="39.60553" lon="-9.03652">
			<ele>50.9</ele>
		</rtept>
		<rtept lat="39.60548" lon="-9.03636">
			<ele>50.7</ele>
		</rtept>
		<rtept lat="39.60544" lon="-9.03629">
			<ele>50.7</ele>
		</rtept>
		<rtept lat="39.60537" lon="-9.03617">
			<ele>50.9</ele>
		</rtept>
		<rtept lat="39.60529" lon="-9.03606">
			<ele>51.0</ele>
		</rtept>
		<rtept lat="39.605" lon="-9.03583">
			<ele>49.0</ele>
		</rtept>
		<rtept lat="39.60499" lon="-9.03575">
			<ele>48.6</ele>
		</rtept>
		<rtept lat="39.60442" lon="-9.03576">
			<ele>46.8</ele>
		</rtept>
		<rtept lat="39.60407" lon="-9.03575">
			<ele>47.8</ele>
		</rtept>
		<rtept lat="39.60389" lon="-9.03575">
			<ele>48.4</ele>
		</rtept>
		<rtept lat="39.60377" lon="-9.03575">
			<ele>48.1</ele>
		</rtept>
		<rtept lat="39.60373" lon="-9.03573">
			<ele>47.9</ele>
		</rtept>
		<rtept lat="39.6037" lon="-9.03566">
			<ele>47.5</ele>
		</rtept>
		<rtept lat="39.60368" lon="-9.03561">
			<ele>47.2</ele>
		</rtept>
		<rtept lat="39.60366" lon="-9.03556">
			<ele>47.0</ele>
		</rtept>
		<rtept lat="39.60365" lon="-9.03549">
			<ele>46.8</ele>
		</rtept>
		<rtept lat="39.60361" lon="-9.03518">
			<ele>46.0</ele>
		</rtept>
		<rtept lat="39.60358" lon="-9.03489">
			<ele>45.0</ele>
		</rtept>
		<rtept lat="39.60356" lon="-9.03453">
			<ele>42.5</ele>
		</rtept>
		<rtept lat="39.60354" lon="-9.0339">
			<ele>42.2</ele>
		</rtept>
		<rtept lat="39.60355" lon="-9.0335">
			<ele>42.7</ele>
		</rtept>
		<rtept lat="39.60357" lon="-9.03198">
			<ele>44.1</ele>
		</rtept>
		<rtept lat="39.60357" lon="-9.03177">
			<ele>42.8</ele>
		</rtept>
		<rtept lat="39.60358" lon="-9.03154">
			<ele>40.7</ele>
		</rtept>
		<rtept lat="39.60358" lon="-9.03148">
			<ele>40.2</ele>
		</rtept>
		<rtept lat="39.60359" lon="-9.03137">
			<ele>39.0</ele>
		</rtept>
		<rtept lat="39.60368" lon="-9.03109">
			<ele>33.8</ele>
		</rtept>
		<rtept lat="39.60373" lon="-9.03085">
			<ele>31.3</ele>
		</rtept>
		<rtept lat="39.60376" lon="-9.03072">
			<ele>30.5</ele>
		</rtept>
		<rtept lat="39.60377" lon="-9.03063">
			<ele>30.2</ele>
		</rtept>
		<rtept lat="39.60375" lon="-9.03049">
			<ele>29.9</ele>
		</rtept>
		<rtept lat="39.60373" lon="-9.03031">
			<ele>29.4</ele>
		</rtept>
		<rtept lat="39.60372" lon="-9.03001">
			<ele>28.6</ele>
		</rtept>
		<rtept lat="39.6037" lon="-9.02974">
			<ele>29.3</ele>
		</rtept>
		<rtept lat="39.60368" lon="-9.02957">
			<ele>29.6</ele>
		</rtept>
		<rtept lat="39.60365" lon="-9.02942">
			<ele>29.6</ele>
		</rtept>
		<rtept lat="39.60354" lon="-9.02911">
			<ele>28.2</ele>
		</rtept>
		<rtept lat="39.60359" lon="-9.02894">
			<ele>28.1</ele>
		</rtept>
		<rtept lat="39.6036" lon="-9.02872">
			<ele>28.0</ele>
		</rtept>
		<rtept lat="39.6036" lon="-9.02866">
			<ele>28.0</ele>
		</rtept>
		<rtept lat="39.60385" lon="-9.02823">
			<ele>28.1</ele>
		</rtept>
		<rtept lat="39.60389" lon="-9.02819">
			<ele>28.0</ele>
		</rtept>
		<rtept lat="39.6039" lon="-9.02816">
			<ele>28.0</ele>
		</rtept>
		<rtept lat="39.6039" lon="-9.02811">
			<ele>28.0</ele>
		</rtept>
		<rtept lat="39.60388" lon="-9.02807">
			<ele>28.0</ele>
		</rtept>
		<rtept lat="39.60385" lon="-9.02805">
			<ele>28.2</ele>
		</rtept>
		<rtept lat="39.60377" lon="-9.02804">
			<ele>28.5</ele>
		</rtept>
		<rtept lat="39.60372" lon="-9.02802">
			<ele>28.8</ele>
		</rtept>
		<rtept lat="39.60354" lon="-9.02784">
			<ele>30.8</ele>
		</rtept>
		<rtept lat="39.60325" lon="-9.02751">
			<ele>33.3</ele>
		</rtept>
		<rtept lat="39.60317" lon="-9.02741">
			<ele>34.0</ele>
		</rtept>
		<rtept lat="39.6031" lon="-9.02732">
			<ele>34.6</ele>
		</rtept>
		<rtept lat="39.60288" lon="-9.02695">
			<ele>37.3</ele>
		</rtept>
		<rtept lat="39.60271" lon="-9.02661">
			<ele>40.5</ele>
		</rtept>
		<rtept lat="39.60263" lon="-9.02645">
			<ele>41.8</ele>
		</rtept>
		<rtept lat="39.60261" lon="-9.02638">
			<ele>42.3</ele>
		</rtept>
		<rtept lat="39.60262" lon="-9.02633">
			<ele>42.6</ele>
		</rtept>
		<rtept lat="39.60265" lon="-9.02625">
			<ele>42.9</ele>
		</rtept>
		<rtept lat="39.60274" lon="-9.02617">
			<ele>42.9</ele>
		</rtept>
		<rtept lat="39.60289" lon="-9.02611">
			<ele>43.1</ele>
		</rtept>
		<rtept lat="39.60305" lon="-9.02604">
			<ele>43.7</ele>
		</rtept>
		<rtept lat="39.60322" lon="-9.02596">
			<ele>44.3</ele>
		</rtept>
		<rtept lat="39.60352" lon="-9.02582">
			<ele>44.5</ele>
		</rtept>
		<rtept lat="39.60381" lon="-9.02567">
			<ele>45.3</ele>
		</rtept>
		<rtept lat="39.60385" lon="-9.02566">
			<ele>45.4</ele>
		</rtept>
		<rtept lat="39.60394" lon="-9.02558">
			<ele>45.6</ele>
		</rtept>
		<rtept lat="39.60407" lon="-9.02548">
			<ele>44.7</ele>
		</rtept>
		<rtept lat="39.60421" lon="-9.02535">
			<ele>44.7</ele>
		</rtept>
		<rtept lat="39.60438" lon="-9.02516">
			<ele>46.3</ele>
		</rtept>
		<rtept lat="39.60448" lon="-9.02503">
			<ele>47.2</ele>
		</rtept>
		<rtept lat="39.60465" lon="-9.02472">
			<ele>47.6</ele>
		</rtept>
		<rtept lat="39.6048" lon="-9.02438">
			<ele>46.5</ele>
		</rtept>
		<rtept lat="39.60492" lon="-9.02405">
			<ele>48.7</ele>
		</rtept>
		<rtept lat="39.60494" lon="-9.02394">
			<ele>50.0</ele>
		</rtept>
		<rtept lat="39.60496" lon="-9.02383">
			<ele>50.7</ele>
		</rtept>
		<rtept lat="39.6049" lon="-9.02378">
			<ele>51.7</ele>
		</rtept>
		<rtept lat="39.60482" lon="-9.02367">
			<ele>53.0</ele>
		</rtept>
		<rtept lat="39.60463" lon="-9.02338">
			<ele>55.0</ele>
		</rtept>
		<rtept lat="39.60456" lon="-9.02325">
			<ele>56.0</ele>
		</rtept>
		<rtept lat="39.6045" lon="-9.02318">
			<ele>57.0</ele>
		</rtept>
		<rtept lat="39.60433" lon="-9.02306">
			<ele>58.4</ele>
		</rtept>
		<rtept lat="39.60414" lon="-9.02294">
			<ele>60.2</ele>
		</rtept>
		<rtept lat="39.60396" lon="-9.02283">
			<ele>62.1</ele>
		</rtept>
		<rtept lat="39.60389" lon="-9.02278">
			<ele>62.9</ele>
		</rtept>
		<rtept lat="39.60378" lon="-9.02273">
			<ele>63.5</ele>
		</rtept>
		<rtept lat="39.60363" lon="-9.02269">
			<ele>63.9</ele>
		</rtept>
		<rtept lat="39.6035" lon="-9.02265">
			<ele>64.3</ele>
		</rtept>
		<rtept lat="39.60244" lon="-9.0224">
			<ele>61.9</ele>
		</rtept>
		<rtept lat="39.60231" lon="-9.02236">
			<ele>61.7</ele>
		</rtept>
		<rtept lat="39.6019" lon="-9.02225">
			<ele>62.4</ele>
		</rtept>
		<rtept lat="39.60169" lon="-9.0222">
			<ele>63.9</ele>
		</rtept>
		<rtept lat="39.60155" lon="-9.02216">
			<ele>64.5</ele>
		</rtept>
		<rtept lat="39.60145" lon="-9.02214">
			<ele>65.0</ele>
		</rtept>
		<rtept lat="39.60141" lon="-9.02211">
			<ele>65.3</ele>
		</rtept>
		<rtept lat="39.60138" lon="-9.02206">
			<ele>65.6</ele>
		</rtept>
		<rtept lat="39.60134" lon="-9.02196">
			<ele>66.2</ele>
		</rtept>
		<rtept lat="39.60129" lon="-9.02184">
			<ele>67.4</ele>
		</rtept>
		<rtept lat="39.60109" lon="-9.02154">
			<ele>70.6</ele>
		</rtept>
		<rtept lat="39.60099" lon="-9.02131">
			<ele>72.9</ele>
		</rtept>
		<rtept lat="39.60088" lon="-9.02105">
			<ele>75.7</ele>
		</rtept>
		<rtept lat="39.6005" lon="-9.02009">
			<ele>73.4</ele>
		</rtept>
		<rtept lat="39.60033" lon="-9.01964">
			<ele>70.2</ele>
		</rtept>
		<rtept lat="39.60024" lon="-9.01941">
			<ele>67.7</ele>
		</rtept>
		<rtept lat="39.60019" lon="-9.01926">
			<ele>66.8</ele>
		</rtept>
		<rtept lat="39.60017" lon="-9.01917">
			<ele>66.3</ele>
		</rtept>
		<rtept lat="39.60017" lon="-9.01908">
			<ele>65.8</ele>
		</rtept>
		<rtept lat="39.60016" lon="-9.01849">
			<ele>66.9</ele>
		</rtept>
		<rtept lat="39.60016" lon="-9.01706">
			<ele>67.0</ele>
		</rtept>
		<rtept lat="39.60016" lon="-9.01653">
			<ele>67.0</ele>
		</rtept>
		<rtept lat="39.60016" lon="-9.01593">
			<ele>64.7</ele>
		</rtept>
		<rtept lat="39.60016" lon="-9.01521">
			<ele>61.0</ele>
		</rtept>
		<rtept lat="39.60017" lon="-9.01406">
			<ele>57.3</ele>
		</rtept>
		<rtept lat="39.60017" lon="-9.01359">
			<ele>53.5</ele>
		</rtept>
		<rtept lat="39.60016" lon="-9.01297">
			<ele>47.2</ele>
		</rtept>
		<rtept lat="39.60017" lon="-9.01257">
			<ele>44.3</ele>
		</rtept>
		<rtept lat="39.60017" lon="-9.01219">
			<ele>42.3</ele>
		</rtept>
		<rtept lat="39.60018" lon="-9.01184">
			<ele>41.4</ele>
		</rtept>
		<rtept lat="39.60017" lon="-9.01085">
			<ele>42.4</ele>
		</rtept>
		<rtept lat="39.60017" lon="-9.01039">
			<ele>42.2</ele>
		</rtept>
		<rtept lat="39.60016" lon="-9.0097">
			<ele>41.8</ele>
		</rtept>
		<rtept lat="39.60017" lon="-9.00929">
			<ele>38.9</ele>
		</rtept>
		<rtept lat="39.60016" lon="-9.00851">
			<ele>38.0</ele>
		</rtept>
		<rtept lat="39.60017" lon="-9.00811">
			<ele>37.3</ele>
		</rtept>
		<rtept lat="39.60015" lon="-9.00789">
			<ele>36.5</ele>
		</rtept>
		<rtept lat="39.60015" lon="-9.00771">
			<ele>35.5</ele>
		</rtept>
		<rtept lat="39.60017" lon="-9.00649">
			<ele>31.4</ele>
		</rtept>
		<rtept lat="39.60016" lon="-9.00491">
			<ele>29.4</ele>
		</rtept>
		<rtept lat="39.60015" lon="-9.00413">
			<ele>29.9</ele>
		</rtept>
		<rtept lat="39.60015" lon="-9.00376">
			<ele>29.1</ele>
		</rtept>
		<rtept lat="39.60017" lon="-9.00366">
			<ele>28.8</ele>
		</rtept>
		<rtept lat="39.60021" lon="-9.00349">
			<ele>28.6</ele>
		</rtept>
		<rtept lat="39.60023" lon="-9.00335">
			<ele>28.6</ele>
		</rtept>
		<rtept lat="39.60024" lon="-9.0033">
			<ele>28.7</ele>
		</rtept>
		<rtept lat="39.60024" lon="-9.00322">
			<ele>28.7</ele>
		</rtept>
		<rtept lat="39.60023" lon="-9.0032">
			<ele>28.7</ele>
		</rtept>
		<rtept lat="39.60022" lon="-9.00317">
			<ele>28.6</ele>
		</rtept>
		<rtept lat="39.60021" lon="-9.00313">
			<ele>28.5</ele>
		</rtept>
		<rtept lat="39.60021" lon="-9.00263">
			<ele>27.6</ele>
		</rtept>
		<rtept lat="39.60018" lon="-9.00172">
			<ele>27.6</ele>
		</rtept>
		<rtept lat="39.60015" lon="-9.00098">
			<ele>24.0</ele>
		</rtept>
		<rtept lat="39.60012" lon="-9.0001">
			<ele>27.6</ele>
		</rtept>
		<rtept lat="39.6001" lon="-8.99955">
			<ele>27.7</ele>
		</rtept>
		<rtept lat="39.6001" lon="-8.99936">
			<ele>27.9</ele>
		</rtept>
		<rtept lat="39.6001" lon="-8.99912">
			<ele>28.4</ele>
		</rtept>
		<rtept lat="39.60011" lon="-8.99902">
			<ele>28.4</ele>
		</rtept>
		<rtept lat="39.60014" lon="-8.9987">
			<ele>28.5</ele>
		</rtept>
		<rtept lat="39.60017" lon="-8.99855">
			<ele>28.7</ele>
		</rtept>
		<rtept lat="39.6002" lon="-8.99843">
			<ele>28.9</ele>
		</rtept>
		<rtept lat="39.60024" lon="-8.99832">
			<ele>29.0</ele>
		</rtept>
		<rtept lat="39.60016" lon="-8.99823">
			<ele>29.2</ele>
		</rtept>
		<rtept lat="39.60016" lon="-8.99815">
			<ele>29.3</ele>
		</rtept>
		<rtept lat="39.60015" lon="-8.99796">
			<ele>29.3</ele>
		</rtept>
		<rtept lat="39.60013" lon="-8.99752">
			<ele>27.6</ele>
		</rtept>
		<rtept lat="39.60013" lon="-8.99725">
			<ele>26.2</ele>
		</rtept>
		<rtept lat="39.60014" lon="-8.99676">
			<ele>25.0</ele>
		</rtept>
		<rtept lat="39.60014" lon="-8.9957">
			<ele>22.3</ele>
		</rtept>
		<rtept lat="39.60014" lon="-8.99506">
			<ele>21.0</ele>
		</rtept>
		<rtept lat="39.60014" lon="-8.99412">
			<ele>21.4</ele>
		</rtept>
		<rtept lat="39.60014" lon="-8.99368">
			<ele>20.6</ele>
		</rtept>
		<rtept lat="39.60013" lon="-8.99353">
			<ele>20.2</ele>
		</rtept>
		<rtept lat="39.60012" lon="-8.99341">
			<ele>19.8</ele>
		</rtept>
		<rtept lat="39.6001" lon="-8.99332">
			<ele>19.6</ele>
		</rtept>
		<rtept lat="39.60008" lon="-8.99327">
			<ele>19.6</ele>
		</rtept>
		<rtept lat="39.59994" lon="-8.99321">
			<ele>19.7</ele>
		</rtept>
		<rtept lat="39.59984" lon="-8.99317">
			<ele>19.6</ele>
		</rtept>
		<rtept lat="39.59982" lon="-8.99313">
			<ele>19.4</ele>
		</rtept>
		<rtept lat="39.59979" lon="-8.99288">
			<ele>18.1</ele>
		</rtept>
		<rtept lat="39.59968" lon="-8.9922">
			<ele>13.9</ele>
		</rtept>
		<rtept lat="39.59967" lon="-8.99213">
			<ele>13.7</ele>
		</rtept>
		<rtept lat="39.59968" lon="-8.99206">
			<ele>13.5</ele>
		</rtept>
		<rtept lat="39.59978" lon="-8.99195">
			<ele>12.8</ele>
		</rtept>
		<rtept lat="39.60049" lon="-8.99142">
			<ele>12.8</ele>
		</rtept>
		<rtept lat="39.60064" lon="-8.99132">
			<ele>13.5</ele>
		</rtept>
		<rtept lat="39.60078" lon="-8.9912">
			<ele>13.9</ele>
		</rtept>
		<rtept lat="39.60083" lon="-8.99115">
			<ele>14.0</ele>
		</rtept>
		<rtept lat="39.60086" lon="-8.99114">
			<ele>14.1</ele>
		</rtept>
		<rtept lat="39.60092" lon="-8.99114">
			<ele>14.3</ele>
		</rtept>
		<rtept lat="39.60107" lon="-8.99114">
			<ele>14.9</ele>
		</rtept>
		<rtept lat="39.6016" lon="-8.99115">
			<ele>17.7</ele>
		</rtept>
		<rtept lat="39.60171" lon="-8.99115">
			<ele>18.0</ele>
		</rtept>
		<rtept lat="39.60178" lon="-8.99114">
			<ele>18.0</ele>
		</rtept>
		<rtept lat="39.60182" lon="-8.99112">
			<ele>18.0</ele>
		</rtept>
		<rtept lat="39.60184" lon="-8.99109">
			<ele>17.9</ele>
		</rtept>
		<rtept lat="39.60185" lon="-8.99106">
			<ele>17.8</ele>
		</rtept>
		<rtept lat="39.60186" lon="-8.99097">
			<ele>17.5</ele>
		</rtept>
		<rtept lat="39.60186" lon="-8.99089">
			<ele>17.2</ele>
		</rtept>
		<rtept lat="39.60184" lon="-8.99036">
			<ele>15.6</ele>
		</rtept>
		<rtept lat="39.60184" lon="-8.9897">
			<ele>17.0</ele>
		</rtept>
		<rtept lat="39.60188" lon="-8.98952">
			<ele>17.6</ele>
		</rtept>
		<rtept lat="39.60198" lon="-8.98916">
			<ele>17.9</ele>
		</rtept>
		<rtept lat="39.60213" lon="-8.98852">
			<ele>16.4</ele>
		</rtept>
		<rtept lat="39.6024" lon="-8.98739">
			<ele>20.5</ele>
		</rtept>
		<rtept lat="39.60268" lon="-8.98617">
			<ele>18.8</ele>
		</rtept>
		<rtept lat="39.60271" lon="-8.98605">
			<ele>18.6</ele>
		</rtept>
		<rtept lat="39.60276" lon="-8.98595">
			<ele>18.6</ele>
		</rtept>
		<rtept lat="39.60289" lon="-8.98576">
			<ele>19.4</ele>
		</rtept>
		<rtept lat="39.6031" lon="-8.98552">
			<ele>20.0</ele>
		</rtept>
		<rtept lat="39.6032" lon="-8.9854">
			<ele>20.0</ele>
		</rtept>
		<rtept lat="39.60324" lon="-8.98536">
			<ele>20.0</ele>
		</rtept>
		<rtept lat="39.60322" lon="-8.98523">
			<ele>19.6</ele>
		</rtept>
		<rtept lat="39.60319" lon="-8.9852">
			<ele>19.5</ele>
		</rtept>
		<rtept lat="39.60319" lon="-8.98517">
			<ele>19.5</ele>
		</rtept>
		<rtept lat="39.60321" lon="-8.98448">
			<ele>21.4</ele>
		</rtept>
		<rtept lat="39.60323" lon="-8.98413">
			<ele>21.5</ele>
		</rtept>
		<rtept lat="39.60336" lon="-8.98415">
			<ele>21.9</ele>
		</rtept>
		<rtept lat="39.60336" lon="-8.98405">
			<ele>21.6</ele>
		</rtept>
		<rtept lat="39.6033" lon="-8.98404">
			<ele>21.5</ele>
		</rtept>
		<rtept lat="39.60326" lon="-8.98403">
			<ele>21.4</ele>
		</rtept>
		<rtept lat="39.60323" lon="-8.984">
			<ele>21.3</ele>
		</rtept>
		<rtept lat="39.60322" lon="-8.98395">
			<ele>21.1</ele>
		</rtept>
		<rtept lat="39.60321" lon="-8.98392">
			<ele>21.1</ele>
		</rtept>
		<rtept lat="39.60321" lon="-8.98357">
			<ele>21.7</ele>
		</rtept>
		<rtept lat="39.6032" lon="-8.98325">
			<ele>22.7</ele>
		</rtept>
		<rtept lat="39.60319" lon="-8.98306">
			<ele>22.9</ele>
		</rtept>
		<rtept lat="39.60314" lon="-8.98288">
			<ele>23.5</ele>
		</rtept>
		<rtept lat="39.60308" lon="-8.98262">
			<ele>24.6</ele>
		</rtept>
		<rtept lat="39.60297" lon="-8.98224">
			<ele>24.4</ele>
		</rtept>
		<rtept lat="39.60291" lon="-8.98202">
			<ele>23.2</ele>
		</rtept>
		<rtept lat="39.6025" lon="-8.98064">
			<ele>22.4</ele>
		</rtept>
		<rtept lat="39.60234" lon="-8.9801">
			<ele>25.8</ele>
		</rtept>
		<rtept lat="39.60224" lon="-8.97972">
			<ele>31.1</ele>
		</rtept>
		<rtept lat="39.60195" lon="-8.97881">
			<ele>38.9</ele>
		</rtept>
		<rtept lat="39.60192" lon="-8.97866">
			<ele>39.8</ele>
		</rtept>
		<rtept lat="39.6019" lon="-8.97847">
			<ele>38.4</ele>
		</rtept>
		<rtept lat="39.60189" lon="-8.97829">
			<ele>36.5</ele>
		</rtept>
		<rtept lat="39.60191" lon="-8.97809">
			<ele>34.0</ele>
		</rtept>
		<rtept lat="39.60194" lon="-8.97792">
			<ele>32.4</ele>
		</rtept>
		<rtept lat="39.60198" lon="-8.9778">
			<ele>31.8</ele>
		</rtept>
		<rtept lat="39.60206" lon="-8.97764">
			<ele>30.6</ele>
		</rtept>
		<rtept lat="39.60219" lon="-8.97748">
			<ele>29.1</ele>
		</rtept>
		<rtept lat="39.60248" lon="-8.97721">
			<ele>24.6</ele>
		</rtept>
		<rtept lat="39.60271" lon="-8.97699">
			<ele>21.6</ele>
		</rtept>
		<rtept lat="39.60281" lon="-8.97686">
			<ele>20.2</ele>
		</rtept>
		<rtept lat="39.60288" lon="-8.97674">
			<ele>19.2</ele>
		</rtept>
		<rtept lat="39.60293" lon="-8.97657">
			<ele>18.4</ele>
		</rtept>
		<rtept lat="39.60293" lon="-8.97643">
			<ele>18.1</ele>
		</rtept>
		<rtept lat="39.60291" lon="-8.97623">
			<ele>17.7</ele>
		</rtept>
		<rtept lat="39.60287" lon="-8.97607">
			<ele>17.7</ele>
		</rtept>
		<rtept lat="39.60273" lon="-8.97546">
			<ele>19.0</ele>
		</rtept>
		<rtept lat="39.60264" lon="-8.97508">
			<ele>18.6</ele>
		</rtept>
		<rtept lat="39.60258" lon="-8.97488">
			<ele>18.6</ele>
		</rtept>
		<rtept lat="39.60252" lon="-8.97473">
			<ele>18.9</ele>
		</rtept>
		<rtept lat="39.60245" lon="-8.97458">
			<ele>19.2</ele>
		</rtept>
		<rtept lat="39.60211" lon="-8.97399">
			<ele>19.0</ele>
		</rtept>
		<rtept lat="39.60189" lon="-8.97363">
			<ele>19.0</ele>
		</rtept>
		<rtept lat="39.60176" lon="-8.9734">
			<ele>18.7</ele>
		</rtept>
		<rtept lat="39.60158" lon="-8.97308">
			<ele>18.0</ele>
		</rtept>
		<rtept lat="39.60144" lon="-8.97283">
			<ele>18.7</ele>
		</rtept>
		<rtept lat="39.60136" lon="-8.97266">
			<ele>19.1</ele>
		</rtept>
		<rtept lat="39.60123" lon="-8.97234">
			<ele>20.2</ele>
		</rtept>
		<rtept lat="39.60111" lon="-8.97206">
			<ele>21.6</ele>
		</rtept>
		<rtept lat="39.60106" lon="-8.97189">
			<ele>22.6</ele>
		</rtept>
		<rtept lat="39.60098" lon="-8.97167">
			<ele>23.9</ele>
		</rtept>
		<rtept lat="39.60093" lon="-8.97148">
			<ele>25.7</ele>
		</rtept>
		<rtept lat="39.60084" lon="-8.97103">
			<ele>29.6</ele>
		</rtept>
		<rtept lat="39.60082" lon="-8.97091">
			<ele>30.5</ele>
		</rtept>
		<rtept lat="39.60081" lon="-8.97079">
			<ele>31.4</ele>
		</rtept>
		<rtept lat="39.60083" lon="-8.97058">
			<ele>32.9</ele>
		</rtept>
		<rtept lat="39.60088" lon="-8.97022">
			<ele>34.1</ele>
		</rtept>
		<rtept lat="39.60091" lon="-8.9701">
			<ele>34.5</ele>
		</rtept>
		<rtept lat="39.60102" lon="-8.96979">
			<ele>35.8</ele>
		</rtept>
		<rtept lat="39.60113" lon="-8.96945">
			<ele>38.0</ele>
		</rtept>
		<rtept lat="39.60131" lon="-8.96891">
			<ele>39.7</ele>
		</rtept>
		<rtept lat="39.60132" lon="-8.96888">
			<ele>39.8</ele>
		</rtept>
		<rtept lat="39.60135" lon="-8.96888">
			<ele>39.8</ele>
		</rtept>
		<rtept lat="39.6014" lon="-8.96866">
			<ele>40.0</ele>
		</rtept>
		<rtept lat="39.60156" lon="-8.96817">
			<ele>39.9</ele>
		</rtept>
		<rtept lat="39.60164" lon="-8.96791">
			<ele>38.9</ele>
		</rtept>
		<rtept lat="39.60167" lon="-8.96789">
			<ele>38.8</ele>
		</rtept>
		<rtept lat="39.60167" lon="-8.9678">
			<ele>38.1</ele>
		</rtept>
		<rtept lat="39.60162" lon="-8.96776">
			<ele>37.7</ele>
		</rtept>
		<rtept lat="39.6016" lon="-8.96772">
			<ele>37.4</ele>
		</rtept>
		<rtept lat="39.60157" lon="-8.96759">
			<ele>36.5</ele>
		</rtept>
		<rtept lat="39.6015" lon="-8.96741">
			<ele>35.7</ele>
		</rtept>
		<rtept lat="39.6013" lon="-8.96707">
			<ele>35.0</ele>
		</rtept>
		<rtept lat="39.60108" lon="-8.96675">
			<ele>35.0</ele>
		</rtept>
		<rtept lat="39.60095" lon="-8.96654">
			<ele>35.5</ele>
		</rtept>
		<rtept lat="39.60085" lon="-8.96643">
			<ele>35.9</ele>
		</rtept>
		<rtept lat="39.60069" lon="-8.96627">
			<ele>36.0</ele>
		</rtept>
		<rtept lat="39.60055" lon="-8.96614">
			<ele>36.0</ele>
		</rtept>
		<rtept lat="39.60047" lon="-8.96606">
			<ele>36.2</ele>
		</rtept>
		<rtept lat="39.60034" lon="-8.96598">
			<ele>36.4</ele>
		</rtept>
		<rtept lat="39.60014" lon="-8.9659">
			<ele>35.7</ele>
		</rtept>
		<rtept lat="39.59999" lon="-8.96582">
			<ele>35.0</ele>
		</rtept>
		<rtept lat="39.59994" lon="-8.96579">
			<ele>34.8</ele>
		</rtept>
		<rtept lat="39.59988" lon="-8.96572">
			<ele>34.7</ele>
		</rtept>
		<rtept lat="39.59982" lon="-8.96563">
			<ele>34.8</ele>
		</rtept>
		<rtept lat="39.59978" lon="-8.96548">
			<ele>34.8</ele>
		</rtept>
		<rtept lat="39.59975" lon="-8.9653">
			<ele>34.2</ele>
		</rtept>
		<rtept lat="39.59972" lon="-8.96513">
			<ele>33.5</ele>
		</rtept>
		<rtept lat="39.5997" lon="-8.96495">
			<ele>32.7</ele>
		</rtept>
		<rtept lat="39.59966" lon="-8.9648">
			<ele>31.9</ele>
		</rtept>
		<rtept lat="39.59956" lon="-8.96445">
			<ele>29.5</ele>
		</rtept>
		<rtept lat="39.59938" lon="-8.9639">
			<ele>25.1</ele>
		</rtept>
		<rtept lat="39.5993" lon="-8.96369">
			<ele>25.0</ele>
		</rtept>
		<rtept lat="39.5992" lon="-8.96346">
			<ele>25.0</ele>
		</rtept>
		<rtept lat="39.59902" lon="-8.9631">
			<ele>24.9</ele>
		</rtept>
		<rtept lat="39.59888" lon="-8.96279">
			<ele>25.0</ele>
		</rtept>
		<rtept lat="39.59879" lon="-8.96261">
			<ele>25.5</ele>
		</rtept>
		<rtept lat="39.59872" lon="-8.96246">
			<ele>26.6</ele>
		</rtept>
		<rtept lat="39.59869" lon="-8.9624">
			<ele>27.3</ele>
		</rtept>
		<rtept lat="39.59867" lon="-8.9623">
			<ele>28.6</ele>
		</rtept>
		<rtept lat="39.59867" lon="-8.9622">
			<ele>29.4</ele>
		</rtept>
		<rtept lat="39.59868" lon="-8.96209">
			<ele>30.1</ele>
		</rtept>
		<rtept lat="39.5987" lon="-8.96204">
			<ele>30.1</ele>
		</rtept>
		<rtept lat="39.59883" lon="-8.96177">
			<ele>30.8</ele>
		</rtept>
		<rtept lat="39.59892" lon="-8.96156">
			<ele>31.9</ele>
		</rtept>
		<rtept lat="39.599" lon="-8.96133">
			<ele>33.1</ele>
		</rtept>
		<rtept lat="39.59914" lon="-8.96097">
			<ele>32.5</ele>
		</rtept>
		<rtept lat="39.59927" lon="-8.9606">
			<ele>31.4</ele>
		</rtept>
		<rtept lat="39.59934" lon="-8.96039">
			<ele>31.0</ele>
		</rtept>
		<rtept lat="39.59936" lon="-8.9603">
			<ele>31.1</ele>
		</rtept>
		<rtept lat="39.59938" lon="-8.96019">
			<ele>31.3</ele>
		</rtept>
		<rtept lat="39.59939" lon="-8.95999">
			<ele>31.8</ele>
		</rtept>
		<rtept lat="39.59939" lon="-8.95984">
			<ele>31.2</ele>
		</rtept>
		<rtept lat="39.5994" lon="-8.95978">
			<ele>30.9</ele>
		</rtept>
		<rtept lat="39.59941" lon="-8.95967">
			<ele>30.5</ele>
		</rtept>
		<rtept lat="39.59944" lon="-8.95959">
			<ele>30.1</ele>
		</rtept>
		<rtept lat="39.59945" lon="-8.95955">
			<ele>29.9</ele>
		</rtept>
		<rtept lat="39.59948" lon="-8.9595">
			<ele>29.7</ele>
		</rtept>
		<rtept lat="39.59954" lon="-8.95942">
			<ele>29.5</ele>
		</rtept>
		<rtept lat="39.59966" lon="-8.95927">
			<ele>29.2</ele>
		</rtept>
		<rtept lat="39.59974" lon="-8.95918">
			<ele>28.9</ele>
		</rtept>
		<rtept lat="39.59981" lon="-8.95906">
			<ele>30.0</ele>
		</rtept>
		<rtept lat="39.59984" lon="-8.95896">
			<ele>30.9</ele>
		</rtept>
		<rtept lat="39.59986" lon="-8.95888">
			<ele>31.7</ele>
		</rtept>
		<rtept lat="39.59987" lon="-8.95877">
			<ele>33.1</ele>
		</rtept>
		<rtept lat="39.59989" lon="-8.95855">
			<ele>35.3</ele>
		</rtept>
		<rtept lat="39.5999" lon="-8.95841">
			<ele>35.7</ele>
		</rtept>
		<rtept lat="39.59991" lon="-8.95835">
			<ele>35.8</ele>
		</rtept>
		<rtept lat="39.59993" lon="-8.95828">
			<ele>35.8</ele>
		</rtept>
		<rtept lat="39.60006" lon="-8.95806">
			<ele>35.3</ele>
		</rtept>
		<rtept lat="39.60025" lon="-8.95776">
			<ele>35.6</ele>
		</rtept>
		<rtept lat="39.60021" lon="-8.95772">
			<ele>36.6</ele>
		</rtept>
		<rtept lat="39.60028" lon="-8.95761">
			<ele>36.8</ele>
		</rtept>
		<rtept lat="39.60031" lon="-8.95757">
			<ele>36.9</ele>
		</rtept>
		<rtept lat="39.60044" lon="-8.95737">
			<ele>36.5</ele>
		</rtept>
		<rtept lat="39.60053" lon="-8.9572">
			<ele>35.8</ele>
		</rtept>
		<rtept lat="39.60059" lon="-8.95702">
			<ele>35.9</ele>
		</rtept>
		<rtept lat="39.60064" lon="-8.95681">
			<ele>37.2</ele>
		</rtept>
		<rtept lat="39.6007" lon="-8.95664">
			<ele>38.3</ele>
		</rtept>
		<rtept lat="39.60081" lon="-8.95641">
			<ele>39.1</ele>
		</rtept>
		<rtept lat="39.60088" lon="-8.95634">
			<ele>39.1</ele>
		</rtept>
		<rtept lat="39.60102" lon="-8.9563">
			<ele>37.9</ele>
		</rtept>
		<rtept lat="39.60122" lon="-8.95626">
			<ele>35.8</ele>
		</rtept>
		<rtept lat="39.6013" lon="-8.95626">
			<ele>34.7</ele>
		</rtept>
		<rtept lat="39.60136" lon="-8.95624">
			<ele>34.0</ele>
		</rtept>
		<rtept lat="39.60153" lon="-8.95607">
			<ele>33.6</ele>
		</rtept>
		<rtept lat="39.6016" lon="-8.95613">
			<ele>33.2</ele>
		</rtept>
		<rtept lat="39.60164" lon="-8.95616">
			<ele>32.9</ele>
		</rtept>
		<rtept lat="39.60168" lon="-8.95613">
			<ele>32.9</ele>
		</rtept>
		<rtept lat="39.60183" lon="-8.95611">
			<ele>33.0</ele>
		</rtept>
		<rtept lat="39.60209" lon="-8.95614">
			<ele>32.4</ele>
		</rtept>
		<rtept lat="39.60226" lon="-8.95619">
			<ele>31.5</ele>
		</rtept>
		<rtept lat="39.60258" lon="-8.95629">
			<ele>29.7</ele>
		</rtept>
		<rtept lat="39.60275" lon="-8.95635">
			<ele>29.1</ele>
		</rtept>
		<rtept lat="39.60313" lon="-8.95647">
			<ele>29.1</ele>
		</rtept>
		<rtept lat="39.60367" lon="-8.95668">
			<ele>32.4</ele>
		</rtept>
		<rtept lat="39.60388" lon="-8.95676">
			<ele>33.6</ele>
		</rtept>
		<rtept lat="39.60413" lon="-8.95683">
			<ele>35.7</ele>
		</rtept>
		<rtept lat="39.60416" lon="-8.95673">
			<ele>35.9</ele>
		</rtept>
		<rtept lat="39.60423" lon="-8.95674">
			<ele>36.3</ele>
		</rtept>
		<rtept lat="39.60424" lon="-8.95674">
			<ele>36.3</ele>
		</rtept>
		<rtept lat="39.60427" lon="-8.95672">
			<ele>36.5</ele>
		</rtept>
		<rtept lat="39.60428" lon="-8.95672">
			<ele>36.5</ele>
		</rtept>
		<rtept lat="39.60431" lon="-8.95658">
			<ele>36.5</ele>
		</rtept>
		<rtept lat="39.60435" lon="-8.9563">
			<ele>36.7</ele>
		</rtept>
		<rtept lat="39.60437" lon="-8.9561">
			<ele>37.2</ele>
		</rtept>
		<rtept lat="39.60438" lon="-8.95597">
			<ele>37.7</ele>
		</rtept>
		<rtept lat="39.60438" lon="-8.95589">
			<ele>37.9</ele>
		</rtept>
		<rtept lat="39.60437" lon="-8.95581">
			<ele>38.0</ele>
		</rtept>
		<rtept lat="39.60428" lon="-8.95544">
			<ele>37.8</ele>
		</rtept>
		<rtept lat="39.60425" lon="-8.9553">
			<ele>37.9</ele>
		</rtept>
		<rtept lat="39.6042" lon="-8.95507">
			<ele>37.6</ele>
		</rtept>
		<rtept lat="39.60412" lon="-8.95464">
			<ele>37.7</ele>
		</rtept>
		<rtept lat="39.60409" lon="-8.95448">
			<ele>38.2</ele>
		</rtept>
		<rtept lat="39.60408" lon="-8.95436">
			<ele>38.8</ele>
		</rtept>
		<rtept lat="39.60407" lon="-8.95414">
			<ele>40.5</ele>
		</rtept>
		<rtept lat="39.60403" lon="-8.95385">
			<ele>41.6</ele>
		</rtept>
		<rtept lat="39.60401" lon="-8.95377">
			<ele>41.4</ele>
		</rtept>
		<rtept lat="39.604" lon="-8.95366">
			<ele>41.2</ele>
		</rtept>
		<rtept lat="39.60399" lon="-8.95354">
			<ele>41.2</ele>
		</rtept>
		<rtept lat="39.60396" lon="-8.95343">
			<ele>41.1</ele>
		</rtept>
		<rtept lat="39.6039" lon="-8.95322">
			<ele>39.0</ele>
		</rtept>
		<rtept lat="39.60373" lon="-8.95272">
			<ele>38.0</ele>
		</rtept>
		<rtept lat="39.60366" lon="-8.95253">
			<ele>37.2</ele>
		</rtept>
		<rtept lat="39.6036" lon="-8.95239">
			<ele>36.3</ele>
		</rtept>
		<rtept lat="39.60355" lon="-8.95224">
			<ele>36.5</ele>
		</rtept>
		<rtept lat="39.60348" lon="-8.95197">
			<ele>38.4</ele>
		</rtept>
		<rtept lat="39.60325" lon="-8.95127">
			<ele>38.5</ele>
		</rtept>
		<rtept lat="39.60323" lon="-8.95121">
			<ele>38.7</ele>
		</rtept>
		<rtept lat="39.60319" lon="-8.95106">
			<ele>39.2</ele>
		</rtept>
		<rtept lat="39.60315" lon="-8.95096">
			<ele>39.4</ele>
		</rtept>
		<rtept lat="39.60308" lon="-8.95083">
			<ele>40.0</ele>
		</rtept>
		<rtept lat="39.60299" lon="-8.9507">
			<ele>39.2</ele>
		</rtept>
		<rtept lat="39.60291" lon="-8.95061">
			<ele>38.3</ele>
		</rtept>
		<rtept lat="39.60272" lon="-8.9504">
			<ele>36.5</ele>
		</rtept>
		<rtept lat="39.60262" lon="-8.9503">
			<ele>35.8</ele>
		</rtept>
		<rtept lat="39.60246" lon="-8.95018">
			<ele>35.3</ele>
		</rtept>
		<rtept lat="39.60231" lon="-8.95007">
			<ele>34.6</ele>
		</rtept>
		<rtept lat="39.60207" lon="-8.94992">
			<ele>33.6</ele>
		</rtept>
		<rtept lat="39.60202" lon="-8.94989">
			<ele>33.4</ele>
		</rtept>
		<rtept lat="39.60196" lon="-8.94981">
			<ele>33.1</ele>
		</rtept>
		<rtept lat="39.60186" lon="-8.94956">
			<ele>32.3</ele>
		</rtept>
		<rtept lat="39.60182" lon="-8.94943">
			<ele>32.0</ele>
		</rtept>
		<rtept lat="39.60173" lon="-8.94931">
			<ele>31.9</ele>
		</rtept>
		<rtept lat="39.60161" lon="-8.94918">
			<ele>32.2</ele>
		</rtept>
		<rtept lat="39.60144" lon="-8.94901">
			<ele>33.4</ele>
		</rtept>
		<rtept lat="39.60131" lon="-8.94886">
			<ele>34.6</ele>
		</rtept>
		<rtept lat="39.60117" lon="-8.94868">
			<ele>35.2</ele>
		</rtept>
		<rtept lat="39.60103" lon="-8.9485">
			<ele>35.3</ele>
		</rtept>
		<rtept lat="39.60093" lon="-8.94838">
			<ele>35.7</ele>
		</rtept>
		<rtept lat="39.60088" lon="-8.9483">
			<ele>36.0</ele>
		</rtept>
		<rtept lat="39.60082" lon="-8.94816">
			<ele>36.6</ele>
		</rtept>
		<rtept lat="39.60077" lon="-8.94806">
			<ele>37.0</ele>
		</rtept>
		<rtept lat="39.6007" lon="-8.94785">
			<ele>38.5</ele>
		</rtept>
		<rtept lat="39.60056" lon="-8.94752">
			<ele>41.8</ele>
		</rtept>
		<rtept lat="39.60049" lon="-8.94735">
			<ele>42.6</ele>
		</rtept>
		<rtept lat="39.60043" lon="-8.94722">
			<ele>43.0</ele>
		</rtept>
		<rtept lat="39.60033" lon="-8.94708">
			<ele>43.9</ele>
		</rtept>
		<rtept lat="39.60025" lon="-8.94701">
			<ele>44.5</ele>
		</rtept>
		<rtept lat="39.60012" lon="-8.94693">
			<ele>44.6</ele>
		</rtept>
		<rtept lat="39.60001" lon="-8.94686">
			<ele>44.6</ele>
		</rtept>
		<rtept lat="39.59999" lon="-8.94684">
			<ele>44.7</ele>
		</rtept>
		<rtept lat="39.59998" lon="-8.94679">
			<ele>45.0</ele>
		</rtept>
		<rtept lat="39.59991" lon="-8.94657">
			<ele>46.6</ele>
		</rtept>
		<rtept lat="39.59984" lon="-8.94632">
			<ele>48.5</ele>
		</rtept>
		<rtept lat="39.59977" lon="-8.94611">
			<ele>50.2</ele>
		</rtept>
		<rtept lat="39.59975" lon="-8.94606">
			<ele>50.3</ele>
		</rtept>
		<rtept lat="39.59969" lon="-8.94596">
			<ele>50.4</ele>
		</rtept>
		<rtept lat="39.59959" lon="-8.94583">
			<ele>51.0</ele>
		</rtept>
		<rtept lat="39.59945" lon="-8.94568">
			<ele>52.1</ele>
		</rtept>
		<rtept lat="39.59931" lon="-8.94548">
			<ele>53.5</ele>
		</rtept>
		<rtept lat="39.59923" lon="-8.94537">
			<ele>54.4</ele>
		</rtept>
		<rtept lat="39.59915" lon="-8.94523">
			<ele>55.4</ele>
		</rtept>
		<rtept lat="39.59903" lon="-8.94502">
			<ele>56.8</ele>
		</rtept>
		<rtept lat="39.5989" lon="-8.94482">
			<ele>58.7</ele>
		</rtept>
		<rtept lat="39.59883" lon="-8.9447">
			<ele>59.9</ele>
		</rtept>
		<rtept lat="39.59879" lon="-8.94461">
			<ele>60.8</ele>
		</rtept>
		<rtept lat="39.59875" lon="-8.94452">
			<ele>62.0</ele>
		</rtept>
		<rtept lat="39.59871" lon="-8.9444">
			<ele>63.2</ele>
		</rtept>
		<rtept lat="39.59865" lon="-8.94419">
			<ele>65.1</ele>
		</rtept>
		<rtept lat="39.5986" lon="-8.94399">
			<ele>66.2</ele>
		</rtept>
		<rtept lat="39.59855" lon="-8.94382">
			<ele>67.2</ele>
		</rtept>
		<rtept lat="39.59851" lon="-8.94375">
			<ele>67.7</ele>
		</rtept>
		<rtept lat="39.59838" lon="-8.94355">
			<ele>69.0</ele>
		</rtept>
		<rtept lat="39.59827" lon="-8.94333">
			<ele>70.3</ele>
		</rtept>
		<rtept lat="39.59822" lon="-8.94323">
			<ele>70.5</ele>
		</rtept>
		<rtept lat="39.59814" lon="-8.94313">
			<ele>70.4</ele>
		</rtept>
		<rtept lat="39.59805" lon="-8.94305">
			<ele>70.0</ele>
		</rtept>
		<rtept lat="39.598" lon="-8.94304">
			<ele>69.5</ele>
		</rtept>
		<rtept lat="39.59795" lon="-8.94303">
			<ele>69.0</ele>
		</rtept>
		<rtept lat="39.59738" lon="-8.94287">
			<ele>65.8</ele>
		</rtept>
		<rtept lat="39.59719" lon="-8.94281">
			<ele>64.5</ele>
		</rtept>
		<rtept lat="39.59712" lon="-8.94276">
			<ele>64.0</ele>
		</rtept>
		<rtept lat="39.59693" lon="-8.94267">
			<ele>62.7</ele>
		</rtept>
		<rtept lat="39.59685" lon="-8.94262">
			<ele>62.3</ele>
		</rtept>
		<rtept lat="39.5968" lon="-8.94257">
			<ele>62.1</ele>
		</rtept>
		<rtept lat="39.59671" lon="-8.94246">
			<ele>61.7</ele>
		</rtept>
		<rtept lat="39.59667" lon="-8.9424">
			<ele>61.8</ele>
		</rtept>
		<rtept lat="39.59661" lon="-8.94228">
			<ele>62.0</ele>
		</rtept>
		<rtept lat="39.59656" lon="-8.94216">
			<ele>62.1</ele>
		</rtept>
		<rtept lat="39.59652" lon="-8.94205">
			<ele>62.4</ele>
		</rtept>
		<rtept lat="39.59651" lon="-8.94198">
			<ele>62.6</ele>
		</rtept>
		<rtept lat="39.59649" lon="-8.94187">
			<ele>63.3</ele>
		</rtept>
		<rtept lat="39.59648" lon="-8.94177">
			<ele>63.9</ele>
		</rtept>
		<rtept lat="39.59647" lon="-8.94161">
			<ele>64.8</ele>
		</rtept>
		<rtept lat="39.59646" lon="-8.94133">
			<ele>65.6</ele>
		</rtept>
		<rtept lat="39.59647" lon="-8.94112">
			<ele>65.9</ele>
		</rtept>
		<rtept lat="39.59648" lon="-8.94093">
			<ele>67.2</ele>
		</rtept>
		<rtept lat="39.59644" lon="-8.94069">
			<ele>67.5</ele>
		</rtept>
		<rtept lat="39.59642" lon="-8.94048">
			<ele>67.0</ele>
		</rtept>
		<rtept lat="39.59641" lon="-8.94029">
			<ele>66.3</ele>
		</rtept>
		<rtept lat="39.59641" lon="-8.94016">
			<ele>66.7</ele>
		</rtept>
		<rtept lat="39.59642" lon="-8.93997">
			<ele>67.4</ele>
		</rtept>
		<rtept lat="39.59641" lon="-8.93987">
			<ele>67.7</ele>
		</rtept>
		<rtept lat="39.59636" lon="-8.93975">
			<ele>67.9</ele>
		</rtept>
		<rtept lat="39.59629" lon="-8.9395">
			<ele>69.6</ele>
		</rtept>
		<rtept lat="39.59623" lon="-8.93929">
			<ele>71.1</ele>
		</rtept>
		<rtept lat="39.59626" lon="-8.9392">
			<ele>71.8</ele>
		</rtept>
		<rtept lat="39.59619" lon="-8.93912">
			<ele>72.4</ele>
		</rtept>
		<rtept lat="39.59617" lon="-8.93907">
			<ele>72.7</ele>
		</rtept>
		<rtept lat="39.59617" lon="-8.939">
			<ele>73.2</ele>
		</rtept>
		<rtept lat="39.59609" lon="-8.93894">
			<ele>73.5</ele>
		</rtept>
		<rtept lat="39.59605" lon="-8.93895">
			<ele>73.4</ele>
		</rtept>
		<rtept lat="39.596" lon="-8.93893">
			<ele>73.3</ele>
		</rtept>
		<rtept lat="39.59582" lon="-8.93883">
			<ele>73.2</ele>
		</rtept>
		<rtept lat="39.59572" lon="-8.93876">
			<ele>72.7</ele>
		</rtept>
		<rtept lat="39.59565" lon="-8.93864">
			<ele>72.6</ele>
		</rtept>
		<rtept lat="39.59559" lon="-8.93846">
			<ele>72.8</ele>
		</rtept>
		<rtept lat="39.59558" lon="-8.93837">
			<ele>73.0</ele>
		</rtept>
		<rtept lat="39.5955" lon="-8.93808">
			<ele>73.3</ele>
		</rtept>
		<rtept lat="39.59538" lon="-8.93767">
			<ele>71.9</ele>
		</rtept>
		<rtept lat="39.5953" lon="-8.93741">
			<ele>71.2</ele>
		</rtept>
		<rtept lat="39.59522" lon="-8.93725">
			<ele>71.0</ele>
		</rtept>
		<rtept lat="39.5951" lon="-8.93705">
			<ele>71.6</ele>
		</rtept>
		<rtept lat="39.59506" lon="-8.93701">
			<ele>71.7</ele>
		</rtept>
		<rtept lat="39.59496" lon="-8.93691">
			<ele>72.1</ele>
		</rtept>
		<rtept lat="39.59487" lon="-8.93677">
			<ele>72.5</ele>
		</rtept>
		<rtept lat="39.59477" lon="-8.93659">
			<ele>72.9</ele>
		</rtept>
		<rtept lat="39.59469" lon="-8.93646">
			<ele>73.4</ele>
		</rtept>
		<rtept lat="39.59464" lon="-8.93649">
			<ele>73.1</ele>
		</rtept>
		<rtept lat="39.59457" lon="-8.93639">
			<ele>73.4</ele>
		</rtept>
		<rtept lat="39.59452" lon="-8.93633">
			<ele>73.7</ele>
		</rtept>
		<rtept lat="39.59444" lon="-8.93627">
			<ele>73.8</ele>
		</rtept>
		<rtept lat="39.5943" lon="-8.93618">
			<ele>74.1</ele>
		</rtept>
		<rtept lat="39.59419" lon="-8.93613">
			<ele>74.0</ele>
		</rtept>
		<rtept lat="39.59403" lon="-8.93608">
			<ele>74.2</ele>
		</rtept>
		<rtept lat="39.5939" lon="-8.93604">
			<ele>74.5</ele>
		</rtept>
		<rtept lat="39.59391" lon="-8.936">
			<ele>74.8</ele>
		</rtept>
		<rtept lat="39.59376" lon="-8.93595">
			<ele>75.2</ele>
		</rtept>
		<rtept lat="39.59358" lon="-8.93589">
			<ele>75.4</ele>
		</rtept>
		<rtept lat="39.59343" lon="-8.93587">
			<ele>74.5</ele>
		</rtept>
		<rtept lat="39.59331" lon="-8.93584">
			<ele>73.8</ele>
		</rtept>
		<rtept lat="39.59299" lon="-8.93578">
			<ele>72.4</ele>
		</rtept>
		<rtept lat="39.59265" lon="-8.93573">
			<ele>74.1</ele>
		</rtept>
		<rtept lat="39.59252" lon="-8.9357">
			<ele>75.3</ele>
		</rtept>
		<rtept lat="39.59211" lon="-8.93564">
			<ele>76.9</ele>
		</rtept>
		<rtept lat="39.59188" lon="-8.93542">
			<ele>79.9</ele>
		</rtept>
		<rtept lat="39.59182" lon="-8.93534">
			<ele>81.7</ele>
		</rtept>
		<rtept lat="39.5917" lon="-8.93525">
			<ele>84.1</ele>
		</rtept>
		<rtept lat="39.59167" lon="-8.93523">
			<ele>84.7</ele>
		</rtept>
		<rtept lat="39.59164" lon="-8.93521">
			<ele>85.5</ele>
		</rtept>
		<rtept lat="39.59159" lon="-8.93519">
			<ele>87.0</ele>
		</rtept>
		<rtept lat="39.59155" lon="-8.93517">
			<ele>88.3</ele>
		</rtept>
		<rtept lat="39.59145" lon="-8.93515">
			<ele>91.4</ele>
		</rtept>
		<rtept lat="39.59137" lon="-8.93515">
			<ele>94.0</ele>
		</rtept>
		<rtept lat="39.59129" lon="-8.93514">
			<ele>96.7</ele>
		</rtept>
		<rtept lat="39.59117" lon="-8.93516">
			<ele>101.0</ele>
		</rtept>
		<rtept lat="39.59081" lon="-8.93529">
			<ele>108.1</ele>
		</rtept>
		<rtept lat="39.59028" lon="-8.93549">
			<ele>106.2</ele>
		</rtept>
		<rtept lat="39.58994" lon="-8.93563">
			<ele>103.3</ele>
		</rtept>
		<rtept lat="39.58991" lon="-8.93562">
			<ele>103.1</ele>
		</rtept>
		<rtept lat="39.58989" lon="-8.93558">
			<ele>103.1</ele>
		</rtept>
		<rtept lat="39.58975" lon="-8.93517">
			<ele>103.9</ele>
		</rtept>
		<rtept lat="39.58967" lon="-8.93492">
			<ele>102.8</ele>
		</rtept>
		<rtept lat="39.58964" lon="-8.93482">
			<ele>102.5</ele>
		</rtept>
		<rtept lat="39.58963" lon="-8.93478">
			<ele>102.4</ele>
		</rtept>
		<rtept lat="39.5896" lon="-8.93474">
			<ele>102.1</ele>
		</rtept>
		<rtept lat="39.58947" lon="-8.93472">
			<ele>101.1</ele>
		</rtept>
		<rtept lat="39.58929" lon="-8.93472">
			<ele>102.1</ele>
		</rtept>
		<rtept lat="39.58924" lon="-8.93473">
			<ele>102.5</ele>
		</rtept>
		<rtept lat="39.58919" lon="-8.93475">
			<ele>103.1</ele>
		</rtept>
		<rtept lat="39.58915" lon="-8.93486">
			<ele>104.7</ele>
		</rtept>
		<rtept lat="39.58912" lon="-8.93508">
			<ele>107.0</ele>
		</rtept>
		<rtept lat="39.58908" lon="-8.93527">
			<ele>107.3</ele>
		</rtept>
		<rtept lat="39.58905" lon="-8.93528">
			<ele>107.6</ele>
		</rtept>
		<rtept lat="39.589" lon="-8.93529">
			<ele>108.2</ele>
		</rtept>
		<rtept lat="39.58897" lon="-8.93528">
			<ele>108.8</ele>
		</rtept>
		<rtept lat="39.58894" lon="-8.93525">
			<ele>109.5</ele>
		</rtept>
		<rtept lat="39.5889" lon="-8.9352">
			<ele>110.4</ele>
		</rtept>
		<rtept lat="39.58887" lon="-8.93516">
			<ele>111.2</ele>
		</rtept>
		<rtept lat="39.58884" lon="-8.93509">
			<ele>112.2</ele>
		</rtept>
		<rtept lat="39.5888" lon="-8.935">
			<ele>113.5</ele>
		</rtept>
		<rtept lat="39.58876" lon="-8.93493">
			<ele>113.4</ele>
		</rtept>
		<rtept lat="39.58871" lon="-8.93486">
			<ele>113.4</ele>
		</rtept>
		<rtept lat="39.58868" lon="-8.93481">
			<ele>113.3</ele>
		</rtept>
		<rtept lat="39.58865" lon="-8.93479">
			<ele>113.4</ele>
		</rtept>
		<rtept lat="39.58861" lon="-8.93478">
			<ele>113.8</ele>
		</rtept>
		<rtept lat="39.58856" lon="-8.93479">
			<ele>114.3</ele>
		</rtept>
		<rtept lat="39.58851" lon="-8.93481">
			<ele>115.0</ele>
		</rtept>
		<rtept lat="39.58847" lon="-8.93482">
			<ele>115.4</ele>
		</rtept>
		<rtept lat="39.5884" lon="-8.9348">
			<ele>115.8</ele>
		</rtept>
		<rtept lat="39.58832" lon="-8.93478">
			<ele>116.2</ele>
		</rtept>
		<rtept lat="39.58827" lon="-8.93477">
			<ele>115.9</ele>
		</rtept>
		<rtept lat="39.58822" lon="-8.93477">
			<ele>115.8</ele>
		</rtept>
		<rtept lat="39.58819" lon="-8.93478">
			<ele>115.7</ele>
		</rtept>
		<rtept lat="39.58815" lon="-8.93478">
			<ele>115.6</ele>
		</rtept>
		<rtept lat="39.58812" lon="-8.93471">
			<ele>115.1</ele>
		</rtept>
		<rtept lat="39.58801" lon="-8.93462">
			<ele>113.6</ele>
		</rtept>
		<rtept lat="39.58795" lon="-8.93457">
			<ele>112.8</ele>
		</rtept>
		<rtept lat="39.5879" lon="-8.93456">
			<ele>112.4</ele>
		</rtept>
		<rtept lat="39.58785" lon="-8.93456">
			<ele>112.2</ele>
		</rtept>
		<rtept lat="39.58781" lon="-8.93458">
			<ele>112.1</ele>
		</rtept>
		<rtept lat="39.58774" lon="-8.93457">
			<ele>111.7</ele>
		</rtept>
		<rtept lat="39.58755" lon="-8.93448">
			<ele>110.3</ele>
		</rtept>
		<rtept lat="39.58746" lon="-8.93442">
			<ele>110.4</ele>
		</rtept>
		<rtept lat="39.5874" lon="-8.93439">
			<ele>111.1</ele>
		</rtept>
		<rtept lat="39.58731" lon="-8.93437">
			<ele>112.1</ele>
		</rtept>
		<rtept lat="39.58728" lon="-8.93434">
			<ele>112.5</ele>
		</rtept>
		<rtept lat="39.58727" lon="-8.93432">
			<ele>112.8</ele>
		</rtept>
		<rtept lat="39.58725" lon="-8.93427">
			<ele>113.2</ele>
		</rtept>
		<rtept lat="39.58706" lon="-8.9334">
			<ele>115.9</ele>
		</rtept>
		<rtept lat="39.58704" lon="-8.93328">
			<ele>116.1</ele>
		</rtept>
		<rtept lat="39.58699" lon="-8.93313">
			<ele>117.0</ele>
		</rtept>
		<rtept lat="39.58697" lon="-8.93309">
			<ele>117.5</ele>
		</rtept>
		<rtept lat="39.58695" lon="-8.93303">
			<ele>118.0</ele>
		</rtept>
		<rtept lat="39.58694" lon="-8.93294">
			<ele>118.5</ele>
		</rtept>
		<rtept lat="39.58691" lon="-8.93262">
			<ele>121.0</ele>
		</rtept>
		<rtept lat="39.5869" lon="-8.93255">
			<ele>121.9</ele>
		</rtept>
		<rtept lat="39.5867" lon="-8.93196">
			<ele>124.2</ele>
		</rtept>
		<rtept lat="39.58661" lon="-8.93181">
			<ele>125.2</ele>
		</rtept>
		<rtept lat="39.58654" lon="-8.93165">
			<ele>125.9</ele>
		</rtept>
		<rtept lat="39.58651" lon="-8.93161">
			<ele>126.0</ele>
		</rtept>
		<rtept lat="39.58649" lon="-8.93151">
			<ele>126.0</ele>
		</rtept>
		<rtept lat="39.58648" lon="-8.93145">
			<ele>126.1</ele>
		</rtept>
		<rtept lat="39.5865" lon="-8.93114">
			<ele>126.7</ele>
		</rtept>
		<rtept lat="39.5865" lon="-8.93108">
			<ele>126.8</ele>
		</rtept>
		<rtept lat="39.58647" lon="-8.93096">
			<ele>127.3</ele>
		</rtept>
		<rtept lat="39.58638" lon="-8.93059">
			<ele>129.7</ele>
		</rtept>
		<rtept lat="39.58635" lon="-8.93044">
			<ele>130.0</ele>
		</rtept>
		<rtept lat="39.58633" lon="-8.93026">
			<ele>130.5</ele>
		</rtept>
		<rtept lat="39.58632" lon="-8.9301">
			<ele>131.5</ele>
		</rtept>
		<rtept lat="39.58632" lon="-8.93001">
			<ele>132.2</ele>
		</rtept>
		<rtept lat="39.58634" lon="-8.92972">
			<ele>133.1</ele>
		</rtept>
		<rtept lat="39.58633" lon="-8.92962">
			<ele>133.2</ele>
		</rtept>
		<rtept lat="39.58633" lon="-8.92958">
			<ele>133.3</ele>
		</rtept>
		<rtept lat="39.58634" lon="-8.92951">
			<ele>133.6</ele>
		</rtept>
		<rtept lat="39.58645" lon="-8.92901">
			<ele>135.9</ele>
		</rtept>
		<rtept lat="39.58649" lon="-8.92863">
			<ele>139.2</ele>
		</rtept>
		<rtept lat="39.58652" lon="-8.92843">
			<ele>140.5</ele>
		</rtept>
		<rtept lat="39.5866" lon="-8.92818">
			<ele>141.6</ele>
		</rtept>
		<rtept lat="39.58662" lon="-8.92801">
			<ele>142.3</ele>
		</rtept>
		<rtept lat="39.58663" lon="-8.9279">
			<ele>143.1</ele>
		</rtept>
		<rtept lat="39.58662" lon="-8.9278">
			<ele>143.8</ele>
		</rtept>
		<rtept lat="39.58646" lon="-8.92723">
			<ele>148.4</ele>
		</rtept>
		<rtept lat="39.58642" lon="-8.92711">
			<ele>150.0</ele>
		</rtept>
		<rtept lat="39.5864" lon="-8.92699">
			<ele>151.4</ele>
		</rtept>
		<rtept lat="39.58639" lon="-8.92684">
			<ele>153.1</ele>
		</rtept>
		<rtept lat="39.58638" lon="-8.92652">
			<ele>156.5</ele>
		</rtept>
		<rtept lat="39.58639" lon="-8.92609">
			<ele>159.4</ele>
		</rtept>
		<rtept lat="39.58641" lon="-8.92575">
			<ele>163.4</ele>
		</rtept>
		<rtept lat="39.58642" lon="-8.92549">
			<ele>165.3</ele>
		</rtept>
		<rtept lat="39.58643" lon="-8.92545">
			<ele>165.4</ele>
		</rtept>
		<rtept lat="39.58641" lon="-8.92536">
			<ele>166.0</ele>
		</rtept>
		<rtept lat="39.5864" lon="-8.92529">
			<ele>166.7</ele>
		</rtept>
		<rtept lat="39.58627" lon="-8.9249">
			<ele>169.5</ele>
		</rtept>
		<rtept lat="39.58618" lon="-8.92459">
			<ele>171.7</ele>
		</rtept>
		<rtept lat="39.58613" lon="-8.92446">
			<ele>172.9</ele>
		</rtept>
		<rtept lat="39.58607" lon="-8.92421">
			<ele>176.2</ele>
		</rtept>
		<rtept lat="39.58604" lon="-8.92411">
			<ele>177.6</ele>
		</rtept>
		<rtept lat="39.58601" lon="-8.92404">
			<ele>178.7</ele>
		</rtept>
		<rtept lat="39.58589" lon="-8.9239">
			<ele>182.7</ele>
		</rtept>
		<rtept lat="39.58575" lon="-8.92379">
			<ele>184.4</ele>
		</rtept>
		<rtept lat="39.58569" lon="-8.92374">
			<ele>185.1</ele>
		</rtept>
		<rtept lat="39.5855" lon="-8.92349">
			<ele>186.4</ele>
		</rtept>
		<rtept lat="39.58531" lon="-8.9232">
			<ele>187.2</ele>
		</rtept>
		<rtept lat="39.58526" lon="-8.9231">
			<ele>187.0</ele>
		</rtept>
		<rtept lat="39.58524" lon="-8.92303">
			<ele>186.8</ele>
		</rtept>
		<rtept lat="39.58521" lon="-8.92289">
			<ele>187.2</ele>
		</rtept>
		<rtept lat="39.5852" lon="-8.92286">
			<ele>187.4</ele>
		</rtept>
		<rtept lat="39.58518" lon="-8.92279">
			<ele>187.6</ele>
		</rtept>
		<rtept lat="39.58515" lon="-8.92269">
			<ele>188.0</ele>
		</rtept>
		<rtept lat="39.58507" lon="-8.92255">
			<ele>188.7</ele>
		</rtept>
		<rtept lat="39.58504" lon="-8.92249">
			<ele>189.1</ele>
		</rtept>
		<rtept lat="39.58502" lon="-8.92244">
			<ele>189.7</ele>
		</rtept>
		<rtept lat="39.58502" lon="-8.92239">
			<ele>190.1</ele>
		</rtept>
		<rtept lat="39.585" lon="-8.92229">
			<ele>191.3</ele>
		</rtept>
		<rtept lat="39.585" lon="-8.92206">
			<ele>193.2</ele>
		</rtept>
		<rtept lat="39.585" lon="-8.92195">
			<ele>194.0</ele>
		</rtept>
		<rtept lat="39.58499" lon="-8.92182">
			<ele>194.8</ele>
		</rtept>
		<rtept lat="39.58498" lon="-8.92175">
			<ele>195.2</ele>
		</rtept>
		<rtept lat="39.58495" lon="-8.92159">
			<ele>195.3</ele>
		</rtept>
		<rtept lat="39.58493" lon="-8.92149">
			<ele>195.2</ele>
		</rtept>
		<rtept lat="39.58491" lon="-8.92138">
			<ele>195.0</ele>
		</rtept>
		<rtept lat="39.5849" lon="-8.92133">
			<ele>194.9</ele>
		</rtept>
		<rtept lat="39.58481" lon="-8.92102">
			<ele>194.5</ele>
		</rtept>
		<rtept lat="39.58475" lon="-8.92076">
			<ele>194.1</ele>
		</rtept>
		<rtept lat="39.58472" lon="-8.9206">
			<ele>193.9</ele>
		</rtept>
		<rtept lat="39.58464" lon="-8.92037">
			<ele>192.3</ele>
		</rtept>
		<rtept lat="39.58461" lon="-8.92025">
			<ele>191.5</ele>
		</rtept>
		<rtept lat="39.5846" lon="-8.92011">
			<ele>190.4</ele>
		</rtept>
		<rtept lat="39.5846" lon="-8.92">
			<ele>189.6</ele>
		</rtept>
		<rtept lat="39.58461" lon="-8.9199">
			<ele>188.5</ele>
		</rtept>
		<rtept lat="39.58463" lon="-8.91982">
			<ele>187.7</ele>
		</rtept>
		<rtept lat="39.58474" lon="-8.91951">
			<ele>184.7</ele>
		</rtept>
		<rtept lat="39.58481" lon="-8.9193">
			<ele>183.8</ele>
		</rtept>
		<rtept lat="39.5849" lon="-8.91901">
			<ele>184.3</ele>
		</rtept>
		<rtept lat="39.58492" lon="-8.91894">
			<ele>184.8</ele>
		</rtept>
		<rtept lat="39.58496" lon="-8.91878">
			<ele>185.8</ele>
		</rtept>
		<rtept lat="39.58508" lon="-8.91829">
			<ele>189.1</ele>
		</rtept>
		<rtept lat="39.58516" lon="-8.91784">
			<ele>190.9</ele>
		</rtept>
		<rtept lat="39.58518" lon="-8.91739">
			<ele>188.9</ele>
		</rtept>
		<rtept lat="39.58517" lon="-8.9173">
			<ele>188.3</ele>
		</rtept>
		<rtept lat="39.58516" lon="-8.9172">
			<ele>187.7</ele>
		</rtept>
		<rtept lat="39.58513" lon="-8.9171">
			<ele>186.9</ele>
		</rtept>
		<rtept lat="39.58511" lon="-8.91704">
			<ele>186.5</ele>
		</rtept>
		<rtept lat="39.585" lon="-8.91686">
			<ele>185.4</ele>
		</rtept>
		<rtept lat="39.58466" lon="-8.91649">
			<ele>182.3</ele>
		</rtept>
		<rtept lat="39.58455" lon="-8.91632">
			<ele>181.3</ele>
		</rtept>
		<rtept lat="39.58432" lon="-8.916">
			<ele>180.9</ele>
		</rtept>
		<rtept lat="39.58426" lon="-8.91593">
			<ele>181.2</ele>
		</rtept>
		<rtept lat="39.5842" lon="-8.91587">
			<ele>181.6</ele>
		</rtept>
		<rtept lat="39.58412" lon="-8.91582">
			<ele>182.1</ele>
		</rtept>
		<rtept lat="39.58397" lon="-8.91573">
			<ele>182.9</ele>
		</rtept>
		<rtept lat="39.5839" lon="-8.91565">
			<ele>183.9</ele>
		</rtept>
		<rtept lat="39.58382" lon="-8.91554">
			<ele>184.7</ele>
		</rtept>
		<rtept lat="39.58377" lon="-8.91543">
			<ele>185.2</ele>
		</rtept>
		<rtept lat="39.58362" lon="-8.9149">
			<ele>189.7</ele>
		</rtept>
		<rtept lat="39.58346" lon="-8.91447">
			<ele>192.7</ele>
		</rtept>
		<rtept lat="39.58337" lon="-8.91423">
			<ele>194.5</ele>
		</rtept>
		<rtept lat="39.58324" lon="-8.91398">
			<ele>196.5</ele>
		</rtept>
		<rtept lat="39.58318" lon="-8.91391">
			<ele>197.2</ele>
		</rtept>
		<rtept lat="39.58315" lon="-8.91379">
			<ele>198.6</ele>
		</rtept>
		<rtept lat="39.58309" lon="-8.91362">
			<ele>200.9</ele>
		</rtept>
		<rtept lat="39.583" lon="-8.91339">
			<ele>203.2</ele>
		</rtept>
		<rtept lat="39.58287" lon="-8.91313">
			<ele>204.8</ele>
		</rtept>
		<rtept lat="39.58278" lon="-8.91292">
			<ele>204.5</ele>
		</rtept>
		<rtept lat="39.58275" lon="-8.91281">
			<ele>203.7</ele>
		</rtept>
		<rtept lat="39.58273" lon="-8.91274">
			<ele>203.3</ele>
		</rtept>
		<rtept lat="39.58265" lon="-8.91262">
			<ele>202.7</ele>
		</rtept>
		<rtept lat="39.58242" lon="-8.91229">
			<ele>202.6</ele>
		</rtept>
		<rtept lat="39.58218" lon="-8.91193">
			<ele>202.7</ele>
		</rtept>
		<rtept lat="39.58188" lon="-8.91151">
			<ele>202.4</ele>
		</rtept>
		<rtept lat="39.58173" lon="-8.91128">
			<ele>203.0</ele>
		</rtept>
		<rtept lat="39.5816" lon="-8.91112">
			<ele>202.9</ele>
		</rtept>
		<rtept lat="39.58153" lon="-8.91106">
			<ele>202.1</ele>
		</rtept>
		<rtept lat="39.58141" lon="-8.91097">
			<ele>200.8</ele>
		</rtept>
		<rtept lat="39.58133" lon="-8.91086">
			<ele>200.2</ele>
		</rtept>
		<rtept lat="39.58118" lon="-8.91058">
			<ele>200.4</ele>
		</rtept>
		<rtept lat="39.58102" lon="-8.91027">
			<ele>201.4</ele>
		</rtept>
		<rtept lat="39.58096" lon="-8.91018">
			<ele>202.5</ele>
		</rtept>
		<rtept lat="39.58077" lon="-8.90993">
			<ele>206.1</ele>
		</rtept>
		<rtept lat="39.58066" lon="-8.90983">
			<ele>207.2</ele>
		</rtept>
		<rtept lat="39.58021" lon="-8.9095">
			<ele>205.8</ele>
		</rtept>
		<rtept lat="39.57975" lon="-8.90926">
			<ele>202.1</ele>
		</rtept>
		<rtept lat="39.57974" lon="-8.90923">
			<ele>202.0</ele>
		</rtept>
		<rtept lat="39.57973" lon="-8.90911">
			<ele>201.8</ele>
		</rtept>
		<rtept lat="39.57973" lon="-8.90905">
			<ele>201.6</ele>
		</rtept>
		<rtept lat="39.57971" lon="-8.90897">
			<ele>201.3</ele>
		</rtept>
		<rtept lat="39.57967" lon="-8.90887">
			<ele>201.1</ele>
		</rtept>
		<rtept lat="39.57965" lon="-8.90881">
			<ele>201.1</ele>
		</rtept>
		<rtept lat="39.57963" lon="-8.90876">
			<ele>201.0</ele>
		</rtept>
		<rtept lat="39.5796" lon="-8.90862">
			<ele>200.9</ele>
		</rtept>
		<rtept lat="39.57958" lon="-8.90855">
			<ele>201.0</ele>
		</rtept>
		<rtept lat="39.57953" lon="-8.90846">
			<ele>201.4</ele>
		</rtept>
		<rtept lat="39.5795" lon="-8.9084">
			<ele>201.6</ele>
		</rtept>
		<rtept lat="39.57947" lon="-8.90834">
			<ele>201.8</ele>
		</rtept>
		<rtept lat="39.57946" lon="-8.90829">
			<ele>202.1</ele>
		</rtept>
		<rtept lat="39.57945" lon="-8.90822">
			<ele>202.4</ele>
		</rtept>
		<rtept lat="39.57945" lon="-8.90815">
			<ele>202.6</ele>
		</rtept>
		<rtept lat="39.57952" lon="-8.908">
			<ele>202.1</ele>
		</rtept>
		<rtept lat="39.57962" lon="-8.90777">
			<ele>200.7</ele>
		</rtept>
		<rtept lat="39.57964" lon="-8.90772">
			<ele>200.6</ele>
		</rtept>
		<rtept lat="39.57965" lon="-8.90766">
			<ele>200.5</ele>
		</rtept>
		<rtept lat="39.57964" lon="-8.90759">
			<ele>200.6</ele>
		</rtept>
		<rtept lat="39.57961" lon="-8.90746">
			<ele>200.9</ele>
		</rtept>
		<rtept lat="39.57946" lon="-8.90724">
			<ele>202.8</ele>
		</rtept>
		<rtept lat="39.57929" lon="-8.90707">
			<ele>204.1</ele>
		</rtept>
		<rtept lat="39.57916" lon="-8.90693">
			<ele>205.1</ele>
		</rtept>
		<rtept lat="39.57911" lon="-8.90685">
			<ele>205.7</ele>
		</rtept>
		<rtept lat="39.57903" lon="-8.90665">
			<ele>206.6</ele>
		</rtept>
		<rtept lat="39.57895" lon="-8.90638">
			<ele>208.0</ele>
		</rtept>
		<rtept lat="39.57884" lon="-8.90628">
			<ele>208.6</ele>
		</rtept>
		<rtept lat="39.57881" lon="-8.90626">
			<ele>208.7</ele>
		</rtept>
		<rtept lat="39.5788" lon="-8.90629">
			<ele>208.7</ele>
		</rtept>
		<rtept lat="39.57874" lon="-8.90625">
			<ele>209.1</ele>
		</rtept>
		<rtept lat="39.579" lon="-8.90575">
			<ele>208.9</ele>
		</rtept>
		<rtept lat="39.57917" lon="-8.90539">
			<ele>209.6</ele>
		</rtept>
		<rtept lat="39.57916" lon="-8.90537">
			<ele>209.7</ele>
		</rtept>
		<rtept lat="39.57911" lon="-8.90531">
			<ele>210.1</ele>
		</rtept>
		<rtept lat="39.57897" lon="-8.90514">
			<ele>211.2</ele>
		</rtept>
		<rtept lat="39.57871" lon="-8.90483">
			<ele>215.5</ele>
		</rtept>
		<rtept lat="39.57856" lon="-8.90467">
			<ele>219.1</ele>
		</rtept>
		<rtept lat="39.57837" lon="-8.9045">
			<ele>221.7</ele>
		</rtept>
		<rtept lat="39.57822" lon="-8.90438">
			<ele>220.7</ele>
		</rtept>
		<rtept lat="39.57805" lon="-8.90423">
			<ele>216.8</ele>
		</rtept>
		<rtept lat="39.57792" lon="-8.90415">
			<ele>214.8</ele>
		</rtept>
		<rtept lat="39.57789" lon="-8.90414">
			<ele>214.5</ele>
		</rtept>
		<rtept lat="39.57786" lon="-8.90415">
			<ele>214.3</ele>
		</rtept>
		<rtept lat="39.57769" lon="-8.90421">
			<ele>213.3</ele>
		</rtept>
		<rtept lat="39.57757" lon="-8.90426">
			<ele>212.5</ele>
		</rtept>
		<rtept lat="39.57752" lon="-8.90428">
			<ele>212.0</ele>
		</rtept>
		<rtept lat="39.57745" lon="-8.90426">
			<ele>211.1</ele>
		</rtept>
		<rtept lat="39.57741" lon="-8.90424">
			<ele>210.5</ele>
		</rtept>
		<rtept lat="39.57735" lon="-8.90418">
			<ele>209.4</ele>
		</rtept>
		<rtept lat="39.57711" lon="-8.90392">
			<ele>204.6</ele>
		</rtept>
		<rtept lat="39.57704" lon="-8.90388">
			<ele>203.3</ele>
		</rtept>
		<rtept lat="39.57696" lon="-8.90387">
			<ele>202.0</ele>
		</rtept>
		<rtept lat="39.57691" lon="-8.90386">
			<ele>200.7</ele>
		</rtept>
		<rtept lat="39.57681" lon="-8.90389">
			<ele>198.6</ele>
		</rtept>
		<rtept lat="39.57674" lon="-8.90391">
			<ele>197.0</ele>
		</rtept>
		<rtept lat="39.57668" lon="-8.90393">
			<ele>195.7</ele>
		</rtept>
		<rtept lat="39.57663" lon="-8.90392">
			<ele>194.3</ele>
		</rtept>
		<rtept lat="39.57651" lon="-8.90383">
			<ele>190.2</ele>
		</rtept>
		<rtept lat="39.5764" lon="-8.90382">
			<ele>187.4</ele>
		</rtept>
		<rtept lat="39.57626" lon="-8.90393">
			<ele>186.6</ele>
		</rtept>
		<rtept lat="39.57615" lon="-8.90401">
			<ele>186.0</ele>
		</rtept>
		<rtept lat="39.57608" lon="-8.90404">
			<ele>185.3</ele>
		</rtept>
		<rtept lat="39.576" lon="-8.90406">
			<ele>184.6</ele>
		</rtept>
		<rtept lat="39.57588" lon="-8.90406">
			<ele>183.2</ele>
		</rtept>
		<rtept lat="39.57585" lon="-8.90405">
			<ele>182.8</ele>
		</rtept>
		<rtept lat="39.57582" lon="-8.90404">
			<ele>182.4</ele>
		</rtept>
		<rtept lat="39.57577" lon="-8.90401">
			<ele>182.0</ele>
		</rtept>
		<rtept lat="39.57575" lon="-8.90399">
			<ele>181.8</ele>
		</rtept>
		<rtept lat="39.5757" lon="-8.90393">
			<ele>181.5</ele>
		</rtept>
		<rtept lat="39.57555" lon="-8.90358">
			<ele>179.8</ele>
		</rtept>
		<rtept lat="39.57546" lon="-8.90342">
			<ele>178.8</ele>
		</rtept>
		<rtept lat="39.57546" lon="-8.90317">
			<ele>177.8</ele>
		</rtept>
		<rtept lat="39.57547" lon="-8.90308">
			<ele>177.4</ele>
		</rtept>
		<rtept lat="39.57559" lon="-8.90285">
			<ele>175.9</ele>
		</rtept>
		<rtept lat="39.57562" lon="-8.90275">
			<ele>175.0</ele>
		</rtept>
		<rtept lat="39.57563" lon="-8.90265">
			<ele>173.7</ele>
		</rtept>
		<rtept lat="39.57563" lon="-8.9026">
			<ele>173.1</ele>
		</rtept>
		<rtept lat="39.57562" lon="-8.90252">
			<ele>172.3</ele>
		</rtept>
		<rtept lat="39.57561" lon="-8.90246">
			<ele>171.6</ele>
		</rtept>
		<rtept lat="39.57556" lon="-8.90233">
			<ele>169.9</ele>
		</rtept>
		<rtept lat="39.57536" lon="-8.90211">
			<ele>169.3</ele>
		</rtept>
		<rtept lat="39.57524" lon="-8.90196">
			<ele>169.2</ele>
		</rtept>
		<rtept lat="39.57522" lon="-8.90191">
			<ele>169.1</ele>
		</rtept>
		<rtept lat="39.5752" lon="-8.90186">
			<ele>169.1</ele>
		</rtept>
		<rtept lat="39.5752" lon="-8.90181">
			<ele>168.9</ele>
		</rtept>
		<rtept lat="39.57522" lon="-8.90177">
			<ele>168.7</ele>
		</rtept>
		<rtept lat="39.57527" lon="-8.90172">
			<ele>168.3</ele>
		</rtept>
		<rtept lat="39.57534" lon="-8.90169">
			<ele>167.4</ele>
		</rtept>
		<rtept lat="39.57543" lon="-8.90165">
			<ele>166.3</ele>
		</rtept>
		<rtept lat="39.57555" lon="-8.90164">
			<ele>165.0</ele>
		</rtept>
		<rtept lat="39.57568" lon="-8.90161">
			<ele>164.8</ele>
		</rtept>
		<rtept lat="39.57574" lon="-8.90159">
			<ele>164.7</ele>
		</rtept>
		<rtept lat="39.5759" lon="-8.90152">
			<ele>165.2</ele>
		</rtept>
		<rtept lat="39.57597" lon="-8.90148">
			<ele>165.8</ele>
		</rtept>
		<rtept lat="39.57604" lon="-8.90143">
			<ele>166.3</ele>
		</rtept>
		<rtept lat="39.57615" lon="-8.90128">
			<ele>166.4</ele>
		</rtept>
		<rtept lat="39.57622" lon="-8.90118">
			<ele>165.7</ele>
		</rtept>
		<rtept lat="39.57632" lon="-8.90106">
			<ele>164.6</ele>
		</rtept>
		<rtept lat="39.57643" lon="-8.90094">
			<ele>163.9</ele>
		</rtept>
		<rtept lat="39.57651" lon="-8.90088">
			<ele>163.5</ele>
		</rtept>
		<rtept lat="39.57663" lon="-8.9008">
			<ele>162.8</ele>
		</rtept>
		<rtept lat="39.57671" lon="-8.90077">
			<ele>163.0</ele>
		</rtept>
		<rtept lat="39.57687" lon="-8.90072">
			<ele>164.4</ele>
		</rtept>
		<rtept lat="39.5769" lon="-8.90071">
			<ele>164.6</ele>
		</rtept>
		<rtept lat="39.57694" lon="-8.90069">
			<ele>164.9</ele>
		</rtept>
		<rtept lat="39.57699" lon="-8.90065">
			<ele>165.1</ele>
		</rtept>
		<rtept lat="39.5771" lon="-8.9005">
			<ele>165.6</ele>
		</rtept>
		<rtept lat="39.57712" lon="-8.90045">
			<ele>165.9</ele>
		</rtept>
		<rtept lat="39.57714" lon="-8.9004">
			<ele>166.1</ele>
		</rtept>
		<rtept lat="39.57715" lon="-8.90035">
			<ele>166.2</ele>
		</rtept>
		<rtept lat="39.57714" lon="-8.90028">
			<ele>166.2</ele>
		</rtept>
		<rtept lat="39.57713" lon="-8.90021">
			<ele>166.5</ele>
		</rtept>
		<rtept lat="39.57711" lon="-8.90017">
			<ele>166.6</ele>
		</rtept>
		<rtept lat="39.57692" lon="-8.89994">
			<ele>165.9</ele>
		</rtept>
		<rtept lat="39.57687" lon="-8.89988">
			<ele>165.4</ele>
		</rtept>
		<rtept lat="39.57684" lon="-8.89981">
			<ele>165.2</ele>
		</rtept>
		<rtept lat="39.57683" lon="-8.89977">
			<ele>165.3</ele>
		</rtept>
		<rtept lat="39.57683" lon="-8.89971">
			<ele>165.6</ele>
		</rtept>
		<rtept lat="39.57683" lon="-8.89965">
			<ele>166.1</ele>
		</rtept>
		<rtept lat="39.57684" lon="-8.89956">
			<ele>166.9</ele>
		</rtept>
		<rtept lat="39.57686" lon="-8.89947">
			<ele>167.9</ele>
		</rtept>
		<rtept lat="39.5769" lon="-8.89935">
			<ele>169.1</ele>
		</rtept>
		<rtept lat="39.57693" lon="-8.89926">
			<ele>169.8</ele>
		</rtept>
		<rtept lat="39.57696" lon="-8.89921">
			<ele>170.1</ele>
		</rtept>
		<rtept lat="39.57699" lon="-8.89916">
			<ele>170.4</ele>
		</rtept>
		<rtept lat="39.57703" lon="-8.89914">
			<ele>170.7</ele>
		</rtept>
		<rtept lat="39.57707" lon="-8.89915">
			<ele>170.9</ele>
		</rtept>
		<rtept lat="39.57715" lon="-8.89921">
			<ele>171.6</ele>
		</rtept>
		<rtept lat="39.57724" lon="-8.89931">
			<ele>172.7</ele>
		</rtept>
		<rtept lat="39.57729" lon="-8.89934">
			<ele>173.3</ele>
		</rtept>
		<rtept lat="39.57733" lon="-8.89934">
			<ele>173.7</ele>
		</rtept>
		<rtept lat="39.57746" lon="-8.8993">
			<ele>174.6</ele>
		</rtept>
		<rtept lat="39.57751" lon="-8.8993">
			<ele>175.0</ele>
		</rtept>
		<rtept lat="39.57758" lon="-8.89933">
			<ele>175.1</ele>
		</rtept>
		<rtept lat="39.57769" lon="-8.89937">
			<ele>175.5</ele>
		</rtept>
		<rtept lat="39.57774" lon="-8.89939">
			<ele>175.6</ele>
		</rtept>
		<rtept lat="39.57781" lon="-8.89941">
			<ele>175.7</ele>
		</rtept>
		<rtept lat="39.57788" lon="-8.89943">
			<ele>175.9</ele>
		</rtept>
		<rtept lat="39.57799" lon="-8.89944">
			<ele>175.9</ele>
		</rtept>
		<rtept lat="39.57814" lon="-8.89942">
			<ele>175.5</ele>
		</rtept>
		<rtept lat="39.57824" lon="-8.89943">
			<ele>175.2</ele>
		</rtept>
		<rtept lat="39.57826" lon="-8.89938">
			<ele>174.6</ele>
		</rtept>
		<rtept lat="39.57844" lon="-8.89919">
			<ele>172.2</ele>
		</rtept>
		<rtept lat="39.57857" lon="-8.89902">
			<ele>171.4</ele>
		</rtept>
		<rtept lat="39.57859" lon="-8.89897">
			<ele>171.2</ele>
		</rtept>
		<rtept lat="39.5786" lon="-8.89882">
			<ele>170.7</ele>
		</rtept>
		<rtept lat="39.5786" lon="-8.89871">
			<ele>170.3</ele>
		</rtept>
		<rtept lat="39.57859" lon="-8.89853">
			<ele>169.9</ele>
		</rtept>
		<rtept lat="39.57856" lon="-8.89841">
			<ele>169.7</ele>
		</rtept>
		<rtept lat="39.57854" lon="-8.89829">
			<ele>169.5</ele>
		</rtept>
		<rtept lat="39.57855" lon="-8.89822">
			<ele>169.5</ele>
		</rtept>
		<rtept lat="39.57857" lon="-8.89816">
			<ele>169.6</ele>
		</rtept>
		<rtept lat="39.57858" lon="-8.89811">
			<ele>169.7</ele>
		</rtept>
		<rtept lat="39.57869" lon="-8.89791">
			<ele>168.9</ele>
		</rtept>
		<rtept lat="39.57874" lon="-8.89782">
			<ele>168.3</ele>
		</rtept>
		<rtept lat="39.57878" lon="-8.89776">
			<ele>167.8</ele>
		</rtept>
		<rtept lat="39.57885" lon="-8.89769">
			<ele>167.1</ele>
		</rtept>
		<rtept lat="39.57898" lon="-8.89768">
			<ele>166.6</ele>
		</rtept>
		<rtept lat="39.57905" lon="-8.89768">
			<ele>166.3</ele>
		</rtept>
		<rtept lat="39.57912" lon="-8.89765">
			<ele>165.8</ele>
		</rtept>
		<rtept lat="39.57924" lon="-8.8976">
			<ele>164.6</ele>
		</rtept>
		<rtept lat="39.57937" lon="-8.89751">
			<ele>162.7</ele>
		</rtept>
		<rtept lat="39.57945" lon="-8.8975">
			<ele>162.0</ele>
		</rtept>
		<rtept lat="39.57949" lon="-8.89748">
			<ele>161.6</ele>
		</rtept>
		<rtept lat="39.57953" lon="-8.89745">
			<ele>161.1</ele>
		</rtept>
		<rtept lat="39.57958" lon="-8.89739">
			<ele>160.3</ele>
		</rtept>
		<rtept lat="39.57961" lon="-8.89733">
			<ele>159.6</ele>
		</rtept>
		<rtept lat="39.57962" lon="-8.89725">
			<ele>158.6</ele>
		</rtept>
		<rtept lat="39.5797" lon="-8.89705">
			<ele>158.0</ele>
		</rtept>
		<rtept lat="39.57976" lon="-8.89691">
			<ele>158.0</ele>
		</rtept>
		<rtept lat="39.57979" lon="-8.89683">
			<ele>157.8</ele>
		</rtept>
		<rtept lat="39.5798" lon="-8.89679">
			<ele>157.7</ele>
		</rtept>
		<rtept lat="39.57981" lon="-8.89674">
			<ele>157.6</ele>
		</rtept>
		<rtept lat="39.57979" lon="-8.89654">
			<ele>156.4</ele>
		</rtept>
		<rtept lat="39.57979" lon="-8.89647">
			<ele>156.0</ele>
		</rtept>
		<rtept lat="39.5798" lon="-8.89641">
			<ele>155.7</ele>
		</rtept>
		<rtept lat="39.57982" lon="-8.89629">
			<ele>155.0</ele>
		</rtept>
		<rtept lat="39.57992" lon="-8.8961">
			<ele>154.3</ele>
		</rtept>
		<rtept lat="39.58" lon="-8.89589">
			<ele>153.4</ele>
		</rtept>
		<rtept lat="39.58013" lon="-8.89531">
			<ele>155.8</ele>
		</rtept>
		<rtept lat="39.58042" lon="-8.89499">
			<ele>157.6</ele>
		</rtept>
		<rtept lat="39.58052" lon="-8.89471">
			<ele>159.4</ele>
		</rtept>
		<rtept lat="39.58063" lon="-8.8943">
			<ele>164.8</ele>
		</rtept>
		<rtept lat="39.58066" lon="-8.89418">
			<ele>166.3</ele>
		</rtept>
		<rtept lat="39.58074" lon="-8.89401">
			<ele>167.8</ele>
		</rtept>
		<rtept lat="39.58077" lon="-8.89395">
			<ele>168.3</ele>
		</rtept>
		<rtept lat="39.5809" lon="-8.89363">
			<ele>169.0</ele>
		</rtept>
		<rtept lat="39.58094" lon="-8.89354">
			<ele>168.9</ele>
		</rtept>
		<rtept lat="39.58098" lon="-8.89354">
			<ele>168.9</ele>
		</rtept>
		<rtept lat="39.58099" lon="-8.89348">
			<ele>168.7</ele>
		</rtept>
		<rtept lat="39.58097" lon="-8.89344">
			<ele>168.7</ele>
		</rtept>
		<rtept lat="39.58095" lon="-8.8934">
			<ele>168.7</ele>
		</rtept>
		<rtept lat="39.58093" lon="-8.89337">
			<ele>168.7</ele>
		</rtept>
		<rtept lat="39.58093" lon="-8.89333">
			<ele>168.7</ele>
		</rtept>
		<rtept lat="39.58093" lon="-8.89331">
			<ele>168.6</ele>
		</rtept>
		<rtept lat="39.58094" lon="-8.89325">
			<ele>168.4</ele>
		</rtept>
		<rtept lat="39.58098" lon="-8.89317">
			<ele>168.2</ele>
		</rtept>
		<rtept lat="39.58104" lon="-8.89305">
			<ele>168.0</ele>
		</rtept>
		<rtept lat="39.58109" lon="-8.89305">
			<ele>168.0</ele>
		</rtept>
		<rtept lat="39.58122" lon="-8.89308">
			<ele>168.0</ele>
		</rtept>
		<rtept lat="39.58131" lon="-8.89309">
			<ele>168.1</ele>
		</rtept>
		<rtept lat="39.58134" lon="-8.8931">
			<ele>168.1</ele>
		</rtept>
		<rtept lat="39.58135" lon="-8.89298">
			<ele>167.7</ele>
		</rtept>
		<rtept lat="39.58139" lon="-8.89296">
			<ele>167.7</ele>
		</rtept>
		<rtept lat="39.58169" lon="-8.89281">
			<ele>170.3</ele>
		</rtept>
		<rtept lat="39.58194" lon="-8.89269">
			<ele>171.6</ele>
		</rtept>
		<rtept lat="39.58204" lon="-8.89261">
			<ele>171.8</ele>
		</rtept>
		<rtept lat="39.58211" lon="-8.89254">
			<ele>171.7</ele>
		</rtept>
		<rtept lat="39.58216" lon="-8.89247">
			<ele>171.7</ele>
		</rtept>
		<rtept lat="39.58217" lon="-8.89241">
			<ele>171.7</ele>
		</rtept>
		<rtept lat="39.5822" lon="-8.89232">
			<ele>171.8</ele>
		</rtept>
		<rtept lat="39.5822" lon="-8.89225">
			<ele>171.8</ele>
		</rtept>
		<rtept lat="39.58222" lon="-8.89207">
			<ele>172.0</ele>
		</rtept>
		<rtept lat="39.58224" lon="-8.89194">
			<ele>172.3</ele>
		</rtept>
		<rtept lat="39.58233" lon="-8.89166">
			<ele>173.5</ele>
		</rtept>
		<rtept lat="39.58257" lon="-8.89124">
			<ele>174.5</ele>
		</rtept>
		<rtept lat="39.58276" lon="-8.891">
			<ele>171.9</ele>
		</rtept>
		<rtept lat="39.58293" lon="-8.89081">
			<ele>168.6</ele>
		</rtept>
		<rtept lat="39.58312" lon="-8.89061">
			<ele>165.5</ele>
		</rtept>
		<rtept lat="39.58331" lon="-8.89046">
			<ele>164.7</ele>
		</rtept>
		<rtept lat="39.58343" lon="-8.89039">
			<ele>165.0</ele>
		</rtept>
		<rtept lat="39.5836" lon="-8.89027">
			<ele>165.9</ele>
		</rtept>
		<rtept lat="39.58381" lon="-8.8901">
			<ele>167.0</ele>
		</rtept>
		<rtept lat="39.58395" lon="-8.88998">
			<ele>167.1</ele>
		</rtept>
		<rtept lat="39.58417" lon="-8.88979">
			<ele>166.5</ele>
		</rtept>
		<rtept lat="39.58427" lon="-8.88972">
			<ele>166.0</ele>
		</rtept>
		<rtept lat="39.58436" lon="-8.88967">
			<ele>165.7</ele>
		</rtept>
		<rtept lat="39.5844" lon="-8.88965">
			<ele>165.7</ele>
		</rtept>
		<rtept lat="39.58445" lon="-8.88964">
			<ele>165.7</ele>
		</rtept>
		<rtept lat="39.5845" lon="-8.88964">
			<ele>166.1</ele>
		</rtept>
		<rtept lat="39.58456" lon="-8.88966">
			<ele>166.6</ele>
		</rtept>
		<rtept lat="39.58484" lon="-8.88976">
			<ele>169.1</ele>
		</rtept>
		<rtept lat="39.58494" lon="-8.8898">
			<ele>170.1</ele>
		</rtept>
		<rtept lat="39.58502" lon="-8.88981">
			<ele>170.9</ele>
		</rtept>
		<rtept lat="39.5851" lon="-8.88981">
			<ele>172.0</ele>
		</rtept>
		<rtept lat="39.58526" lon="-8.8898">
			<ele>174.0</ele>
		</rtept>
		<rtept lat="39.5854" lon="-8.88979">
			<ele>176.1</ele>
		</rtept>
		<rtept lat="39.58549" lon="-8.88978">
			<ele>177.4</ele>
		</rtept>
		<rtept lat="39.58555" lon="-8.88975">
			<ele>178.1</ele>
		</rtept>
		<rtept lat="39.58559" lon="-8.88971">
			<ele>178.6</ele>
		</rtept>
		<rtept lat="39.58571" lon="-8.88955">
			<ele>179.8</ele>
		</rtept>
		<rtept lat="39.58582" lon="-8.88944">
			<ele>180.9</ele>
		</rtept>
		<rtept lat="39.58607" lon="-8.88924">
			<ele>183.0</ele>
		</rtept>
		<rtept lat="39.58619" lon="-8.88911">
			<ele>184.3</ele>
		</rtept>
		<rtept lat="39.58626" lon="-8.88903">
			<ele>185.0</ele>
		</rtept>
		<rtept lat="39.58632" lon="-8.88898">
			<ele>185.3</ele>
		</rtept>
		<rtept lat="39.58629" lon="-8.88892">
			<ele>184.2</ele>
		</rtept>
		<rtept lat="39.58627" lon="-8.88888">
			<ele>183.7</ele>
		</rtept>
		<rtept lat="39.58626" lon="-8.88884">
			<ele>183.4</ele>
		</rtept>
		<rtept lat="39.58625" lon="-8.88878">
			<ele>183.1</ele>
		</rtept>
		<rtept lat="39.58625" lon="-8.88874">
			<ele>182.9</ele>
		</rtept>
		<rtept lat="39.58625" lon="-8.88866">
			<ele>182.7</ele>
		</rtept>
		<rtept lat="39.58629" lon="-8.88848">
			<ele>182.2</ele>
		</rtept>
		<rtept lat="39.58632" lon="-8.88839">
			<ele>181.9</ele>
		</rtept>
		<rtept lat="39.58639" lon="-8.88827">
			<ele>181.3</ele>
		</rtept>
		<rtept lat="39.58649" lon="-8.88812">
			<ele>180.8</ele>
		</rtept>
		<rtept lat="39.58689" lon="-8.88771">
			<ele>180.6</ele>
		</rtept>
		<rtept lat="39.58706" lon="-8.88753">
			<ele>180.2</ele>
		</rtept>
		<rtept lat="39.58713" lon="-8.88744">
			<ele>179.8</ele>
		</rtept>
		<rtept lat="39.58719" lon="-8.88734">
			<ele>179.4</ele>
		</rtept>
		<rtept lat="39.58723" lon="-8.88726">
			<ele>179.2</ele>
		</rtept>
		<rtept lat="39.58729" lon="-8.88713">
			<ele>179.0</ele>
		</rtept>
		<rtept lat="39.58734" lon="-8.887">
			<ele>178.4</ele>
		</rtept>
		<rtept lat="39.58738" lon="-8.88691">
			<ele>177.7</ele>
		</rtept>
		<rtept lat="39.58742" lon="-8.88684">
			<ele>177.2</ele>
		</rtept>
		<rtept lat="39.58746" lon="-8.88679">
			<ele>176.8</ele>
		</rtept>
		<rtept lat="39.5875" lon="-8.88676">
			<ele>176.6</ele>
		</rtept>
		<rtept lat="39.58754" lon="-8.88673">
			<ele>176.5</ele>
		</rtept>
		<rtept lat="39.58764" lon="-8.88669">
			<ele>176.2</ele>
		</rtept>
		<rtept lat="39.58773" lon="-8.88666">
			<ele>175.9</ele>
		</rtept>
		<rtept lat="39.5878" lon="-8.88662">
			<ele>175.8</ele>
		</rtept>
		<rtept lat="39.58796" lon="-8.88648">
			<ele>175.5</ele>
		</rtept>
		<rtept lat="39.58805" lon="-8.88639">
			<ele>175.0</ele>
		</rtept>
		<rtept lat="39.58809" lon="-8.88634">
			<ele>175.3</ele>
		</rtept>
		<rtept lat="39.58814" lon="-8.88626">
			<ele>175.7</ele>
		</rtept>
		<rtept lat="39.58827" lon="-8.88601">
			<ele>175.8</ele>
		</rtept>
		<rtept lat="39.58844" lon="-8.88569">
			<ele>173.5</ele>
		</rtept>
		<rtept lat="39.58846" lon="-8.88565">
			<ele>172.9</ele>
		</rtept>
		<rtept lat="39.58847" lon="-8.8856">
			<ele>172.2</ele>
		</rtept>
		<rtept lat="39.58846" lon="-8.88557">
			<ele>171.6</ele>
		</rtept>
		<rtept lat="39.58846" lon="-8.88549">
			<ele>171.0</ele>
		</rtept>
		<rtept lat="39.58844" lon="-8.88542">
			<ele>170.4</ele>
		</rtept>
		<rtept lat="39.58842" lon="-8.88534">
			<ele>169.8</ele>
		</rtept>
		<rtept lat="39.58827" lon="-8.88503">
			<ele>168.6</ele>
		</rtept>
		<rtept lat="39.58824" lon="-8.88496">
			<ele>168.1</ele>
		</rtept>
		<rtept lat="39.58821" lon="-8.88485">
			<ele>167.0</ele>
		</rtept>
		<rtept lat="39.5882" lon="-8.88478">
			<ele>166.5</ele>
		</rtept>
		<rtept lat="39.58816" lon="-8.88456">
			<ele>165.2</ele>
		</rtept>
		<rtept lat="39.58815" lon="-8.88451">
			<ele>164.9</ele>
		</rtept>
		<rtept lat="39.58813" lon="-8.88445">
			<ele>164.6</ele>
		</rtept>
		<rtept lat="39.58802" lon="-8.88421">
			<ele>164.0</ele>
		</rtept>
		<rtept lat="39.58768" lon="-8.88351">
			<ele>163.2</ele>
		</rtept>
		<rtept lat="39.58756" lon="-8.88301">
			<ele>162.7</ele>
		</rtept>
		<rtept lat="39.58753" lon="-8.88287">
			<ele>161.8</ele>
		</rtept>
		<rtept lat="39.58749" lon="-8.88257">
			<ele>160.9</ele>
		</rtept>
		<rtept lat="39.58743" lon="-8.88206">
			<ele>163.0</ele>
		</rtept>
		<rtept lat="39.5874" lon="-8.88189">
			<ele>163.1</ele>
		</rtept>
		<rtept lat="39.58737" lon="-8.88152">
			<ele>162.2</ele>
		</rtept>
		<rtept lat="39.58735" lon="-8.88102">
			<ele>164.2</ele>
		</rtept>
		<rtept lat="39.58733" lon="-8.88088">
			<ele>164.6</ele>
		</rtept>
		<rtept lat="39.5874" lon="-8.88017">
			<ele>162.9</ele>
		</rtept>
		<rtept lat="39.5874" lon="-8.87997">
			<ele>162.2</ele>
		</rtept>
		<rtept lat="39.58741" lon="-8.87965">
			<ele>161.9</ele>
		</rtept>
		<rtept lat="39.58745" lon="-8.87928">
			<ele>162.8</ele>
		</rtept>
		<rtept lat="39.58753" lon="-8.87877">
			<ele>163.6</ele>
		</rtept>
		<rtept lat="39.58754" lon="-8.87863">
			<ele>164.2</ele>
		</rtept>
		<rtept lat="39.58753" lon="-8.87843">
			<ele>164.8</ele>
		</rtept>
		<rtept lat="39.58748" lon="-8.87787">
			<ele>166.0</ele>
		</rtept>
		<rtept lat="39.58748" lon="-8.8778">
			<ele>166.0</ele>
		</rtept>
		<rtept lat="39.58752" lon="-8.87771">
			<ele>166.4</ele>
		</rtept>
		<rtept lat="39.58761" lon="-8.87759">
			<ele>167.2</ele>
		</rtept>
		<rtept lat="39.58773" lon="-8.87743">
			<ele>167.9</ele>
		</rtept>
		<rtept lat="39.58778" lon="-8.87731">
			<ele>168.0</ele>
		</rtept>
		<rtept lat="39.58784" lon="-8.87716">
			<ele>168.2</ele>
		</rtept>
		<rtept lat="39.5879" lon="-8.87704">
			<ele>168.1</ele>
		</rtept>
		<rtept lat="39.58801" lon="-8.87686">
			<ele>167.7</ele>
		</rtept>
		<rtept lat="39.58799" lon="-8.87676">
			<ele>167.5</ele>
		</rtept>
		<rtept lat="39.58799" lon="-8.87668">
			<ele>167.3</ele>
		</rtept>
		<rtept lat="39.58798" lon="-8.87652">
			<ele>166.7</ele>
		</rtept>
		<rtept lat="39.58797" lon="-8.87627">
			<ele>166.0</ele>
		</rtept>
		<rtept lat="39.58795" lon="-8.87612">
			<ele>165.8</ele>
		</rtept>
		<rtept lat="39.5879" lon="-8.87591">
			<ele>165.0</ele>
		</rtept>
		<rtept lat="39.58786" lon="-8.8757">
			<ele>164.4</ele>
		</rtept>
		<rtept lat="39.58783" lon="-8.87546">
			<ele>164.0</ele>
		</rtept>
		<rtept lat="39.5878" lon="-8.87531">
			<ele>164.0</ele>
		</rtept>
		<rtept lat="39.58777" lon="-8.8752">
			<ele>163.7</ele>
		</rtept>
		<rtept lat="39.5877" lon="-8.87498">
			<ele>162.5</ele>
		</rtept>
		<rtept lat="39.58764" lon="-8.87481">
			<ele>160.8</ele>
		</rtept>
		<rtept lat="39.58758" lon="-8.87462">
			<ele>159.6</ele>
		</rtept>
		<rtept lat="39.58757" lon="-8.87456">
			<ele>159.4</ele>
		</rtept>
		<rtept lat="39.58757" lon="-8.8745">
			<ele>159.2</ele>
		</rtept>
		<rtept lat="39.58758" lon="-8.87441">
			<ele>159.0</ele>
		</rtept>
		<rtept lat="39.58761" lon="-8.87431">
			<ele>159.1</ele>
		</rtept>
		<rtept lat="39.58769" lon="-8.8741">
			<ele>158.6</ele>
		</rtept>
		<rtept lat="39.5877" lon="-8.87403">
			<ele>158.5</ele>
		</rtept>
		<rtept lat="39.5877" lon="-8.8739">
			<ele>158.5</ele>
		</rtept>
		<rtept lat="39.58771" lon="-8.87373">
			<ele>158.6</ele>
		</rtept>
		<rtept lat="39.58772" lon="-8.8736">
			<ele>158.6</ele>
		</rtept>
		<rtept lat="39.58774" lon="-8.87349">
			<ele>158.4</ele>
		</rtept>
		<rtept lat="39.58775" lon="-8.8734">
			<ele>158.2</ele>
		</rtept>
		<rtept lat="39.58778" lon="-8.87331">
			<ele>157.9</ele>
		</rtept>
		<rtept lat="39.5878" lon="-8.87324">
			<ele>157.5</ele>
		</rtept>
		<rtept lat="39.58784" lon="-8.87317">
			<ele>157.0</ele>
		</rtept>
		<rtept lat="39.58789" lon="-8.87308">
			<ele>156.3</ele>
		</rtept>
		<rtept lat="39.58797" lon="-8.87297">
			<ele>155.7</ele>
		</rtept>
		<rtept lat="39.58807" lon="-8.87285">
			<ele>155.0</ele>
		</rtept>
		<rtept lat="39.5883" lon="-8.87259">
			<ele>154.1</ele>
		</rtept>
		<rtept lat="39.58837" lon="-8.8725">
			<ele>153.9</ele>
		</rtept>
		<rtept lat="39.58842" lon="-8.8724">
			<ele>154.0</ele>
		</rtept>
		<rtept lat="39.58854" lon="-8.87217">
			<ele>154.5</ele>
		</rtept>
		<rtept lat="39.5886" lon="-8.87203">
			<ele>154.7</ele>
		</rtept>
		<rtept lat="39.58867" lon="-8.87188">
			<ele>154.4</ele>
		</rtept>
		<rtept lat="39.5887" lon="-8.8718">
			<ele>154.2</ele>
		</rtept>
		<rtept lat="39.58877" lon="-8.87144">
			<ele>152.5</ele>
		</rtept>
		<rtept lat="39.58882" lon="-8.87106">
			<ele>150.2</ele>
		</rtept>
		<rtept lat="39.58884" lon="-8.87096">
			<ele>149.4</ele>
		</rtept>
		<rtept lat="39.58888" lon="-8.87083">
			<ele>148.1</ele>
		</rtept>
		<rtept lat="39.58903" lon="-8.87054">
			<ele>148.0</ele>
		</rtept>
		<rtept lat="39.58906" lon="-8.87047">
			<ele>148.2</ele>
		</rtept>
		<rtept lat="39.58907" lon="-8.87025">
			<ele>148.8</ele>
		</rtept>
		<rtept lat="39.58911" lon="-8.87026">
			<ele>148.9</ele>
		</rtept>
		<rtept lat="39.58912" lon="-8.87022">
			<ele>149.1</ele>
		</rtept>
		<rtept lat="39.58912" lon="-8.87013">
			<ele>149.4</ele>
		</rtept>
		<rtept lat="39.58912" lon="-8.87007">
			<ele>149.7</ele>
		</rtept>
		<rtept lat="39.58914" lon="-8.87004">
			<ele>149.9</ele>
		</rtept>
		<rtept lat="39.58972" lon="-8.86983">
			<ele>152.6</ele>
		</rtept>
		<rtept lat="39.58981" lon="-8.86979">
			<ele>153.1</ele>
		</rtept>
		<rtept lat="39.59014" lon="-8.86965">
			<ele>153.9</ele>
		</rtept>
		<rtept lat="39.59023" lon="-8.86963">
			<ele>153.9</ele>
		</rtept>
		<rtept lat="39.59043" lon="-8.86959">
			<ele>154.0</ele>
		</rtept>
		<rtept lat="39.59057" lon="-8.86957">
			<ele>154.1</ele>
		</rtept>
		<rtept lat="39.5906" lon="-8.86957">
			<ele>154.3</ele>
		</rtept>
		<rtept lat="39.59066" lon="-8.86953">
			<ele>154.7</ele>
		</rtept>
		<rtept lat="39.59084" lon="-8.86934">
			<ele>156.4</ele>
		</rtept>
		<rtept lat="39.59093" lon="-8.86924">
			<ele>157.8</ele>
		</rtept>
		<rtept lat="39.59146" lon="-8.86902">
			<ele>162.6</ele>
		</rtept>
		<rtept lat="39.59151" lon="-8.86896">
			<ele>162.8</ele>
		</rtept>
		<rtept lat="39.59157" lon="-8.86883">
			<ele>162.9</ele>
		</rtept>
		<rtept lat="39.59165" lon="-8.86848">
			<ele>162.0</ele>
		</rtept>
		<rtept lat="39.59167" lon="-8.86841">
			<ele>161.6</ele>
		</rtept>
		<rtept lat="39.59184" lon="-8.86811">
			<ele>161.6</ele>
		</rtept>
		<rtept lat="39.59191" lon="-8.86797">
			<ele>162.2</ele>
		</rtept>
		<rtept lat="39.59195" lon="-8.86789">
			<ele>162.6</ele>
		</rtept>
		<rtept lat="39.59196" lon="-8.86785">
			<ele>162.7</ele>
		</rtept>
		<rtept lat="39.59204" lon="-8.86761">
			<ele>164.2</ele>
		</rtept>
		<rtept lat="39.59209" lon="-8.86749">
			<ele>165.1</ele>
		</rtept>
		<rtept lat="39.59212" lon="-8.86744">
			<ele>165.3</ele>
		</rtept>
		<rtept lat="39.59225" lon="-8.8674">
			<ele>165.7</ele>
		</rtept>
		<rtept lat="39.59238" lon="-8.86736">
			<ele>165.7</ele>
		</rtept>
		<rtept lat="39.59251" lon="-8.86725">
			<ele>165.9</ele>
		</rtept>
		<rtept lat="39.59273" lon="-8.86703">
			<ele>166.0</ele>
		</rtept>
		<rtept lat="39.59303" lon="-8.86671">
			<ele>165.0</ele>
		</rtept>
		<rtept lat="39.59307" lon="-8.86668">
			<ele>165.0</ele>
		</rtept>
		<rtept lat="39.59299" lon="-8.86646">
			<ele>164.4</ele>
		</rtept>
		<rtept lat="39.5928" lon="-8.866">
			<ele>162.4</ele>
		</rtept>
		<rtept lat="39.59255" lon="-8.86544">
			<ele>161.6</ele>
		</rtept>
		<rtept lat="39.59233" lon="-8.86501">
			<ele>163.4</ele>
		</rtept>
		<rtept lat="39.59223" lon="-8.86482">
			<ele>164.9</ele>
		</rtept>
		<rtept lat="39.59204" lon="-8.86451">
			<ele>164.2</ele>
		</rtept>
		<rtept lat="39.59199" lon="-8.86442">
			<ele>163.9</ele>
		</rtept>
		<rtept lat="39.59196" lon="-8.86435">
			<ele>163.7</ele>
		</rtept>
		<rtept lat="39.59194" lon="-8.86426">
			<ele>163.3</ele>
		</rtept>
		<rtept lat="39.59195" lon="-8.86417">
			<ele>163.0</ele>
		</rtept>
		<rtept lat="39.59197" lon="-8.86406">
			<ele>162.6</ele>
		</rtept>
		<rtept lat="39.59193" lon="-8.86406">
			<ele>162.6</ele>
		</rtept>
		<rtept lat="39.59196" lon="-8.86388">
			<ele>162.0</ele>
		</rtept>
		<rtept lat="39.5917" lon="-8.86382">
			<ele>161.6</ele>
		</rtept>
		<rtept lat="39.59165" lon="-8.8638">
			<ele>161.4</ele>
		</rtept>
		<rtept lat="39.59154" lon="-8.86366">
			<ele>160.7</ele>
		</rtept>
		<rtept lat="39.59151" lon="-8.86356">
			<ele>160.2</ele>
		</rtept>
		<rtept lat="39.59134" lon="-8.86328">
			<ele>158.8</ele>
		</rtept>
		<rtept lat="39.59141" lon="-8.86323">
			<ele>158.9</ele>
		</rtept>
		<rtept lat="39.59147" lon="-8.86316">
			<ele>158.4</ele>
		</rtept>
		<rtept lat="39.59147" lon="-8.86315">
			<ele>158.3</ele>
		</rtept>
		<rtept lat="39.59138" lon="-8.86298">
			<ele>158.4</ele>
		</rtept>
		<rtept lat="39.59113" lon="-8.86245">
			<ele>153.9</ele>
		</rtept>
		<rtept lat="39.59113" lon="-8.86243">
			<ele>153.8</ele>
		</rtept>
		<rtept lat="39.59113" lon="-8.86242">
			<ele>153.7</ele>
		</rtept>
		<rtept lat="39.5911" lon="-8.86238">
			<ele>153.6</ele>
		</rtept>
		<rtept lat="39.59102" lon="-8.8624">
			<ele>153.5</ele>
		</rtept>
		<rtept lat="39.59098" lon="-8.8624">
			<ele>153.5</ele>
		</rtept>
		<rtept lat="39.59092" lon="-8.86238">
			<ele>153.3</ele>
		</rtept>
		<rtept lat="39.59082" lon="-8.86231">
			<ele>152.6</ele>
		</rtept>
		<rtept lat="39.59077" lon="-8.86227">
			<ele>152.3</ele>
		</rtept>
		<rtept lat="39.59066" lon="-8.86218">
			<ele>152.0</ele>
		</rtept>
		<rtept lat="39.59048" lon="-8.86202">
			<ele>152.3</ele>
		</rtept>
		<rtept lat="39.5904" lon="-8.86193">
			<ele>152.6</ele>
		</rtept>
		<rtept lat="39.5903" lon="-8.86185">
			<ele>153.3</ele>
		</rtept>
		<rtept lat="39.59026" lon="-8.86182">
			<ele>153.5</ele>
		</rtept>
		<rtept lat="39.59024" lon="-8.86179">
			<ele>153.7</ele>
		</rtept>
		<rtept lat="39.59019" lon="-8.86174">
			<ele>153.9</ele>
		</rtept>
		<rtept lat="39.59016" lon="-8.86167">
			<ele>154.0</ele>
		</rtept>
		<rtept lat="39.59016" lon="-8.86164">
			<ele>154.0</ele>
		</rtept>
		<rtept lat="39.59011" lon="-8.86165">
			<ele>154.0</ele>
		</rtept>
		<rtept lat="39.59" lon="-8.86155">
			<ele>154.0</ele>
		</rtept>
		<rtept lat="39.59" lon="-8.8615">
			<ele>154.0</ele>
		</rtept>
		<rtept lat="39.58994" lon="-8.8615">
			<ele>154.1</ele>
		</rtept>
	</rte>
	<rte>
		<name>Day 2</name>
		<rtept lat="39.54868" lon="-8.77046">
			<ele>256.8</ele>
		</rtept>
		<rtept lat="39.54861" lon="-8.77055">
			<ele>257.0</ele>
		</rtept>
		<rtept lat="39.54867" lon="-8.77064">
			<ele>256.7</ele>
		</rtept>
		<rtept lat="39.54858" lon="-8.77078">
			<ele>257.1</ele>
		</rtept>
		<rtept lat="39.54842" lon="-8.7709">
			<ele>257.4</ele>
		</rtept>
		<rtept lat="39.54832" lon="-8.77094">
			<ele>257.6</ele>
		</rtept>
		<rtept lat="39.54831" lon="-8.77104">
			<ele>257.3</ele>
		</rtept>
		<rtept lat="39.54833" lon="-8.77127">
			<ele>256.4</ele>
		</rtept>
		<rtept lat="39.54833" lon="-8.77135">
			<ele>256.1</ele>
		</rtept>
		<rtept lat="39.54831" lon="-8.77138">
			<ele>256.1</ele>
		</rtept>
		<rtept lat="39.54831" lon="-8.77142">
			<ele>256.2</ele>
		</rtept>
		<rtept lat="39.54831" lon="-8.7715">
			<ele>256.5</ele>
		</rtept>
		<rtept lat="39.54835" lon="-8.77165">
			<ele>256.9</ele>
		</rtept>
		<rtept lat="39.54837" lon="-8.77171">
			<ele>256.9</ele>
		</rtept>
		<rtept lat="39.54843" lon="-8.77181">
			<ele>256.8</ele>
		</rtept>
		<rtept lat="39.54848" lon="-8.77192">
			<ele>257.0</ele>
		</rtept>
		<rtept lat="39.5486" lon="-8.77207">
			<ele>257.5</ele>
		</rtept>
		<rtept lat="39.54872" lon="-8.77221">
			<ele>257.9</ele>
		</rtept>
		<rtept lat="39.54881" lon="-8.77228">
			<ele>258.1</ele>
		</rtept>
		<rtept lat="39.54896" lon="-8.77237">
			<ele>258.0</ele>
		</rtept>
		<rtept lat="39.54902" lon="-8.7724">
			<ele>258.0</ele>
		</rtept>
		<rtept lat="39.54918" lon="-8.77246">
			<ele>257.9</ele>
		</rtept>
		<rtept lat="39.54924" lon="-8.77248">
			<ele>257.7</ele>
		</rtept>
		<rtept lat="39.54936" lon="-8.77258">
			<ele>257.4</ele>
		</rtept>
		<rtept lat="39.5495" lon="-8.77276">
			<ele>256.8</ele>
		</rtept>
		<rtept lat="39.54957" lon="-8.77288">
			<ele>257.2</ele>
		</rtept>
		<rtept lat="39.54968" lon="-8.77298">
			<ele>257.6</ele>
		</rtept>
		<rtept lat="39.54984" lon="-8.7731">
			<ele>257.8</ele>
		</rtept>
		<rtept lat="39.55004" lon="-8.77327">
			<ele>257.6</ele>
		</rtept>
		<rtept lat="39.55017" lon="-8.77338">
			<ele>257.6</ele>
		</rtept>
		<rtept lat="39.55022" lon="-8.77341">
			<ele>257.5</ele>
		</rtept>
		<rtept lat="39.55031" lon="-8.77343">
			<ele>257.1</ele>
		</rtept>
		<rtept lat="39.55048" lon="-8.77344">
			<ele>256.2</ele>
		</rtept>
		<rtept lat="39.55066" lon="-8.77339">
			<ele>255.3</ele>
		</rtept>
		<rtept lat="39.55066" lon="-8.77343">
			<ele>255.6</ele>
		</rtept>
		<rtept lat="39.55068" lon="-8.77348">
			<ele>255.8</ele>
		</rtept>
		<rtept lat="39.55072" lon="-8.77354">
			<ele>256.1</ele>
		</rtept>
		<rtept lat="39.55092" lon="-8.77378">
			<ele>256.1</ele>
		</rtept>
		<rtept lat="39.55118" lon="-8.77411">
			<ele>255.0</ele>
		</rtept>
		<rtept lat="39.55143" lon="-8.77445">
			<ele>255.0</ele>
		</rtept>
		<rtept lat="39.55164" lon="-8.77477">
			<ele>255.1</ele>
		</rtept>
		<rtept lat="39.55171" lon="-8.77498">
			<ele>255.0</ele>
		</rtept>
		<rtept lat="39.55172" lon="-8.77516">
			<ele>255.6</ele>
		</rtept>
		<rtept lat="39.55183" lon="-8.77554">
			<ele>257.0</ele>
		</rtept>
		<rtept lat="39.55195" lon="-8.77601">
			<ele>257.6</ele>
		</rtept>
		<rtept lat="39.55204" lon="-8.77643">
			<ele>257.2</ele>
		</rtept>
		<rtept lat="39.55208" lon="-8.77667">
			<ele>256.5</ele>
		</rtept>
		<rtept lat="39.55213" lon="-8.77683">
			<ele>255.8</ele>
		</rtept>
		<rtept lat="39.55215" lon="-8.77688">
			<ele>255.5</ele>
		</rtept>
		<rtept lat="39.55221" lon="-8.77699">
			<ele>255.0</ele>
		</rtept>
		<rtept lat="39.55233" lon="-8.77717">
			<ele>254.6</ele>
		</rtept>
		<rtept lat="39.55244" lon="-8.77729">
			<ele>254.2</ele>
		</rtept>
		<rtept lat="39.5525" lon="-8.77734">
			<ele>254.0</ele>
		</rtept>
		<rtept lat="39.55283" lon="-8.77763">
			<ele>254.5</ele>
		</rtept>
		<rtept lat="39.55294" lon="-8.77773">
			<ele>254.8</ele>
		</rtept>
		<rtept lat="39.55299" lon="-8.77779">
			<ele>255.0</ele>
		</rtept>
		<rtept lat="39.55307" lon="-8.77793">
			<ele>255.0</ele>
		</rtept>
		<rtept lat="39.55317" lon="-8.77803">
			<ele>255.0</ele>
		</rtept>
		<rtept lat="39.5535" lon="-8.77833">
			<ele>254.0</ele>
		</rtept>
		<rtept lat="39.55379" lon="-8.77852">
			<ele>252.7</ele>
		</rtept>
		<rtept lat="39.55413" lon="-8.77874">
			<ele>251.1</ele>
		</rtept>
		<rtept lat="39.55417" lon="-8.7788">
			<ele>251.0</ele>
		</rtept>
		<rtept lat="39.55417" lon="-8.77886">
			<ele>251.0</ele>
		</rtept>
		<rtept lat="39.55406" lon="-8.77914">
			<ele>251.4</ele>
		</rtept>
		<rtept lat="39.55381" lon="-8.77964">
			<ele>253.3</ele>
		</rtept>
		<rtept lat="39.5537" lon="-8.77985">
			<ele>253.4</ele>
		</rtept>
		<rtept lat="39.55358" lon="-8.78005">
			<ele>253.0</ele>
		</rtept>
		<rtept lat="39.55348" lon="-8.78023">
			<ele>253.0</ele>
		</rtept>
		<rtept lat="39.55341" lon="-8.78037">
			<ele>253.0</ele>
		</rtept>
		<rtept lat="39.55337" lon="-8.78044">
			<ele>253.0</ele>
		</rtept>
		<rtept lat="39.55336" lon="-8.78046">
			<ele>253.0</ele>
		</rtept>
		<rtept lat="39.55334" lon="-8.7805">
			<ele>253.0</ele>
		</rtept>
		<rtept lat="39.55332" lon="-8.78059">
			<ele>253.1</ele>
		</rtept>
		<rtept lat="39.55332" lon="-8.78071">
			<ele>253.1</ele>
		</rtept>
		<rtept lat="39.55333" lon="-8.78081">
			<ele>253.0</ele>
		</rtept>
		<rtept lat="39.55336" lon="-8.78091">
			<ele>253.0</ele>
		</rtept>
		<rtept lat="39.5534" lon="-8.78101">
			<ele>253.0</ele>
		</rtept>
		<rtept lat="39.55344" lon="-8.78108">
			<ele>253.0</ele>
		</rtept>
		<rtept lat="39.55345" lon="-8.78116">
			<ele>253.0</ele>
		</rtept>
		<rtept lat="39.55343" lon="-8.78123">
			<ele>253.0</ele>
		</rtept>
		<rtept lat="39.55338" lon="-8.78136">
			<ele>253.0</ele>
		</rtept>
		<rtept lat="39.55329" lon="-8.78155">
			<ele>253.3</ele>
		</rtept>
		<rtept lat="39.55313" lon="-8.78186">
			<ele>254.6</ele>
		</rtept>
		<rtept lat="39.55286" lon="-8.7824">
			<ele>255.0</ele>
		</rtept>
		<rtept lat="39.55267" lon="-8.78275">
			<ele>257.6</ele>
		</rtept>
		<rtept lat="39.55264" lon="-8.7828">
			<ele>258.3</ele>
		</rtept>
		<rtept lat="39.5526" lon="-8.78288">
			<ele>259.7</ele>
		</rtept>
		<rtept lat="39.55259" lon="-8.78294">
			<ele>260.7</ele>
		</rtept>
		<rtept lat="39.55259" lon="-8.78301">
			<ele>261.6</ele>
		</rtept>
		<rtept lat="39.55261" lon="-8.78306">
			<ele>262.3</ele>
		</rtept>
		<rtept lat="39.55266" lon="-8.78312">
			<ele>262.6</ele>
		</rtept>
		<rtept lat="39.55281" lon="-8.78322">
			<ele>263.0</ele>
		</rtept>
		<rtept lat="39.55292" lon="-8.7833">
			<ele>263.0</ele>
		</rtept>
		<rtept lat="39.55306" lon="-8.78337">
			<ele>262.1</ele>
		</rtept>
		<rtept lat="39.55318" lon="-8.78347">
			<ele>261.9</ele>
		</rtept>
		<rtept lat="39.55327" lon="-8.78359">
			<ele>262.1</ele>
		</rtept>
		<rtept lat="39.55331" lon="-8.78366">
			<ele>262.4</ele>
		</rtept>
		<rtept lat="39.55333" lon="-8.78371">
			<ele>262.7</ele>
		</rtept>
		<rtept lat="39.55334" lon="-8.78379">
			<ele>263.3</ele>
		</rtept>
		<rtept lat="39.55333" lon="-8.78388">
			<ele>263.9</ele>
		</rtept>
		<rtept lat="39.55331" lon="-8.78409">
			<ele>265.5</ele>
		</rtept>
		<rtept lat="39.55329" lon="-8.78421">
			<ele>266.2</ele>
		</rtept>
		<rtept lat="39.55328" lon="-8.78429">
			<ele>266.4</ele>
		</rtept>
		<rtept lat="39.55324" lon="-8.78436">
			<ele>266.7</ele>
		</rtept>
		<rtept lat="39.55319" lon="-8.78446">
			<ele>267.1</ele>
		</rtept>
		<rtept lat="39.55318" lon="-8.7845">
			<ele>267.3</ele>
		</rtept>
		<rtept lat="39.55319" lon="-8.78453">
			<ele>267.5</ele>
		</rtept>
		<rtept lat="39.5532" lon="-8.78457">
			<ele>267.7</ele>
		</rtept>
		<rtept lat="39.55327" lon="-8.78466">
			<ele>267.9</ele>
		</rtept>
		<rtept lat="39.55339" lon="-8.78478">
			<ele>268.6</ele>
		</rtept>
		<rtept lat="39.55355" lon="-8.78497">
			<ele>270.0</ele>
		</rtept>
		<rtept lat="39.55363" lon="-8.78504">
			<ele>270.1</ele>
		</rtept>
		<rtept lat="39.55375" lon="-8.78511">
			<ele>269.9</ele>
		</rtept>
		<rtept lat="39.55382" lon="-8.78519">
			<ele>269.9</ele>
		</rtept>
		<rtept lat="39.55396" lon="-8.78534">
			<ele>270.0</ele>
		</rtept>
		<rtept lat="39.55397" lon="-8.78535">
			<ele>270.0</ele>
		</rtept>
		<rtept lat="39.5541" lon="-8.78547">
			<ele>270.4</ele>
		</rtept>
		<rtept lat="39.55413" lon="-8.7855">
			<ele>270.6</ele>
		</rtept>
		<rtept lat="39.55432" lon="-8.78564">
			<ele>270.9</ele>
		</rtept>
		<rtept lat="39.55445" lon="-8.78572">
			<ele>271.2</ele>
		</rtept>
		<rtept lat="39.55455" lon="-8.78577">
			<ele>270.8</ele>
		</rtept>
		<rtept lat="39.55466" lon="-8.78578">
			<ele>270.1</ele>
		</rtept>
		<rtept lat="39.55474" lon="-8.78579">
			<ele>269.7</ele>
		</rtept>
		<rtept lat="39.5548" lon="-8.78581">
			<ele>269.8</ele>
		</rtept>
		<rtept lat="39.55486" lon="-8.78585">
			<ele>270.1</ele>
		</rtept>
		<rtept lat="39.5552" lon="-8.78613">
			<ele>271.1</ele>
		</rtept>
		<rtept lat="39.5554" lon="-8.78628">
			<ele>271.2</ele>
		</rtept>
		<rtept lat="39.55559" lon="-8.78645">
			<ele>271.0</ele>
		</rtept>
		<rtept lat="39.55582" lon="-8.78669">
			<ele>272.0</ele>
		</rtept>
		<rtept lat="39.556" lon="-8.78687">
			<ele>271.8</ele>
		</rtept>
		<rtept lat="39.55608" lon="-8.78696">
			<ele>272.1</ele>
		</rtept>
		<rtept lat="39.55616" lon="-8.78704">
			<ele>272.4</ele>
		</rtept>
		<rtept lat="39.55623" lon="-8.78709">
			<ele>272.2</ele>
		</rtept>
		<rtept lat="39.55631" lon="-8.78711">
			<ele>271.8</ele>
		</rtept>
		<rtept lat="39.55648" lon="-8.78716">
			<ele>270.4</ele>
		</rtept>
		<rtept lat="39.55694" lon="-8.78731">
			<ele>267.3</ele>
		</rtept>
		<rtept lat="39.5571" lon="-8.78737">
			<ele>268.1</ele>
		</rtept>
		<rtept lat="39.5572" lon="-8.78742">
			<ele>268.6</ele>
		</rtept>
		<rtept lat="39.55722" lon="-8.78743">
			<ele>268.7</ele>
		</rtept>
		<rtept lat="39.55726" lon="-8.78745">
			<ele>268.7</ele>
		</rtept>
		<rtept lat="39.55735" lon="-8.78751">
			<ele>268.6</ele>
		</rtept>
		<rtept lat="39.55748" lon="-8.78764">
			<ele>269.1</ele>
		</rtept>
		<rtept lat="39.55767" lon="-8.78779">
			<ele>269.5</ele>
		</rtept>
		<rtept lat="39.5578" lon="-8.78786">
			<ele>269.5</ele>
		</rtept>
		<rtept lat="39.55789" lon="-8.78792">
			<ele>269.4</ele>
		</rtept>
		<rtept lat="39.55797" lon="-8.78798">
			<ele>269.3</ele>
		</rtept>
		<rtept lat="39.5582" lon="-8.78821">
			<ele>269.3</ele>
		</rtept>
		<rtept lat="39.55835" lon="-8.78835">
			<ele>268.8</ele>
		</rtept>
		<rtept lat="39.55856" lon="-8.78857">
			<ele>267.4</ele>
		</rtept>
		<rtept lat="39.55883" lon="-8.78886">
			<ele>267.3</ele>
		</rtept>
		<rtept lat="39.55907" lon="-8.78911">
			<ele>266.6</ele>
		</rtept>
		<rtept lat="39.55927" lon="-8.78928">
			<ele>266.2</ele>
		</rtept>
		<rtept lat="39.55944" lon="-8.78941">
			<ele>266.0</ele>
		</rtept>
		<rtept lat="39.55959" lon="-8.78954">
			<ele>264.6</ele>
		</rtept>
		<rtept lat="39.55965" lon="-8.7896">
			<ele>264.0</ele>
		</rtept>
		<rtept lat="39.55973" lon="-8.78966">
			<ele>262.9</ele>
		</rtept>
		<rtept lat="39.5598" lon="-8.78971">
			<ele>261.9</ele>
		</rtept>
		<rtept lat="39.55989" lon="-8.78975">
			<ele>260.7</ele>
		</rtept>
		<rtept lat="39.56" lon="-8.7898">
			<ele>259.0</ele>
		</rtept>
		<rtept lat="39.56008" lon="-8.78984">
			<ele>258.8</ele>
		</rtept>
		<rtept lat="39.56012" lon="-8.78988">
			<ele>258.5</ele>
		</rtept>
		<rtept lat="39.5602" lon="-8.78995">
			<ele>257.8</ele>
		</rtept>
		<rtept lat="39.5603" lon="-8.79007">
			<ele>257.2</ele>
		</rtept>
		<rtept lat="39.56036" lon="-8.79012">
			<ele>257.3</ele>
		</rtept>
		<rtept lat="39.56038" lon="-8.79014">
			<ele>257.3</ele>
		</rtept>
		<rtept lat="39.56047" lon="-8.79018">
			<ele>257.2</ele>
		</rtept>
		<rtept lat="39.56066" lon="-8.79024">
			<ele>256.2</ele>
		</rtept>
		<rtept lat="39.56089" lon="-8.79029">
			<ele>254.4</ele>
		</rtept>
		<rtept lat="39.56108" lon="-8.79033">
			<ele>252.5</ele>
		</rtept>
		<rtept lat="39.56117" lon="-8.79036">
			<ele>251.9</ele>
		</rtept>
		<rtept lat="39.56125" lon="-8.7904">
			<ele>251.6</ele>
		</rtept>
		<rtept lat="39.56134" lon="-8.79044">
			<ele>251.4</ele>
		</rtept>
		<rtept lat="39.56141" lon="-8.79044">
			<ele>250.9</ele>
		</rtept>
		<rtept lat="39.56147" lon="-8.79042">
			<ele>250.2</ele>
		</rtept>
		<rtept lat="39.56154" lon="-8.79038">
			<ele>249.3</ele>
		</rtept>
		<rtept lat="39.56161" lon="-8.79035">
			<ele>248.3</ele>
		</rtept>
		<rtept lat="39.56167" lon="-8.79034">
			<ele>247.7</ele>
		</rtept>
		<rtept lat="39.56172" lon="-8.79035">
			<ele>247.3</ele>
		</rtept>
		<rtept lat="39.56181" lon="-8.79036">
			<ele>246.9</ele>
		</rtept>
		<rtept lat="39.56189" lon="-8.79036">
			<ele>246.4</ele>
		</rtept>
		<rtept lat="39.56199" lon="-8.79032">
			<ele>245.4</ele>
		</rtept>
		<rtept lat="39.56204" lon="-8.79033">
			<ele>245.4</ele>
		</rtept>
		<rtept lat="39.56207" lon="-8.79038">
			<ele>245.8</ele>
		</rtept>
		<rtept lat="39.56211" lon="-8.79052">
			<ele>246.6</ele>
		</rtept>
		<rtept lat="39.56221" lon="-8.79086">
			<ele>248.3</ele>
		</rtept>
		<rtept lat="39.56225" lon="-8.79102">
			<ele>248.6</ele>
		</rtept>
		<rtept lat="39.56226" lon="-8.79113">
			<ele>249.1</ele>
		</rtept>
		<rtept lat="39.56227" lon="-8.79122">
			<ele>249.4</ele>
		</rtept>
		<rtept lat="39.56229" lon="-8.79132">
			<ele>249.8</ele>
		</rtept>
		<rtept lat="39.56233" lon="-8.79139">
			<ele>250.0</ele>
		</rtept>
		<rtept lat="39.56238" lon="-8.79145">
			<ele>250.4</ele>
		</rtept>
		<rtept lat="39.56243" lon="-8.79154">
			<ele>251.1</ele>
		</rtept>
		<rtept lat="39.56244" lon="-8.79164">
			<ele>251.8</ele>
		</rtept>
		<rtept lat="39.56246" lon="-8.79175">
			<ele>252.4</ele>
		</rtept>
		<rtept lat="39.56247" lon="-8.7918">
			<ele>252.5</ele>
		</rtept>
		<rtept lat="39.56256" lon="-8.79191">
			<ele>253.1</ele>
		</rtept>
		<rtept lat="39.56264" lon="-8.79202">
			<ele>254.3</ele>
		</rtept>
		<rtept lat="39.56272" lon="-8.79213">
			<ele>255.4</ele>
		</rtept>
		<rtept lat="39.56274" lon="-8.79219">
			<ele>255.9</ele>
		</rtept>
		<rtept lat="39.56284" lon="-8.79265">
			<ele>256.2</ele>
		</rtept>
		<rtept lat="39.56289" lon="-8.79289">
			<ele>256.8</ele>
		</rtept>
		<rtept lat="39.56291" lon="-8.79307">
			<ele>257.7</ele>
		</rtept>
		<rtept lat="39.56301" lon="-8.79346">
			<ele>262.2</ele>
		</rtept>
		<rtept lat="39.56305" lon="-8.7936">
			<ele>263.8</ele>
		</rtept>
		<rtept lat="39.56308" lon="-8.79367">
			<ele>264.5</ele>
		</rtept>
		<rtept lat="39.56317" lon="-8.79377">
			<ele>265.1</ele>
		</rtept>
		<rtept lat="39.56325" lon="-8.79387">
			<ele>265.4</ele>
		</rtept>
		<rtept lat="39.56333" lon="-8.79392">
			<ele>265.5</ele>
		</rtept>
		<rtept lat="39.56352" lon="-8.79403">
			<ele>265.4</ele>
		</rtept>
		<rtept lat="39.56372" lon="-8.79419">
			<ele>265.0</ele>
		</rtept>
		<rtept lat="39.56389" lon="-8.79432">
			<ele>264.1</ele>
		</rtept>
		<rtept lat="39.56401" lon="-8.79439">
			<ele>264.2</ele>
		</rtept>
		<rtept lat="39.56409" lon="-8.79445">
			<ele>264.3</ele>
		</rtept>
		<rtept lat="39.56426" lon="-8.79461">
			<ele>263.6</ele>
		</rtept>
		<rtept lat="39.56445" lon="-8.79484">
			<ele>262.3</ele>
		</rtept>
		<rtept lat="39.56458" lon="-8.79496">
			<ele>261.0</ele>
		</rtept>
		<rtept lat="39.56476" lon="-8.79513">
			<ele>259.8</ele>
		</rtept>
		<rtept lat="39.56485" lon="-8.79524">
			<ele>259.5</ele>
		</rtept>
		<rtept lat="39.5649" lon="-8.79532">
			<ele>259.1</ele>
		</rtept>
		<rtept lat="39.56496" lon="-8.79545">
			<ele>259.0</ele>
		</rtept>
		<rtept lat="39.56508" lon="-8.79557">
			<ele>257.7</ele>
		</rtept>
		<rtept lat="39.56517" lon="-8.79563">
			<ele>256.5</ele>
		</rtept>
		<rtept lat="39.56523" lon="-8.79566">
			<ele>255.4</ele>
		</rtept>
		<rtept lat="39.56528" lon="-8.79571">
			<ele>254.5</ele>
		</rtept>
		<rtept lat="39.56543" lon="-8.79593">
			<ele>254.6</ele>
		</rtept>
		<rtept lat="39.56571" lon="-8.79621">
			<ele>253.4</ele>
		</rtept>
		<rtept lat="39.56586" lon="-8.79635">
			<ele>252.6</ele>
		</rtept>
		<rtept lat="39.566" lon="-8.79644">
			<ele>251.1</ele>
		</rtept>
		<rtept lat="39.56619" lon="-8.79653">
			<ele>248.9</ele>
		</rtept>
		<rtept lat="39.56628" lon="-8.79659">
			<ele>248.1</ele>
		</rtept>
		<rtept lat="39.56648" lon="-8.79688">
			<ele>245.6</ele>
		</rtept>
		<rtept lat="39.5665" lon="-8.79697">
			<ele>245.1</ele>
		</rtept>
		<rtept lat="39.56651" lon="-8.7971">
			<ele>244.9</ele>
		</rtept>
		<rtept lat="39.56655" lon="-8.7972">
			<ele>244.4</ele>
		</rtept>
		<rtept lat="39.5666" lon="-8.79728">
			<ele>243.7</ele>
		</rtept>
		<rtept lat="39.56671" lon="-8.79737">
			<ele>242.7</ele>
		</rtept>
		<rtept lat="39.56675" lon="-8.79744">
			<ele>242.4</ele>
		</rtept>
		<rtept lat="39.56676" lon="-8.79751">
			<ele>242.3</ele>
		</rtept>
		<rtept lat="39.56676" lon="-8.79758">
			<ele>242.4</ele>
		</rtept>
		<rtept lat="39.56679" lon="-8.79762">
			<ele>242.3</ele>
		</rtept>
		<rtept lat="39.56688" lon="-8.79766">
			<ele>241.9</ele>
		</rtept>
		<rtept lat="39.56713" lon="-8.79785">
			<ele>243.6</ele>
		</rtept>
		<rtept lat="39.56734" lon="-8.79803">
			<ele>246.1</ele>
		</rtept>
		<rtept lat="39.5674" lon="-8.79809">
			<ele>247.1</ele>
		</rtept>
		<rtept lat="39.56746" lon="-8.79811">
			<ele>247.9</ele>
		</rtept>
		<rtept lat="39.56753" lon="-8.79813">
			<ele>249.0</ele>
		</rtept>
		<rtept lat="39.56769" lon="-8.79819">
			<ele>251.4</ele>
		</rtept>
		<rtept lat="39.56788" lon="-8.79828">
			<ele>253.5</ele>
		</rtept>
		<rtept lat="39.56795" lon="-8.79832">
			<ele>253.9</ele>
		</rtept>
		<rtept lat="39.56795" lon="-8.79833">
			<ele>254.0</ele>
		</rtept>
		<rtept lat="39.56796" lon="-8.79836">
			<ele>254.2</ele>
		</rtept>
		<rtept lat="39.56797" lon="-8.79841">
			<ele>254.6</ele>
		</rtept>
		<rtept lat="39.56796" lon="-8.79847">
			<ele>255.0</ele>
		</rtept>
		<rtept lat="39.56795" lon="-8.79855">
			<ele>255.5</ele>
		</rtept>
		<rtept lat="39.56796" lon="-8.79863">
			<ele>256.1</ele>
		</rtept>
		<rtept lat="39.56798" lon="-8.79869">
			<ele>256.5</ele>
		</rtept>
		<rtept lat="39.56802" lon="-8.7988">
			<ele>257.3</ele>
		</rtept>
		<rtept lat="39.56811" lon="-8.799">
			<ele>257.8</ele>
		</rtept>
		<rtept lat="39.56811" lon="-8.79901">
			<ele>257.8</ele>
		</rtept>
		<rtept lat="39.56818" lon="-8.79925">
			<ele>258.2</ele>
		</rtept>
		<rtept lat="39.56822" lon="-8.79947">
			<ele>259.4</ele>
		</rtept>
		<rtept lat="39.56824" lon="-8.79957">
			<ele>260.1</ele>
		</rtept>
		<rtept lat="39.56826" lon="-8.79976">
			<ele>261.3</ele>
		</rtept>
		<rtept lat="39.56828" lon="-8.79993">
			<ele>262.0</ele>
		</rtept>
		<rtept lat="39.56835" lon="-8.80032">
			<ele>262.9</ele>
		</rtept>
		<rtept lat="39.5684" lon="-8.80056">
			<ele>262.8</ele>
		</rtept>
		<rtept lat="39.56845" lon="-8.80067">
			<ele>263.0</ele>
		</rtept>
		<rtept lat="39.56846" lon="-8.80075">
			<ele>263.2</ele>
		</rtept>
		<rtept lat="39.56847" lon="-8.80086">
			<ele>263.5</ele>
		</rtept>
		<rtept lat="39.56847" lon="-8.80131">
			<ele>263.9</ele>
		</rtept>
		<rtept lat="39.56849" lon="-8.80158">
			<ele>265.2</ele>
		</rtept>
		<rtept lat="39.56852" lon="-8.80165">
			<ele>265.5</ele>
		</rtept>
		<rtept lat="39.56858" lon="-8.80174">
			<ele>265.8</ele>
		</rtept>
		<rtept lat="39.56864" lon="-8.80184">
			<ele>266.2</ele>
		</rtept>
		<rtept lat="39.56865" lon="-8.80185">
			<ele>266.2</ele>
		</rtept>
		<rtept lat="39.56869" lon="-8.80189">
			<ele>266.5</ele>
		</rtept>
		<rtept lat="39.56876" lon="-8.8019">
			<ele>266.6</ele>
		</rtept>
		<rtept lat="39.56881" lon="-8.80189">
			<ele>266.5</ele>
		</rtept>
		<rtept lat="39.56885" lon="-8.80191">
			<ele>266.6</ele>
		</rtept>
		<rtept lat="39.56886" lon="-8.80193">
			<ele>266.8</ele>
		</rtept>
		<rtept lat="39.56892" lon="-8.80199">
			<ele>267.1</ele>
		</rtept>
		<rtept lat="39.56898" lon="-8.80205">
			<ele>267.0</ele>
		</rtept>
		<rtept lat="39.56906" lon="-8.80209">
			<ele>266.9</ele>
		</rtept>
		<rtept lat="39.56912" lon="-8.80211">
			<ele>266.8</ele>
		</rtept>
		<rtept lat="39.5692" lon="-8.80212">
			<ele>266.6</ele>
		</rtept>
		<rtept lat="39.56929" lon="-8.80213">
			<ele>266.7</ele>
		</rtept>
		<rtept lat="39.56935" lon="-8.80213">
			<ele>266.7</ele>
		</rtept>
		<rtept lat="39.56949" lon="-8.80214">
			<ele>266.8</ele>
		</rtept>
		<rtept lat="39.56958" lon="-8.80215">
			<ele>267.2</ele>
		</rtept>
		<rtept lat="39.56969" lon="-8.80217">
			<ele>267.7</ele>
		</rtept>
		<rtept lat="39.56977" lon="-8.80222">
			<ele>268.4</ele>
		</rtept>
		<rtept lat="39.57008" lon="-8.80237">
			<ele>271.9</ele>
		</rtept>
		<rtept lat="39.57019" lon="-8.80242">
			<ele>273.5</ele>
		</rtept>
		<rtept lat="39.57021" lon="-8.80245">
			<ele>273.9</ele>
		</rtept>
		<rtept lat="39.57023" lon="-8.80248">
			<ele>274.4</ele>
		</rtept>
		<rtept lat="39.57023" lon="-8.80253">
			<ele>274.8</ele>
		</rtept>
		<rtept lat="39.57022" lon="-8.80258">
			<ele>275.1</ele>
		</rtept>
		<rtept lat="39.57016" lon="-8.80268">
			<ele>275.1</ele>
		</rtept>
		<rtept lat="39.57009" lon="-8.80278">
			<ele>274.6</ele>
		</rtept>
		<rtept lat="39.57004" lon="-8.80288">
			<ele>275.2</ele>
		</rtept>
		<rtept lat="39.57002" lon="-8.80295">
			<ele>275.8</ele>
		</rtept>
		<rtept lat="39.56998" lon="-8.80312">
			<ele>277.7</ele>
		</rtept>
		<rtept lat="39.56997" lon="-8.80325">
			<ele>279.4</ele>
		</rtept>
		<rtept lat="39.56999" lon="-8.80335">
			<ele>281.1</ele>
		</rtept>
		<rtept lat="39.57002" lon="-8.80343">
			<ele>282.7</ele>
		</rtept>
		<rtept lat="39.57007" lon="-8.8035">
			<ele>284.4</ele>
		</rtept>
		<rtept lat="39.57008" lon="-8.80354">
			<ele>285.2</ele>
		</rtept>
		<rtept lat="39.57008" lon="-8.80358">
			<ele>285.7</ele>
		</rtept>
		<rtept lat="39.57003" lon="-8.8037">
			<ele>286.3</ele>
		</rtept>
		<rtept lat="39.57003" lon="-8.80378">
			<ele>287.2</ele>
		</rtept>
		<rtept lat="39.57003" lon="-8.80389">
			<ele>288.3</ele>
		</rtept>
		<rtept lat="39.57002" lon="-8.80398">
			<ele>289.2</ele>
		</rtept>
		<rtept lat="39.57" lon="-8.80405">
			<ele>289.8</ele>
		</rtept>
		<rtept lat="39.57" lon="-8.8041">
			<ele>290.3</ele>
		</rtept>
		<rtept lat="39.57001" lon="-8.80415">
			<ele>290.9</ele>
		</rtept>
		<rtept lat="39.57004" lon="-8.8042">
			<ele>291.9</ele>
		</rtept>
		<rtept lat="39.5701" lon="-8.8043">
			<ele>293.4</ele>
		</rtept>
		<rtept lat="39.5702" lon="-8.80451">
			<ele>296.2</ele>
		</rtept>
		<rtept lat="39.57029" lon="-8.80474">
			<ele>300.4</ele>
		</rtept>
		<rtept lat="39.57039" lon="-8.80495">
			<ele>304.3</ele>
		</rtept>
		<rtept lat="39.57048" lon="-8.80519">
			<ele>307.4</ele>
		</rtept>
		<rtept lat="39.57052" lon="-8.80532">
			<ele>308.2</ele>
		</rtept>
		<rtept lat="39.57052" lon="-8.80537">
			<ele>308.0</ele>
		</rtept>
		<rtept lat="39.57051" lon="-8.80543">
			<ele>307.9</ele>
		</rtept>
		<rtept lat="39.57048" lon="-8.80549">
			<ele>308.0</ele>
		</rtept>
		<rtept lat="39.57047" lon="-8.80554">
			<ele>308.0</ele>
		</rtept>
		<rtept lat="39.57048" lon="-8.80557">
			<ele>307.8</ele>
		</rtept>
		<rtept lat="39.57052" lon="-8.80556">
			<ele>307.4</ele>
		</rtept>
		<rtept lat="39.57056" lon="-8.80556">
			<ele>306.9</ele>
		</rtept>
		<rtept lat="39.57061" lon="-8.80561">
			<ele>306.5</ele>
		</rtept>
		<rtept lat="39.57069" lon="-8.80575">
			<ele>304.3</ele>
		</rtept>
		<rtept lat="39.57074" lon="-8.80583">
			<ele>302.5</ele>
		</rtept>
		<rtept lat="39.57079" lon="-8.80592">
			<ele>301.5</ele>
		</rtept>
		<rtept lat="39.57085" lon="-8.80599">
			<ele>300.5</ele>
		</rtept>
		<rtept lat="39.57092" lon="-8.80606">
			<ele>300.1</ele>
		</rtept>
		<rtept lat="39.57096" lon="-8.80614">
			<ele>299.3</ele>
		</rtept>
		<rtept lat="39.57102" lon="-8.80624">
			<ele>297.8</ele>
		</rtept>
		<rtept lat="39.57105" lon="-8.80634">
			<ele>296.3</ele>
		</rtept>
		<rtept lat="39.57109" lon="-8.80651">
			<ele>293.7</ele>
		</rtept>
		<rtept lat="39.57114" lon="-8.80664">
			<ele>291.2</ele>
		</rtept>
		<rtept lat="39.57119" lon="-8.80684">
			<ele>288.3</ele>
		</rtept>
		<rtept lat="39.57123" lon="-8.80709">
			<ele>284.7</ele>
		</rtept>
		<rtept lat="39.57129" lon="-8.80731">
			<ele>281.6</ele>
		</rtept>
		<rtept lat="39.57131" lon="-8.80738">
			<ele>280.6</ele>
		</rtept>
		<rtept lat="39.57134" lon="-8.8075">
			<ele>279.5</ele>
		</rtept>
		<rtept lat="39.57134" lon="-8.80755">
			<ele>279.6</ele>
		</rtept>
		<rtept lat="39.57134" lon="-8.80762">
			<ele>280.0</ele>
		</rtept>
		<rtept lat="39.57134" lon="-8.80772">
			<ele>280.3</ele>
		</rtept>
		<rtept lat="39.57134" lon="-8.80778">
			<ele>280.5</ele>
		</rtept>
		<rtept lat="39.57135" lon="-8.80781">
			<ele>280.2</ele>
		</rtept>
		<rtept lat="39.57137" lon="-8.80784">
			<ele>279.6</ele>
		</rtept>
		<rtept lat="39.57144" lon="-8.80787">
			<ele>278.8</ele>
		</rtept>
		<rtept lat="39.57152" lon="-8.80788">
			<ele>278.0</ele>
		</rtept>
		<rtept lat="39.5716" lon="-8.80788">
			<ele>277.2</ele>
		</rtept>
		<rtept lat="39.57168" lon="-8.80784">
			<ele>275.8</ele>
		</rtept>
		<rtept lat="39.57178" lon="-8.80777">
			<ele>273.3</ele>
		</rtept>
		<rtept lat="39.57187" lon="-8.80776">
			<ele>272.0</ele>
		</rtept>
		<rtept lat="39.57201" lon="-8.80776">
			<ele>270.1</ele>
		</rtept>
		<rtept lat="39.57209" lon="-8.80777">
			<ele>268.9</ele>
		</rtept>
		<rtept lat="39.57213" lon="-8.80776">
			<ele>268.4</ele>
		</rtept>
		<rtept lat="39.57215" lon="-8.80773">
			<ele>268.0</ele>
		</rtept>
		<rtept lat="39.57219" lon="-8.80772">
			<ele>267.4</ele>
		</rtept>
		<rtept lat="39.57224" lon="-8.80773">
			<ele>266.9</ele>
		</rtept>
		<rtept lat="39.57234" lon="-8.80775">
			<ele>266.6</ele>
		</rtept>
		<rtept lat="39.57237" lon="-8.80774">
			<ele>266.5</ele>
		</rtept>
		<rtept lat="39.57246" lon="-8.80772">
			<ele>266.1</ele>
		</rtept>
		<rtept lat="39.57255" lon="-8.80772">
			<ele>265.7</ele>
		</rtept>
		<rtept lat="39.5726" lon="-8.80772">
			<ele>265.4</ele>
		</rtept>
		<rtept lat="39.57269" lon="-8.80772">
			<ele>264.8</ele>
		</rtept>
		<rtept lat="39.5728" lon="-8.8078">
			<ele>264.1</ele>
		</rtept>
		<rtept lat="39.57291" lon="-8.80788">
			<ele>264.0</ele>
		</rtept>
		<rtept lat="39.57293" lon="-8.80787">
			<ele>263.7</ele>
		</rtept>
		<rtept lat="39.57297" lon="-8.80786">
			<ele>262.9</ele>
		</rtept>
		<rtept lat="39.573" lon="-8.80787">
			<ele>262.7</ele>
		</rtept>
		<rtept lat="39.57306" lon="-8.80789">
			<ele>262.4</ele>
		</rtept>
		<rtept lat="39.57317" lon="-8.80794">
			<ele>262.0</ele>
		</rtept>
		<rtept lat="39.57331" lon="-8.80802">
			<ele>261.0</ele>
		</rtept>
		<rtept lat="39.57343" lon="-8.80807">
			<ele>260.2</ele>
		</rtept>
		<rtept lat="39.57348" lon="-8.80809">
			<ele>260.0</ele>
		</rtept>
		<rtept lat="39.57352" lon="-8.80809">
			<ele>259.6</ele>
		</rtept>
		<rtept lat="39.57358" lon="-8.80809">
			<ele>258.8</ele>
		</rtept>
		<rtept lat="39.57368" lon="-8.80809">
			<ele>257.5</ele>
		</rtept>
		<rtept lat="39.57378" lon="-8.8081">
			<ele>256.3</ele>
		</rtept>
		<rtept lat="39.57389" lon="-8.8081">
			<ele>254.8</ele>
		</rtept>
		<rtept lat="39.57403" lon="-8.80814">
			<ele>253.8</ele>
		</rtept>
		<rtept lat="39.57413" lon="-8.80815">
			<ele>252.8</ele>
		</rtept>
		<rtept lat="39.57423" lon="-8.80819">
			<ele>252.2</ele>
		</rtept>
		<rtept lat="39.57432" lon="-8.80825">
			<ele>252.0</ele>
		</rtept>
		<rtept lat="39.57444" lon="-8.80836">
			<ele>251.5</ele>
		</rtept>
		<rtept lat="39.5745" lon="-8.8084">
			<ele>251.6</ele>
		</rtept>
		<rtept lat="39.57454" lon="-8.80843">
			<ele>251.3</ele>
		</rtept>
		<rtept lat="39.57462" lon="-8.80843">
			<ele>250.2</ele>
		</rtept>
		<rtept lat="39.57474" lon="-8.80843">
			<ele>248.4</ele>
		</rtept>
		<rtept lat="39.57487" lon="-8.80842">
			<ele>247.6</ele>
		</rtept>
		<rtept lat="39.57497" lon="-8.8084">
			<ele>247.1</ele>
		</rtept>
		<rtept lat="39.57499" lon="-8.8084">
			<ele>247.1</ele>
		</rtept>
		<rtept lat="39.57501" lon="-8.80841">
			<ele>247.0</ele>
		</rtept>
		<rtept lat="39.57505" lon="-8.80841">
			<ele>246.7</ele>
		</rtept>
		<rtept lat="39.57508" lon="-8.80843">
			<ele>246.6</ele>
		</rtept>
		<rtept lat="39.57512" lon="-8.80846">
			<ele>246.8</ele>
		</rtept>
		<rtept lat="39.5752" lon="-8.80848">
			<ele>246.3</ele>
		</rtept>
		<rtept lat="39.57528" lon="-8.80848">
			<ele>245.5</ele>
		</rtept>
		<rtept lat="39.57552" lon="-8.80846">
			<ele>241.4</ele>
		</rtept>
		<rtept lat="39.57576" lon="-8.80847">
			<ele>239.2</ele>
		</rtept>
		<rtept lat="39.57584" lon="-8.80847">
			<ele>238.5</ele>
		</rtept>
		<rtept lat="39.57592" lon="-8.80851">
			<ele>238.1</ele>
		</rtept>
		<rtept lat="39.57593" lon="-8.80852">
			<ele>238.1</ele>
		</rtept>
		<rtept lat="39.57599" lon="-8.80856">
			<ele>237.8</ele>
		</rtept>
		<rtept lat="39.57602" lon="-8.80859">
			<ele>237.6</ele>
		</rtept>
		<rtept lat="39.57609" lon="-8.80868">
			<ele>237.7</ele>
		</rtept>
		<rtept lat="39.57612" lon="-8.8087">
			<ele>237.5</ele>
		</rtept>
		<rtept lat="39.57616" lon="-8.80872">
			<ele>237.2</ele>
		</rtept>
		<rtept lat="39.57623" lon="-8.80874">
			<ele>236.5</ele>
		</rtept>
		<rtept lat="39.57626" lon="-8.80876">
			<ele>236.2</ele>
		</rtept>
		<rtept lat="39.57633" lon="-8.80882">
			<ele>235.2</ele>
		</rtept>
		<rtept lat="39.57639" lon="-8.80886">
			<ele>234.1</ele>
		</rtept>
		<rtept lat="39.5764" lon="-8.80891">
			<ele>234.0</ele>
		</rtept>
		<rtept lat="39.57643" lon="-8.80895">
			<ele>234.0</ele>
		</rtept>
		<rtept lat="39.57648" lon="-8.80898">
			<ele>233.7</ele>
		</rtept>
		<rtept lat="39.57652" lon="-8.80898">
			<ele>233.4</ele>
		</rtept>
		<rtept lat="39.57663" lon="-8.8089">
			<ele>233.1</ele>
		</rtept>
		<rtept lat="39.57666" lon="-8.80885">
			<ele>233.3</ele>
		</rtept>
		<rtept lat="39.57669" lon="-8.80881">
			<ele>233.5</ele>
		</rtept>
		<rtept lat="39.57672" lon="-8.80877">
			<ele>233.7</ele>
		</rtept>
		<rtept lat="39.57675" lon="-8.80876">
			<ele>233.8</ele>
		</rtept>
		<rtept lat="39.57678" lon="-8.80875">
			<ele>233.8</ele>
		</rtept>
		<rtept lat="39.57682" lon="-8.80876">
			<ele>233.7</ele>
		</rtept>
		<rtept lat="39.57683" lon="-8.80879">
			<ele>233.4</ele>
		</rtept>
		<rtept lat="39.57685" lon="-8.80886">
			<ele>232.6</ele>
		</rtept>
		<rtept lat="39.57686" lon="-8.80892">
			<ele>232.0</ele>
		</rtept>
		<rtept lat="39.57689" lon="-8.80898">
			<ele>231.2</ele>
		</rtept>
		<rtept lat="39.57691" lon="-8.80903">
			<ele>230.6</ele>
		</rtept>
		<rtept lat="39.57691" lon="-8.80907">
			<ele>230.2</ele>
		</rtept>
		<rtept lat="39.5769" lon="-8.80911">
			<ele>230.0</ele>
		</rtept>
		<rtept lat="39.57688" lon="-8.80916">
			<ele>229.5</ele>
		</rtept>
		<rtept lat="39.57685" lon="-8.80932">
			<ele>228.0</ele>
		</rtept>
		<rtept lat="39.57684" lon="-8.80937">
			<ele>227.5</ele>
		</rtept>
		<rtept lat="39.57683" lon="-8.80943">
			<ele>227.0</ele>
		</rtept>
		<rtept lat="39.57683" lon="-8.80946">
			<ele>226.7</ele>
		</rtept>
		<rtept lat="39.57684" lon="-8.8095">
			<ele>226.4</ele>
		</rtept>
		<rtept lat="39.57692" lon="-8.80966">
			<ele>224.7</ele>
		</rtept>
		<rtept lat="39.57701" lon="-8.80987">
			<ele>224.1</ele>
		</rtept>
		<rtept lat="39.57703" lon="-8.80991">
			<ele>224.0</ele>
		</rtept>
		<rtept lat="39.57707" lon="-8.80995">
			<ele>223.8</ele>
		</rtept>
		<rtept lat="39.57711" lon="-8.81">
			<ele>223.4</ele>
		</rtept>
		<rtept lat="39.57728" lon="-8.81013">
			<ele>222.9</ele>
		</rtept>
		<rtept lat="39.57731" lon="-8.81015">
			<ele>222.9</ele>
		</rtept>
		<rtept lat="39.57738" lon="-8.81021">
			<ele>222.7</ele>
		</rtept>
		<rtept lat="39.57741" lon="-8.81033">
			<ele>221.7</ele>
		</rtept>
		<rtept lat="39.57744" lon="-8.8104">
			<ele>221.0</ele>
		</rtept>
		<rtept lat="39.5775" lon="-8.81048">
			<ele>219.8</ele>
		</rtept>
		<rtept lat="39.5775" lon="-8.81053">
			<ele>219.3</ele>
		</rtept>
		<rtept lat="39.57749" lon="-8.81057">
			<ele>219.1</ele>
		</rtept>
		<rtept lat="39.57745" lon="-8.81064">
			<ele>219.4</ele>
		</rtept>
		<rtept lat="39.57741" lon="-8.81067">
			<ele>219.7</ele>
		</rtept>
		<rtept lat="39.5774" lon="-8.81071">
			<ele>219.7</ele>
		</rtept>
		<rtept lat="39.5774" lon="-8.81084">
			<ele>219.5</ele>
		</rtept>
		<rtept lat="39.57741" lon="-8.81091">
			<ele>220.0</ele>
		</rtept>
		<rtept lat="39.57744" lon="-8.81095">
			<ele>220.1</ele>
		</rtept>
		<rtept lat="39.57747" lon="-8.81097">
			<ele>219.9</ele>
		</rtept>
		<rtept lat="39.5775" lon="-8.811">
			<ele>219.8</ele>
		</rtept>
		<rtept lat="39.57763" lon="-8.81117">
			<ele>220.4</ele>
		</rtept>
		<rtept lat="39.5777" lon="-8.8112">
			<ele>219.9</ele>
		</rtept>
		<rtept lat="39.57779" lon="-8.81118">
			<ele>219.2</ele>
		</rtept>
		<rtept lat="39.57784" lon="-8.81121">
			<ele>218.9</ele>
		</rtept>
		<rtept lat="39.57788" lon="-8.81124">
			<ele>218.8</ele>
		</rtept>
		<rtept lat="39.57791" lon="-8.81132">
			<ele>218.6</ele>
		</rtept>
		<rtept lat="39.57789" lon="-8.81136">
			<ele>218.8</ele>
		</rtept>
		<rtept lat="39.57783" lon="-8.8114">
			<ele>219.4</ele>
		</rtept>
		<rtept lat="39.57785" lon="-8.81144">
			<ele>219.3</ele>
		</rtept>
		<rtept lat="39.57795" lon="-8.81159">
			<ele>218.6</ele>
		</rtept>
		<rtept lat="39.5782" lon="-8.8119">
			<ele>216.9</ele>
		</rtept>
		<rtept lat="39.57833" lon="-8.812">
			<ele>216.4</ele>
		</rtept>
		<rtept lat="39.5784" lon="-8.81207">
			<ele>215.2</ele>
		</rtept>
		<rtept lat="39.57845" lon="-8.81214">
			<ele>214.0</ele>
		</rtept>
		<rtept lat="39.57846" lon="-8.8122">
			<ele>213.3</ele>
		</rtept>
		<rtept lat="39.57846" lon="-8.81224">
			<ele>212.8</ele>
		</rtept>
		<rtept lat="39.57843" lon="-8.81227">
			<ele>212.5</ele>
		</rtept>
		<rtept lat="39.57842" lon="-8.81227">
			<ele>212.5</ele>
		</rtept>
		<rtept lat="39.57839" lon="-8.81226">
			<ele>212.9</ele>
		</rtept>
		<rtept lat="39.57839" lon="-8.81226">
			<ele>212.9</ele>
		</rtept>
		<rtept lat="39.57836" lon="-8.81223">
			<ele>213.6</ele>
		</rtept>
		<rtept lat="39.57833" lon="-8.81217">
			<ele>214.5</ele>
		</rtept>
		<rtept lat="39.57824" lon="-8.81209">
			<ele>215.2</ele>
		</rtept>
		<rtept lat="39.57823" lon="-8.81209">
			<ele>215.2</ele>
		</rtept>
		<rtept lat="39.57809" lon="-8.812">
			<ele>216.2</ele>
		</rtept>
		<rtept lat="39.57782" lon="-8.81179">
			<ele>218.5</ele>
		</rtept>
		<rtept lat="39.57754" lon="-8.81156">
			<ele>222.6</ele>
		</rtept>
		<rtept lat="39.57748" lon="-8.81151">
			<ele>223.3</ele>
		</rtept>
		<rtept lat="39.57743" lon="-8.8115">
			<ele>224.0</ele>
		</rtept>
		<rtept lat="39.57741" lon="-8.8115">
			<ele>224.3</ele>
		</rtept>
		<rtept lat="39.57727" lon="-8.81162">
			<ele>226.3</ele>
		</rtept>
		<rtept lat="39.57714" lon="-8.81174">
			<ele>226.6</ele>
		</rtept>
		<rtept lat="39.57706" lon="-8.8118">
			<ele>225.9</ele>
		</rtept>
		<rtept lat="39.57704" lon="-8.81193">
			<ele>222.8</ele>
		</rtept>
		<rtept lat="39.57693" lon="-8.8121">
			<ele>219.3</ele>
		</rtept>
		<rtept lat="39.57688" lon="-8.81216">
			<ele>218.2</ele>
		</rtept>
		<rtept lat="39.57673" lon="-8.81226">
			<ele>218.0</ele>
		</rtept>
		<rtept lat="39.57669" lon="-8.81234">
			<ele>217.9</ele>
		</rtept>
		<rtept lat="39.57669" lon="-8.81239">
			<ele>217.5</ele>
		</rtept>
		<rtept lat="39.57675" lon="-8.81241">
			<ele>216.6</ele>
		</rtept>
		<rtept lat="39.57684" lon="-8.81244">
			<ele>215.1</ele>
		</rtept>
		<rtept lat="39.57691" lon="-8.81246">
			<ele>214.0</ele>
		</rtept>
		<rtept lat="39.57701" lon="-8.81248">
			<ele>212.5</ele>
		</rtept>
		<rtept lat="39.57708" lon="-8.81251">
			<ele>211.7</ele>
		</rtept>
		<rtept lat="39.57713" lon="-8.81251">
			<ele>211.0</ele>
		</rtept>
		<rtept lat="39.57721" lon="-8.81248">
			<ele>210.3</ele>
		</rtept>
		<rtept lat="39.57728" lon="-8.81249">
			<ele>210.4</ele>
		</rtept>
		<rtept lat="39.57737" lon="-8.81253">
			<ele>210.5</ele>
		</rtept>
		<rtept lat="39.57747" lon="-8.81258">
			<ele>210.4</ele>
		</rtept>
		<rtept lat="39.57755" lon="-8.81259">
			<ele>210.2</ele>
		</rtept>
		<rtept lat="39.57764" lon="-8.81263">
			<ele>209.8</ele>
		</rtept>
		<rtept lat="39.57777" lon="-8.81272">
			<ele>209.2</ele>
		</rtept>
		<rtept lat="39.57793" lon="-8.81286">
			<ele>208.4</ele>
		</rtept>
		<rtept lat="39.57799" lon="-8.81292">
			<ele>207.9</ele>
		</rtept>
		<rtept lat="39.57806" lon="-8.81305">
			<ele>206.9</ele>
		</rtept>
		<rtept lat="39.5781" lon="-8.81312">
			<ele>206.6</ele>
		</rtept>
		<rtept lat="39.57818" lon="-8.81317">
			<ele>204.9</ele>
		</rtept>
		<rtept lat="39.57835" lon="-8.81336">
			<ele>201.6</ele>
		</rtept>
		<rtept lat="39.57847" lon="-8.81347">
			<ele>197.6</ele>
		</rtept>
		<rtept lat="39.57854" lon="-8.8136">
			<ele>194.9</ele>
		</rtept>
		<rtept lat="39.57868" lon="-8.81385">
			<ele>192.1</ele>
		</rtept>
		<rtept lat="39.57875" lon="-8.81401">
			<ele>191.7</ele>
		</rtept>
		<rtept lat="39.5788" lon="-8.81407">
			<ele>190.6</ele>
		</rtept>
		<rtept lat="39.57897" lon="-8.81422">
			<ele>186.6</ele>
		</rtept>
		<rtept lat="39.57911" lon="-8.81435">
			<ele>183.0</ele>
		</rtept>
		<rtept lat="39.57918" lon="-8.81448">
			<ele>180.7</ele>
		</rtept>
		<rtept lat="39.57925" lon="-8.81467">
			<ele>179.1</ele>
		</rtept>
		<rtept lat="39.57927" lon="-8.81476">
			<ele>178.8</ele>
		</rtept>
		<rtept lat="39.57926" lon="-8.81487">
			<ele>179.2</ele>
		</rtept>
		<rtept lat="39.57924" lon="-8.81506">
			<ele>179.2</ele>
		</rtept>
		<rtept lat="39.57918" lon="-8.8153">
			<ele>177.7</ele>
		</rtept>
		<rtept lat="39.57917" lon="-8.81542">
			<ele>177.5</ele>
		</rtept>
		<rtept lat="39.57917" lon="-8.81543">
			<ele>177.5</ele>
		</rtept>
		<rtept lat="39.57917" lon="-8.81564">
			<ele>177.0</ele>
		</rtept>
		<rtept lat="39.57919" lon="-8.81572">
			<ele>176.7</ele>
		</rtept>
		<rtept lat="39.57924" lon="-8.81581">
			<ele>176.2</ele>
		</rtept>
		<rtept lat="39.57932" lon="-8.81591">
			<ele>176.2</ele>
		</rtept>
		<rtept lat="39.57941" lon="-8.81596">
			<ele>175.4</ele>
		</rtept>
		<rtept lat="39.57949" lon="-8.816">
			<ele>174.7</ele>
		</rtept>
		<rtept lat="39.57955" lon="-8.816">
			<ele>174.2</ele>
		</rtept>
		<rtept lat="39.57965" lon="-8.81593">
			<ele>173.0</ele>
		</rtept>
		<rtept lat="39.57975" lon="-8.8159">
			<ele>172.6</ele>
		</rtept>
		<rtept lat="39.57988" lon="-8.81589">
			<ele>174.0</ele>
		</rtept>
		<rtept lat="39.57997" lon="-8.81592">
			<ele>174.8</ele>
		</rtept>
		<rtept lat="39.58002" lon="-8.81595">
			<ele>175.0</ele>
		</rtept>
		<rtept lat="39.58008" lon="-8.81604">
			<ele>174.6</ele>
		</rtept>
		<rtept lat="39.58022" lon="-8.81628">
			<ele>174.4</ele>
		</rtept>
		<rtept lat="39.58045" lon="-8.81664">
			<ele>176.4</ele>
		</rtept>
		<rtept lat="39.58055" lon="-8.81683">
			<ele>176.6</ele>
		</rtept>
		<rtept lat="39.58061" lon="-8.81697">
			<ele>176.9</ele>
		</rtept>
		<rtept lat="39.58067" lon="-8.8171">
			<ele>175.9</ele>
		</rtept>
		<rtept lat="39.58077" lon="-8.81725">
			<ele>173.0</ele>
		</rtept>
		<rtept lat="39.58084" lon="-8.81733">
			<ele>171.0</ele>
		</rtept>
		<rtept lat="39.58091" lon="-8.81749">
			<ele>169.9</ele>
		</rtept>
		<rtept lat="39.58093" lon="-8.81762">
			<ele>170.0</ele>
		</rtept>
		<rtept lat="39.58092" lon="-8.81777">
			<ele>170.1</ele>
		</rtept>
		<rtept lat="39.58092" lon="-8.81787">
			<ele>170.6</ele>
		</rtept>
		<rtept lat="39.58094" lon="-8.81795">
			<ele>170.8</ele>
		</rtept>
		<rtept lat="39.58098" lon="-8.81807">
			<ele>170.7</ele>
		</rtept>
		<rtept lat="39.58107" lon="-8.81823">
			<ele>169.9</ele>
		</rtept>
		<rtept lat="39.58117" lon="-8.81841">
			<ele>169.8</ele>
		</rtept>
		<rtept lat="39.58125" lon="-8.81858">
			<ele>171.1</ele>
		</rtept>
		<rtept lat="39.58134" lon="-8.8187">
			<ele>172.4</ele>
		</rtept>
		<rtept lat="39.58143" lon="-8.81878">
			<ele>173.2</ele>
		</rtept>
		<rtept lat="39.58154" lon="-8.81882">
			<ele>172.3</ele>
		</rtept>
		<rtept lat="39.58176" lon="-8.81889">
			<ele>168.8</ele>
		</rtept>
		<rtept lat="39.58191" lon="-8.81892">
			<ele>165.9</ele>
		</rtept>
		<rtept lat="39.582" lon="-8.81895">
			<ele>165.0</ele>
		</rtept>
		<rtept lat="39.58211" lon="-8.819">
			<ele>164.1</ele>
		</rtept>
		<rtept lat="39.58219" lon="-8.81905">
			<ele>163.0</ele>
		</rtept>
		<rtept lat="39.5823" lon="-8.81908">
			<ele>161.1</ele>
		</rtept>
		<rtept lat="39.58242" lon="-8.81913">
			<ele>158.7</ele>
		</rtept>
		<rtept lat="39.58282" lon="-8.81937">
			<ele>155.6</ele>
		</rtept>
		<rtept lat="39.58293" lon="-8.81941">
			<ele>155.0</ele>
		</rtept>
		<rtept lat="39.58298" lon="-8.81942">
			<ele>154.6</ele>
		</rtept>
		<rtept lat="39.58302" lon="-8.81939">
			<ele>154.1</ele>
		</rtept>
		<rtept lat="39.58315" lon="-8.81932">
			<ele>153.7</ele>
		</rtept>
		<rtept lat="39.58319" lon="-8.8193">
			<ele>153.7</ele>
		</rtept>
		<rtept lat="39.58323" lon="-8.81928">
			<ele>153.8</ele>
		</rtept>
		<rtept lat="39.58339" lon="-8.81925">
			<ele>153.9</ele>
		</rtept>
		<rtept lat="39.58356" lon="-8.81921">
			<ele>153.9</ele>
		</rtept>
		<rtept lat="39.58378" lon="-8.8192">
			<ele>154.0</ele>
		</rtept>
		<rtept lat="39.58391" lon="-8.81922">
			<ele>153.9</ele>
		</rtept>
		<rtept lat="39.584" lon="-8.81927">
			<ele>153.6</ele>
		</rtept>
		<rtept lat="39.58407" lon="-8.81935">
			<ele>153.4</ele>
		</rtept>
		<rtept lat="39.5841" lon="-8.81939">
			<ele>153.2</ele>
		</rtept>
		<rtept lat="39.58414" lon="-8.81945">
			<ele>153.1</ele>
		</rtept>
		<rtept lat="39.58416" lon="-8.81951">
			<ele>152.8</ele>
		</rtept>
		<rtept lat="39.58424" lon="-8.81962">
			<ele>151.6</ele>
		</rtept>
		<rtept lat="39.5844" lon="-8.81975">
			<ele>149.5</ele>
		</rtept>
		<rtept lat="39.58462" lon="-8.8199">
			<ele>148.4</ele>
		</rtept>
		<rtept lat="39.58464" lon="-8.81991">
			<ele>148.3</ele>
		</rtept>
		<rtept lat="39.58482" lon="-8.82002">
			<ele>147.7</ele>
		</rtept>
		<rtept lat="39.58509" lon="-8.82015">
			<ele>146.7</ele>
		</rtept>
		<rtept lat="39.58531" lon="-8.82046">
			<ele>146.6</ele>
		</rtept>
		<rtept lat="39.58579" lon="-8.82108">
			<ele>145.4</ele>
		</rtept>
		<rtept lat="39.58622" lon="-8.82058">
			<ele>144.5</ele>
		</rtept>
		<rtept lat="39.58652" lon="-8.82046">
			<ele>143.7</ele>
		</rtept>
		<rtept lat="39.58696" lon="-8.82041">
			<ele>143.5</ele>
		</rtept>
		<rtept lat="39.58704" lon="-8.82043">
			<ele>143.6</ele>
		</rtept>
		<rtept lat="39.58719" lon="-8.82044">
			<ele>143.6</ele>
		</rtept>
		<rtept lat="39.58723" lon="-8.82045">
			<ele>143.6</ele>
		</rtept>
		<rtept lat="39.58742" lon="-8.82047">
			<ele>143.0</ele>
		</rtept>
		<rtept lat="39.58748" lon="-8.82048">
			<ele>142.8</ele>
		</rtept>
		<rtept lat="39.58769" lon="-8.82048">
			<ele>142.0</ele>
		</rtept>
		<rtept lat="39.58797" lon="-8.82043">
			<ele>140.6</ele>
		</rtept>
		<rtept lat="39.58808" lon="-8.8204">
			<ele>139.8</ele>
		</rtept>
		<rtept lat="39.58819" lon="-8.82036">
			<ele>139.4</ele>
		</rtept>
		<rtept lat="39.58826" lon="-8.8203">
			<ele>139.1</ele>
		</rtept>
		<rtept lat="39.58835" lon="-8.82019">
			<ele>138.7</ele>
		</rtept>
		<rtept lat="39.58848" lon="-8.81999">
			<ele>138.5</ele>
		</rtept>
		<rtept lat="39.58849" lon="-8.81997">
			<ele>138.6</ele>
		</rtept>
		<rtept lat="39.58858" lon="-8.81977">
			<ele>139.0</ele>
		</rtept>
		<rtept lat="39.58866" lon="-8.81965">
			<ele>139.1</ele>
		</rtept>
		<rtept lat="39.58873" lon="-8.81958">
			<ele>139.2</ele>
		</rtept>
		<rtept lat="39.58888" lon="-8.8195">
			<ele>139.2</ele>
		</rtept>
		<rtept lat="39.58908" lon="-8.81944">
			<ele>139.0</ele>
		</rtept>
		<rtept lat="39.58932" lon="-8.8194">
			<ele>138.4</ele>
		</rtept>
		<rtept lat="39.58939" lon="-8.81938">
			<ele>138.1</ele>
		</rtept>
		<rtept lat="39.58941" lon="-8.81937">
			<ele>138.1</ele>
		</rtept>
		<rtept lat="39.58946" lon="-8.81936">
			<ele>138.0</ele>
		</rtept>
		<rtept lat="39.58955" lon="-8.81931">
			<ele>137.8</ele>
		</rtept>
		<rtept lat="39.58963" lon="-8.81924">
			<ele>137.5</ele>
		</rtept>
		<rtept lat="39.58978" lon="-8.81892">
			<ele>137.0</ele>
		</rtept>
		<rtept lat="39.58994" lon="-8.8187">
			<ele>137.0</ele>
		</rtept>
		<rtept lat="39.59003" lon="-8.81862">
			<ele>136.9</ele>
		</rtept>
		<rtept lat="39.59016" lon="-8.81858">
			<ele>136.3</ele>
		</rtept>
		<rtept lat="39.59028" lon="-8.81858">
			<ele>135.9</ele>
		</rtept>
		<rtept lat="39.59042" lon="-8.81863">
			<ele>135.1</ele>
		</rtept>
		<rtept lat="39.59058" lon="-8.81868">
			<ele>134.3</ele>
		</rtept>
		<rtept lat="39.59078" lon="-8.81875">
			<ele>134.5</ele>
		</rtept>
		<rtept lat="39.59101" lon="-8.81883">
			<ele>134.8</ele>
		</rtept>
		<rtept lat="39.59128" lon="-8.81887">
			<ele>135.0</ele>
		</rtept>
		<rtept lat="39.59165" lon="-8.81894">
			<ele>135.0</ele>
		</rtept>
		<rtept lat="39.59167" lon="-8.81902">
			<ele>135.0</ele>
		</rtept>
		<rtept lat="39.5918" lon="-8.81895">
			<ele>134.4</ele>
		</rtept>
		<rtept lat="39.59189" lon="-8.81892">
			<ele>134.1</ele>
		</rtept>
		<rtept lat="39.59191" lon="-8.81892">
			<ele>134.1</ele>
		</rtept>
		<rtept lat="39.59206" lon="-8.81886">
			<ele>133.2</ele>
		</rtept>
		<rtept lat="39.59229" lon="-8.8188">
			<ele>132.1</ele>
		</rtept>
		<rtept lat="39.59258" lon="-8.81876">
			<ele>131.3</ele>
		</rtept>
		<rtept lat="39.59304" lon="-8.8187">
			<ele>130.1</ele>
		</rtept>
		<rtept lat="39.59423" lon="-8.81857">
			<ele>128.0</ele>
		</rtept>
		<rtept lat="39.59486" lon="-8.8185">
			<ele>126.5</ele>
		</rtept>
		<rtept lat="39.59505" lon="-8.81849">
			<ele>126.0</ele>
		</rtept>
		<rtept lat="39.5951" lon="-8.81853">
			<ele>126.0</ele>
		</rtept>
		<rtept lat="39.59512" lon="-8.81854">
			<ele>126.0</ele>
		</rtept>
		<rtept lat="39.59514" lon="-8.81856">
			<ele>126.0</ele>
		</rtept>
		<rtept lat="39.59519" lon="-8.81863">
			<ele>126.0</ele>
		</rtept>
		<rtept lat="39.59521" lon="-8.81866">
			<ele>126.1</ele>
		</rtept>
		<rtept lat="39.59523" lon="-8.81876">
			<ele>126.4</ele>
		</rtept>
		<rtept lat="39.59533" lon="-8.81873">
			<ele>126.4</ele>
		</rtept>
		<rtept lat="39.59533" lon="-8.81871">
			<ele>126.3</ele>
		</rtept>
		<rtept lat="39.59533" lon="-8.81864">
			<ele>126.1</ele>
		</rtept>
		<rtept lat="39.59536" lon="-8.81856">
			<ele>126.0</ele>
		</rtept>
		<rtept lat="39.59543" lon="-8.81846">
			<ele>126.0</ele>
		</rtept>
		<rtept lat="39.5955" lon="-8.81842">
			<ele>126.0</ele>
		</rtept>
		<rtept lat="39.59678" lon="-8.8183">
			<ele>123.0</ele>
		</rtept>
		<rtept lat="39.59702" lon="-8.81828">
			<ele>123.5</ele>
		</rtept>
		<rtept lat="39.59722" lon="-8.8183">
			<ele>124.1</ele>
		</rtept>
		<rtept lat="39.59735" lon="-8.81834">
			<ele>124.0</ele>
		</rtept>
		<rtept lat="39.59749" lon="-8.81848">
			<ele>123.5</ele>
		</rtept>
		<rtept lat="39.59759" lon="-8.81858">
			<ele>123.8</ele>
		</rtept>
		<rtept lat="39.59763" lon="-8.81863">
			<ele>123.9</ele>
		</rtept>
		<rtept lat="39.59764" lon="-8.81865">
			<ele>123.9</ele>
		</rtept>
		<rtept lat="39.59785" lon="-8.81895">
			<ele>124.4</ele>
		</rtept>
		<rtept lat="39.59791" lon="-8.81903">
			<ele>124.2</ele>
		</rtept>
		<rtept lat="39.59805" lon="-8.81911">
			<ele>123.7</ele>
		</rtept>
		<rtept lat="39.5987" lon="-8.81941">
			<ele>123.9</ele>
		</rtept>
		<rtept lat="39.59912" lon="-8.81962">
			<ele>127.1</ele>
		</rtept>
		<rtept lat="39.59923" lon="-8.81969">
			<ele>127.3</ele>
		</rtept>
		<rtept lat="39.59932" lon="-8.81975">
			<ele>127.2</ele>
		</rtept>
		<rtept lat="39.59938" lon="-8.82001">
			<ele>124.8</ele>
		</rtept>
		<rtept lat="39.59946" lon="-8.82031">
			<ele>123.9</ele>
		</rtept>
		<rtept lat="39.59948" lon="-8.82058">
			<ele>123.1</ele>
		</rtept>
		<rtept lat="39.59932" lon="-8.8206">
			<ele>122.9</ele>
		</rtept>
		<rtept lat="39.59922" lon="-8.82065">
			<ele>122.7</ele>
		</rtept>
		<rtept lat="39.59867" lon="-8.82085">
			<ele>120.2</ele>
		</rtept>
		<rtept lat="39.5985" lon="-8.8209">
			<ele>119.9</ele>
		</rtept>
		<rtept lat="39.59937" lon="-8.82256">
			<ele>121.6</ele>
		</rtept>
		<rtept lat="39.5994" lon="-8.82261">
			<ele>121.3</ele>
		</rtept>
		<rtept lat="39.59957" lon="-8.82282">
			<ele>120.6</ele>
		</rtept>
		<rtept lat="39.59971" lon="-8.82294">
			<ele>120.1</ele>
		</rtept>
		<rtept lat="39.59978" lon="-8.82301">
			<ele>119.8</ele>
		</rtept>
		<rtept lat="39.59984" lon="-8.82308">
			<ele>119.6</ele>
		</rtept>
		<rtept lat="39.5999" lon="-8.82313">
			<ele>119.5</ele>
		</rtept>
		<rtept lat="39.59999" lon="-8.82326">
			<ele>119.1</ele>
		</rtept>
		<rtept lat="39.60007" lon="-8.82353">
			<ele>118.7</ele>
		</rtept>
		<rtept lat="39.60009" lon="-8.82364">
			<ele>118.8</ele>
		</rtept>
		<rtept lat="39.60002" lon="-8.82409">
			<ele>120.6</ele>
		</rtept>
		<rtept lat="39.59996" lon="-8.82448">
			<ele>121.3</ele>
		</rtept>
		<rtept lat="39.59985" lon="-8.82519">
			<ele>121.4</ele>
		</rtept>
		<rtept lat="39.59972" lon="-8.82602">
			<ele>127.1</ele>
		</rtept>
		<rtept lat="39.59971" lon="-8.82629">
			<ele>131.3</ele>
		</rtept>
		<rtept lat="39.59969" lon="-8.82629">
			<ele>131.4</ele>
		</rtept>
		<rtept lat="39.59964" lon="-8.82629">
			<ele>131.5</ele>
		</rtept>
		<rtept lat="39.59957" lon="-8.82631">
			<ele>131.8</ele>
		</rtept>
		<rtept lat="39.59953" lon="-8.82632">
			<ele>132.1</ele>
		</rtept>
		<rtept lat="39.59946" lon="-8.82636">
			<ele>132.7</ele>
		</rtept>
		<rtept lat="39.59938" lon="-8.8264">
			<ele>133.1</ele>
		</rtept>
		<rtept lat="39.5993" lon="-8.82642">
			<ele>133.5</ele>
		</rtept>
		<rtept lat="39.59919" lon="-8.82642">
			<ele>133.5</ele>
		</rtept>
		<rtept lat="39.59913" lon="-8.82644">
			<ele>134.0</ele>
		</rtept>
		<rtept lat="39.5991" lon="-8.82646">
			<ele>134.6</ele>
		</rtept>
		<rtept lat="39.59909" lon="-8.8265">
			<ele>135.2</ele>
		</rtept>
		<rtept lat="39.59908" lon="-8.8266">
			<ele>136.7</ele>
		</rtept>
		<rtept lat="39.59905" lon="-8.8268">
			<ele>139.5</ele>
		</rtept>
		<rtept lat="39.59899" lon="-8.82723">
			<ele>144.3</ele>
		</rtept>
		<rtept lat="39.59894" lon="-8.8275">
			<ele>146.6</ele>
		</rtept>
		<rtept lat="39.59889" lon="-8.8277">
			<ele>147.0</ele>
		</rtept>
		<rtept lat="39.59881" lon="-8.82796">
			<ele>149.2</ele>
		</rtept>
		<rtept lat="39.59876" lon="-8.82819">
			<ele>152.0</ele>
		</rtept>
		<rtept lat="39.59875" lon="-8.82837">
			<ele>153.9</ele>
		</rtept>
		<rtept lat="39.59878" lon="-8.82849">
			<ele>155.5</ele>
		</rtept>
		<rtept lat="39.59884" lon="-8.82862">
			<ele>157.7</ele>
		</rtept>
		<rtept lat="39.59902" lon="-8.82896">
			<ele>162.7</ele>
		</rtept>
		<rtept lat="39.59912" lon="-8.82908">
			<ele>163.7</ele>
		</rtept>
		<rtept lat="39.5993" lon="-8.82933">
			<ele>165.1</ele>
		</rtept>
		<rtept lat="39.59944" lon="-8.82951">
			<ele>166.0</ele>
		</rtept>
		<rtept lat="39.59951" lon="-8.82963">
			<ele>166.2</ele>
		</rtept>
		<rtept lat="39.59971" lon="-8.82994">
			<ele>166.2</ele>
		</rtept>
		<rtept lat="39.59983" lon="-8.83011">
			<ele>166.0</ele>
		</rtept>
		<rtept lat="39.60006" lon="-8.83048">
			<ele>166.0</ele>
		</rtept>
		<rtept lat="39.6" lon="-8.83054">
			<ele>166.0</ele>
		</rtept>
		<rtept lat="39.60006" lon="-8.83062">
			<ele>166.2</ele>
		</rtept>
		<rtept lat="39.60006" lon="-8.83065">
			<ele>166.3</ele>
		</rtept>
		<rtept lat="39.60005" lon="-8.83068">
			<ele>166.4</ele>
		</rtept>
		<rtept lat="39.60004" lon="-8.8307">
			<ele>166.5</ele>
		</rtept>
		<rtept lat="39.60008" lon="-8.83076">
			<ele>166.7</ele>
		</rtept>
		<rtept lat="39.59978" lon="-8.83078">
			<ele>167.0</ele>
		</rtept>
		<rtept lat="39.59958" lon="-8.8308">
			<ele>167.9</ele>
		</rtept>
		<rtept lat="39.59952" lon="-8.83081">
			<ele>168.4</ele>
		</rtept>
		<rtept lat="39.59948" lon="-8.83086">
			<ele>168.8</ele>
		</rtept>
		<rtept lat="39.5994" lon="-8.83098">
			<ele>169.3</ele>
		</rtept>
		<rtept lat="39.59928" lon="-8.83129">
			<ele>170.4</ele>
		</rtept>
		<rtept lat="39.59917" lon="-8.83155">
			<ele>172.2</ele>
		</rtept>
		<rtept lat="39.59914" lon="-8.83162">
			<ele>172.8</ele>
		</rtept>
		<rtept lat="39.59913" lon="-8.83173">
			<ele>173.6</ele>
		</rtept>
		<rtept lat="39.59916" lon="-8.83186">
			<ele>174.5</ele>
		</rtept>
		<rtept lat="39.59918" lon="-8.83199">
			<ele>175.2</ele>
		</rtept>
		<rtept lat="39.59917" lon="-8.83209">
			<ele>176.0</ele>
		</rtept>
		<rtept lat="39.59918" lon="-8.8322">
			<ele>176.8</ele>
		</rtept>
		<rtept lat="39.5991" lon="-8.83223">
			<ele>178.0</ele>
		</rtept>
		<rtept lat="39.59903" lon="-8.83226">
			<ele>179.0</ele>
		</rtept>
		<rtept lat="39.59893" lon="-8.83233">
			<ele>180.8</ele>
		</rtept>
		<rtept lat="39.59882" lon="-8.83238">
			<ele>182.2</ele>
		</rtept>
		<rtept lat="39.59869" lon="-8.83239">
			<ele>183.3</ele>
		</rtept>
		<rtept lat="39.59867" lon="-8.83241">
			<ele>183.5</ele>
		</rtept>
		<rtept lat="39.59863" lon="-8.83246">
			<ele>183.9</ele>
		</rtept>
		<rtept lat="39.5986" lon="-8.83251">
			<ele>184.0</ele>
		</rtept>
		<rtept lat="39.59856" lon="-8.83266">
			<ele>184.3</ele>
		</rtept>
		<rtept lat="39.59854" lon="-8.83278">
			<ele>184.5</ele>
		</rtept>
		<rtept lat="39.59857" lon="-8.83288">
			<ele>184.7</ele>
		</rtept>
		<rtept lat="39.59861" lon="-8.83299">
			<ele>184.8</ele>
		</rtept>
		<rtept lat="39.59862" lon="-8.83306">
			<ele>185.0</ele>
		</rtept>
		<rtept lat="39.59859" lon="-8.83314">
			<ele>186.1</ele>
		</rtept>
		<rtept lat="39.59854" lon="-8.83323">
			<ele>187.7</ele>
		</rtept>
		<rtept lat="39.59851" lon="-8.83328">
			<ele>188.5</ele>
		</rtept>
		<rtept lat="39.59846" lon="-8.83334">
			<ele>189.8</ele>
		</rtept>
		<rtept lat="39.59843" lon="-8.83336">
			<ele>190.5</ele>
		</rtept>
		<rtept lat="39.59835" lon="-8.83336">
			<ele>191.5</ele>
		</rtept>
		<rtept lat="39.59826" lon="-8.83338">
			<ele>192.6</ele>
		</rtept>
		<rtept lat="39.59821" lon="-8.83341">
			<ele>193.8</ele>
		</rtept>
		<rtept lat="39.59818" lon="-8.83348">
			<ele>195.4</ele>
		</rtept>
		<rtept lat="39.59809" lon="-8.83366">
			<ele>200.5</ele>
		</rtept>
		<rtept lat="39.598" lon="-8.83384">
			<ele>205.1</ele>
		</rtept>
		<rtept lat="39.59802" lon="-8.83389">
			<ele>205.7</ele>
		</rtept>
		<rtept lat="39.59805" lon="-8.83396">
			<ele>205.8</ele>
		</rtept>
		<rtept lat="39.59826" lon="-8.83431">
			<ele>208.2</ele>
		</rtept>
		<rtept lat="39.59845" lon="-8.83453">
			<ele>210.3</ele>
		</rtept>
		<rtept lat="39.59864" lon="-8.83474">
			<ele>212.0</ele>
		</rtept>
		<rtept lat="39.59884" lon="-8.83519">
			<ele>218.6</ele>
		</rtept>
		<rtept lat="39.59902" lon="-8.83543">
			<ele>220.8</ele>
		</rtept>
		<rtept lat="39.59922" lon="-8.83571">
			<ele>224.5</ele>
		</rtept>
		<rtept lat="39.59948" lon="-8.83635">
			<ele>232.8</ele>
		</rtept>
		<rtept lat="39.59959" lon="-8.83662">
			<ele>233.5</ele>
		</rtept>
		<rtept lat="39.59965" lon="-8.83691">
			<ele>233.4</ele>
		</rtept>
		<rtept lat="39.5994" lon="-8.83737">
			<ele>237.5</ele>
		</rtept>
		<rtept lat="39.59923" lon="-8.83783">
			<ele>237.3</ele>
		</rtept>
		<rtept lat="39.59911" lon="-8.83829">
			<ele>234.2</ele>
		</rtept>
		<rtept lat="39.59905" lon="-8.8384">
			<ele>234.0</ele>
		</rtept>
		<rtept lat="39.59899" lon="-8.83849">
			<ele>233.9</ele>
		</rtept>
		<rtept lat="39.59889" lon="-8.83857">
			<ele>234.8</ele>
		</rtept>
		<rtept lat="39.5988" lon="-8.83865">
			<ele>235.0</ele>
		</rtept>
		<rtept lat="39.59875" lon="-8.83871">
			<ele>234.6</ele>
		</rtept>
		<rtept lat="39.59868" lon="-8.83881">
			<ele>233.6</ele>
		</rtept>
		<rtept lat="39.59857" lon="-8.83899">
			<ele>230.8</ele>
		</rtept>
		<rtept lat="39.59849" lon="-8.8391">
			<ele>229.1</ele>
		</rtept>
		<rtept lat="39.59836" lon="-8.83924">
			<ele>227.5</ele>
		</rtept>
		<rtept lat="39.59802" lon="-8.83955">
			<ele>225.5</ele>
		</rtept>
		<rtept lat="39.5976" lon="-8.8399">
			<ele>227.9</ele>
		</rtept>
		<rtept lat="39.59744" lon="-8.84005">
			<ele>228.1</ele>
		</rtept>
		<rtept lat="39.59719" lon="-8.84039">
			<ele>225.4</ele>
		</rtept>
		<rtept lat="39.59716" lon="-8.84042">
			<ele>225.3</ele>
		</rtept>
		<rtept lat="39.59717" lon="-8.84046">
			<ele>224.1</ele>
		</rtept>
		<rtept lat="39.5973" lon="-8.84046">
			<ele>222.0</ele>
		</rtept>
		<rtept lat="39.59739" lon="-8.8404">
			<ele>222.0</ele>
		</rtept>
		<rtept lat="39.59749" lon="-8.8404">
			<ele>220.5</ele>
		</rtept>
		<rtept lat="39.59767" lon="-8.84041">
			<ele>217.1</ele>
		</rtept>
		<rtept lat="39.59786" lon="-8.84041">
			<ele>213.2</ele>
		</rtept>
		<rtept lat="39.59801" lon="-8.84042">
			<ele>209.5</ele>
		</rtept>
		<rtept lat="39.59816" lon="-8.84044">
			<ele>206.7</ele>
		</rtept>
		<rtept lat="39.59823" lon="-8.84045">
			<ele>205.7</ele>
		</rtept>
		<rtept lat="39.59838" lon="-8.84044">
			<ele>204.3</ele>
		</rtept>
		<rtept lat="39.59846" lon="-8.84046">
			<ele>203.5</ele>
		</rtept>
		<rtept lat="39.59853" lon="-8.84049">
			<ele>202.5</ele>
		</rtept>
		<rtept lat="39.59865" lon="-8.84059">
			<ele>199.4</ele>
		</rtept>
		<rtept lat="39.59869" lon="-8.84061">
			<ele>198.2</ele>
		</rtept>
		<rtept lat="39.59875" lon="-8.84061">
			<ele>197.0</ele>
		</rtept>
		<rtept lat="39.59883" lon="-8.84058">
			<ele>196.5</ele>
		</rtept>
		<rtept lat="39.59892" lon="-8.84057">
			<ele>194.8</ele>
		</rtept>
		<rtept lat="39.59898" lon="-8.84057">
			<ele>193.4</ele>
		</rtept>
		<rtept lat="39.59905" lon="-8.84056">
			<ele>191.9</ele>
		</rtept>
		<rtept lat="39.59913" lon="-8.84054">
			<ele>190.3</ele>
		</rtept>
		<rtept lat="39.59916" lon="-8.84061">
			<ele>187.9</ele>
		</rtept>
		<rtept lat="39.59911" lon="-8.84066">
			<ele>188.0</ele>
		</rtept>
		<rtept lat="39.59901" lon="-8.84075">
			<ele>188.0</ele>
		</rtept>
		<rtept lat="39.59887" lon="-8.84086">
			<ele>187.7</ele>
		</rtept>
		<rtept lat="39.59867" lon="-8.841">
			<ele>188.5</ele>
		</rtept>
		<rtept lat="39.59848" lon="-8.84112">
			<ele>189.1</ele>
		</rtept>
		<rtept lat="39.59819" lon="-8.8413">
			<ele>190.4</ele>
		</rtept>
		<rtept lat="39.59802" lon="-8.84141">
			<ele>190.7</ele>
		</rtept>
		<rtept lat="39.59787" lon="-8.84155">
			<ele>188.9</ele>
		</rtept>
		<rtept lat="39.59771" lon="-8.8417">
			<ele>188.1</ele>
		</rtept>
		<rtept lat="39.59755" lon="-8.84185">
			<ele>188.2</ele>
		</rtept>
		<rtept lat="39.5974" lon="-8.84203">
			<ele>188.4</ele>
		</rtept>
		<rtept lat="39.5973" lon="-8.84215">
			<ele>188.7</ele>
		</rtept>
		<rtept lat="39.59719" lon="-8.84226">
			<ele>188.8</ele>
		</rtept>
		<rtept lat="39.5971" lon="-8.84235">
			<ele>187.9</ele>
		</rtept>
		<rtept lat="39.59691" lon="-8.84259">
			<ele>184.9</ele>
		</rtept>
		<rtept lat="39.59664" lon="-8.84299">
			<ele>181.2</ele>
		</rtept>
		<rtept lat="39.59654" lon="-8.84312">
			<ele>181.1</ele>
		</rtept>
		<rtept lat="39.59643" lon="-8.84329">
			<ele>181.2</ele>
		</rtept>
		<rtept lat="39.59613" lon="-8.84373">
			<ele>181.4</ele>
		</rtept>
		<rtept lat="39.59603" lon="-8.8439">
			<ele>181.8</ele>
		</rtept>
		<rtept lat="39.59598" lon="-8.84396">
			<ele>181.8</ele>
		</rtept>
		<rtept lat="39.59568" lon="-8.8442">
			<ele>181.9</ele>
		</rtept>
		<rtept lat="39.59565" lon="-8.84425">
			<ele>181.7</ele>
		</rtept>
		<rtept lat="39.59551" lon="-8.84437">
			<ele>182.0</ele>
		</rtept>
		<rtept lat="39.59526" lon="-8.84458">
			<ele>183.7</ele>
		</rtept>
		<rtept lat="39.5952" lon="-8.84464">
			<ele>184.2</ele>
		</rtept>
		<rtept lat="39.59502" lon="-8.84477">
			<ele>185.6</ele>
		</rtept>
		<rtept lat="39.59482" lon="-8.8449">
			<ele>187.3</ele>
		</rtept>
		<rtept lat="39.59447" lon="-8.84516">
			<ele>188.7</ele>
		</rtept>
		<rtept lat="39.59413" lon="-8.84539">
			<ele>188.0</ele>
		</rtept>
		<rtept lat="39.59396" lon="-8.84551">
			<ele>187.9</ele>
		</rtept>
		<rtept lat="39.59359" lon="-8.84573">
			<ele>189.3</ele>
		</rtept>
		<rtept lat="39.59335" lon="-8.84588">
			<ele>189.4</ele>
		</rtept>
		<rtept lat="39.59307" lon="-8.84603">
			<ele>187.9</ele>
		</rtept>
		<rtept lat="39.59298" lon="-8.84612">
			<ele>186.6</ele>
		</rtept>
		<rtept lat="39.59287" lon="-8.84624">
			<ele>184.4</ele>
		</rtept>
		<rtept lat="39.59282" lon="-8.84631">
			<ele>183.2</ele>
		</rtept>
		<rtept lat="39.59282" lon="-8.84633">
			<ele>182.9</ele>
		</rtept>
		<rtept lat="39.59274" lon="-8.84641">
			<ele>181.8</ele>
		</rtept>
		<rtept lat="39.5926" lon="-8.84644">
			<ele>181.7</ele>
		</rtept>
		<rtept lat="39.59239" lon="-8.84653">
			<ele>182.3</ele>
		</rtept>
		<rtept lat="39.5922" lon="-8.84663">
			<ele>183.2</ele>
		</rtept>
		<rtept lat="39.59213" lon="-8.8467">
			<ele>183.0</ele>
		</rtept>
		<rtept lat="39.59193" lon="-8.84686">
			<ele>181.2</ele>
		</rtept>
		<rtept lat="39.59164" lon="-8.8472">
			<ele>178.6</ele>
		</rtept>
		<rtept lat="39.59151" lon="-8.84734">
			<ele>179.3</ele>
		</rtept>
		<rtept lat="39.59121" lon="-8.84765">
			<ele>179.4</ele>
		</rtept>
		<rtept lat="39.59094" lon="-8.84796">
			<ele>180.0</ele>
		</rtept>
		<rtept lat="39.59076" lon="-8.84826">
			<ele>180.8</ele>
		</rtept>
		<rtept lat="39.59062" lon="-8.84848">
			<ele>181.4</ele>
		</rtept>
		<rtept lat="39.59059" lon="-8.84853">
			<ele>181.6</ele>
		</rtept>
		<rtept lat="39.59057" lon="-8.84858">
			<ele>181.8</ele>
		</rtept>
		<rtept lat="39.59021" lon="-8.84893">
			<ele>182.9</ele>
		</rtept>
		<rtept lat="39.59005" lon="-8.84906">
			<ele>182.9</ele>
		</rtept>
		<rtept lat="39.59001" lon="-8.8491">
			<ele>183.0</ele>
		</rtept>
		<rtept lat="39.58964" lon="-8.84959">
			<ele>186.5</ele>
		</rtept>
		<rtept lat="39.5894" lon="-8.84986">
			<ele>189.3</ele>
		</rtept>
		<rtept lat="39.58935" lon="-8.8499">
			<ele>189.7</ele>
		</rtept>
		<rtept lat="39.58932" lon="-8.84992">
			<ele>189.9</ele>
		</rtept>
		<rtept lat="39.5893" lon="-8.84993">
			<ele>190.1</ele>
		</rtept>
		<rtept lat="39.58926" lon="-8.84992">
			<ele>190.3</ele>
		</rtept>
		<rtept lat="39.58919" lon="-8.8499">
			<ele>190.8</ele>
		</rtept>
		<rtept lat="39.58909" lon="-8.84982">
			<ele>191.6</ele>
		</rtept>
		<rtept lat="39.58897" lon="-8.84972">
			<ele>192.5</ele>
		</rtept>
		<rtept lat="39.5889" lon="-8.84968">
			<ele>193.1</ele>
		</rtept>
		<rtept lat="39.5888" lon="-8.84962">
			<ele>194.3</ele>
		</rtept>
		<rtept lat="39.58871" lon="-8.84958">
			<ele>195.4</ele>
		</rtept>
		<rtept lat="39.58867" lon="-8.84958">
			<ele>195.9</ele>
		</rtept>
		<rtept lat="39.5886" lon="-8.84962">
			<ele>196.2</ele>
		</rtept>
		<rtept lat="39.58852" lon="-8.84968">
			<ele>197.1</ele>
		</rtept>
		<rtept lat="39.58829" lon="-8.84984">
			<ele>200.1</ele>
		</rtept>
		<rtept lat="39.58814" lon="-8.84996">
			<ele>201.9</ele>
		</rtept>
		<rtept lat="39.5879" lon="-8.85019">
			<ele>201.4</ele>
		</rtept>
		<rtept lat="39.58749" lon="-8.8505">
			<ele>197.3</ele>
		</rtept>
		<rtept lat="39.58729" lon="-8.85069">
			<ele>194.5</ele>
		</rtept>
		<rtept lat="39.58717" lon="-8.85079">
			<ele>193.5</ele>
		</rtept>
		<rtept lat="39.58689" lon="-8.85095">
			<ele>195.5</ele>
		</rtept>
		<rtept lat="39.5867" lon="-8.85108">
			<ele>197.6</ele>
		</rtept>
		<rtept lat="39.58656" lon="-8.85118">
			<ele>198.8</ele>
		</rtept>
		<rtept lat="39.58639" lon="-8.85134">
			<ele>199.0</ele>
		</rtept>
		<rtept lat="39.5863" lon="-8.85144">
			<ele>198.2</ele>
		</rtept>
		<rtept lat="39.58616" lon="-8.85164">
			<ele>196.7</ele>
		</rtept>
		<rtept lat="39.58531" lon="-8.85286">
			<ele>188.3</ele>
		</rtept>
		<rtept lat="39.58532" lon="-8.8529">
			<ele>187.6</ele>
		</rtept>
		<rtept lat="39.58544" lon="-8.85302">
			<ele>184.1</ele>
		</rtept>
		<rtept lat="39.58563" lon="-8.85323">
			<ele>179.3</ele>
		</rtept>
		<rtept lat="39.58576" lon="-8.85335">
			<ele>176.7</ele>
		</rtept>
		<rtept lat="39.58579" lon="-8.85336">
			<ele>176.3</ele>
		</rtept>
		<rtept lat="39.58583" lon="-8.85337">
			<ele>175.8</ele>
		</rtept>
		<rtept lat="39.58589" lon="-8.85336">
			<ele>175.6</ele>
		</rtept>
		<rtept lat="39.58593" lon="-8.85338">
			<ele>175.3</ele>
		</rtept>
		<rtept lat="39.58603" lon="-8.85348">
			<ele>174.3</ele>
		</rtept>
		<rtept lat="39.5861" lon="-8.85357">
			<ele>173.3</ele>
		</rtept>
		<rtept lat="39.58619" lon="-8.85369">
			<ele>172.3</ele>
		</rtept>
		<rtept lat="39.58621" lon="-8.85373">
			<ele>172.0</ele>
		</rtept>
		<rtept lat="39.58624" lon="-8.85385">
			<ele>171.2</ele>
		</rtept>
		<rtept lat="39.58633" lon="-8.85429">
			<ele>169.2</ele>
		</rtept>
		<rtept lat="39.58637" lon="-8.8544">
			<ele>169.1</ele>
		</rtept>
		<rtept lat="39.58634" lon="-8.85442">
			<ele>169.2</ele>
		</rtept>
		<rtept lat="39.58628" lon="-8.85447">
			<ele>169.3</ele>
		</rtept>
		<rtept lat="39.58601" lon="-8.85466">
			<ele>169.5</ele>
		</rtept>
		<rtept lat="39.58581" lon="-8.85478">
			<ele>170.4</ele>
		</rtept>
		<rtept lat="39.58568" lon="-8.85486">
			<ele>171.9</ele>
		</rtept>
		<rtept lat="39.5855" lon="-8.85493">
			<ele>174.0</ele>
		</rtept>
		<rtept lat="39.58537" lon="-8.85495">
			<ele>175.1</ele>
		</rtept>
		<rtept lat="39.58528" lon="-8.85496">
			<ele>175.8</ele>
		</rtept>
		<rtept lat="39.58514" lon="-8.85484">
			<ele>175.7</ele>
		</rtept>
		<rtept lat="39.5851" lon="-8.8548">
			<ele>175.7</ele>
		</rtept>
		<rtept lat="39.58504" lon="-8.85479">
			<ele>175.9</ele>
		</rtept>
		<rtept lat="39.58501" lon="-8.8548">
			<ele>176.0</ele>
		</rtept>
		<rtept lat="39.58498" lon="-8.85482">
			<ele>176.1</ele>
		</rtept>
		<rtept lat="39.58492" lon="-8.85488">
			<ele>176.1</ele>
		</rtept>
		<rtept lat="39.58488" lon="-8.85494">
			<ele>176.1</ele>
		</rtept>
		<rtept lat="39.58486" lon="-8.85503">
			<ele>176.0</ele>
		</rtept>
		<rtept lat="39.585" lon="-8.85525">
			<ele>175.1</ele>
		</rtept>
		<rtept lat="39.58533" lon="-8.85574">
			<ele>172.6</ele>
		</rtept>
		<rtept lat="39.5855" lon="-8.85602">
			<ele>169.4</ele>
		</rtept>
		<rtept lat="39.58567" lon="-8.85632">
			<ele>166.5</ele>
		</rtept>
		<rtept lat="39.58576" lon="-8.85645">
			<ele>165.5</ele>
		</rtept>
		<rtept lat="39.58595" lon="-8.85682">
			<ele>164.6</ele>
		</rtept>
		<rtept lat="39.58613" lon="-8.85712">
			<ele>163.3</ele>
		</rtept>
		<rtept lat="39.5862" lon="-8.85721">
			<ele>162.7</ele>
		</rtept>
		<rtept lat="39.5863" lon="-8.85731">
			<ele>161.6</ele>
		</rtept>
		<rtept lat="39.5864" lon="-8.85739">
			<ele>160.8</ele>
		</rtept>
		<rtept lat="39.58675" lon="-8.85763">
			<ele>157.8</ele>
		</rtept>
		<rtept lat="39.58699" lon="-8.85781">
			<ele>154.5</ele>
		</rtept>
		<rtept lat="39.58706" lon="-8.85787">
			<ele>153.7</ele>
		</rtept>
		<rtept lat="39.58713" lon="-8.85793">
			<ele>152.8</ele>
		</rtept>
		<rtept lat="39.58722" lon="-8.85801">
			<ele>151.4</ele>
		</rtept>
		<rtept lat="39.58725" lon="-8.85806">
			<ele>150.9</ele>
		</rtept>
		<rtept lat="39.58727" lon="-8.8581">
			<ele>150.7</ele>
		</rtept>
		<rtept lat="39.58737" lon="-8.85827">
			<ele>150.1</ele>
		</rtept>
		<rtept lat="39.58748" lon="-8.85858">
			<ele>150.1</ele>
		</rtept>
		<rtept lat="39.58763" lon="-8.85893">
			<ele>148.0</ele>
		</rtept>
		<rtept lat="39.58769" lon="-8.85904">
			<ele>147.6</ele>
		</rtept>
		<rtept lat="39.58773" lon="-8.85909">
			<ele>147.3</ele>
		</rtept>
		<rtept lat="39.5878" lon="-8.85915">
			<ele>147.0</ele>
		</rtept>
		<rtept lat="39.58798" lon="-8.85928">
			<ele>147.3</ele>
		</rtept>
		<rtept lat="39.58813" lon="-8.85941">
			<ele>148.2</ele>
		</rtept>
		<rtept lat="39.58837" lon="-8.85964">
			<ele>149.1</ele>
		</rtept>
		<rtept lat="39.58855" lon="-8.85981">
			<ele>149.8</ele>
		</rtept>
		<rtept lat="39.58879" lon="-8.86003">
			<ele>150.7</ele>
		</rtept>
		<rtept lat="39.58915" lon="-8.86039">
			<ele>152.3</ele>
		</rtept>
		<rtept lat="39.58934" lon="-8.86058">
			<ele>153.1</ele>
		</rtept>
		<rtept lat="39.58947" lon="-8.8607">
			<ele>153.4</ele>
		</rtept>
		<rtept lat="39.58949" lon="-8.86102">
			<ele>153.9</ele>
		</rtept>
		<rtept lat="39.5895" lon="-8.86105">
			<ele>154.0</ele>
		</rtept>
		<rtept lat="39.58959" lon="-8.86124">
			<ele>153.8</ele>
		</rtept>
		<rtept lat="39.58965" lon="-8.86135">
			<ele>153.8</ele>
		</rtept>
		<rtept lat="39.58977" lon="-8.86134">
			<ele>154.0</ele>
		</rtept>
		<rtept lat="39.58979" lon="-8.86151">
			<ele>154.3</ele>
		</rtept>
		<rtept lat="39.58994" lon="-8.8615">
			<ele>154.1</ele>
		</rtept>
	</rte>
	<rte>
		<name>Day 3</name>
		<rtept lat="39.63146" lon="-8.67328">
			<ele>343.2</ele>
		</rtept>
		<rtept lat="39.63104" lon="-8.67384">
			<ele>345.2</ele>
		</rtept>
		<rtept lat="39.6303" lon="-8.67483">
			<ele>347.9</ele>
		</rtept>
		<rtept lat="39.63028" lon="-8.67479">
			<ele>347.5</ele>
		</rtept>
		<rtept lat="39.62972" lon="-8.67413">
			<ele>349.0</ele>
		</rtept>
		<rtept lat="39.62833" lon="-8.6759">
			<ele>352.5</ele>
		</rtept>
		<rtept lat="39.62828" lon="-8.67602">
			<ele>351.8</ele>
		</rtept>
		<rtept lat="39.62811" lon="-8.67643">
			<ele>350.3</ele>
		</rtept>
		<rtept lat="39.62793" lon="-8.67666">
			<ele>349.5</ele>
		</rtept>
		<rtept lat="39.62782" lon="-8.67679">
			<ele>349.0</ele>
		</rtept>
		<rtept lat="39.62752" lon="-8.67693">
			<ele>347.2</ele>
		</rtept>
		<rtept lat="39.62735" lon="-8.67724">
			<ele>345.5</ele>
		</rtept>
		<rtept lat="39.62729" lon="-8.67735">
			<ele>345.6</ele>
		</rtept>
		<rtept lat="39.62725" lon="-8.67746">
			<ele>345.9</ele>
		</rtept>
		<rtept lat="39.62726" lon="-8.67765">
			<ele>346.0</ele>
		</rtept>
		<rtept lat="39.62728" lon="-8.6779">
			<ele>346.3</ele>
		</rtept>
		<rtept lat="39.62732" lon="-8.67816">
			<ele>346.4</ele>
		</rtept>
		<rtept lat="39.62749" lon="-8.67838">
			<ele>346.2</ele>
		</rtept>
		<rtept lat="39.62728" lon="-8.67864">
			<ele>348.7</ele>
		</rtept>
		<rtept lat="39.62696" lon="-8.67905">
			<ele>352.1</ele>
		</rtept>
		<rtept lat="39.62714" lon="-8.67927">
			<ele>352.0</ele>
		</rtept>
		<rtept lat="39.62733" lon="-8.6795">
			<ele>349.1</ele>
		</rtept>
		<rtept lat="39.62725" lon="-8.6796">
			<ele>349.5</ele>
		</rtept>
		<rtept lat="39.62728" lon="-8.67963">
			<ele>348.8</ele>
		</rtept>
		<rtept lat="39.62733" lon="-8.6797">
			<ele>347.6</ele>
		</rtept>
		<rtept lat="39.62734" lon="-8.67972">
			<ele>347.4</ele>
		</rtept>
		<rtept lat="39.62733" lon="-8.67977">
			<ele>347.5</ele>
		</rtept>
		<rtept lat="39.6273" lon="-8.67979">
			<ele>347.9</ele>
		</rtept>
		<rtept lat="39.62737" lon="-8.67986">
			<ele>346.9</ele>
		</rtept>
		<rtept lat="39.62733" lon="-8.6799">
			<ele>347.5</ele>
		</rtept>
		<rtept lat="39.62712" lon="-8.68017">
			<ele>348.9</ele>
		</rtept>
		<rtept lat="39.62697" lon="-8.68044">
			<ele>348.3</ele>
		</rtept>
		<rtept lat="39.62687" lon="-8.68075">
			<ele>347.7</ele>
		</rtept>
		<rtept lat="39.6268" lon="-8.68102">
			<ele>347.7</ele>
		</rtept>
		<rtept lat="39.62677" lon="-8.68111">
			<ele>347.6</ele>
		</rtept>
		<rtept lat="39.6264" lon="-8.68226">
			<ele>350.8</ele>
		</rtept>
		<rtept lat="39.62629" lon="-8.68266">
			<ele>350.3</ele>
		</rtept>
		<rtept lat="39.62622" lon="-8.68302">
			<ele>350.6</ele>
		</rtept>
		<rtept lat="39.62613" lon="-8.68348">
			<ele>354.0</ele>
		</rtept>
		<rtept lat="39.62607" lon="-8.68402">
			<ele>357.7</ele>
		</rtept>
		<rtept lat="39.62605" lon="-8.68431">
			<ele>358.1</ele>
		</rtept>
		<rtept lat="39.62602" lon="-8.6846">
			<ele>357.8</ele>
		</rtept>
		<rtept lat="39.62599" lon="-8.68473">
			<ele>357.0</ele>
		</rtept>
		<rtept lat="39.62594" lon="-8.68487">
			<ele>355.3</ele>
		</rtept>
		<rtept lat="39.62586" lon="-8.685">
			<ele>353.2</ele>
		</rtept>
		<rtept lat="39.6257" lon="-8.68518">
			<ele>352.0</ele>
		</rtept>
		<rtept lat="39.62547" lon="-8.68543">
			<ele>353.1</ele>
		</rtept>
		<rtept lat="39.6253" lon="-8.68554">
			<ele>355.6</ele>
		</rtept>
		<rtept lat="39.62517" lon="-8.6856">
			<ele>357.3</ele>
		</rtept>
		<rtept lat="39.62476" lon="-8.68576">
			<ele>360.6</ele>
		</rtept>
		<rtept lat="39.62458" lon="-8.68586">
			<ele>360.5</ele>
		</rtept>
		<rtept lat="39.6245" lon="-8.68593">
			<ele>360.5</ele>
		</rtept>
		<rtept lat="39.6244" lon="-8.68603">
			<ele>360.8</ele>
		</rtept>
		<rtept lat="39.62432" lon="-8.68614">
			<ele>361.1</ele>
		</rtept>
		<rtept lat="39.62422" lon="-8.6863">
			<ele>361.7</ele>
		</rtept>
		<rtept lat="39.62411" lon="-8.68644">
			<ele>361.1</ele>
		</rtept>
		<rtept lat="39.62379" lon="-8.68681">
			<ele>355.9</ele>
		</rtept>
		<rtept lat="39.62348" lon="-8.68712">
			<ele>355.8</ele>
		</rtept>
		<rtept lat="39.62334" lon="-8.68725">
			<ele>356.9</ele>
		</rtept>
		<rtept lat="39.62319" lon="-8.68736">
			<ele>356.5</ele>
		</rtept>
		<rtept lat="39.62313" lon="-8.68739">
			<ele>356.4</ele>
		</rtept>
		<rtept lat="39.62306" lon="-8.68741">
			<ele>356.3</ele>
		</rtept>
		<rtept lat="39.623" lon="-8.68742">
			<ele>357.0</ele>
		</rtept>
		<rtept lat="39.62295" lon="-8.68742">
			<ele>357.7</ele>
		</rtept>
		<rtept lat="39.6227" lon="-8.68742">
			<ele>360.8</ele>
		</rtept>
		<rtept lat="39.62246" lon="-8.68743">
			<ele>363.1</ele>
		</rtept>
		<rtept lat="39.62241" lon="-8.68744">
			<ele>363.2</ele>
		</rtept>
		<rtept lat="39.62236" lon="-8.68745">
			<ele>363.4</ele>
		</rtept>
		<rtept lat="39.6222" lon="-8.68752">
			<ele>363.9</ele>
		</rtept>
		<rtept lat="39.62212" lon="-8.68756">
			<ele>363.7</ele>
		</rtept>
		<rtept lat="39.62203" lon="-8.68764">
			<ele>363.6</ele>
		</rtept>
		<rtept lat="39.62197" lon="-8.6877">
			<ele>363.7</ele>
		</rtept>
		<rtept lat="39.62191" lon="-8.68777">
			<ele>363.9</ele>
		</rtept>
		<rtept lat="39.62181" lon="-8.68797">
			<ele>363.5</ele>
		</rtept>
		<rtept lat="39.62171" lon="-8.68826">
			<ele>362.4</ele>
		</rtept>
		<rtept lat="39.62159" lon="-8.68859">
			<ele>360.8</ele>
		</rtept>
		<rtept lat="39.6215" lon="-8.68888">
			<ele>358.4</ele>
		</rtept>
		<rtept lat="39.62144" lon="-8.68918">
			<ele>358.4</ele>
		</rtept>
		<rtept lat="39.6214" lon="-8.68955">
			<ele>359.5</ele>
		</rtept>
		<rtept lat="39.6214" lon="-8.69013">
			<ele>359.1</ele>
		</rtept>
		<rtept lat="39.6214" lon="-8.69043">
			<ele>357.4</ele>
		</rtept>
		<rtept lat="39.62138" lon="-8.69065">
			<ele>357.0</ele>
		</rtept>
		<rtept lat="39.62136" lon="-8.69075">
			<ele>357.1</ele>
		</rtept>
		<rtept lat="39.6213" lon="-8.69094">
			<ele>357.2</ele>
		</rtept>
		<rtept lat="39.62122" lon="-8.69109">
			<ele>357.0</ele>
		</rtept>
		<rtept lat="39.62111" lon="-8.69125">
			<ele>357.0</ele>
		</rtept>
		<rtept lat="39.62088" lon="-8.69154">
			<ele>355.2</ele>
		</rtept>
		<rtept lat="39.62078" lon="-8.69166">
			<ele>355.0</ele>
		</rtept>
		<rtept lat="39.62066" lon="-8.69182">
			<ele>355.6</ele>
		</rtept>
		<rtept lat="39.62043" lon="-8.69209">
			<ele>356.7</ele>
		</rtept>
		<rtept lat="39.62023" lon="-8.69237">
			<ele>358.2</ele>
		</rtept>
		<rtept lat="39.6201" lon="-8.69262">
			<ele>359.4</ele>
		</rtept>
		<rtept lat="39.62002" lon="-8.69281">
			<ele>360.0</ele>
		</rtept>
		<rtept lat="39.61998" lon="-8.69298">
			<ele>360.0</ele>
		</rtept>
		<rtept lat="39.61995" lon="-8.69311">
			<ele>360.0</ele>
		</rtept>
		<rtept lat="39.61986" lon="-8.69309">
			<ele>359.9</ele>
		</rtept>
		<rtept lat="39.61982" lon="-8.69304">
			<ele>360.0</ele>
		</rtept>
		<rtept lat="39.6196" lon="-8.69293">
			<ele>361.1</ele>
		</rtept>
		<rtept lat="39.61953" lon="-8.6929">
			<ele>361.6</ele>
		</rtept>
		<rtept lat="39.61949" lon="-8.6929">
			<ele>361.8</ele>
		</rtept>
		<rtept lat="39.61946" lon="-8.6929">
			<ele>362.0</ele>
		</rtept>
		<rtept lat="39.61941" lon="-8.69292">
			<ele>362.2</ele>
		</rtept>
		<rtept lat="39.61937" lon="-8.69293">
			<ele>362.3</ele>
		</rtept>
		<rtept lat="39.61933" lon="-8.69295">
			<ele>362.3</ele>
		</rtept>
		<rtept lat="39.61929" lon="-8.69299">
			<ele>362.2</ele>
		</rtept>
		<rtept lat="39.6192" lon="-8.69308">
			<ele>361.7</ele>
		</rtept>
		<rtept lat="39.61897" lon="-8.69338">
			<ele>360.4</ele>
		</rtept>
		<rtept lat="39.61895" lon="-8.69342">
			<ele>360.2</ele>
		</rtept>
		<rtept lat="39.61885" lon="-8.69354">
			<ele>359.4</ele>
		</rtept>
		<rtept lat="39.61874" lon="-8.69367">
			<ele>359.0</ele>
		</rtept>
		<rtept lat="39.61866" lon="-8.69376">
			<ele>359.3</ele>
		</rtept>
		<rtept lat="39.6186" lon="-8.69385">
			<ele>360.0</ele>
		</rtept>
		<rtept lat="39.61853" lon="-8.69396">
			<ele>361.1</ele>
		</rtept>
		<rtept lat="39.6185" lon="-8.69402">
			<ele>361.7</ele>
		</rtept>
		<rtept lat="39.61846" lon="-8.6941">
			<ele>362.4</ele>
		</rtept>
		<rtept lat="39.61844" lon="-8.69415">
			<ele>362.8</ele>
		</rtept>
		<rtept lat="39.61838" lon="-8.69433">
			<ele>364.0</ele>
		</rtept>
		<rtept lat="39.61833" lon="-8.6945">
			<ele>365.2</ele>
		</rtept>
		<rtept lat="39.61833" lon="-8.69453">
			<ele>365.4</ele>
		</rtept>
		<rtept lat="39.61828" lon="-8.69468">
			<ele>366.7</ele>
		</rtept>
		<rtept lat="39.6182" lon="-8.69494">
			<ele>366.8</ele>
		</rtept>
		<rtept lat="39.61813" lon="-8.69517">
			<ele>365.5</ele>
		</rtept>
		<rtept lat="39.61802" lon="-8.69566">
			<ele>363.0</ele>
		</rtept>
		<rtept lat="39.61798" lon="-8.69583">
			<ele>362.8</ele>
		</rtept>
		<rtept lat="39.61797" lon="-8.69597">
			<ele>363.0</ele>
		</rtept>
		<rtept lat="39.61797" lon="-8.69611">
			<ele>362.9</ele>
		</rtept>
		<rtept lat="39.61798" lon="-8.6963">
			<ele>363.3</ele>
		</rtept>
		<rtept lat="39.61799" lon="-8.69644">
			<ele>363.6</ele>
		</rtept>
		<rtept lat="39.61801" lon="-8.69659">
			<ele>363.9</ele>
		</rtept>
		<rtept lat="39.61801" lon="-8.69671">
			<ele>364.3</ele>
		</rtept>
		<rtept lat="39.61798" lon="-8.69682">
			<ele>364.8</ele>
		</rtept>
		<rtept lat="39.61792" lon="-8.69698">
			<ele>365.6</ele>
		</rtept>
		<rtept lat="39.61783" lon="-8.69719">
			<ele>366.0</ele>
		</rtept>
		<rtept lat="39.6177" lon="-8.69742">
			<ele>367.6</ele>
		</rtept>
		<rtept lat="39.61754" lon="-8.69765">
			<ele>367.5</ele>
		</rtept>
		<rtept lat="39.61741" lon="-8.69777">
			<ele>366.4</ele>
		</rtept>
		<rtept lat="39.61728" lon="-8.69784">
			<ele>365.0</ele>
		</rtept>
		<rtept lat="39.61715" lon="-8.69787">
			<ele>364.1</ele>
		</rtept>
		<rtept lat="39.61709" lon="-8.69788">
			<ele>363.9</ele>
		</rtept>
		<rtept lat="39.61702" lon="-8.69788">
			<ele>363.8</ele>
		</rtept>
		<rtept lat="39.61692" lon="-8.69787">
			<ele>363.7</ele>
		</rtept>
		<rtept lat="39.6169" lon="-8.69787">
			<ele>363.8</ele>
		</rtept>
		<rtept lat="39.61686" lon="-8.69786">
			<ele>364.0</ele>
		</rtept>
		<rtept lat="39.6168" lon="-8.69785">
			<ele>364.2</ele>
		</rtept>
		<rtept lat="39.61677" lon="-8.69785">
			<ele>364.4</ele>
		</rtept>
		<rtept lat="39.61673" lon="-8.69784">
			<ele>364.5</ele>
		</rtept>
		<rtept lat="39.61662" lon="-8.6978">
			<ele>364.9</ele>
		</rtept>
		<rtept lat="39.61654" lon="-8.69771">
			<ele>365.1</ele>
		</rtept>
		<rtept lat="39.61642" lon="-8.69766">
			<ele>365.4</ele>
		</rtept>
		<rtept lat="39.61638" lon="-8.69765">
			<ele>365.5</ele>
		</rtept>
		<rtept lat="39.61627" lon="-8.69747">
			<ele>366.5</ele>
		</rtept>
		<rtept lat="39.61625" lon="-8.69747">
			<ele>366.6</ele>
		</rtept>
		<rtept lat="39.61623" lon="-8.69747">
			<ele>366.7</ele>
		</rtept>
		<rtept lat="39.61621" lon="-8.69745">
			<ele>366.8</ele>
		</rtept>
		<rtept lat="39.61614" lon="-8.69737">
			<ele>367.4</ele>
		</rtept>
		<rtept lat="39.61607" lon="-8.69728">
			<ele>367.6</ele>
		</rtept>
		<rtept lat="39.61599" lon="-8.69719">
			<ele>367.6</ele>
		</rtept>
		<rtept lat="39.61596" lon="-8.69724">
			<ele>367.4</ele>
		</rtept>
		<rtept lat="39.61581" lon="-8.69707">
			<ele>367.5</ele>
		</rtept>
		<rtept lat="39.61577" lon="-8.69699">
			<ele>367.6</ele>
		</rtept>
		<rtept lat="39.6157" lon="-8.69685">
			<ele>367.5</ele>
		</rtept>
		<rtept lat="39.61568" lon="-8.69681">
			<ele>367.4</ele>
		</rtept>
		<rtept lat="39.61563" lon="-8.69675">
			<ele>367.3</ele>
		</rtept>
		<rtept lat="39.61561" lon="-8.69673">
			<ele>367.2</ele>
		</rtept>
		<rtept lat="39.61557" lon="-8.69671">
			<ele>367.1</ele>
		</rtept>
		<rtept lat="39.61554" lon="-8.69669">
			<ele>366.9</ele>
		</rtept>
		<rtept lat="39.61535" lon="-8.69662">
			<ele>366.4</ele>
		</rtept>
		<rtept lat="39.61528" lon="-8.69659">
			<ele>366.3</ele>
		</rtept>
		<rtept lat="39.61525" lon="-8.69657">
			<ele>366.4</ele>
		</rtept>
		<rtept lat="39.6152" lon="-8.69656">
			<ele>366.6</ele>
		</rtept>
		<rtept lat="39.61514" lon="-8.69656">
			<ele>366.7</ele>
		</rtept>
		<rtept lat="39.61509" lon="-8.69657">
			<ele>366.8</ele>
		</rtept>
		<rtept lat="39.61505" lon="-8.69658">
			<ele>366.9</ele>
		</rtept>
		<rtept lat="39.61501" lon="-8.69659">
			<ele>367.0</ele>
		</rtept>
		<rtept lat="39.61497" lon="-8.69662">
			<ele>367.0</ele>
		</rtept>
		<rtept lat="39.6149" lon="-8.69667">
			<ele>367.0</ele>
		</rtept>
		<rtept lat="39.61485" lon="-8.69669">
			<ele>367.0</ele>
		</rtept>
		<rtept lat="39.61481" lon="-8.6967">
			<ele>367.1</ele>
		</rtept>
		<rtept lat="39.61476" lon="-8.69671">
			<ele>367.1</ele>
		</rtept>
		<rtept lat="39.61468" lon="-8.69671">
			<ele>367.3</ele>
		</rtept>
		<rtept lat="39.61463" lon="-8.69672">
			<ele>367.5</ele>
		</rtept>
		<rtept lat="39.61454" lon="-8.69674">
			<ele>367.7</ele>
		</rtept>
		<rtept lat="39.61446" lon="-8.69676">
			<ele>368.0</ele>
		</rtept>
		<rtept lat="39.61442" lon="-8.69678">
			<ele>368.0</ele>
		</rtept>
		<rtept lat="39.61437" lon="-8.6968">
			<ele>368.0</ele>
		</rtept>
		<rtept lat="39.61435" lon="-8.69682">
			<ele>368.0</ele>
		</rtept>
		<rtept lat="39.61432" lon="-8.69686">
			<ele>368.0</ele>
		</rtept>
		<rtept lat="39.61431" lon="-8.69689">
			<ele>368.0</ele>
		</rtept>
		<rtept lat="39.61426" lon="-8.69689">
			<ele>368.0</ele>
		</rtept>
		<rtept lat="39.61426" lon="-8.69685">
			<ele>368.0</ele>
		</rtept>
		<rtept lat="39.61425" lon="-8.69681">
			<ele>368.0</ele>
		</rtept>
		<rtept lat="39.61424" lon="-8.69678">
			<ele>368.0</ele>
		</rtept>
		<rtept lat="39.61422" lon="-8.69676">
			<ele>368.0</ele>
		</rtept>
		<rtept lat="39.61419" lon="-8.69674">
			<ele>368.0</ele>
		</rtept>
		<rtept lat="39.61414" lon="-8.69672">
			<ele>368.1</ele>
		</rtept>
		<rtept lat="39.61409" lon="-8.69672">
			<ele>368.2</ele>
		</rtept>
		<rtept lat="39.61405" lon="-8.69672">
			<ele>368.3</ele>
		</rtept>
		<rtept lat="39.614" lon="-8.69674">
			<ele>368.4</ele>
		</rtept>
		<rtept lat="39.61391" lon="-8.69678">
			<ele>368.5</ele>
		</rtept>
		<rtept lat="39.61382" lon="-8.69684">
			<ele>368.5</ele>
		</rtept>
		<rtept lat="39.61371" lon="-8.69691">
			<ele>368.2</ele>
		</rtept>
		<rtept lat="39.61364" lon="-8.69699">
			<ele>367.9</ele>
		</rtept>
		<rtept lat="39.61361" lon="-8.69704">
			<ele>367.7</ele>
		</rtept>
		<rtept lat="39.61359" lon="-8.69709">
			<ele>367.5</ele>
		</rtept>
		<rtept lat="39.61356" lon="-8.69716">
			<ele>367.4</ele>
		</rtept>
		<rtept lat="39.61353" lon="-8.69714">
			<ele>367.5</ele>
		</rtept>
		<rtept lat="39.61349" lon="-8.69712">
			<ele>367.6</ele>
		</rtept>
		<rtept lat="39.61346" lon="-8.69712">
			<ele>367.7</ele>
		</rtept>
		<rtept lat="39.61343" lon="-8.69713">
			<ele>367.8</ele>
		</rtept>
		<rtept lat="39.61339" lon="-8.69716">
			<ele>367.8</ele>
		</rtept>
		<rtept lat="39.61335" lon="-8.69719">
			<ele>367.9</ele>
		</rtept>
		<rtept lat="39.61312" lon="-8.69742">
			<ele>369.5</ele>
		</rtept>
		<rtept lat="39.61287" lon="-8.69782">
			<ele>373.1</ele>
		</rtept>
		<rtept lat="39.61276" lon="-8.69806">
			<ele>376.0</ele>
		</rtept>
		<rtept lat="39.61265" lon="-8.69833">
			<ele>378.1</ele>
		</rtept>
		<rtept lat="39.61251" lon="-8.69865">
			<ele>381.1</ele>
		</rtept>
		<rtept lat="39.61245" lon="-8.69878">
			<ele>381.7</ele>
		</rtept>
		<rtept lat="39.61244" lon="-8.69883">
			<ele>381.8</ele>
		</rtept>
		<rtept lat="39.61243" lon="-8.69892">
			<ele>382.0</ele>
		</rtept>
		<rtept lat="39.61241" lon="-8.69907">
			<ele>382.0</ele>
		</rtept>
		<rtept lat="39.61237" lon="-8.69921">
			<ele>382.1</ele>
		</rtept>
		<rtept lat="39.61233" lon="-8.69927">
			<ele>382.5</ele>
		</rtept>
		<rtept lat="39.61215" lon="-8.69964">
			<ele>385.7</ele>
		</rtept>
		<rtept lat="39.61211" lon="-8.69973">
			<ele>386.6</ele>
		</rtept>
		<rtept lat="39.61202" lon="-8.7">
			<ele>387.2</ele>
		</rtept>
		<rtept lat="39.61197" lon="-8.70015">
			<ele>387.7</ele>
		</rtept>
		<rtept lat="39.61196" lon="-8.70025">
			<ele>387.8</ele>
		</rtept>
		<rtept lat="39.61197" lon="-8.70033">
			<ele>387.5</ele>
		</rtept>
		<rtept lat="39.61199" lon="-8.70053">
			<ele>386.7</ele>
		</rtept>
		<rtept lat="39.61198" lon="-8.70059">
			<ele>386.7</ele>
		</rtept>
		<rtept lat="39.61194" lon="-8.70065">
			<ele>387.1</ele>
		</rtept>
		<rtept lat="39.61172" lon="-8.70091">
			<ele>389.7</ele>
		</rtept>
		<rtept lat="39.61157" lon="-8.70107">
			<ele>392.3</ele>
		</rtept>
		<rtept lat="39.61144" lon="-8.70116">
			<ele>394.5</ele>
		</rtept>
		<rtept lat="39.61119" lon="-8.7013">
			<ele>397.8</ele>
		</rtept>
		<rtept lat="39.61097" lon="-8.70148">
			<ele>401.0</ele>
		</rtept>
		<rtept lat="39.61057" lon="-8.70176">
			<ele>406.5</ele>
		</rtept>
		<rtept lat="39.61041" lon="-8.70187">
			<ele>409.8</ele>
		</rtept>
		<rtept lat="39.61016" lon="-8.70191">
			<ele>413.9</ele>
		</rtept>
		<rtept lat="39.60997" lon="-8.70194">
			<ele>416.7</ele>
		</rtept>
		<rtept lat="39.60988" lon="-8.70196">
			<ele>418.6</ele>
		</rtept>
		<rtept lat="39.60979" lon="-8.70202">
			<ele>420.1</ele>
		</rtept>
		<rtept lat="39.60971" lon="-8.70208">
			<ele>420.8</ele>
		</rtept>
		<rtept lat="39.60961" lon="-8.70217">
			<ele>421.6</ele>
		</rtept>
		<rtept lat="39.60955" lon="-8.70225">
			<ele>421.9</ele>
		</rtept>
		<rtept lat="39.60951" lon="-8.70235">
			<ele>421.8</ele>
		</rtept>
		<rtept lat="39.60947" lon="-8.70244">
			<ele>421.4</ele>
		</rtept>
		<rtept lat="39.60939" lon="-8.70273">
			<ele>419.8</ele>
		</rtept>
		<rtept lat="39.60934" lon="-8.70286">
			<ele>418.4</ele>
		</rtept>
		<rtept lat="39.60929" lon="-8.70295">
			<ele>417.3</ele>
		</rtept>
		<rtept lat="39.6092" lon="-8.70309">
			<ele>415.2</ele>
		</rtept>
		<rtept lat="39.6091" lon="-8.70331">
			<ele>411.0</ele>
		</rtept>
		<rtept lat="39.60909" lon="-8.70339">
			<ele>409.8</ele>
		</rtept>
		<rtept lat="39.60911" lon="-8.70346">
			<ele>408.5</ele>
		</rtept>
		<rtept lat="39.60913" lon="-8.7035">
			<ele>407.9</ele>
		</rtept>
		<rtept lat="39.60917" lon="-8.70355">
			<ele>406.9</ele>
		</rtept>
		<rtept lat="39.60926" lon="-8.70363">
			<ele>406.2</ele>
		</rtept>
		<rtept lat="39.60934" lon="-8.70369">
			<ele>405.9</ele>
		</rtept>
		<rtept lat="39.60939" lon="-8.70377">
			<ele>405.2</ele>
		</rtept>
		<rtept lat="39.60941" lon="-8.70385">
			<ele>404.4</ele>
		</rtept>
		<rtept lat="39.60939" lon="-8.70394">
			<ele>403.5</ele>
		</rtept>
		<rtept lat="39.60927" lon="-8.70428">
			<ele>399.7</ele>
		</rtept>
		<rtept lat="39.60924" lon="-8.70435">
			<ele>398.7</ele>
		</rtept>
		<rtept lat="39.6092" lon="-8.70437">
			<ele>398.2</ele>
		</rtept>
		<rtept lat="39.60914" lon="-8.70439">
			<ele>397.9</ele>
		</rtept>
		<rtept lat="39.60907" lon="-8.70439">
			<ele>398.3</ele>
		</rtept>
		<rtept lat="39.60885" lon="-8.70429">
			<ele>401.4</ele>
		</rtept>
		<rtept lat="39.6083" lon="-8.70407">
			<ele>404.1</ele>
		</rtept>
		<rtept lat="39.60815" lon="-8.70403">
			<ele>403.7</ele>
		</rtept>
		<rtept lat="39.6079" lon="-8.70392">
			<ele>404.0</ele>
		</rtept>
		<rtept lat="39.60747" lon="-8.70372">
			<ele>408.3</ele>
		</rtept>
		<rtept lat="39.60738" lon="-8.70366">
			<ele>408.6</ele>
		</rtept>
		<rtept lat="39.60718" lon="-8.70357">
			<ele>408.3</ele>
		</rtept>
		<rtept lat="39.607" lon="-8.7035">
			<ele>408.0</ele>
		</rtept>
		<rtept lat="39.60694" lon="-8.70348">
			<ele>408.0</ele>
		</rtept>
		<rtept lat="39.60688" lon="-8.70348">
			<ele>408.6</ele>
		</rtept>
		<rtept lat="39.60682" lon="-8.70348">
			<ele>409.2</ele>
		</rtept>
		<rtept lat="39.60666" lon="-8.70351">
			<ele>410.2</ele>
		</rtept>
		<rtept lat="39.60639" lon="-8.7036">
			<ele>412.1</ele>
		</rtept>
		<rtept lat="39.606" lon="-8.70376">
			<ele>416.5</ele>
		</rtept>
		<rtept lat="39.60588" lon="-8.70384">
			<ele>417.0</ele>
		</rtept>
		<rtept lat="39.6058" lon="-8.70394">
			<ele>416.5</ele>
		</rtept>
		<rtept lat="39.60569" lon="-8.70413">
			<ele>414.8</ele>
		</rtept>
		<rtept lat="39.60547" lon="-8.70458">
			<ele>411.3</ele>
		</rtept>
		<rtept lat="39.60541" lon="-8.70474">
			<ele>410.0</ele>
		</rtept>
		<rtept lat="39.60529" lon="-8.70516">
			<ele>405.4</ele>
		</rtept>
		<rtept lat="39.60508" lon="-8.70574">
			<ele>401.7</ele>
		</rtept>
		<rtept lat="39.60506" lon="-8.7058">
			<ele>401.7</ele>
		</rtept>
		<rtept lat="39.60502" lon="-8.70584">
			<ele>401.8</ele>
		</rtept>
		<rtept lat="39.60496" lon="-8.70585">
			<ele>402.4</ele>
		</rtept>
		<rtept lat="39.60488" lon="-8.70583">
			<ele>403.3</ele>
		</rtept>
		<rtept lat="39.60476" lon="-8.70576">
			<ele>404.8</ele>
		</rtept>
		<rtept lat="39.60466" lon="-8.70567">
			<ele>406.7</ele>
		</rtept>
		<rtept lat="39.60453" lon="-8.7056">
			<ele>409.7</ele>
		</rtept>
		<rtept lat="39.60443" lon="-8.70558">
			<ele>412.0</ele>
		</rtept>
		<rtept lat="39.60433" lon="-8.70558">
			<ele>413.7</ele>
		</rtept>
		<rtept lat="39.60427" lon="-8.70559">
			<ele>414.7</ele>
		</rtept>
		<rtept lat="39.60419" lon="-8.70564">
			<ele>415.0</ele>
		</rtept>
		<rtept lat="39.60403" lon="-8.70579">
			<ele>416.1</ele>
		</rtept>
		<rtept lat="39.60395" lon="-8.70588">
			<ele>417.0</ele>
		</rtept>
		<rtept lat="39.60388" lon="-8.70592">
			<ele>418.4</ele>
		</rtept>
		<rtept lat="39.60381" lon="-8.70596">
			<ele>420.1</ele>
		</rtept>
		<rtept lat="39.60359" lon="-8.70606">
			<ele>424.4</ele>
		</rtept>
		<rtept lat="39.60314" lon="-8.70628">
			<ele>432.2</ele>
		</rtept>
		<rtept lat="39.60306" lon="-8.70631">
			<ele>433.7</ele>
		</rtept>
		<rtept lat="39.60281" lon="-8.7064">
			<ele>437.8</ele>
		</rtept>
		<rtept lat="39.6025" lon="-8.70654">
			<ele>442.2</ele>
		</rtept>
		<rtept lat="39.60223" lon="-8.70668">
			<ele>443.6</ele>
		</rtept>
		<rtept lat="39.60206" lon="-8.70673">
			<ele>445.7</ele>
		</rtept>
		<rtept lat="39.60179" lon="-8.70682">
			<ele>448.2</ele>
		</rtept>
		<rtept lat="39.60156" lon="-8.70691">
			<ele>448.7</ele>
		</rtept>
		<rtept lat="39.60134" lon="-8.70699">
			<ele>448.9</ele>
		</rtept>
		<rtept lat="39.60107" lon="-8.70706">
			<ele>450.5</ele>
		</rtept>
		<rtept lat="39.60077" lon="-8.70713">
			<ele>451.2</ele>
		</rtept>
		<rtept lat="39.60065" lon="-8.70716">
			<ele>450.7</ele>
		</rtept>
		<rtept lat="39.60062" lon="-8.70716">
			<ele>450.6</ele>
		</rtept>
		<rtept lat="39.6006" lon="-8.70718">
			<ele>450.5</ele>
		</rtept>
		<rtept lat="39.60059" lon="-8.70721">
			<ele>450.2</ele>
		</rtept>
		<rtept lat="39.60058" lon="-8.70725">
			<ele>450.2</ele>
		</rtept>
		<rtept lat="39.60059" lon="-8.70732">
			<ele>450.5</ele>
		</rtept>
		<rtept lat="39.60061" lon="-8.70737">
			<ele>450.7</ele>
		</rtept>
		<rtept lat="39.60072" lon="-8.70744">
			<ele>451.4</ele>
		</rtept>
		<rtept lat="39.60071" lon="-8.70752">
			<ele>451.7</ele>
		</rtept>
		<rtept lat="39.60069" lon="-8.70763">
			<ele>452.7</ele>
		</rtept>
		<rtept lat="39.60066" lon="-8.70774">
			<ele>453.6</ele>
		</rtept>
		<rtept lat="39.60061" lon="-8.70783">
			<ele>454.8</ele>
		</rtept>
		<rtept lat="39.60057" lon="-8.7079">
			<ele>455.8</ele>
		</rtept>
		<rtept lat="39.60047" lon="-8.70801">
			<ele>456.2</ele>
		</rtept>
		<rtept lat="39.60034" lon="-8.70811">
			<ele>455.5</ele>
		</rtept>
		<rtept lat="39.6002" lon="-8.70823">
			<ele>455.2</ele>
		</rtept>
		<rtept lat="39.60016" lon="-8.70828">
			<ele>455.5</ele>
		</rtept>
		<rtept lat="39.60011" lon="-8.70838">
			<ele>456.4</ele>
		</rtept>
		<rtept lat="39.60004" lon="-8.70851">
			<ele>457.7</ele>
		</rtept>
		<rtept lat="39.59999" lon="-8.70863">
			<ele>459.0</ele>
		</rtept>
		<rtept lat="39.59994" lon="-8.70877">
			<ele>459.0</ele>
		</rtept>
		<rtept lat="39.59991" lon="-8.70888">
			<ele>459.0</ele>
		</rtept>
		<rtept lat="39.59988" lon="-8.70912">
			<ele>458.7</ele>
		</rtept>
		<rtept lat="39.59985" lon="-8.70942">
			<ele>458.0</ele>
		</rtept>
		<rtept lat="39.59982" lon="-8.70957">
			<ele>457.5</ele>
		</rtept>
		<rtept lat="39.5998" lon="-8.70964">
			<ele>457.3</ele>
		</rtept>
		<rtept lat="39.59975" lon="-8.70972">
			<ele>457.1</ele>
		</rtept>
		<rtept lat="39.59958" lon="-8.70988">
			<ele>453.6</ele>
		</rtept>
		<rtept lat="39.59947" lon="-8.71014">
			<ele>450.4</ele>
		</rtept>
		<rtept lat="39.59933" lon="-8.71041">
			<ele>449.3</ele>
		</rtept>
		<rtept lat="39.59923" lon="-8.71051">
			<ele>448.5</ele>
		</rtept>
		<rtept lat="39.5992" lon="-8.71057">
			<ele>448.2</ele>
		</rtept>
		<rtept lat="39.59918" lon="-8.71067">
			<ele>447.7</ele>
		</rtept>
		<rtept lat="39.59917" lon="-8.71079">
			<ele>447.2</ele>
		</rtept>
		<rtept lat="39.59918" lon="-8.71084">
			<ele>447.0</ele>
		</rtept>
		<rtept lat="39.59921" lon="-8.7109">
			<ele>446.5</ele>
		</rtept>
		<rtept lat="39.59925" lon="-8.71103">
			<ele>445.1</ele>
		</rtept>
		<rtept lat="39.59923" lon="-8.71107">
			<ele>444.5</ele>
		</rtept>
		<rtept lat="39.59921" lon="-8.71111">
			<ele>444.0</ele>
		</rtept>
		<rtept lat="39.59918" lon="-8.71113">
			<ele>443.7</ele>
		</rtept>
		<rtept lat="39.59909" lon="-8.71113">
			<ele>442.3</ele>
		</rtept>
		<rtept lat="39.59906" lon="-8.71114">
			<ele>441.5</ele>
		</rtept>
		<rtept lat="39.59904" lon="-8.71118">
			<ele>440.6</ele>
		</rtept>
		<rtept lat="39.59904" lon="-8.71123">
			<ele>439.7</ele>
		</rtept>
		<rtept lat="39.59906" lon="-8.71132">
			<ele>438.4</ele>
		</rtept>
		<rtept lat="39.59925" lon="-8.71165">
			<ele>433.4</ele>
		</rtept>
		<rtept lat="39.5993" lon="-8.71174">
			<ele>431.9</ele>
		</rtept>
		<rtept lat="39.59927" lon="-8.71176">
			<ele>431.8</ele>
		</rtept>
		<rtept lat="39.59919" lon="-8.71182">
			<ele>431.3</ele>
		</rtept>
		<rtept lat="39.59903" lon="-8.71188">
			<ele>431.2</ele>
		</rtept>
		<rtept lat="39.59883" lon="-8.71192">
			<ele>431.1</ele>
		</rtept>
		<rtept lat="39.59861" lon="-8.71194">
			<ele>430.0</ele>
		</rtept>
		<rtept lat="39.59852" lon="-8.71193">
			<ele>429.1</ele>
		</rtept>
		<rtept lat="39.59849" lon="-8.71196">
			<ele>428.6</ele>
		</rtept>
		<rtept lat="39.59833" lon="-8.71215">
			<ele>427.0</ele>
		</rtept>
		<rtept lat="39.59833" lon="-8.7122">
			<ele>427.0</ele>
		</rtept>
		<rtept lat="39.59833" lon="-8.71222">
			<ele>427.0</ele>
		</rtept>
		<rtept lat="39.59848" lon="-8.71233">
			<ele>426.9</ele>
		</rtept>
		<rtept lat="39.59862" lon="-8.71243">
			<ele>426.5</ele>
		</rtept>
		<rtept lat="39.59856" lon="-8.71253">
			<ele>425.9</ele>
		</rtept>
		<rtept lat="39.59847" lon="-8.71247">
			<ele>426.2</ele>
		</rtept>
		<rtept lat="39.59841" lon="-8.71243">
			<ele>426.3</ele>
		</rtept>
		<rtept lat="39.59838" lon="-8.71244">
			<ele>426.3</ele>
		</rtept>
		<rtept lat="39.59834" lon="-8.7125">
			<ele>426.0</ele>
		</rtept>
		<rtept lat="39.5983" lon="-8.7126">
			<ele>425.6</ele>
		</rtept>
		<rtept lat="39.59819" lon="-8.7127">
			<ele>425.5</ele>
		</rtept>
		<rtept lat="39.59806" lon="-8.71278">
			<ele>426.0</ele>
		</rtept>
		<rtept lat="39.59786" lon="-8.71293">
			<ele>425.6</ele>
		</rtept>
		<rtept lat="39.59782" lon="-8.71307">
			<ele>426.2</ele>
		</rtept>
		<rtept lat="39.59779" lon="-8.7133">
			<ele>426.9</ele>
		</rtept>
		<rtept lat="39.59776" lon="-8.71347">
			<ele>427.4</ele>
		</rtept>
		<rtept lat="39.59769" lon="-8.71391">
			<ele>427.5</ele>
		</rtept>
		<rtept lat="39.59769" lon="-8.71415">
			<ele>428.3</ele>
		</rtept>
		<rtept lat="39.59767" lon="-8.71452">
			<ele>429.5</ele>
		</rtept>
		<rtept lat="39.59771" lon="-8.71462">
			<ele>430.1</ele>
		</rtept>
		<rtept lat="39.59772" lon="-8.71471">
			<ele>430.5</ele>
		</rtept>
		<rtept lat="39.59777" lon="-8.71488">
			<ele>431.5</ele>
		</rtept>
		<rtept lat="39.59779" lon="-8.71495">
			<ele>431.9</ele>
		</rtept>
		<rtept lat="39.59791" lon="-8.7152">
			<ele>432.5</ele>
		</rtept>
		<rtept lat="39.59795" lon="-8.7153">
			<ele>432.6</ele>
		</rtept>
		<rtept lat="39.59804" lon="-8.71556">
			<ele>432.0</ele>
		</rtept>
		<rtept lat="39.59808" lon="-8.71566">
			<ele>432.1</ele>
		</rtept>
		<rtept lat="39.5981" lon="-8.71571">
			<ele>432.1</ele>
		</rtept>
		<rtept lat="39.59807" lon="-8.71576">
			<ele>432.0</ele>
		</rtept>
		<rtept lat="39.59802" lon="-8.71594">
			<ele>432.7</ele>
		</rtept>
		<rtept lat="39.59801" lon="-8.71604">
			<ele>433.4</ele>
		</rtept>
		<rtept lat="39.59798" lon="-8.71604">
			<ele>433.3</ele>
		</rtept>
		<rtept lat="39.59793" lon="-8.71601">
			<ele>433.0</ele>
		</rtept>
		<rtept lat="39.59776" lon="-8.71602">
			<ele>432.6</ele>
		</rtept>
		<rtept lat="39.59768" lon="-8.71603">
			<ele>432.6</ele>
		</rtept>
		<rtept lat="39.59761" lon="-8.71604">
			<ele>432.6</ele>
		</rtept>
		<rtept lat="39.59751" lon="-8.7161">
			<ele>432.9</ele>
		</rtept>
		<rtept lat="39.59736" lon="-8.7162">
			<ele>434.1</ele>
		</rtept>
		<rtept lat="39.59716" lon="-8.71626">
			<ele>434.4</ele>
		</rtept>
		<rtept lat="39.59711" lon="-8.71635">
			<ele>435.2</ele>
		</rtept>
		<rtept lat="39.59708" lon="-8.71641">
			<ele>435.7</ele>
		</rtept>
		<rtept lat="39.59698" lon="-8.71665">
			<ele>438.0</ele>
		</rtept>
		<rtept lat="39.59692" lon="-8.71675">
			<ele>439.2</ele>
		</rtept>
		<rtept lat="39.59686" lon="-8.71678">
			<ele>439.6</ele>
		</rtept>
		<rtept lat="39.59678" lon="-8.71679">
			<ele>439.5</ele>
		</rtept>
		<rtept lat="39.59672" lon="-8.71677">
			<ele>439.2</ele>
		</rtept>
		<rtept lat="39.59669" lon="-8.71675">
			<ele>439.0</ele>
		</rtept>
		<rtept lat="39.59663" lon="-8.71672">
			<ele>438.8</ele>
		</rtept>
		<rtept lat="39.59654" lon="-8.71668">
			<ele>438.6</ele>
		</rtept>
		<rtept lat="39.5965" lon="-8.71666">
			<ele>438.6</ele>
		</rtept>
		<rtept lat="39.59648" lon="-8.71666">
			<ele>438.6</ele>
		</rtept>
		<rtept lat="39.59644" lon="-8.71666">
			<ele>438.8</ele>
		</rtept>
		<rtept lat="39.59643" lon="-8.71668">
			<ele>439.0</ele>
		</rtept>
		<rtept lat="39.59642" lon="-8.71669">
			<ele>439.3</ele>
		</rtept>
		<rtept lat="39.59641" lon="-8.71672">
			<ele>439.9</ele>
		</rtept>
		<rtept lat="39.59641" lon="-8.71676">
			<ele>440.5</ele>
		</rtept>
		<rtept lat="39.59644" lon="-8.71681">
			<ele>441.2</ele>
		</rtept>
		<rtept lat="39.59653" lon="-8.71702">
			<ele>443.7</ele>
		</rtept>
		<rtept lat="39.59665" lon="-8.71734">
			<ele>446.1</ele>
		</rtept>
		<rtept lat="39.59658" lon="-8.71739">
			<ele>447.6</ele>
		</rtept>
		<rtept lat="39.59663" lon="-8.71751">
			<ele>447.6</ele>
		</rtept>
		<rtept lat="39.59668" lon="-8.71763">
			<ele>447.8</ele>
		</rtept>
		<rtept lat="39.59669" lon="-8.71767">
			<ele>448.1</ele>
		</rtept>
		<rtept lat="39.59669" lon="-8.71773">
			<ele>448.5</ele>
		</rtept>
		<rtept lat="39.59669" lon="-8.71776">
			<ele>448.7</ele>
		</rtept>
		<rtept lat="39.59669" lon="-8.71778">
			<ele>448.7</ele>
		</rtept>
		<rtept lat="39.59671" lon="-8.7178">
			<ele>448.3</ele>
		</rtept>
		<rtept lat="39.59674" lon="-8.71783">
			<ele>447.9</ele>
		</rtept>
		<rtept lat="39.59676" lon="-8.71784">
			<ele>447.6</ele>
		</rtept>
		<rtept lat="39.59677" lon="-8.71792">
			<ele>447.1</ele>
		</rtept>
		<rtept lat="39.59682" lon="-8.71797">
			<ele>446.4</ele>
		</rtept>
		<rtept lat="39.59679" lon="-8.71822">
			<ele>445.2</ele>
		</rtept>
		<rtept lat="39.59671" lon="-8.71879">
			<ele>443.0</ele>
		</rtept>
		<rtept lat="39.59667" lon="-8.7189">
			<ele>443.0</ele>
		</rtept>
		<rtept lat="39.59662" lon="-8.71894">
			<ele>442.7</ele>
		</rtept>
		<rtept lat="39.59651" lon="-8.71906">
			<ele>441.8</ele>
		</rtept>
		<rtept lat="39.59648" lon="-8.71922">
			<ele>441.0</ele>
		</rtept>
		<rtept lat="39.59645" lon="-8.71936">
			<ele>440.1</ele>
		</rtept>
		<rtept lat="39.59634" lon="-8.71972">
			<ele>438.4</ele>
		</rtept>
		<rtept lat="39.5963" lon="-8.71991">
			<ele>438.7</ele>
		</rtept>
		<rtept lat="39.59628" lon="-8.71997">
			<ele>438.8</ele>
		</rtept>
		<rtept lat="39.59627" lon="-8.72002">
			<ele>438.7</ele>
		</rtept>
		<rtept lat="39.59621" lon="-8.72012">
			<ele>438.2</ele>
		</rtept>
		<rtept lat="39.59603" lon="-8.72037">
			<ele>435.8</ele>
		</rtept>
		<rtept lat="39.59596" lon="-8.72047">
			<ele>434.9</ele>
		</rtept>
		<rtept lat="39.59588" lon="-8.72063">
			<ele>433.7</ele>
		</rtept>
		<rtept lat="39.59584" lon="-8.72071">
			<ele>433.1</ele>
		</rtept>
		<rtept lat="39.59533" lon="-8.72129">
			<ele>426.3</ele>
		</rtept>
		<rtept lat="39.59523" lon="-8.72141">
			<ele>426.1</ele>
		</rtept>
		<rtept lat="39.5952" lon="-8.72149">
			<ele>426.0</ele>
		</rtept>
		<rtept lat="39.5952" lon="-8.72157">
			<ele>425.8</ele>
		</rtept>
		<rtept lat="39.5952" lon="-8.72164">
			<ele>425.7</ele>
		</rtept>
		<rtept lat="39.59522" lon="-8.72176">
			<ele>424.9</ele>
		</rtept>
		<rtept lat="39.59548" lon="-8.72248">
			<ele>418.6</ele>
		</rtept>
		<rtept lat="39.59556" lon="-8.72275">
			<ele>414.4</ele>
		</rtept>
		<rtept lat="39.59561" lon="-8.72294">
			<ele>411.9</ele>
		</rtept>
		<rtept lat="39.59568" lon="-8.72314">
			<ele>409.7</ele>
		</rtept>
		<rtept lat="39.59573" lon="-8.72325">
			<ele>408.6</ele>
		</rtept>
		<rtept lat="39.59585" lon="-8.72347">
			<ele>406.5</ele>
		</rtept>
		<rtept lat="39.59596" lon="-8.72367">
			<ele>406.1</ele>
		</rtept>
		<rtept lat="39.59603" lon="-8.72384">
			<ele>406.2</ele>
		</rtept>
		<rtept lat="39.59608" lon="-8.72397">
			<ele>405.8</ele>
		</rtept>
		<rtept lat="39.59615" lon="-8.72421">
			<ele>404.8</ele>
		</rtept>
		<rtept lat="39.59622" lon="-8.7245">
			<ele>403.2</ele>
		</rtept>
		<rtept lat="39.59627" lon="-8.72483">
			<ele>401.0</ele>
		</rtept>
		<rtept lat="39.5963" lon="-8.72504">
			<ele>400.2</ele>
		</rtept>
		<rtept lat="39.59635" lon="-8.72519">
			<ele>400.0</ele>
		</rtept>
		<rtept lat="39.59645" lon="-8.72534">
			<ele>399.1</ele>
		</rtept>
		<rtept lat="39.59654" lon="-8.72561">
			<ele>396.4</ele>
		</rtept>
		<rtept lat="39.59662" lon="-8.72581">
			<ele>394.4</ele>
		</rtept>
		<rtept lat="39.59668" lon="-8.72596">
			<ele>393.6</ele>
		</rtept>
		<rtept lat="39.59673" lon="-8.72605">
			<ele>393.3</ele>
		</rtept>
		<rtept lat="39.59679" lon="-8.72612">
			<ele>393.0</ele>
		</rtept>
		<rtept lat="39.59691" lon="-8.72629">
			<ele>392.3</ele>
		</rtept>
		<rtept lat="39.59704" lon="-8.72656">
			<ele>391.7</ele>
		</rtept>
		<rtept lat="39.59707" lon="-8.72665">
			<ele>391.5</ele>
		</rtept>
		<rtept lat="39.59717" lon="-8.7269">
			<ele>390.3</ele>
		</rtept>
		<rtept lat="39.59727" lon="-8.7272">
			<ele>387.2</ele>
		</rtept>
		<rtept lat="39.59732" lon="-8.72735">
			<ele>386.8</ele>
		</rtept>
		<rtept lat="39.59736" lon="-8.72742">
			<ele>386.7</ele>
		</rtept>
		<rtept lat="39.5974" lon="-8.72747">
			<ele>386.4</ele>
		</rtept>
		<rtept lat="39.59744" lon="-8.72751">
			<ele>386.2</ele>
		</rtept>
		<rtept lat="39.59741" lon="-8.72757">
			<ele>386.4</ele>
		</rtept>
		<rtept lat="39.59739" lon="-8.72761">
			<ele>386.5</ele>
		</rtept>
		<rtept lat="39.59732" lon="-8.72772">
			<ele>387.2</ele>
		</rtept>
		<rtept lat="39.59725" lon="-8.72782">
			<ele>388.1</ele>
		</rtept>
		<rtept lat="39.59719" lon="-8.72788">
			<ele>388.8</ele>
		</rtept>
		<rtept lat="39.59708" lon="-8.72794">
			<ele>389.7</ele>
		</rtept>
		<rtept lat="39.597" lon="-8.72801">
			<ele>390.5</ele>
		</rtept>
		<rtept lat="39.59695" lon="-8.72807">
			<ele>391.0</ele>
		</rtept>
		<rtept lat="39.59691" lon="-8.72815">
			<ele>391.5</ele>
		</rtept>
		<rtept lat="39.59687" lon="-8.72831">
			<ele>392.3</ele>
		</rtept>
		<rtept lat="39.59686" lon="-8.72834">
			<ele>392.4</ele>
		</rtept>
		<rtept lat="39.59683" lon="-8.72838">
			<ele>392.3</ele>
		</rtept>
		<rtept lat="39.59665" lon="-8.72858">
			<ele>391.8</ele>
		</rtept>
		<rtept lat="39.5965" lon="-8.72877">
			<ele>390.0</ele>
		</rtept>
		<rtept lat="39.59646" lon="-8.72881">
			<ele>389.6</ele>
		</rtept>
		<rtept lat="39.59646" lon="-8.72897">
			<ele>389.7</ele>
		</rtept>
		<rtept lat="39.59649" lon="-8.72917">
			<ele>390.4</ele>
		</rtept>
		<rtept lat="39.59649" lon="-8.7293">
			<ele>390.8</ele>
		</rtept>
		<rtept lat="39.59644" lon="-8.72949">
			<ele>391.2</ele>
		</rtept>
		<rtept lat="39.59644" lon="-8.72963">
			<ele>391.3</ele>
		</rtept>
		<rtept lat="39.59647" lon="-8.72981">
			<ele>391.5</ele>
		</rtept>
		<rtept lat="39.59652" lon="-8.73004">
			<ele>391.3</ele>
		</rtept>
		<rtept lat="39.59654" lon="-8.73032">
			<ele>390.4</ele>
		</rtept>
		<rtept lat="39.59645" lon="-8.73059">
			<ele>389.7</ele>
		</rtept>
		<rtept lat="39.59631" lon="-8.7308">
			<ele>389.4</ele>
		</rtept>
		<rtept lat="39.59623" lon="-8.73089">
			<ele>389.5</ele>
		</rtept>
		<rtept lat="39.59609" lon="-8.731">
			<ele>389.4</ele>
		</rtept>
		<rtept lat="39.5958" lon="-8.73113">
			<ele>390.2</ele>
		</rtept>
		<rtept lat="39.59557" lon="-8.73124">
			<ele>391.4</ele>
		</rtept>
		<rtept lat="39.59539" lon="-8.7313">
			<ele>391.9</ele>
		</rtept>
		<rtept lat="39.59528" lon="-8.73135">
			<ele>392.1</ele>
		</rtept>
		<rtept lat="39.59522" lon="-8.73139">
			<ele>391.5</ele>
		</rtept>
		<rtept lat="39.59516" lon="-8.73144">
			<ele>390.6</ele>
		</rtept>
		<rtept lat="39.59504" lon="-8.73157">
			<ele>388.3</ele>
		</rtept>
		<rtept lat="39.59483" lon="-8.73179">
			<ele>387.6</ele>
		</rtept>
		<rtept lat="39.59472" lon="-8.7319">
			<ele>388.2</ele>
		</rtept>
		<rtept lat="39.59454" lon="-8.73206">
			<ele>388.7</ele>
		</rtept>
		<rtept lat="39.59438" lon="-8.73218">
			<ele>389.2</ele>
		</rtept>
		<rtept lat="39.59422" lon="-8.7323">
			<ele>389.7</ele>
		</rtept>
		<rtept lat="39.59405" lon="-8.7324">
			<ele>390.0</ele>
		</rtept>
		<rtept lat="39.59387" lon="-8.73249">
			<ele>390.3</ele>
		</rtept>
		<rtept lat="39.59367" lon="-8.73259">
			<ele>390.7</ele>
		</rtept>
		<rtept lat="39.59349" lon="-8.73268">
			<ele>391.5</ele>
		</rtept>
		<rtept lat="39.59331" lon="-8.73281">
			<ele>392.1</ele>
		</rtept>
		<rtept lat="39.5932" lon="-8.73291">
			<ele>392.7</ele>
		</rtept>
		<rtept lat="39.59309" lon="-8.73305">
			<ele>392.7</ele>
		</rtept>
		<rtept lat="39.59304" lon="-8.7332">
			<ele>392.7</ele>
		</rtept>
		<rtept lat="39.59303" lon="-8.73325">
			<ele>392.6</ele>
		</rtept>
		<rtept lat="39.59304" lon="-8.73329">
			<ele>392.3</ele>
		</rtept>
		<rtept lat="39.59305" lon="-8.73339">
			<ele>391.6</ele>
		</rtept>
		<rtept lat="39.59308" lon="-8.73355">
			<ele>390.2</ele>
		</rtept>
		<rtept lat="39.59314" lon="-8.73362">
			<ele>389.4</ele>
		</rtept>
		<rtept lat="39.59317" lon="-8.73373">
			<ele>388.9</ele>
		</rtept>
		<rtept lat="39.59315" lon="-8.73375">
			<ele>389.0</ele>
		</rtept>
		<rtept lat="39.59303" lon="-8.73382">
			<ele>389.6</ele>
		</rtept>
		<rtept lat="39.59299" lon="-8.73385">
			<ele>390.0</ele>
		</rtept>
		<rtept lat="39.59293" lon="-8.73399">
			<ele>391.0</ele>
		</rtept>
		<rtept lat="39.59288" lon="-8.73415">
			<ele>392.1</ele>
		</rtept>
		<rtept lat="39.59286" lon="-8.73426">
			<ele>392.8</ele>
		</rtept>
		<rtept lat="39.59286" lon="-8.73442">
			<ele>393.4</ele>
		</rtept>
		<rtept lat="39.59285" lon="-8.73443">
			<ele>393.7</ele>
		</rtept>
		<rtept lat="39.59283" lon="-8.735">
			<ele>391.3</ele>
		</rtept>
		<rtept lat="39.59283" lon="-8.73503">
			<ele>391.1</ele>
		</rtept>
		<rtept lat="39.59284" lon="-8.73515">
			<ele>390.0</ele>
		</rtept>
		<rtept lat="39.59289" lon="-8.73521">
			<ele>388.9</ele>
		</rtept>
		<rtept lat="39.59295" lon="-8.73523">
			<ele>387.9</ele>
		</rtept>
		<rtept lat="39.59311" lon="-8.73525">
			<ele>386.0</ele>
		</rtept>
		<rtept lat="39.59322" lon="-8.73525">
			<ele>385.5</ele>
		</rtept>
		<rtept lat="39.59324" lon="-8.73524">
			<ele>385.4</ele>
		</rtept>
		<rtept lat="39.59329" lon="-8.73526">
			<ele>385.2</ele>
		</rtept>
		<rtept lat="39.59345" lon="-8.73535">
			<ele>384.2</ele>
		</rtept>
		<rtept lat="39.59347" lon="-8.7354">
			<ele>383.9</ele>
		</rtept>
		<rtept lat="39.5935" lon="-8.73551">
			<ele>383.2</ele>
		</rtept>
		<rtept lat="39.59355" lon="-8.73558">
			<ele>382.9</ele>
		</rtept>
		<rtept lat="39.59359" lon="-8.73563">
			<ele>382.7</ele>
		</rtept>
		<rtept lat="39.59368" lon="-8.7357">
			<ele>382.4</ele>
		</rtept>
		<rtept lat="39.59366" lon="-8.73575">
			<ele>382.2</ele>
		</rtept>
		<rtept lat="39.59365" lon="-8.7358">
			<ele>382.1</ele>
		</rtept>
		<rtept lat="39.59366" lon="-8.736">
			<ele>382.5</ele>
		</rtept>
		<rtept lat="39.59368" lon="-8.73612">
			<ele>382.8</ele>
		</rtept>
		<rtept lat="39.59371" lon="-8.73619">
			<ele>383.0</ele>
		</rtept>
		<rtept lat="39.5938" lon="-8.73639">
			<ele>384.0</ele>
		</rtept>
		<rtept lat="39.59393" lon="-8.73671">
			<ele>385.7</ele>
		</rtept>
		<rtept lat="39.59404" lon="-8.73694">
			<ele>385.5</ele>
		</rtept>
		<rtept lat="39.59421" lon="-8.7373">
			<ele>384.9</ele>
		</rtept>
		<rtept lat="39.59426" lon="-8.73746">
			<ele>384.5</ele>
		</rtept>
		<rtept lat="39.59435" lon="-8.7378">
			<ele>383.5</ele>
		</rtept>
		<rtept lat="39.5944" lon="-8.73818">
			<ele>381.9</ele>
		</rtept>
		<rtept lat="39.59445" lon="-8.73848">
			<ele>382.0</ele>
		</rtept>
		<rtept lat="39.59449" lon="-8.73871">
			<ele>381.9</ele>
		</rtept>
		<rtept lat="39.59461" lon="-8.73936">
			<ele>383.9</ele>
		</rtept>
		<rtept lat="39.59462" lon="-8.73946">
			<ele>384.3</ele>
		</rtept>
		<rtept lat="39.59455" lon="-8.73949">
			<ele>383.7</ele>
		</rtept>
		<rtept lat="39.59449" lon="-8.73953">
			<ele>383.3</ele>
		</rtept>
		<rtept lat="39.5943" lon="-8.73977">
			<ele>382.6</ele>
		</rtept>
		<rtept lat="39.5942" lon="-8.73992">
			<ele>382.8</ele>
		</rtept>
		<rtept lat="39.59409" lon="-8.74017">
			<ele>382.9</ele>
		</rtept>
		<rtept lat="39.59402" lon="-8.7403">
			<ele>383.0</ele>
		</rtept>
		<rtept lat="39.59399" lon="-8.74043">
			<ele>383.2</ele>
		</rtept>
		<rtept lat="39.59397" lon="-8.74054">
			<ele>383.3</ele>
		</rtept>
		<rtept lat="39.59394" lon="-8.74077">
			<ele>384.6</ele>
		</rtept>
		<rtept lat="39.59393" lon="-8.74087">
			<ele>385.2</ele>
		</rtept>
		<rtept lat="39.59391" lon="-8.74098">
			<ele>386.1</ele>
		</rtept>
		<rtept lat="39.59389" lon="-8.74102">
			<ele>386.4</ele>
		</rtept>
		<rtept lat="39.59384" lon="-8.74107">
			<ele>386.5</ele>
		</rtept>
		<rtept lat="39.59376" lon="-8.74118">
			<ele>387.1</ele>
		</rtept>
		<rtept lat="39.59359" lon="-8.74137">
			<ele>388.8</ele>
		</rtept>
		<rtept lat="39.59345" lon="-8.74147">
			<ele>389.8</ele>
		</rtept>
		<rtept lat="39.59307" lon="-8.74171">
			<ele>390.6</ele>
		</rtept>
		<rtept lat="39.59304" lon="-8.74175">
			<ele>390.8</ele>
		</rtept>
		<rtept lat="39.59304" lon="-8.7418">
			<ele>391.3</ele>
		</rtept>
		<rtept lat="39.59305" lon="-8.74187">
			<ele>392.1</ele>
		</rtept>
		<rtept lat="39.59305" lon="-8.74189">
			<ele>392.3</ele>
		</rtept>
		<rtept lat="39.59308" lon="-8.74199">
			<ele>393.3</ele>
		</rtept>
		<rtept lat="39.59317" lon="-8.74222">
			<ele>394.8</ele>
		</rtept>
		<rtept lat="39.59319" lon="-8.74238">
			<ele>395.8</ele>
		</rtept>
		<rtept lat="39.59322" lon="-8.74263">
			<ele>397.9</ele>
		</rtept>
		<rtept lat="39.59322" lon="-8.74269">
			<ele>398.4</ele>
		</rtept>
		<rtept lat="39.59319" lon="-8.74272">
			<ele>398.4</ele>
		</rtept>
		<rtept lat="39.59294" lon="-8.74291">
			<ele>397.0</ele>
		</rtept>
		<rtept lat="39.59289" lon="-8.74295">
			<ele>396.6</ele>
		</rtept>
		<rtept lat="39.59295" lon="-8.74308">
			<ele>398.0</ele>
		</rtept>
		<rtept lat="39.59299" lon="-8.74325">
			<ele>399.1</ele>
		</rtept>
		<rtept lat="39.59292" lon="-8.74338">
			<ele>399.4</ele>
		</rtept>
		<rtept lat="39.59291" lon="-8.7435">
			<ele>400.5</ele>
		</rtept>
		<rtept lat="39.59291" lon="-8.74378">
			<ele>403.6</ele>
		</rtept>
		<rtept lat="39.5929" lon="-8.74384">
			<ele>404.4</ele>
		</rtept>
		<rtept lat="39.59287" lon="-8.7439">
			<ele>405.2</ele>
		</rtept>
		<rtept lat="39.59283" lon="-8.74394">
			<ele>406.2</ele>
		</rtept>
		<rtept lat="39.59278" lon="-8.74396">
			<ele>406.6</ele>
		</rtept>
		<rtept lat="39.59273" lon="-8.74398">
			<ele>407.1</ele>
		</rtept>
		<rtept lat="39.59269" lon="-8.74398">
			<ele>407.2</ele>
		</rtept>
		<rtept lat="39.59264" lon="-8.74398">
			<ele>407.1</ele>
		</rtept>
		<rtept lat="39.5925" lon="-8.74395">
			<ele>406.9</ele>
		</rtept>
		<rtept lat="39.59231" lon="-8.74392">
			<ele>407.1</ele>
		</rtept>
		<rtept lat="39.59218" lon="-8.74389">
			<ele>406.8</ele>
		</rtept>
		<rtept lat="39.59204" lon="-8.74388">
			<ele>406.2</ele>
		</rtept>
		<rtept lat="39.59197" lon="-8.74389">
			<ele>406.0</ele>
		</rtept>
		<rtept lat="39.59187" lon="-8.74392">
			<ele>406.3</ele>
		</rtept>
		<rtept lat="39.59174" lon="-8.74399">
			<ele>406.7</ele>
		</rtept>
		<rtept lat="39.59162" lon="-8.74406">
			<ele>407.1</ele>
		</rtept>
		<rtept lat="39.59137" lon="-8.74418">
			<ele>407.2</ele>
		</rtept>
		<rtept lat="39.59133" lon="-8.7442">
			<ele>407.3</ele>
		</rtept>
		<rtept lat="39.59126" lon="-8.7442">
			<ele>407.2</ele>
		</rtept>
		<rtept lat="39.59105" lon="-8.74421">
			<ele>406.7</ele>
		</rtept>
		<rtept lat="39.59083" lon="-8.74422">
			<ele>406.0</ele>
		</rtept>
		<rtept lat="39.59053" lon="-8.74423">
			<ele>404.8</ele>
		</rtept>
		<rtept lat="39.59041" lon="-8.74425">
			<ele>404.3</ele>
		</rtept>
		<rtept lat="39.59036" lon="-8.74428">
			<ele>404.3</ele>
		</rtept>
		<rtept lat="39.59027" lon="-8.74434">
			<ele>404.2</ele>
		</rtept>
		<rtept lat="39.59022" lon="-8.74438">
			<ele>404.4</ele>
		</rtept>
		<rtept lat="39.59012" lon="-8.74449">
			<ele>405.0</ele>
		</rtept>
		<rtept lat="39.59" lon="-8.74464">
			<ele>406.1</ele>
		</rtept>
		<rtept lat="39.58987" lon="-8.74479">
			<ele>406.9</ele>
		</rtept>
		<rtept lat="39.58976" lon="-8.7449">
			<ele>407.3</ele>
		</rtept>
		<rtept lat="39.58961" lon="-8.74505">
			<ele>407.1</ele>
		</rtept>
		<rtept lat="39.58949" lon="-8.74524">
			<ele>406.5</ele>
		</rtept>
		<rtept lat="39.58894" lon="-8.74606">
			<ele>408.0</ele>
		</rtept>
		<rtept lat="39.58885" lon="-8.74614">
			<ele>407.5</ele>
		</rtept>
		<rtept lat="39.58874" lon="-8.74622">
			<ele>405.9</ele>
		</rtept>
		<rtept lat="39.58845" lon="-8.74643">
			<ele>403.3</ele>
		</rtept>
		<rtept lat="39.58839" lon="-8.74651">
			<ele>402.9</ele>
		</rtept>
		<rtept lat="39.58836" lon="-8.74653">
			<ele>402.7</ele>
		</rtept>
		<rtept lat="39.58834" lon="-8.74658">
			<ele>402.3</ele>
		</rtept>
		<rtept lat="39.58826" lon="-8.74683">
			<ele>401.9</ele>
		</rtept>
		<rtept lat="39.58821" lon="-8.74709">
			<ele>401.6</ele>
		</rtept>
		<rtept lat="39.5882" lon="-8.7472">
			<ele>401.5</ele>
		</rtept>
		<rtept lat="39.58817" lon="-8.74748">
			<ele>401.4</ele>
		</rtept>
		<rtept lat="39.58814" lon="-8.74776">
			<ele>400.3</ele>
		</rtept>
		<rtept lat="39.58809" lon="-8.74776">
			<ele>400.2</ele>
		</rtept>
		<rtept lat="39.58809" lon="-8.7478">
			<ele>400.0</ele>
		</rtept>
		<rtept lat="39.58807" lon="-8.74782">
			<ele>399.9</ele>
		</rtept>
		<rtept lat="39.58804" lon="-8.74784">
			<ele>399.7</ele>
		</rtept>
		<rtept lat="39.58797" lon="-8.74786">
			<ele>399.5</ele>
		</rtept>
		<rtept lat="39.58791" lon="-8.74788">
			<ele>399.3</ele>
		</rtept>
		<rtept lat="39.58785" lon="-8.74794">
			<ele>399.1</ele>
		</rtept>
		<rtept lat="39.58773" lon="-8.7481">
			<ele>398.4</ele>
		</rtept>
		<rtept lat="39.58766" lon="-8.74817">
			<ele>397.5</ele>
		</rtept>
		<rtept lat="39.58758" lon="-8.74828">
			<ele>396.6</ele>
		</rtept>
		<rtept lat="39.58751" lon="-8.74843">
			<ele>395.7</ele>
		</rtept>
		<rtept lat="39.58745" lon="-8.74855">
			<ele>395.2</ele>
		</rtept>
		<rtept lat="39.58738" lon="-8.74862">
			<ele>395.0</ele>
		</rtept>
		<rtept lat="39.58728" lon="-8.7487">
			<ele>395.3</ele>
		</rtept>
		<rtept lat="39.58717" lon="-8.74876">
			<ele>395.6</ele>
		</rtept>
		<rtept lat="39.5871" lon="-8.74881">
			<ele>395.8</ele>
		</rtept>
		<rtept lat="39.58706" lon="-8.74883">
			<ele>395.9</ele>
		</rtept>
		<rtept lat="39.58694" lon="-8.74888">
			<ele>396.0</ele>
		</rtept>
		<rtept lat="39.58679" lon="-8.74894">
			<ele>396.0</ele>
		</rtept>
		<rtept lat="39.58673" lon="-8.74896">
			<ele>395.9</ele>
		</rtept>
		<rtept lat="39.58648" lon="-8.7491">
			<ele>395.2</ele>
		</rtept>
		<rtept lat="39.58637" lon="-8.74917">
			<ele>395.1</ele>
		</rtept>
		<rtept lat="39.58624" lon="-8.74933">
			<ele>395.5</ele>
		</rtept>
		<rtept lat="39.58605" lon="-8.74957">
			<ele>396.3</ele>
		</rtept>
		<rtept lat="39.5859" lon="-8.74977">
			<ele>396.6</ele>
		</rtept>
		<rtept lat="39.58577" lon="-8.74993">
			<ele>396.5</ele>
		</rtept>
		<rtept lat="39.5857" lon="-8.75003">
			<ele>396.4</ele>
		</rtept>
		<rtept lat="39.58556" lon="-8.75021">
			<ele>396.2</ele>
		</rtept>
		<rtept lat="39.58552" lon="-8.75034">
			<ele>396.0</ele>
		</rtept>
		<rtept lat="39.58552" lon="-8.75039">
			<ele>395.8</ele>
		</rtept>
		<rtept lat="39.58551" lon="-8.75046">
			<ele>395.6</ele>
		</rtept>
		<rtept lat="39.58551" lon="-8.75058">
			<ele>395.2</ele>
		</rtept>
		<rtept lat="39.5855" lon="-8.75069">
			<ele>395.5</ele>
		</rtept>
		<rtept lat="39.58546" lon="-8.75092">
			<ele>396.0</ele>
		</rtept>
		<rtept lat="39.58546" lon="-8.75099">
			<ele>396.2</ele>
		</rtept>
		<rtept lat="39.58543" lon="-8.751">
			<ele>396.1</ele>
		</rtept>
		<rtept lat="39.58537" lon="-8.75103">
			<ele>396.0</ele>
		</rtept>
		<rtept lat="39.58526" lon="-8.7511">
			<ele>396.0</ele>
		</rtept>
		<rtept lat="39.58512" lon="-8.75123">
			<ele>396.4</ele>
		</rtept>
		<rtept lat="39.58456" lon="-8.7517">
			<ele>396.9</ele>
		</rtept>
		<rtept lat="39.58449" lon="-8.75175">
			<ele>396.4</ele>
		</rtept>
		<rtept lat="39.58441" lon="-8.75179">
			<ele>395.9</ele>
		</rtept>
		<rtept lat="39.58416" lon="-8.75188">
			<ele>395.7</ele>
		</rtept>
		<rtept lat="39.58406" lon="-8.75191">
			<ele>395.5</ele>
		</rtept>
		<rtept lat="39.58386" lon="-8.75199">
			<ele>395.0</ele>
		</rtept>
		<rtept lat="39.58362" lon="-8.75206">
			<ele>394.3</ele>
		</rtept>
		<rtept lat="39.58336" lon="-8.75209">
			<ele>393.7</ele>
		</rtept>
		<rtept lat="39.58328" lon="-8.75217">
			<ele>394.0</ele>
		</rtept>
		<rtept lat="39.58321" lon="-8.75223">
			<ele>393.8</ele>
		</rtept>
		<rtept lat="39.58313" lon="-8.75233">
			<ele>393.5</ele>
		</rtept>
		<rtept lat="39.58305" lon="-8.75246">
			<ele>393.7</ele>
		</rtept>
		<rtept lat="39.58299" lon="-8.75254">
			<ele>393.8</ele>
		</rtept>
		<rtept lat="39.58291" lon="-8.75264">
			<ele>394.0</ele>
		</rtept>
		<rtept lat="39.58285" lon="-8.75271">
			<ele>394.0</ele>
		</rtept>
		<rtept lat="39.58278" lon="-8.75275">
			<ele>393.8</ele>
		</rtept>
		<rtept lat="39.5827" lon="-8.75277">
			<ele>394.0</ele>
		</rtept>
		<rtept lat="39.5826" lon="-8.7528">
			<ele>394.2</ele>
		</rtept>
		<rtept lat="39.58254" lon="-8.75281">
			<ele>394.3</ele>
		</rtept>
		<rtept lat="39.58246" lon="-8.75284">
			<ele>394.6</ele>
		</rtept>
		<rtept lat="39.58234" lon="-8.7529">
			<ele>395.2</ele>
		</rtept>
		<rtept lat="39.58223" lon="-8.75296">
			<ele>395.6</ele>
		</rtept>
		<rtept lat="39.5821" lon="-8.753">
			<ele>396.3</ele>
		</rtept>
		<rtept lat="39.58196" lon="-8.75306">
			<ele>397.0</ele>
		</rtept>
		<rtept lat="39.58187" lon="-8.75311">
			<ele>397.4</ele>
		</rtept>
		<rtept lat="39.58177" lon="-8.75315">
			<ele>397.8</ele>
		</rtept>
		<rtept lat="39.58173" lon="-8.75316">
			<ele>397.9</ele>
		</rtept>
		<rtept lat="39.5817" lon="-8.75317">
			<ele>397.9</ele>
		</rtept>
		<rtept lat="39.58162" lon="-8.75317">
			<ele>397.9</ele>
		</rtept>
		<rtept lat="39.58151" lon="-8.75318">
			<ele>397.8</ele>
		</rtept>
		<rtept lat="39.58143" lon="-8.75318">
			<ele>397.6</ele>
		</rtept>
		<rtept lat="39.58136" lon="-8.75319">
			<ele>397.4</ele>
		</rtept>
		<rtept lat="39.58129" lon="-8.7532">
			<ele>397.1</ele>
		</rtept>
		<rtept lat="39.58114" lon="-8.75323">
			<ele>396.5</ele>
		</rtept>
		<rtept lat="39.58097" lon="-8.75325">
			<ele>395.6</ele>
		</rtept>
		<rtept lat="39.58089" lon="-8.75326">
			<ele>395.3</ele>
		</rtept>
		<rtept lat="39.58083" lon="-8.75327">
			<ele>395.0</ele>
		</rtept>
		<rtept lat="39.58075" lon="-8.75326">
			<ele>394.6</ele>
		</rtept>
		<rtept lat="39.58068" lon="-8.75324">
			<ele>394.3</ele>
		</rtept>
		<rtept lat="39.58057" lon="-8.75319">
			<ele>393.6</ele>
		</rtept>
		<rtept lat="39.58044" lon="-8.75314">
			<ele>392.3</ele>
		</rtept>
		<rtept lat="39.58036" lon="-8.75314">
			<ele>391.7</ele>
		</rtept>
		<rtept lat="39.5803" lon="-8.75316">
			<ele>391.2</ele>
		</rtept>
		<rtept lat="39.58021" lon="-8.7532">
			<ele>390.8</ele>
		</rtept>
		<rtept lat="39.58013" lon="-8.7532">
			<ele>390.5</ele>
		</rtept>
		<rtept lat="39.58003" lon="-8.75314">
			<ele>390.1</ele>
		</rtept>
		<rtept lat="39.57984" lon="-8.75304">
			<ele>390.0</ele>
		</rtept>
		<rtept lat="39.57975" lon="-8.75302">
			<ele>390.0</ele>
		</rtept>
		<rtept lat="39.57952" lon="-8.75324">
			<ele>389.8</ele>
		</rtept>
		<rtept lat="39.57933" lon="-8.75342">
			<ele>390.3</ele>
		</rtept>
		<rtept lat="39.57927" lon="-8.75345">
			<ele>390.4</ele>
		</rtept>
		<rtept lat="39.57921" lon="-8.75346">
			<ele>390.4</ele>
		</rtept>
		<rtept lat="39.57889" lon="-8.75348">
			<ele>389.6</ele>
		</rtept>
		<rtept lat="39.57862" lon="-8.75358">
			<ele>387.1</ele>
		</rtept>
		<rtept lat="39.57845" lon="-8.75366">
			<ele>388.0</ele>
		</rtept>
		<rtept lat="39.57828" lon="-8.75374">
			<ele>389.1</ele>
		</rtept>
		<rtept lat="39.57809" lon="-8.75385">
			<ele>390.6</ele>
		</rtept>
		<rtept lat="39.57794" lon="-8.75395">
			<ele>390.8</ele>
		</rtept>
		<rtept lat="39.57768" lon="-8.7541">
			<ele>390.4</ele>
		</rtept>
		<rtept lat="39.57753" lon="-8.75419">
			<ele>390.2</ele>
		</rtept>
		<rtept lat="39.57736" lon="-8.75431">
			<ele>390.5</ele>
		</rtept>
		<rtept lat="39.57723" lon="-8.75439">
			<ele>390.8</ele>
		</rtept>
		<rtept lat="39.57706" lon="-8.75453">
			<ele>392.2</ele>
		</rtept>
		<rtept lat="39.57697" lon="-8.75466">
			<ele>394.1</ele>
		</rtept>
		<rtept lat="39.57684" lon="-8.75479">
			<ele>395.9</ele>
		</rtept>
		<rtept lat="39.57676" lon="-8.75486">
			<ele>396.8</ele>
		</rtept>
		<rtept lat="39.57669" lon="-8.75491">
			<ele>397.6</ele>
		</rtept>
		<rtept lat="39.57656" lon="-8.75499">
			<ele>397.3</ele>
		</rtept>
		<rtept lat="39.57644" lon="-8.75506">
			<ele>396.1</ele>
		</rtept>
		<rtept lat="39.57634" lon="-8.75511">
			<ele>395.2</ele>
		</rtept>
		<rtept lat="39.57612" lon="-8.75522">
			<ele>392.9</ele>
		</rtept>
		<rtept lat="39.57576" lon="-8.75535">
			<ele>391.6</ele>
		</rtept>
		<rtept lat="39.57552" lon="-8.75548">
			<ele>392.0</ele>
		</rtept>
		<rtept lat="39.57536" lon="-8.7556">
			<ele>392.5</ele>
		</rtept>
		<rtept lat="39.57526" lon="-8.75571">
			<ele>392.3</ele>
		</rtept>
		<rtept lat="39.57521" lon="-8.75577">
			<ele>391.8</ele>
		</rtept>
		<rtept lat="39.57518" lon="-8.75582">
			<ele>391.5</ele>
		</rtept>
		<rtept lat="39.57514" lon="-8.75591">
			<ele>391.7</ele>
		</rtept>
		<rtept lat="39.57508" lon="-8.75591">
			<ele>390.9</ele>
		</rtept>
		<rtept lat="39.57498" lon="-8.75594">
			<ele>389.9</ele>
		</rtept>
		<rtept lat="39.57486" lon="-8.75602">
			<ele>388.4</ele>
		</rtept>
		<rtept lat="39.57476" lon="-8.75605">
			<ele>386.5</ele>
		</rtept>
		<rtept lat="39.57468" lon="-8.75609">
			<ele>385.6</ele>
		</rtept>
		<rtept lat="39.57461" lon="-8.75614">
			<ele>385.4</ele>
		</rtept>
		<rtept lat="39.57456" lon="-8.7562">
			<ele>385.2</ele>
		</rtept>
		<rtept lat="39.57442" lon="-8.75635">
			<ele>384.0</ele>
		</rtept>
		<rtept lat="39.57431" lon="-8.75651">
			<ele>384.4</ele>
		</rtept>
		<rtept lat="39.57427" lon="-8.75658">
			<ele>384.6</ele>
		</rtept>
		<rtept lat="39.57419" lon="-8.75667">
			<ele>384.3</ele>
		</rtept>
		<rtept lat="39.57411" lon="-8.75673">
			<ele>384.2</ele>
		</rtept>
		<rtept lat="39.57398" lon="-8.75681">
			<ele>384.3</ele>
		</rtept>
		<rtept lat="39.5739" lon="-8.75689">
			<ele>384.2</ele>
		</rtept>
		<rtept lat="39.57384" lon="-8.75697">
			<ele>384.1</ele>
		</rtept>
		<rtept lat="39.57379" lon="-8.75704">
			<ele>383.8</ele>
		</rtept>
		<rtept lat="39.57371" lon="-8.75718">
			<ele>382.7</ele>
		</rtept>
		<rtept lat="39.57354" lon="-8.75737">
			<ele>382.7</ele>
		</rtept>
		<rtept lat="39.57346" lon="-8.75748">
			<ele>382.7</ele>
		</rtept>
		<rtept lat="39.57335" lon="-8.75765">
			<ele>381.9</ele>
		</rtept>
		<rtept lat="39.57322" lon="-8.75791">
			<ele>380.5</ele>
		</rtept>
		<rtept lat="39.57311" lon="-8.7581">
			<ele>378.7</ele>
		</rtept>
		<rtept lat="39.57296" lon="-8.75832">
			<ele>376.9</ele>
		</rtept>
		<rtept lat="39.57287" lon="-8.75842">
			<ele>375.7</ele>
		</rtept>
		<rtept lat="39.57281" lon="-8.7585">
			<ele>375.0</ele>
		</rtept>
		<rtept lat="39.57277" lon="-8.75857">
			<ele>374.4</ele>
		</rtept>
		<rtept lat="39.57272" lon="-8.75864">
			<ele>374.4</ele>
		</rtept>
		<rtept lat="39.57268" lon="-8.75871">
			<ele>374.5</ele>
		</rtept>
		<rtept lat="39.57263" lon="-8.75876">
			<ele>374.5</ele>
		</rtept>
		<rtept lat="39.5725" lon="-8.75887">
			<ele>374.2</ele>
		</rtept>
		<rtept lat="39.57238" lon="-8.75895">
			<ele>374.2</ele>
		</rtept>
		<rtept lat="39.57225" lon="-8.75902">
			<ele>373.2</ele>
		</rtept>
		<rtept lat="39.57206" lon="-8.75915">
			<ele>370.9</ele>
		</rtept>
		<rtept lat="39.57182" lon="-8.75931">
			<ele>369.4</ele>
		</rtept>
		<rtept lat="39.57163" lon="-8.75952">
			<ele>367.7</ele>
		</rtept>
		<rtept lat="39.57152" lon="-8.7596">
			<ele>367.9</ele>
		</rtept>
		<rtept lat="39.57146" lon="-8.75963">
			<ele>368.2</ele>
		</rtept>
		<rtept lat="39.57131" lon="-8.75976">
			<ele>368.6</ele>
		</rtept>
		<rtept lat="39.57117" lon="-8.75992">
			<ele>369.1</ele>
		</rtept>
		<rtept lat="39.57099" lon="-8.76013">
			<ele>367.3</ele>
		</rtept>
		<rtept lat="39.57091" lon="-8.76031">
			<ele>365.1</ele>
		</rtept>
		<rtept lat="39.57087" lon="-8.76037">
			<ele>364.8</ele>
		</rtept>
		<rtept lat="39.57081" lon="-8.76041">
			<ele>364.3</ele>
		</rtept>
		<rtept lat="39.57071" lon="-8.76043">
			<ele>363.9</ele>
		</rtept>
		<rtept lat="39.57051" lon="-8.76047">
			<ele>363.4</ele>
		</rtept>
		<rtept lat="39.5703" lon="-8.76052">
			<ele>363.9</ele>
		</rtept>
		<rtept lat="39.5701" lon="-8.76058">
			<ele>363.4</ele>
		</rtept>
		<rtept lat="39.56998" lon="-8.76063">
			<ele>362.8</ele>
		</rtept>
		<rtept lat="39.56986" lon="-8.76069">
			<ele>362.0</ele>
		</rtept>
		<rtept lat="39.56979" lon="-8.76074">
			<ele>361.5</ele>
		</rtept>
		<rtept lat="39.56972" lon="-8.76081">
			<ele>361.0</ele>
		</rtept>
		<rtept lat="39.56965" lon="-8.76096">
			<ele>361.8</ele>
		</rtept>
		<rtept lat="39.56959" lon="-8.76109">
			<ele>362.4</ele>
		</rtept>
		<rtept lat="39.56954" lon="-8.76116">
			<ele>362.4</ele>
		</rtept>
		<rtept lat="39.56902" lon="-8.76152">
			<ele>360.0</ele>
		</rtept>
		<rtept lat="39.56883" lon="-8.76168">
			<ele>358.7</ele>
		</rtept>
		<rtept lat="39.56871" lon="-8.76179">
			<ele>357.7</ele>
		</rtept>
		<rtept lat="39.5686" lon="-8.76193">
			<ele>356.9</ele>
		</rtept>
		<rtept lat="39.56853" lon="-8.76197">
			<ele>356.1</ele>
		</rtept>
		<rtept lat="39.56842" lon="-8.76201">
			<ele>354.8</ele>
		</rtept>
		<rtept lat="39.56826" lon="-8.76208">
			<ele>353.9</ele>
		</rtept>
		<rtept lat="39.56791" lon="-8.76226">
			<ele>351.9</ele>
		</rtept>
		<rtept lat="39.56758" lon="-8.76237">
			<ele>350.2</ele>
		</rtept>
		<rtept lat="39.5674" lon="-8.76248">
			<ele>348.3</ele>
		</rtept>
		<rtept lat="39.56723" lon="-8.76256">
			<ele>347.8</ele>
		</rtept>
		<rtept lat="39.56714" lon="-8.76268">
			<ele>346.8</ele>
		</rtept>
		<rtept lat="39.56699" lon="-8.76292">
			<ele>346.0</ele>
		</rtept>
		<rtept lat="39.56666" lon="-8.7635">
			<ele>343.0</ele>
		</rtept>
		<rtept lat="39.5665" lon="-8.76392">
			<ele>338.9</ele>
		</rtept>
		<rtept lat="39.56642" lon="-8.76413">
			<ele>335.8</ele>
		</rtept>
		<rtept lat="39.56637" lon="-8.76418">
			<ele>334.9</ele>
		</rtept>
		<rtept lat="39.56626" lon="-8.76423">
			<ele>333.9</ele>
		</rtept>
		<rtept lat="39.56614" lon="-8.76426">
			<ele>333.1</ele>
		</rtept>
		<rtept lat="39.56599" lon="-8.76427">
			<ele>332.4</ele>
		</rtept>
		<rtept lat="39.56573" lon="-8.76426">
			<ele>332.6</ele>
		</rtept>
		<rtept lat="39.56553" lon="-8.7643">
			<ele>333.4</ele>
		</rtept>
		<rtept lat="39.5655" lon="-8.76432">
			<ele>333.5</ele>
		</rtept>
		<rtept lat="39.56546" lon="-8.76435">
			<ele>333.6</ele>
		</rtept>
		<rtept lat="39.56541" lon="-8.7644">
			<ele>333.7</ele>
		</rtept>
		<rtept lat="39.56535" lon="-8.76454">
			<ele>332.5</ele>
		</rtept>
		<rtept lat="39.56527" lon="-8.76474">
			<ele>329.8</ele>
		</rtept>
		<rtept lat="39.5652" lon="-8.76486">
			<ele>328.6</ele>
		</rtept>
		<rtept lat="39.56515" lon="-8.76492">
			<ele>328.4</ele>
		</rtept>
		<rtept lat="39.5651" lon="-8.76494">
			<ele>328.6</ele>
		</rtept>
		<rtept lat="39.56495" lon="-8.76495">
			<ele>330.2</ele>
		</rtept>
		<rtept lat="39.56489" lon="-8.76497">
			<ele>330.4</ele>
		</rtept>
		<rtept lat="39.56481" lon="-8.76504">
			<ele>329.8</ele>
		</rtept>
		<rtept lat="39.56476" lon="-8.76518">
			<ele>328.2</ele>
		</rtept>
		<rtept lat="39.56472" lon="-8.76538">
			<ele>325.9</ele>
		</rtept>
		<rtept lat="39.56465" lon="-8.7657">
			<ele>323.6</ele>
		</rtept>
		<rtept lat="39.56463" lon="-8.76603">
			<ele>321.6</ele>
		</rtept>
		<rtept lat="39.56453" lon="-8.76611">
			<ele>322.0</ele>
		</rtept>
		<rtept lat="39.56441" lon="-8.76622">
			<ele>321.9</ele>
		</rtept>
		<rtept lat="39.56434" lon="-8.76627">
			<ele>321.6</ele>
		</rtept>
		<rtept lat="39.56423" lon="-8.76629">
			<ele>321.8</ele>
		</rtept>
		<rtept lat="39.56408" lon="-8.76632">
			<ele>322.4</ele>
		</rtept>
		<rtept lat="39.56394" lon="-8.76634">
			<ele>323.2</ele>
		</rtept>
		<rtept lat="39.5638" lon="-8.76634">
			<ele>323.8</ele>
		</rtept>
		<rtept lat="39.5637" lon="-8.76632">
			<ele>324.4</ele>
		</rtept>
		<rtept lat="39.56358" lon="-8.76628">
			<ele>325.1</ele>
		</rtept>
		<rtept lat="39.56343" lon="-8.76623">
			<ele>325.7</ele>
		</rtept>
		<rtept lat="39.56334" lon="-8.76619">
			<ele>326.1</ele>
		</rtept>
		<rtept lat="39.56329" lon="-8.76619">
			<ele>326.5</ele>
		</rtept>
		<rtept lat="39.56323" lon="-8.7662">
			<ele>326.9</ele>
		</rtept>
		<rtept lat="39.56309" lon="-8.76625">
			<ele>327.7</ele>
		</rtept>
		<rtept lat="39.56302" lon="-8.76628">
			<ele>328.3</ele>
		</rtept>
		<rtept lat="39.56295" lon="-8.76634">
			<ele>328.9</ele>
		</rtept>
		<rtept lat="39.56277" lon="-8.76649">
			<ele>330.3</ele>
		</rtept>
		<rtept lat="39.56273" lon="-8.76656">
			<ele>330.2</ele>
		</rtept>
		<rtept lat="39.56272" lon="-8.76662">
			<ele>329.9</ele>
		</rtept>
		<rtept lat="39.56272" lon="-8.76671">
			<ele>329.6</ele>
		</rtept>
		<rtept lat="39.56274" lon="-8.76729">
			<ele>329.4</ele>
		</rtept>
		<rtept lat="39.56275" lon="-8.76756">
			<ele>330.3</ele>
		</rtept>
		<rtept lat="39.56273" lon="-8.76758">
			<ele>330.4</ele>
		</rtept>
		<rtept lat="39.56267" lon="-8.76763">
			<ele>330.7</ele>
		</rtept>
		<rtept lat="39.56257" lon="-8.7677">
			<ele>330.9</ele>
		</rtept>
		<rtept lat="39.56243" lon="-8.76775">
			<ele>331.3</ele>
		</rtept>
		<rtept lat="39.56223" lon="-8.76785">
			<ele>332.0</ele>
		</rtept>
		<rtept lat="39.5621" lon="-8.76793">
			<ele>331.8</ele>
		</rtept>
		<rtept lat="39.56188" lon="-8.7681">
			<ele>330.8</ele>
		</rtept>
		<rtept lat="39.56178" lon="-8.7682">
			<ele>330.2</ele>
		</rtept>
		<rtept lat="39.5617" lon="-8.76828">
			<ele>329.5</ele>
		</rtept>
		<rtept lat="39.56168" lon="-8.76824">
			<ele>329.7</ele>
		</rtept>
		<rtept lat="39.56162" lon="-8.7681">
			<ele>330.5</ele>
		</rtept>
		<rtept lat="39.56156" lon="-8.76795">
			<ele>331.4</ele>
		</rtept>
		<rtept lat="39.56151" lon="-8.76772">
			<ele>332.4</ele>
		</rtept>
		<rtept lat="39.56145" lon="-8.76745">
			<ele>331.9</ele>
		</rtept>
		<rtept lat="39.56143" lon="-8.76735">
			<ele>331.6</ele>
		</rtept>
		<rtept lat="39.56135" lon="-8.76725">
			<ele>330.9</ele>
		</rtept>
		<rtept lat="39.56123" lon="-8.76716">
			<ele>330.7</ele>
		</rtept>
		<rtept lat="39.56116" lon="-8.76714">
			<ele>330.4</ele>
		</rtept>
		<rtept lat="39.56107" lon="-8.76716">
			<ele>330.4</ele>
		</rtept>
		<rtept lat="39.56095" lon="-8.76719">
			<ele>330.7</ele>
		</rtept>
		<rtept lat="39.56082" lon="-8.76723">
			<ele>331.1</ele>
		</rtept>
		<rtept lat="39.56078" lon="-8.76723">
			<ele>331.4</ele>
		</rtept>
		<rtept lat="39.56074" lon="-8.76717">
			<ele>331.9</ele>
		</rtept>
		<rtept lat="39.56068" lon="-8.76707">
			<ele>332.6</ele>
		</rtept>
		<rtept lat="39.56061" lon="-8.76697">
			<ele>333.5</ele>
		</rtept>
		<rtept lat="39.56053" lon="-8.76693">
			<ele>334.2</ele>
		</rtept>
		<rtept lat="39.56034" lon="-8.76691">
			<ele>335.6</ele>
		</rtept>
		<rtept lat="39.56023" lon="-8.7669">
			<ele>336.3</ele>
		</rtept>
		<rtept lat="39.5601" lon="-8.76691">
			<ele>337.3</ele>
		</rtept>
		<rtept lat="39.56005" lon="-8.76693">
			<ele>337.6</ele>
		</rtept>
		<rtept lat="39.56001" lon="-8.76694">
			<ele>337.9</ele>
		</rtept>
		<rtept lat="39.55998" lon="-8.76695">
			<ele>338.2</ele>
		</rtept>
		<rtept lat="39.55994" lon="-8.76693">
			<ele>338.7</ele>
		</rtept>
		<rtept lat="39.5599" lon="-8.76692">
			<ele>339.1</ele>
		</rtept>
		<rtept lat="39.55983" lon="-8.76686">
			<ele>339.7</ele>
		</rtept>
		<rtept lat="39.55976" lon="-8.76687">
			<ele>340.4</ele>
		</rtept>
		<rtept lat="39.55967" lon="-8.76668">
			<ele>340.4</ele>
		</rtept>
		<rtept lat="39.55956" lon="-8.76643">
			<ele>341.2</ele>
		</rtept>
		<rtept lat="39.55946" lon="-8.76628">
			<ele>342.3</ele>
		</rtept>
		<rtept lat="39.55939" lon="-8.76618">
			<ele>343.2</ele>
		</rtept>
		<rtept lat="39.55921" lon="-8.76601">
			<ele>344.7</ele>
		</rtept>
		<rtept lat="39.55896" lon="-8.7658">
			<ele>345.1</ele>
		</rtept>
		<rtept lat="39.55875" lon="-8.76559">
			<ele>344.0</ele>
		</rtept>
		<rtept lat="39.55848" lon="-8.7653">
			<ele>342.5</ele>
		</rtept>
		<rtept lat="39.55831" lon="-8.76504">
			<ele>344.0</ele>
		</rtept>
		<rtept lat="39.55811" lon="-8.76471">
			<ele>346.1</ele>
		</rtept>
		<rtept lat="39.55805" lon="-8.76465">
			<ele>346.0</ele>
		</rtept>
		<rtept lat="39.55798" lon="-8.76458">
			<ele>345.9</ele>
		</rtept>
		<rtept lat="39.55793" lon="-8.76455">
			<ele>345.7</ele>
		</rtept>
		<rtept lat="39.55788" lon="-8.76455">
			<ele>345.0</ele>
		</rtept>
		<rtept lat="39.55784" lon="-8.76455">
			<ele>344.4</ele>
		</rtept>
		<rtept lat="39.55782" lon="-8.76457">
			<ele>343.8</ele>
		</rtept>
		<rtept lat="39.55781" lon="-8.76462">
			<ele>343.0</ele>
		</rtept>
		<rtept lat="39.55785" lon="-8.76478">
			<ele>341.3</ele>
		</rtept>
		<rtept lat="39.55789" lon="-8.76498">
			<ele>339.5</ele>
		</rtept>
		<rtept lat="39.55795" lon="-8.76526">
			<ele>336.7</ele>
		</rtept>
		<rtept lat="39.55802" lon="-8.76552">
			<ele>334.9</ele>
		</rtept>
		<rtept lat="39.55813" lon="-8.76591">
			<ele>334.4</ele>
		</rtept>
		<rtept lat="39.55812" lon="-8.76596">
			<ele>333.8</ele>
		</rtept>
		<rtept lat="39.55809" lon="-8.76599">
			<ele>333.1</ele>
		</rtept>
		<rtept lat="39.55806" lon="-8.76599">
			<ele>332.4</ele>
		</rtept>
		<rtept lat="39.55794" lon="-8.76596">
			<ele>330.6</ele>
		</rtept>
		<rtept lat="39.55786" lon="-8.76591">
			<ele>329.7</ele>
		</rtept>
		<rtept lat="39.55782" lon="-8.76589">
			<ele>329.2</ele>
		</rtept>
		<rtept lat="39.5578" lon="-8.7659">
			<ele>328.7</ele>
		</rtept>
		<rtept lat="39.55774" lon="-8.76592">
			<ele>327.5</ele>
		</rtept>
		<rtept lat="39.55767" lon="-8.76591">
			<ele>326.4</ele>
		</rtept>
		<rtept lat="39.5576" lon="-8.76587">
			<ele>326.0</ele>
		</rtept>
		<rtept lat="39.55754" lon="-8.7658">
			<ele>325.9</ele>
		</rtept>
		<rtept lat="39.55748" lon="-8.76568">
			<ele>325.7</ele>
		</rtept>
		<rtept lat="39.55739" lon="-8.76557">
			<ele>325.0</ele>
		</rtept>
		<rtept lat="39.5573" lon="-8.76548">
			<ele>324.3</ele>
		</rtept>
		<rtept lat="39.55714" lon="-8.76537">
			<ele>322.7</ele>
		</rtept>
		<rtept lat="39.55703" lon="-8.76527">
			<ele>322.3</ele>
		</rtept>
		<rtept lat="39.55693" lon="-8.7652">
			<ele>321.8</ele>
		</rtept>
		<rtept lat="39.55686" lon="-8.76517">
			<ele>321.0</ele>
		</rtept>
		<rtept lat="39.55682" lon="-8.76517">
			<ele>320.4</ele>
		</rtept>
		<rtept lat="39.55676" lon="-8.76519">
			<ele>319.1</ele>
		</rtept>
		<rtept lat="39.5566" lon="-8.76521">
			<ele>316.2</ele>
		</rtept>
		<rtept lat="39.55633" lon="-8.76521">
			<ele>312.6</ele>
		</rtept>
		<rtept lat="39.55612" lon="-8.76522">
			<ele>310.9</ele>
		</rtept>
		<rtept lat="39.55599" lon="-8.76524">
			<ele>310.6</ele>
		</rtept>
		<rtept lat="39.5559" lon="-8.76526">
			<ele>310.3</ele>
		</rtept>
		<rtept lat="39.55583" lon="-8.76529">
			<ele>309.8</ele>
		</rtept>
		<rtept lat="39.55578" lon="-8.76533">
			<ele>309.4</ele>
		</rtept>
		<rtept lat="39.55571" lon="-8.76542">
			<ele>308.4</ele>
		</rtept>
		<rtept lat="39.55565" lon="-8.76547">
			<ele>307.9</ele>
		</rtept>
		<rtept lat="39.55559" lon="-8.7655">
			<ele>307.8</ele>
		</rtept>
		<rtept lat="39.5555" lon="-8.76552">
			<ele>307.2</ele>
		</rtept>
		<rtept lat="39.55536" lon="-8.76553">
			<ele>306.1</ele>
		</rtept>
		<rtept lat="39.55501" lon="-8.76556">
			<ele>304.9</ele>
		</rtept>
		<rtept lat="39.55469" lon="-8.76558">
			<ele>302.1</ele>
		</rtept>
		<rtept lat="39.55454" lon="-8.76557">
			<ele>300.0</ele>
		</rtept>
		<rtept lat="39.55443" lon="-8.76556">
			<ele>298.7</ele>
		</rtept>
		<rtept lat="39.55429" lon="-8.76551">
			<ele>297.4</ele>
		</rtept>
		<rtept lat="39.55419" lon="-8.76547">
			<ele>296.6</ele>
		</rtept>
		<rtept lat="39.55412" lon="-8.76545">
			<ele>296.0</ele>
		</rtept>
		<rtept lat="39.55405" lon="-8.76543">
			<ele>295.6</ele>
		</rtept>
		<rtept lat="39.554" lon="-8.76539">
			<ele>295.5</ele>
		</rtept>
		<rtept lat="39.55393" lon="-8.76532">
			<ele>295.8</ele>
		</rtept>
		<rtept lat="39.55389" lon="-8.76528">
			<ele>295.9</ele>
		</rtept>
		<rtept lat="39.55382" lon="-8.76525">
			<ele>294.7</ele>
		</rtept>
		<rtept lat="39.55373" lon="-8.7652">
			<ele>293.4</ele>
		</rtept>
		<rtept lat="39.55364" lon="-8.7651">
			<ele>292.6</ele>
		</rtept>
		<rtept lat="39.55359" lon="-8.76501">
			<ele>292.3</ele>
		</rtept>
		<rtept lat="39.55345" lon="-8.76481">
			<ele>291.4</ele>
		</rtept>
		<rtept lat="39.55341" lon="-8.76469">
			<ele>291.5</ele>
		</rtept>
		<rtept lat="39.55338" lon="-8.76448">
			<ele>292.7</ele>
		</rtept>
		<rtept lat="39.55333" lon="-8.76437">
			<ele>292.6</ele>
		</rtept>
		<rtept lat="39.55328" lon="-8.76432">
			<ele>291.9</ele>
		</rtept>
		<rtept lat="39.55322" lon="-8.7643">
			<ele>290.6</ele>
		</rtept>
		<rtept lat="39.55301" lon="-8.76425">
			<ele>286.9</ele>
		</rtept>
		<rtept lat="39.55297" lon="-8.76425">
			<ele>286.4</ele>
		</rtept>
		<rtept lat="39.55292" lon="-8.76435">
			<ele>285.3</ele>
		</rtept>
		<rtept lat="39.55287" lon="-8.76451">
			<ele>283.3</ele>
		</rtept>
		<rtept lat="39.55282" lon="-8.76467">
			<ele>281.0</ele>
		</rtept>
		<rtept lat="39.55275" lon="-8.76501">
			<ele>276.8</ele>
		</rtept>
		<rtept lat="39.55266" lon="-8.76549">
			<ele>272.6</ele>
		</rtept>
		<rtept lat="39.55264" lon="-8.76576">
			<ele>270.6</ele>
		</rtept>
		<rtept lat="39.5526" lon="-8.76578">
			<ele>270.1</ele>
		</rtept>
		<rtept lat="39.55245" lon="-8.76593">
			<ele>268.4</ele>
		</rtept>
		<rtept lat="39.55234" lon="-8.766">
			<ele>268.2</ele>
		</rtept>
		<rtept lat="39.55214" lon="-8.76607">
			<ele>268.2</ele>
		</rtept>
		<rtept lat="39.55205" lon="-8.76613">
			<ele>267.9</ele>
		</rtept>
		<rtept lat="39.55198" lon="-8.7662">
			<ele>267.7</ele>
		</rtept>
		<rtept lat="39.55183" lon="-8.76636">
			<ele>267.1</ele>
		</rtept>
		<rtept lat="39.55169" lon="-8.76655">
			<ele>266.4</ele>
		</rtept>
		<rtept lat="39.55162" lon="-8.76666">
			<ele>266.0</ele>
		</rtept>
		<rtept lat="39.55154" lon="-8.76682">
			<ele>265.5</ele>
		</rtept>
		<rtept lat="39.55133" lon="-8.76737">
			<ele>262.1</ele>
		</rtept>
		<rtept lat="39.55094" lon="-8.76837">
			<ele>257.0</ele>
		</rtept>
		<rtept lat="39.55083" lon="-8.76863">
			<ele>255.9</ele>
		</rtept>
		<rtept lat="39.55078" lon="-8.76875">
			<ele>255.4</ele>
		</rtept>
		<rtept lat="39.55072" lon="-8.76883">
			<ele>254.9</ele>
		</rtept>
		<rtept lat="39.55066" lon="-8.76889">
			<ele>254.4</ele>
		</rtept>
		<rtept lat="39.55056" lon="-8.769">
			<ele>253.6</ele>
		</rtept>
		<rtept lat="39.55042" lon="-8.76914">
			<ele>253.1</ele>
		</rtept>
		<rtept lat="39.55024" lon="-8.76935">
			<ele>252.3</ele>
		</rtept>
		<rtept lat="39.55019" lon="-8.76929">
			<ele>252.4</ele>
		</rtept>
		<rtept lat="39.55008" lon="-8.76941">
			<ele>252.0</ele>
		</rtept>
		<rtept lat="39.55004" lon="-8.76945">
			<ele>252.0</ele>
		</rtept>
		<rtept lat="39.55" lon="-8.76946">
			<ele>252.0</ele>
		</rtept>
		<rtept lat="39.54993" lon="-8.76955">
			<ele>252.0</ele>
		</rtept>
		<rtept lat="39.54986" lon="-8.76963">
			<ele>252.0</ele>
		</rtept>
		<rtept lat="39.54966" lon="-8.76983">
			<ele>252.0</ele>
		</rtept>
		<rtept lat="39.5494" lon="-8.77002">
			<ele>252.3</ele>
		</rtept>
		<rtept lat="39.54919" lon="-8.7701">
			<ele>253.9</ele>
		</rtept>
		<rtept lat="39.54895" lon="-8.77019">
			<ele>255.3</ele>
		</rtept>
		<rtept lat="39.54876" lon="-8.77037">
			<ele>256.4</ele>
		</rtept>
		<rtept lat="39.54868" lon="-8.77046">
			<ele>256.8</ele>
		</rtept>
	</rte>
</gpx>