<?xml version="1.0" encoding="UTF-8"?>
<gpx creator="Garmin Connect" version="1.1"
  xsi:schemaLocation="http://www.topografix.com/GPX/1/1 http://www.topografix.com/GPX/11.xsd"
  xmlns:ns3="http://www.garmin.com/xmlschemas/TrackPointExtension/v1"
  xmlns="http://www.topografix.com/GPX/1/1"
  xmlns:xsi="http://www.w3.org/2001/XMLSchema-instance" xmlns:ns2="http://www.garmin.com/xmlschemas/GpxExtensions/v3">
  <metadata>
    <link href="connect.garmin.com">
      <text>Garmin Connect</text>
    </link>
    <time>2026-09-03T06:26:06.000Z</time>
  </metadata>
  <trk>
    <name>Saldes Hiking</name>
    <type>hiking</type>
    <trkseg>
      <trkpt lat="42.22838784568011760711669921875" lon="1.73463393934071063995361328125">
        <ele>1216</ele>
        <time>2026-09-03T06:26:11.000Z</time>
      </trkpt>
      <trkpt lat="42.22837963141500949859619140625" lon="1.734602339565753936767578125">
        <ele>1216.4000244140625</ele>
        <time>2026-09-03T06:26:17.000Z</time>
      </trkpt>
      <trkpt lat="42.228374183177947998046875" lon="1.73459504730999469757080078125">
        <ele>1216.4000244140625</ele>
        <time>2026-09-03T06:26:19.000Z</time>
      </trkpt>
      <trkpt lat="42.22836814820766448974609375" lon="1.73458113335072994232177734375">
        <ele>1216.4000244140625</ele>
        <time>2026-09-03T06:26:25.000Z</time>
      </trkpt>
      <trkpt lat="42.22836814820766448974609375" lon="1.73458113335072994232177734375">
        <ele>1215.800048828125</ele>
        <time>2026-09-03T06:26:29.000Z</time>
      </trkpt>
      <trkpt lat="42.22836814820766448974609375" lon="1.73458113335072994232177734375">
        <ele>1215.800048828125</ele>
        <time>2026-09-03T06:26:35.000Z</time>
      </trkpt>
      <trkpt lat="42.22836814820766448974609375" lon="1.73458113335072994232177734375">
        <ele>1216</ele>
        <time>2026-09-03T06:26:40.000Z</time>
      </trkpt>
      <trkpt lat="42.22836814820766448974609375" lon="1.73458113335072994232177734375">
        <ele>1216</ele>
        <time>2026-09-03T06:26:44.000Z</time>
      </trkpt>
      <trkpt lat="42.22836814820766448974609375" lon="1.73458113335072994232177734375">
        <ele>1216</ele>
        <time>2026-09-03T06:26:46.000Z</time>
      </trkpt>
      <trkpt lat="42.22836814820766448974609375" lon="1.73458113335072994232177734375">
        <ele>1216</ele>
        <time>2026-09-03T06:26:52.000Z</time>
      </trkpt>
      <trkpt lat="42.22836814820766448974609375" lon="1.73458113335072994232177734375">
        <ele>1216</ele>
        <time>2026-09-03T06:26:53.000Z</time>
      </trkpt>
      <trkpt lat="42.2283639572560787200927734375" lon="1.73456721939146518707275390625">
        <ele>1215.800048828125</ele>
        <time>2026-09-03T06:26:59.000Z</time>
      </trkpt>
      <trkpt lat="42.2283495403826236724853515625" lon="1.734532602131366729736328125">
        <ele>1215.800048828125</ele>
        <time>2026-09-03T06:27:02.000Z</time>
      </trkpt>
      <trkpt lat="42.2283488698303699493408203125" lon="1.73448591493070125579833984375">
        <ele>1216</ele>
        <time>2026-09-03T06:27:07.000Z</time>
      </trkpt>
      <trkpt lat="42.22834660671651363372802734375" lon="1.7344558238983154296875">
        <ele>1216.199951171875</ele>
        <time>2026-09-03T06:27:11.000Z</time>
      </trkpt>
      <trkpt lat="42.22833470441401004791259765625" lon="1.73440779559314250946044921875">
        <ele>1216.4000244140625</ele>
        <time>2026-09-03T06:27:17.000Z</time>
      </trkpt>
      <trkpt lat="42.22831609658896923065185546875" lon="1.7343493737280368804931640625">
        <ele>1216.5999755859375</ele>
        <time>2026-09-03T06:27:23.000Z</time>
      </trkpt>
      <trkpt lat="42.22830201499164104461669921875" lon="1.7343245632946491241455078125">
        <ele>1216.5999755859375</ele>
        <time>2026-09-03T06:27:29.000Z</time>
      </trkpt>
      <trkpt lat="42.22829841077327728271484375" lon="1.7343138344585895538330078125">
        <ele>1216.5999755859375</ele>
        <time>2026-09-03T06:27:32.000Z</time>
      </trkpt>
      <trkpt lat="42.22826681099832057952880859375" lon="1.73425407148897647857666015625">
        <ele>1216.800048828125</ele>
        <time>2026-09-03T06:27:38.000Z</time>
      </trkpt>
      <trkpt lat="42.2282630391418933868408203125" lon="1.734242923557758331298828125">
        <ele>1216.800048828125</ele>
        <time>2026-09-03T06:27:39.000Z</time>
      </trkpt>
      <trkpt lat="42.22824216820299625396728515625" lon="1.7341807298362255096435546875">
        <ele>1217.199951171875</ele>
        <time>2026-09-03T06:27:44.000Z</time>
      </trkpt>
      <trkpt lat="42.22822423093020915985107421875" lon="1.7341368086636066436767578125">
        <ele>1217.199951171875</ele>
        <time>2026-09-03T06:27:47.000Z</time>
      </trkpt>
      <trkpt lat="42.228201515972614288330078125" lon="1.7340804822742938995361328125">
        <ele>1217.800048828125</ele>
        <time>2026-09-03T06:27:52.000Z</time>
      </trkpt>
      <trkpt lat="42.2281956486403942108154296875" lon="1.7340717650949954986572265625">
        <ele>1218.199951171875</ele>
        <time>2026-09-03T06:27:53.000Z</time>
      </trkpt>
      <trkpt lat="42.22818978130817413330078125" lon="1.73406279645860195159912109375">
        <ele>1218.4000244140625</ele>
        <time>2026-09-03T06:27:54.000Z</time>
      </trkpt>
      <trkpt lat="42.2281859256327152252197265625" lon="1.73405189998447895050048828125">
        <ele>1218.4000244140625</ele>
        <time>2026-09-03T06:27:55.000Z</time>
      </trkpt>
      <trkpt lat="42.2281845845282077789306640625" lon="1.73403949476778507232666015625">
        <ele>1218.5999755859375</ele>
        <time>2026-09-03T06:27:56.000Z</time>
      </trkpt>
      <trkpt lat="42.22816740162670612335205078125" lon="1.73397948034107685089111328125">
        <ele>1217.5999755859375</ele>
        <time>2026-09-03T06:28:01.000Z</time>
      </trkpt>
      <trkpt lat="42.22815516404807567596435546875" lon="1.73395626246929168701171875">
        <ele>1217.199951171875</ele>
        <time>2026-09-03T06:28:03.000Z</time>
      </trkpt>
      <trkpt lat="42.22812867723405361175537109375" lon="1.7338804900646209716796875">
        <ele>1217.5999755859375</ele>
        <time>2026-09-03T06:28:09.000Z</time>
      </trkpt>
      <trkpt lat="42.2281249053776264190673828125" lon="1.73386800102889537811279296875">
        <ele>1217.5999755859375</ele>
        <time>2026-09-03T06:28:10.000Z</time>
      </trkpt>
      <trkpt lat="42.22810939885675907135009765625" lon="1.73381871543824672698974609375">
        <ele>1217.4000244140625</ele>
        <time>2026-09-03T06:28:14.000Z</time>
      </trkpt>
      <trkpt lat="42.22808651626110076904296875" lon="1.7337411828339099884033203125">
        <ele>1218</ele>
        <time>2026-09-03T06:28:20.000Z</time>
      </trkpt>
      <trkpt lat="42.22807821817696094512939453125" lon="1.7337234131991863250732421875">
        <ele>1218</ele>
        <time>2026-09-03T06:28:22.000Z</time>
      </trkpt>
      <trkpt lat="42.22805893979966640472412109375" lon="1.73367328941822052001953125">
        <ele>1218.199951171875</ele>
        <time>2026-09-03T06:28:27.000Z</time>
      </trkpt>
      <trkpt lat="42.22805039025843143463134765625" lon="1.7336271889507770538330078125">
        <ele>1218.4000244140625</ele>
        <time>2026-09-03T06:28:31.000Z</time>
      </trkpt>
      <trkpt lat="42.2280266694724559783935546875" lon="1.7335628159344196319580078125">
        <ele>1218.800048828125</ele>
        <time>2026-09-03T06:28:37.000Z</time>
      </trkpt>
      <trkpt lat="42.22802692092955112457275390625" lon="1.733562313020229339599609375">
        <ele>1218.800048828125</ele>
        <time>2026-09-03T06:28:39.000Z</time>
      </trkpt>
      <trkpt lat="42.22802993841469287872314453125" lon="1.733533479273319244384765625">
        <ele>1219.199951171875</ele>
        <time>2026-09-03T06:28:45.000Z</time>
      </trkpt>
      <trkpt lat="42.22802926786243915557861328125" lon="1.7335202358663082122802734375">
        <ele>1219.199951171875</ele>
        <time>2026-09-03T06:28:46.000Z</time>
      </trkpt>
      <trkpt lat="42.22802675329148769378662109375" lon="1.73349785618484020233154296875">
        <ele>1219.199951171875</ele>
        <time>2026-09-03T06:28:48.000Z</time>
      </trkpt>
      <trkpt lat="42.22802239470183849334716796875" lon="1.73345695249736309051513671875">
        <ele>1219.4000244140625</ele>
        <time>2026-09-03T06:28:54.000Z</time>
      </trkpt>
      <trkpt lat="42.22802239470183849334716796875" lon="1.73345695249736309051513671875">
        <ele>1219.4000244140625</ele>
        <time>2026-09-03T06:28:56.000Z</time>
      </trkpt>
      <trkpt lat="42.22802239470183849334716796875" lon="1.73345695249736309051513671875">
        <ele>1219.4000244140625</ele>
        <time>2026-09-03T06:28:58.000Z</time>
      </trkpt>
      <trkpt lat="42.22802239470183849334716796875" lon="1.73345695249736309051513671875">
        <ele>1219.5999755859375</ele>
        <time>2026-09-03T06:29:03.000Z</time>
      </trkpt>
      <trkpt lat="42.22802817821502685546875" lon="1.73345628194510936737060546875">
        <ele>1219.5999755859375</ele>
        <time>2026-09-03T06:29:09.000Z</time>
      </trkpt>
      <trkpt lat="42.22802239470183849334716796875" lon="1.73345695249736309051513671875">
        <ele>1219.4000244140625</ele>
        <time>2026-09-03T06:29:11.000Z</time>
      </trkpt>
      <trkpt lat="42.22802239470183849334716796875" lon="1.73345695249736309051513671875">
        <ele>1219.4000244140625</ele>
        <time>2026-09-03T06:29:12.000Z</time>
      </trkpt>
      <trkpt lat="42.22803329117596149444580078125" lon="1.73345762304961681365966796875">
        <ele>1219.4000244140625</ele>
        <time>2026-09-03T06:29:13.000Z</time>
      </trkpt>
      <trkpt lat="42.22808693535625934600830078125" lon="1.7334260232746601104736328125">
        <ele>1219.800048828125</ele>
        <time>2026-09-03T06:29:18.000Z</time>
      </trkpt>
      <trkpt lat="42.2281051240861415863037109375" lon="1.73341454006731510162353515625">
        <ele>1220.199951171875</ele>
        <time>2026-09-03T06:29:20.000Z</time>
      </trkpt>
      <trkpt lat="42.2281567566096782684326171875" lon="1.73339190892875194549560546875">
        <ele>1220.4000244140625</ele>
        <time>2026-09-03T06:29:26.000Z</time>
      </trkpt>
      <trkpt lat="42.228166647255420684814453125" lon="1.7333864606916904449462890625">
        <ele>1220.5999755859375</ele>
        <time>2026-09-03T06:29:27.000Z</time>
      </trkpt>
      <trkpt lat="42.2282003425061702728271484375" lon="1.73338486813008785247802734375">
        <ele>1221.199951171875</ele>
        <time>2026-09-03T06:29:31.000Z</time>
      </trkpt>
      <trkpt lat="42.2282301820814609527587890625" lon="1.73339970409870147705078125">
        <ele>1221.800048828125</ele>
        <time>2026-09-03T06:29:35.000Z</time>
      </trkpt>
      <trkpt lat="42.22825256176292896270751953125" lon="1.73341621644794940948486328125">
        <ele>1222.4000244140625</ele>
        <time>2026-09-03T06:29:39.000Z</time>
      </trkpt>
      <trkpt lat="42.2282630391418933868408203125" lon="1.73341537825763225555419921875">
        <ele>1222.800048828125</ele>
        <time>2026-09-03T06:29:42.000Z</time>
      </trkpt>
      <trkpt lat="42.22826614044606685638427734375" lon="1.7334109358489513397216796875">
        <ele>1222.800048828125</ele>
        <time>2026-09-03T06:29:43.000Z</time>
      </trkpt>
      <trkpt lat="42.228266559541225433349609375" lon="1.73341085202991962432861328125">
        <ele>1223</ele>
        <time>2026-09-03T06:29:44.000Z</time>
      </trkpt>
      <trkpt lat="42.2282684035599231719970703125" lon="1.73340951092541217803955078125">
        <ele>1223</ele>
        <time>2026-09-03T06:29:45.000Z</time>
      </trkpt>
      <trkpt lat="42.22826882265508174896240234375" lon="1.73340976238250732421875">
        <ele>1223</ele>
        <time>2026-09-03T06:29:47.000Z</time>
      </trkpt>
      <trkpt lat="42.22826882265508174896240234375" lon="1.73340976238250732421875">
        <ele>1223</ele>
        <time>2026-09-03T06:29:53.000Z</time>
      </trkpt>
      <trkpt lat="42.22826882265508174896240234375" lon="1.73340976238250732421875">
        <ele>1223</ele>
        <time>2026-09-03T06:29:55.000Z</time>
      </trkpt>
      <trkpt lat="42.22826882265508174896240234375" lon="1.73340976238250732421875">
        <ele>1223</ele>
        <time>2026-09-03T06:29:57.000Z</time>
      </trkpt>
      <trkpt lat="42.22826882265508174896240234375" lon="1.73340976238250732421875">
        <ele>1223.199951171875</ele>
        <time>2026-09-03T06:30:03.000Z</time>
      </trkpt>
      <trkpt lat="42.22826882265508174896240234375" lon="1.73340976238250732421875">
        <ele>1223.4000244140625</ele>
        <time>2026-09-03T06:30:04.000Z</time>
      </trkpt>
      <trkpt lat="42.22826882265508174896240234375" lon="1.73340976238250732421875">
        <ele>1223.199951171875</ele>
        <time>2026-09-03T06:30:10.000Z</time>
      </trkpt>
      <trkpt lat="42.22825088538229465484619140625" lon="1.73342091031372547149658203125">
        <ele>1223.5999755859375</ele>
        <time>2026-09-03T06:30:16.000Z</time>
      </trkpt>
      <trkpt lat="42.22823596559464931488037109375" lon="1.73342996276915073394775390625">
        <ele>1223.5999755859375</ele>
        <time>2026-09-03T06:30:18.000Z</time>
      </trkpt>
      <trkpt lat="42.2281889431178569793701171875" lon="1.73344194889068603515625">
        <ele>1222.800048828125</ele>
        <time>2026-09-03T06:30:24.000Z</time>
      </trkpt>
      <trkpt lat="42.2281688265502452850341796875" lon="1.733441613614559173583984375">
        <ele>1222.5999755859375</ele>
        <time>2026-09-03T06:30:26.000Z</time>
      </trkpt>
      <trkpt lat="42.22813479602336883544921875" lon="1.73344756476581096649169921875">
        <ele>1222.4000244140625</ele>
        <time>2026-09-03T06:30:30.000Z</time>
      </trkpt>
      <trkpt lat="42.22808257676661014556884765625" lon="1.7334491573274135589599609375">
        <ele>1221.4000244140625</ele>
        <time>2026-09-03T06:30:36.000Z</time>
      </trkpt>
      <trkpt lat="42.22807578742504119873046875" lon="1.73345041461288928985595703125">
        <ele>1221.199951171875</ele>
        <time>2026-09-03T06:30:37.000Z</time>
      </trkpt>
      <trkpt lat="42.22806631587445735931396484375" lon="1.73345175571739673614501953125">
        <ele>1221.199951171875</ele>
        <time>2026-09-03T06:30:38.000Z</time>
      </trkpt>
      <trkpt lat="42.22801166586577892303466796875" lon="1.73343381844460964202880859375">
        <ele>1221</ele>
        <time>2026-09-03T06:30:44.000Z</time>
      </trkpt>
      <trkpt lat="42.22798534668982028961181640625" lon="1.73341068439185619354248046875">
        <ele>1221</ele>
        <time>2026-09-03T06:30:47.000Z</time>
      </trkpt>
      <trkpt lat="42.227953411638736724853515625" lon="1.73334765248000621795654296875">
        <ele>1221</ele>
        <time>2026-09-03T06:30:53.000Z</time>
      </trkpt>
      <trkpt lat="42.22792734391987323760986328125" lon="1.73332015983760356903076171875">
        <ele>1221.4000244140625</ele>
        <time>2026-09-03T06:30:56.000Z</time>
      </trkpt>
      <trkpt lat="42.2279012762010097503662109375" lon="1.73328562639653682708740234375">
        <ele>1221.4000244140625</ele>
        <time>2026-09-03T06:30:59.000Z</time>
      </trkpt>
      <trkpt lat="42.2278670780360698699951171875" lon="1.73324757255613803863525390625">
        <ele>1221.800048828125</ele>
        <time>2026-09-03T06:31:04.000Z</time>
      </trkpt>
      <trkpt lat="42.22784645855426788330078125" lon="1.73323567025363445281982421875">
        <ele>1222</ele>
        <time>2026-09-03T06:31:06.000Z</time>
      </trkpt>
      <trkpt lat="42.2278006933629512786865234375" lon="1.73322309739887714385986328125">
        <ele>1222.4000244140625</ele>
        <time>2026-09-03T06:31:11.000Z</time>
      </trkpt>
      <trkpt lat="42.22775953821837902069091796875" lon="1.73323047347366809844970703125">
        <ele>1222.800048828125</ele>
        <time>2026-09-03T06:31:16.000Z</time>
      </trkpt>
      <trkpt lat="42.2277068160474300384521484375" lon="1.733236424624919891357421875">
        <ele>1223.199951171875</ele>
        <time>2026-09-03T06:31:22.000Z</time>
      </trkpt>
      <trkpt lat="42.227685861289501190185546875" lon="1.73323835246264934539794921875">
        <ele>1223.4000244140625</ele>
        <time>2026-09-03T06:31:24.000Z</time>
      </trkpt>
      <trkpt lat="42.2276669181883335113525390625" lon="1.73323667608201503753662109375">
        <ele>1223.4000244140625</ele>
        <time>2026-09-03T06:31:26.000Z</time>
      </trkpt>
      <trkpt lat="42.22760916687548160552978515625" lon="1.7332528531551361083984375">
        <ele>1224.199951171875</ele>
        <time>2026-09-03T06:31:32.000Z</time>
      </trkpt>
      <trkpt lat="42.22759977914392948150634765625" lon="1.7332567088305950164794921875">
        <ele>1224.4000244140625</ele>
        <time>2026-09-03T06:31:33.000Z</time>
      </trkpt>
      <trkpt lat="42.2275817580521106719970703125" lon="1.7332667671144008636474609375">
        <ele>1224.5999755859375</ele>
        <time>2026-09-03T06:31:35.000Z</time>
      </trkpt>
      <trkpt lat="42.22753372974693775177001953125" lon="1.733294092118740081787109375">
        <ele>1225</ele>
        <time>2026-09-03T06:31:41.000Z</time>
      </trkpt>
      <trkpt lat="42.22751663066446781158447265625" lon="1.73328646458685398101806640625">
        <ele>1225.199951171875</ele>
        <time>2026-09-03T06:31:43.000Z</time>
      </trkpt>
      <trkpt lat="42.2274986095726490020751953125" lon="1.73328210599720478057861328125">
        <ele>1225.4000244140625</ele>
        <time>2026-09-03T06:31:45.000Z</time>
      </trkpt>
      <trkpt lat="42.2274453006684780120849609375" lon="1.73328881151974201202392578125">
        <ele>1226</ele>
        <time>2026-09-03T06:31:51.000Z</time>
      </trkpt>
      <trkpt lat="42.227435410022735595703125" lon="1.7332945950329303741455078125">
        <ele>1226.199951171875</ele>
        <time>2026-09-03T06:31:52.000Z</time>
      </trkpt>
      <trkpt lat="42.2274090908467769622802734375" lon="1.73330876044929027557373046875">
        <ele>1226.5999755859375</ele>
        <time>2026-09-03T06:31:55.000Z</time>
      </trkpt>
      <trkpt lat="42.22735452465713024139404296875" lon="1.73334094695746898651123046875">
        <ele>1227</ele>
        <time>2026-09-03T06:32:01.000Z</time>
      </trkpt>
      <trkpt lat="42.2273457236588001251220703125" lon="1.73334446735680103302001953125">
        <ele>1227</ele>
        <time>2026-09-03T06:32:02.000Z</time>
      </trkpt>
      <trkpt lat="42.22732032649219036102294921875" lon="1.73335678875446319580078125">
        <ele>1227.4000244140625</ele>
        <time>2026-09-03T06:32:05.000Z</time>
      </trkpt>
      <trkpt lat="42.227311022579669952392578125" lon="1.73336072824895381927490234375">
        <ele>1227.5999755859375</ele>
        <time>2026-09-03T06:32:06.000Z</time>
      </trkpt>
      <trkpt lat="42.22729182802140712738037109375" lon="1.7333720438182353973388671875">
        <ele>1227.800048828125</ele>
        <time>2026-09-03T06:32:08.000Z</time>
      </trkpt>
      <trkpt lat="42.22725695930421352386474609375" lon="1.73339710570871829986572265625">
        <ele>1228</ele>
        <time>2026-09-03T06:32:12.000Z</time>
      </trkpt>
      <trkpt lat="42.227219156920909881591796875" lon="1.733417473733425140380859375">
        <ele>1228.5999755859375</ele>
        <time>2026-09-03T06:32:16.000Z</time>
      </trkpt>
      <trkpt lat="42.22715872339904308319091796875" lon="1.73343566246330738067626953125">
        <ele>1229.199951171875</ele>
        <time>2026-09-03T06:32:22.000Z</time>
      </trkpt>
      <trkpt lat="42.2271053306758403778076171875" lon="1.73345393501222133636474609375">
        <ele>1230.199951171875</ele>
        <time>2026-09-03T06:32:28.000Z</time>
      </trkpt>
      <trkpt lat="42.22709787078201770782470703125" lon="1.73345242626965045928955078125">
        <ele>1230.800048828125</ele>
        <time>2026-09-03T06:32:29.000Z</time>
      </trkpt>
      <trkpt lat="42.227086387574672698974609375" lon="1.733449660241603851318359375">
        <ele>1231.4000244140625</ele>
        <time>2026-09-03T06:32:30.000Z</time>
      </trkpt>
      <trkpt lat="42.227040790021419525146484375" lon="1.733440272510051727294921875">
        <ele>1232</ele>
        <time>2026-09-03T06:32:35.000Z</time>
      </trkpt>
      <trkpt lat="42.2270156443119049072265625" lon="1.73344203270971775054931640625">
        <ele>1232.4000244140625</ele>
        <time>2026-09-03T06:32:38.000Z</time>
      </trkpt>
      <trkpt lat="42.22697482444345951080322265625" lon="1.73343515954911708831787109375">
        <ele>1233</ele>
        <time>2026-09-03T06:32:44.000Z</time>
      </trkpt>
      <trkpt lat="42.2269678674638271331787109375" lon="1.7334323935210704803466796875">
        <ele>1233.199951171875</ele>
        <time>2026-09-03T06:32:45.000Z</time>
      </trkpt>
      <trkpt lat="42.2269457392394542694091796875" lon="1.7334293760359287261962890625">
        <ele>1233.199951171875</ele>
        <time>2026-09-03T06:32:48.000Z</time>
      </trkpt>
      <trkpt lat="42.226928137242794036865234375" lon="1.73341956920921802520751953125">
        <ele>1233.4000244140625</ele>
        <time>2026-09-03T06:32:50.000Z</time>
      </trkpt>
      <trkpt lat="42.22690374590456485748291015625" lon="1.73340045846998691558837890625">
        <ele>1233.800048828125</ele>
        <time>2026-09-03T06:32:53.000Z</time>
      </trkpt>
      <trkpt lat="42.2268602438271045684814453125" lon="1.73334731720387935638427734375">
        <ele>1233.800048828125</ele>
        <time>2026-09-03T06:32:59.000Z</time>
      </trkpt>
      <trkpt lat="42.22685110755264759063720703125" lon="1.7333398573100566864013671875">
        <ele>1233.800048828125</ele>
        <time>2026-09-03T06:33:00.000Z</time>
      </trkpt>
      <trkpt lat="42.22682587802410125732421875" lon="1.7333220876753330230712890625">
        <ele>1234.5999755859375</ele>
        <time>2026-09-03T06:33:03.000Z</time>
      </trkpt>
      <trkpt lat="42.22678757272660732269287109375" lon="1.73328780569136142730712890625">
        <ele>1235.4000244140625</ele>
        <time>2026-09-03T06:33:07.000Z</time>
      </trkpt>
      <trkpt lat="42.2267849743366241455078125" lon="1.7332821898162364959716796875">
        <ele>1234.4000244140625</ele>
        <time>2026-09-03T06:33:13.000Z</time>
      </trkpt>
      <trkpt lat="42.2267849743366241455078125" lon="1.7332821898162364959716796875">
        <ele>1234.4000244140625</ele>
        <time>2026-09-03T06:33:14.000Z</time>
      </trkpt>
      <trkpt lat="42.2267849743366241455078125" lon="1.7332821898162364959716796875">
        <ele>1234.199951171875</ele>
        <time>2026-09-03T06:33:20.000Z</time>
      </trkpt>
      <trkpt lat="42.2267849743366241455078125" lon="1.7332821898162364959716796875">
        <ele>1234.4000244140625</ele>
        <time>2026-09-03T06:33:22.000Z</time>
      </trkpt>
      <trkpt lat="42.2267849743366241455078125" lon="1.7332821898162364959716796875">
        <ele>1234.4000244140625</ele>
        <time>2026-09-03T06:33:25.000Z</time>
      </trkpt>
      <trkpt lat="42.2267849743366241455078125" lon="1.7332821898162364959716796875">
        <ele>1234</ele>
        <time>2026-09-03T06:33:30.000Z</time>
      </trkpt>
      <trkpt lat="42.22678740508854389190673828125" lon="1.73326550982892513275146484375">
        <ele>1234.199951171875</ele>
        <time>2026-09-03T06:33:35.000Z</time>
      </trkpt>
      <trkpt lat="42.2267901711165904998779296875" lon="1.7331745661795139312744140625">
        <ele>1234.4000244140625</ele>
        <time>2026-09-03T06:33:41.000Z</time>
      </trkpt>
      <trkpt lat="42.22678991965949535369873046875" lon="1.733134500682353973388671875">
        <ele>1234.4000244140625</ele>
        <time>2026-09-03T06:33:44.000Z</time>
      </trkpt>
      <trkpt lat="42.22679436206817626953125" lon="1.73305101692676544189453125">
        <ele>1234.800048828125</ele>
        <time>2026-09-03T06:33:50.000Z</time>
      </trkpt>
      <trkpt lat="42.226796038448810577392578125" lon="1.73300634138286113739013671875">
        <ele>1234.800048828125</ele>
        <time>2026-09-03T06:33:53.000Z</time>
      </trkpt>
      <trkpt lat="42.22681305371224880218505859375" lon="1.73292168416082859039306640625">
        <ele>1235</ele>
        <time>2026-09-03T06:33:59.000Z</time>
      </trkpt>
      <trkpt lat="42.2268173284828662872314453125" lon="1.73289276659488677978515625">
        <ele>1235.800048828125</ele>
        <time>2026-09-03T06:34:01.000Z</time>
      </trkpt>
      <trkpt lat="42.22681925632059574127197265625" lon="1.73287910409271717071533203125">
        <ele>1236</ele>
        <time>2026-09-03T06:34:02.000Z</time>
      </trkpt>
      <trkpt lat="42.22683400847017765045166015625" lon="1.7328060977160930633544921875">
        <ele>1236</ele>
        <time>2026-09-03T06:34:08.000Z</time>
      </trkpt>
      <trkpt lat="42.2268413007259368896484375" lon="1.732768379151821136474609375">
        <ele>1236.199951171875</ele>
        <time>2026-09-03T06:34:11.000Z</time>
      </trkpt>
      <trkpt lat="42.22684331238269805908203125" lon="1.7327566444873809814453125">
        <ele>1236.199951171875</ele>
        <time>2026-09-03T06:34:12.000Z</time>
      </trkpt>
      <trkpt lat="42.22685462795197963714599609375" lon="1.73268682323396205902099609375">
        <ele>1236.199951171875</ele>
        <time>2026-09-03T06:34:18.000Z</time>
      </trkpt>
      <trkpt lat="42.2268582321703433990478515625" lon="1.73261960037052631378173828125">
        <ele>1236.4000244140625</ele>
        <time>2026-09-03T06:34:23.000Z</time>
      </trkpt>
      <trkpt lat="42.2268552146852016448974609375" lon="1.732542403042316436767578125">
        <ele>1236.5999755859375</ele>
        <time>2026-09-03T06:34:29.000Z</time>
      </trkpt>
      <trkpt lat="42.22683216445147991180419921875" lon="1.73249789513647556304931640625">
        <ele>1236.800048828125</ele>
        <time>2026-09-03T06:34:33.000Z</time>
      </trkpt>
      <trkpt lat="42.2268210165202617645263671875" lon="1.73242128454148769378662109375">
        <ele>1236.800048828125</ele>
        <time>2026-09-03T06:34:39.000Z</time>
      </trkpt>
      <trkpt lat="42.22683602012693881988525390625" lon="1.73240049742162227630615234375">
        <ele>1237</ele>
        <time>2026-09-03T06:34:41.000Z</time>
      </trkpt>
      <trkpt lat="42.22683803178369998931884765625" lon="1.73237979412078857421875">
        <ele>1237.199951171875</ele>
        <time>2026-09-03T06:34:43.000Z</time>
      </trkpt>
      <trkpt lat="42.22683585248887538909912109375" lon="1.7323665507137775421142578125">
        <ele>1237.5999755859375</ele>
        <time>2026-09-03T06:34:47.000Z</time>
      </trkpt>
      <trkpt lat="42.22680014558136463165283203125" lon="1.73233084380626678466796875">
        <ele>1237.5999755859375</ele>
        <time>2026-09-03T06:34:53.000Z</time>
      </trkpt>
      <trkpt lat="42.22679243423044681549072265625" lon="1.732325144112110137939453125">
        <ele>1237.800048828125</ele>
        <time>2026-09-03T06:34:54.000Z</time>
      </trkpt>
      <trkpt lat="42.226759493350982666015625" lon="1.7322696559131145477294921875">
        <ele>1238.199951171875</ele>
        <time>2026-09-03T06:35:00.000Z</time>
      </trkpt>
      <trkpt lat="42.22674801014363765716552734375" lon="1.7322528921067714691162109375">
        <ele>1238.199951171875</ele>
        <time>2026-09-03T06:35:02.000Z</time>
      </trkpt>
      <trkpt lat="42.226703166961669921875" lon="1.7321985773742198944091796875">
        <ele>1238.5999755859375</ele>
        <time>2026-09-03T06:35:08.000Z</time>
      </trkpt>
      <trkpt lat="42.22665396519005298614501953125" lon="1.73215239308774471282958984375">
        <ele>1239</ele>
        <time>2026-09-03T06:35:14.000Z</time>
      </trkpt>
      <trkpt lat="42.22661725245416164398193359375" lon="1.7321224696934223175048828125">
        <ele>1239.5999755859375</ele>
        <time>2026-09-03T06:35:20.000Z</time>
      </trkpt>
      <trkpt lat="42.22658447921276092529296875" lon="1.7320976592600345611572265625">
        <ele>1240</ele>
        <time>2026-09-03T06:35:25.000Z</time>
      </trkpt>
      <trkpt lat="42.22657852806150913238525390625" lon="1.73209187574684619903564453125">
        <ele>1240.199951171875</ele>
        <time>2026-09-03T06:35:26.000Z</time>
      </trkpt>
      <trkpt lat="42.22655254416167736053466796875" lon="1.73207175917923450469970703125">
        <ele>1240.5999755859375</ele>
        <time>2026-09-03T06:35:30.000Z</time>
      </trkpt>
      <trkpt lat="42.226525135338306427001953125" lon="1.73204979859292507171630859375">
        <ele>1240.800048828125</ele>
        <time>2026-09-03T06:35:34.000Z</time>
      </trkpt>
      <trkpt lat="42.22650577314198017120361328125" lon="1.73202934674918651580810546875">
        <ele>1241</ele>
        <time>2026-09-03T06:35:37.000Z</time>
      </trkpt>
      <trkpt lat="42.226460091769695281982421875" lon="1.73198777250945568084716796875">
        <ele>1241.199951171875</ele>
        <time>2026-09-03T06:35:42.000Z</time>
      </trkpt>
      <trkpt lat="42.22642086446285247802734375" lon="1.73195709474384784698486328125">
        <ele>1241.4000244140625</ele>
        <time>2026-09-03T06:35:47.000Z</time>
      </trkpt>
      <trkpt lat="42.22637400962412357330322265625" lon="1.7319206334650516510009765625">
        <ele>1241.199951171875</ele>
        <time>2026-09-03T06:35:53.000Z</time>
      </trkpt>
      <trkpt lat="42.2263442538678646087646484375" lon="1.73189355991780757904052734375">
        <ele>1241.199951171875</ele>
        <time>2026-09-03T06:35:56.000Z</time>
      </trkpt>
      <trkpt lat="42.226293124258518218994140625" lon="1.73184930346906185150146484375">
        <ele>1241</ele>
        <time>2026-09-03T06:36:02.000Z</time>
      </trkpt>
      <trkpt lat="42.226258926093578338623046875" lon="1.7318166978657245635986328125">
        <ele>1239.800048828125</ele>
        <time>2026-09-03T06:36:06.000Z</time>
      </trkpt>
      <trkpt lat="42.2262168489396572113037109375" lon="1.73177487216889858245849609375">
        <ele>1239.4000244140625</ele>
        <time>2026-09-03T06:36:10.000Z</time>
      </trkpt>
      <trkpt lat="42.2262171842157840728759765625" lon="1.73176012001931667327880859375">
        <ele>1239.5999755859375</ele>
        <time>2026-09-03T06:36:11.000Z</time>
      </trkpt>
      <trkpt lat="42.226189859211444854736328125" lon="1.73172843642532825469970703125">
        <ele>1240.800048828125</ele>
        <time>2026-09-03T06:36:15.000Z</time>
      </trkpt>
      <trkpt lat="42.226180136203765869140625" lon="1.7317248322069644927978515625">
        <ele>1240.800048828125</ele>
        <time>2026-09-03T06:36:16.000Z</time>
      </trkpt>
      <trkpt lat="42.22611844539642333984375" lon="1.73169926740229129791259765625">
        <ele>1240.199951171875</ele>
        <time>2026-09-03T06:36:22.000Z</time>
      </trkpt>
      <trkpt lat="42.22609187476336956024169921875" lon="1.73168686218559741973876953125">
        <ele>1240</ele>
        <time>2026-09-03T06:36:25.000Z</time>
      </trkpt>
      <trkpt lat="42.226029597222805023193359375" lon="1.73165014944970607757568359375">
        <ele>1240.4000244140625</ele>
        <time>2026-09-03T06:36:31.000Z</time>
      </trkpt>
      <trkpt lat="42.22599900327622890472412109375" lon="1.731626428663730621337890625">
        <ele>1239.4000244140625</ele>
        <time>2026-09-03T06:36:34.000Z</time>
      </trkpt>
      <trkpt lat="42.22594133578240871429443359375" lon="1.7315729521214962005615234375">
        <ele>1239.199951171875</ele>
        <time>2026-09-03T06:36:40.000Z</time>
      </trkpt>
      <trkpt lat="42.2259097360074520111083984375" lon="1.73153154551982879638671875">
        <ele>1239.4000244140625</ele>
        <time>2026-09-03T06:36:44.000Z</time>
      </trkpt>
      <trkpt lat="42.2258782200515270233154296875" lon="1.73147178255021572113037109375">
        <ele>1239.4000244140625</ele>
        <time>2026-09-03T06:36:50.000Z</time>
      </trkpt>
      <trkpt lat="42.22586589865386486053466796875" lon="1.73143506981432437896728515625">
        <ele>1239.800048828125</ele>
        <time>2026-09-03T06:36:53.000Z</time>
      </trkpt>
      <trkpt lat="42.22584159113466739654541015625" lon="1.7313593812286853790283203125">
        <ele>1239.800048828125</ele>
        <time>2026-09-03T06:36:59.000Z</time>
      </trkpt>
      <trkpt lat="42.22584418952465057373046875" lon="1.73133767209947109222412109375">
        <ele>1240</ele>
        <time>2026-09-03T06:37:02.000Z</time>
      </trkpt>
      <trkpt lat="42.22583706490695476531982421875" lon="1.731330715119838714599609375">
        <ele>1240</ele>
        <time>2026-09-03T06:37:03.000Z</time>
      </trkpt>
      <trkpt lat="42.22581124864518642425537109375" lon="1.73125770874321460723876953125">
        <ele>1240</ele>
        <time>2026-09-03T06:37:08.000Z</time>
      </trkpt>
      <trkpt lat="42.22577135078608989715576171875" lon="1.731173135340213775634765625">
        <ele>1240.4000244140625</ele>
        <time>2026-09-03T06:37:14.000Z</time>
      </trkpt>
      <trkpt lat="42.22574402578175067901611328125" lon="1.7311320640146732330322265625">
        <ele>1240.4000244140625</ele>
        <time>2026-09-03T06:37:17.000Z</time>
      </trkpt>
      <trkpt lat="42.22569440491497516632080078125" lon="1.73105838708579540252685546875">
        <ele>1240.800048828125</ele>
        <time>2026-09-03T06:37:23.000Z</time>
      </trkpt>
      <trkpt lat="42.22564981319010257720947265625" lon="1.73100491054356098175048828125">
        <ele>1240.800048828125</ele>
        <time>2026-09-03T06:37:28.000Z</time>
      </trkpt>
      <trkpt lat="42.22564092837274074554443359375" lon="1.7309952713549137115478515625">
        <ele>1241.199951171875</ele>
        <time>2026-09-03T06:37:29.000Z</time>
      </trkpt>
      <trkpt lat="42.225621901452541351318359375" lon="1.73097574152052402496337890625">
        <ele>1241.4000244140625</ele>
        <time>2026-09-03T06:37:31.000Z</time>
      </trkpt>
      <trkpt lat="42.2255617193877696990966796875" lon="1.7309332452714443206787109375">
        <ele>1242.199951171875</ele>
        <time>2026-09-03T06:37:37.000Z</time>
      </trkpt>
      <trkpt lat="42.22555107437074184417724609375" lon="1.73092712648212909698486328125">
        <ele>1242.5999755859375</ele>
        <time>2026-09-03T06:37:38.000Z</time>
      </trkpt>
      <trkpt lat="42.22549877129495143890380859375" lon="1.73087884671986103057861328125">
        <ele>1243.199951171875</ele>
        <time>2026-09-03T06:37:43.000Z</time>
      </trkpt>
      <trkpt lat="42.2254678420722484588623046875" lon="1.73085789196193218231201171875">
        <ele>1243.4000244140625</ele>
        <time>2026-09-03T06:37:46.000Z</time>
      </trkpt>
      <trkpt lat="42.225415371358394622802734375" lon="1.73078329302370548248291015625">
        <ele>1243.5999755859375</ele>
        <time>2026-09-03T06:37:52.000Z</time>
      </trkpt>
      <trkpt lat="42.22539030946791172027587890625" lon="1.730716489255428314208984375">
        <ele>1244.199951171875</ele>
        <time>2026-09-03T06:37:57.000Z</time>
      </trkpt>
      <trkpt lat="42.2253875434398651123046875" lon="1.7306894995272159576416015625">
        <ele>1244.4000244140625</ele>
        <time>2026-09-03T06:37:59.000Z</time>
      </trkpt>
      <trkpt lat="42.22538427449762821197509765625" lon="1.73064046539366245269775390625">
        <ele>1244.199951171875</ele>
        <time>2026-09-03T06:38:02.000Z</time>
      </trkpt>
      <trkpt lat="42.225385867059230804443359375" lon="1.73056955449283123016357421875">
        <ele>1244.4000244140625</ele>
        <time>2026-09-03T06:38:06.000Z</time>
      </trkpt>
      <trkpt lat="42.22539902664721012115478515625" lon="1.73047584481537342071533203125">
        <ele>1244.800048828125</ele>
        <time>2026-09-03T06:38:12.000Z</time>
      </trkpt>
      <trkpt lat="42.22539818845689296722412109375" lon="1.7304579913616180419921875">
        <ele>1245</ele>
        <time>2026-09-03T06:38:17.000Z</time>
      </trkpt>
      <trkpt lat="42.22539751790463924407958984375" lon="1.73045220784842967987060546875">
        <ele>1244.800048828125</ele>
        <time>2026-09-03T06:38:22.000Z</time>
      </trkpt>
      <trkpt lat="42.2254105098545551300048828125" lon="1.73040258698165416717529296875">
        <ele>1244.800048828125</ele>
        <time>2026-09-03T06:38:26.000Z</time>
      </trkpt>
      <trkpt lat="42.22540874965488910675048828125" lon="1.73036419786512851715087890625">
        <ele>1244.199951171875</ele>
        <time>2026-09-03T06:38:29.000Z</time>
      </trkpt>
      <trkpt lat="42.22540791146457195281982421875" lon="1.7302854917943477630615234375">
        <ele>1244.5999755859375</ele>
        <time>2026-09-03T06:38:35.000Z</time>
      </trkpt>
      <trkpt lat="42.225414700806140899658203125" lon="1.73020544461905956268310546875">
        <ele>1244.800048828125</ele>
        <time>2026-09-03T06:38:41.000Z</time>
      </trkpt>
      <trkpt lat="42.2254225797951221466064453125" lon="1.73015599139034748077392578125">
        <ele>1245.199951171875</ele>
        <time>2026-09-03T06:38:45.000Z</time>
      </trkpt>
      <trkpt lat="42.22542584873735904693603515625" lon="1.73014576546847820281982421875">
        <ele>1245.4000244140625</ele>
        <time>2026-09-03T06:38:46.000Z</time>
      </trkpt>
      <trkpt lat="42.22543506883084774017333984375" lon="1.7301007546484470367431640625">
        <ele>1245.5999755859375</ele>
        <time>2026-09-03T06:38:50.000Z</time>
      </trkpt>
      <trkpt lat="42.2254390083253383636474609375" lon="1.7300615273416042327880859375">
        <ele>1246</ele>
        <time>2026-09-03T06:38:54.000Z</time>
      </trkpt>
      <trkpt lat="42.22544177435338497161865234375" lon="1.7300142534077167510986328125">
        <ele>1246.4000244140625</ele>
        <time>2026-09-03T06:38:58.000Z</time>
      </trkpt>
      <trkpt lat="42.22544462420046329498291015625" lon="1.72993269748985767364501953125">
        <ele>1247.199951171875</ele>
        <time>2026-09-03T06:39:04.000Z</time>
      </trkpt>
      <trkpt lat="42.22545325756072998046875" lon="1.72990989871323108673095703125">
        <ele>1247.4000244140625</ele>
        <time>2026-09-03T06:39:06.000Z</time>
      </trkpt>
      <trkpt lat="42.22547546960413455963134765625" lon="1.729826666414737701416015625">
        <ele>1248</ele>
        <time>2026-09-03T06:39:12.000Z</time>
      </trkpt>
      <trkpt lat="42.225479073822498321533203125" lon="1.72981359064579010009765625">
        <ele>1248</ele>
        <time>2026-09-03T06:39:13.000Z</time>
      </trkpt>
      <trkpt lat="42.225492484867572784423828125" lon="1.72977746464312076568603515625">
        <ele>1248.5999755859375</ele>
        <time>2026-09-03T06:39:17.000Z</time>
      </trkpt>
      <trkpt lat="42.22550623118877410888671875" lon="1.72971409745514392852783203125">
        <ele>1249</ele>
        <time>2026-09-03T06:39:22.000Z</time>
      </trkpt>
      <trkpt lat="42.22552157007157802581787109375" lon="1.72965793870389461517333984375">
        <ele>1249.5999755859375</ele>
        <time>2026-09-03T06:39:26.000Z</time>
      </trkpt>
      <trkpt lat="42.225530706346035003662109375" lon="1.72958987765014171600341796875">
        <ele>1250.199951171875</ele>
        <time>2026-09-03T06:39:32.000Z</time>
      </trkpt>
      <trkpt lat="42.2255338914692401885986328125" lon="1.7295425198972225189208984375">
        <ele>1250.800048828125</ele>
        <time>2026-09-03T06:39:36.000Z</time>
      </trkpt>
      <trkpt lat="42.22552961669862270355224609375" lon="1.72947471030056476593017578125">
        <ele>1251.4000244140625</ele>
        <time>2026-09-03T06:39:42.000Z</time>
      </trkpt>
      <trkpt lat="42.22551486454904079437255859375" lon="1.72939650714397430419921875">
        <ele>1252</ele>
        <time>2026-09-03T06:39:48.000Z</time>
      </trkpt>
      <trkpt lat="42.22550564445555210113525390625" lon="1.7293426953256130218505859375">
        <ele>1252.5999755859375</ele>
        <time>2026-09-03T06:39:52.000Z</time>
      </trkpt>
      <trkpt lat="42.22547144629061222076416015625" lon="1.72926499508321285247802734375">
        <ele>1253</ele>
        <time>2026-09-03T06:39:58.000Z</time>
      </trkpt>
      <trkpt lat="42.22546323202550411224365234375" lon="1.729234568774700164794921875">
        <ele>1253.5999755859375</ele>
        <time>2026-09-03T06:40:00.000Z</time>
      </trkpt>
      <trkpt lat="42.22545619122684001922607421875" lon="1.7292038910090923309326171875">
        <ele>1254</ele>
        <time>2026-09-03T06:40:02.000Z</time>
      </trkpt>
      <trkpt lat="42.22543490119278430938720703125" lon="1.72913423739373683929443359375">
        <ele>1253.5999755859375</ele>
        <time>2026-09-03T06:40:08.000Z</time>
      </trkpt>
      <trkpt lat="42.22543406300246715545654296875" lon="1.72912166453897953033447265625">
        <ele>1253.5999755859375</ele>
        <time>2026-09-03T06:40:09.000Z</time>
      </trkpt>
      <trkpt lat="42.22541235387325286865234375" lon="1.7290429584681987762451171875">
        <ele>1254</ele>
        <time>2026-09-03T06:40:15.000Z</time>
      </trkpt>
      <trkpt lat="42.225403301417827606201171875" lon="1.7290044017136096954345703125">
        <ele>1254.199951171875</ele>
        <time>2026-09-03T06:40:18.000Z</time>
      </trkpt>
      <trkpt lat="42.22539835609495639801025390625" lon="1.72899417579174041748046875">
        <ele>1254.4000244140625</ele>
        <time>2026-09-03T06:40:20.000Z</time>
      </trkpt>
      <trkpt lat="42.2253929078578948974609375" lon="1.72897028736770153045654296875">
        <ele>1254.800048828125</ele>
        <time>2026-09-03T06:40:22.000Z</time>
      </trkpt>
      <trkpt lat="42.2253736294806003570556640625" lon="1.72890524379909038543701171875">
        <ele>1255</ele>
        <time>2026-09-03T06:40:27.000Z</time>
      </trkpt>
      <trkpt lat="42.22535393200814723968505859375" lon="1.72885830514132976531982421875">
        <ele>1255.199951171875</ele>
        <time>2026-09-03T06:40:29.000Z</time>
      </trkpt>
      <trkpt lat="42.22533079795539379119873046875" lon="1.72879041172564029693603515625">
        <ele>1256.199951171875</ele>
        <time>2026-09-03T06:40:34.000Z</time>
      </trkpt>
      <trkpt lat="42.22530908882617950439453125" lon="1.72871581278741359710693359375">
        <ele>1256.4000244140625</ele>
        <time>2026-09-03T06:40:40.000Z</time>
      </trkpt>
      <trkpt lat="42.2252867929637432098388671875" lon="1.72863014973700046539306640625">
        <ele>1256.5999755859375</ele>
        <time>2026-09-03T06:40:46.000Z</time>
      </trkpt>
      <trkpt lat="42.225277908146381378173828125" lon="1.7286077700555324554443359375">
        <ele>1256.800048828125</ele>
        <time>2026-09-03T06:40:48.000Z</time>
      </trkpt>
      <trkpt lat="42.22526215016841888427734375" lon="1.72855856828391551971435546875">
        <ele>1257.4000244140625</ele>
        <time>2026-09-03T06:40:52.000Z</time>
      </trkpt>
      <trkpt lat="42.2252499125897884368896484375" lon="1.72851867042481899261474609375">
        <ele>1257.5999755859375</ele>
        <time>2026-09-03T06:40:56.000Z</time>
      </trkpt>
      <trkpt lat="42.2252076677978038787841796875" lon="1.7284387908875942230224609375">
        <ele>1257.4000244140625</ele>
        <time>2026-09-03T06:41:02.000Z</time>
      </trkpt>
      <trkpt lat="42.2251979447901248931884765625" lon="1.72841272316873073577880859375">
        <ele>1257.5999755859375</ele>
        <time>2026-09-03T06:41:04.000Z</time>
      </trkpt>
      <trkpt lat="42.2251516766846179962158203125" lon="1.72836377285420894622802734375">
        <ele>1257.800048828125</ele>
        <time>2026-09-03T06:41:10.000Z</time>
      </trkpt>
      <trkpt lat="42.2251432947814464569091796875" lon="1.72835404984652996063232421875">
        <ele>1257.5999755859375</ele>
        <time>2026-09-03T06:41:12.000Z</time>
      </trkpt>
      <trkpt lat="42.2250903211534023284912109375" lon="1.72833569347858428955078125">
        <ele>1257.5999755859375</ele>
        <time>2026-09-03T06:41:16.000Z</time>
      </trkpt>
      <trkpt lat="42.225068025290966033935546875" lon="1.72833879478275775909423828125">
        <ele>1257.800048828125</ele>
        <time>2026-09-03T06:41:18.000Z</time>
      </trkpt>
      <trkpt lat="42.2250427119433879852294921875" lon="1.72835136763751506805419921875">
        <ele>1258.4000244140625</ele>
        <time>2026-09-03T06:41:21.000Z</time>
      </trkpt>
      <trkpt lat="42.22500457428395748138427734375" lon="1.7283834703266620635986328125">
        <ele>1258.800048828125</ele>
        <time>2026-09-03T06:41:25.000Z</time>
      </trkpt>
      <trkpt lat="42.22495461814105510711669921875" lon="1.72842412255704402923583984375">
        <ele>1259.4000244140625</ele>
        <time>2026-09-03T06:41:30.000Z</time>
      </trkpt>
      <trkpt lat="42.2249454818665981292724609375" lon="1.72843066044151782989501953125">
        <ele>1259.4000244140625</ele>
        <time>2026-09-03T06:41:31.000Z</time>
      </trkpt>
      <trkpt lat="42.2248951904475688934326171875" lon="1.72848329879343509674072265625">
        <ele>1260.4000244140625</ele>
        <time>2026-09-03T06:41:37.000Z</time>
      </trkpt>
      <trkpt lat="42.2248913347721099853515625" lon="1.7284927703440189361572265625">
        <ele>1260.5999755859375</ele>
        <time>2026-09-03T06:41:38.000Z</time>
      </trkpt>
      <trkpt lat="42.22485579550266265869140625" lon="1.72850995324552059173583984375">
        <ele>1261.800048828125</ele>
        <time>2026-09-03T06:41:42.000Z</time>
      </trkpt>
      <trkpt lat="42.22484397701919078826904296875" lon="1.72851799987256526947021484375">
        <ele>1262</ele>
        <time>2026-09-03T06:41:43.000Z</time>
      </trkpt>
      <trkpt lat="42.22479754127562046051025390625" lon="1.728529147803783416748046875">
        <ele>1262.199951171875</ele>
        <time>2026-09-03T06:41:48.000Z</time>
      </trkpt>
      <trkpt lat="42.22477574832737445831298828125" lon="1.7285333387553691864013671875">
        <ele>1262.4000244140625</ele>
        <time>2026-09-03T06:41:50.000Z</time>
      </trkpt>
      <trkpt lat="42.22474037669599056243896484375" lon="1.72851230017840862274169921875">
        <ele>1263</ele>
        <time>2026-09-03T06:41:53.000Z</time>
      </trkpt>
      <trkpt lat="42.224715314805507659912109375" lon="1.7284843884408473968505859375">
        <ele>1263.199951171875</ele>
        <time>2026-09-03T06:41:56.000Z</time>
      </trkpt>
      <trkpt lat="42.2246646881103515625" lon="1.7284329235553741455078125">
        <ele>1263.199951171875</ele>
        <time>2026-09-03T06:42:02.000Z</time>
      </trkpt>
      <trkpt lat="42.2246574796736240386962890625" lon="1.72842227853834629058837890625">
        <ele>1263.199951171875</ele>
        <time>2026-09-03T06:42:03.000Z</time>
      </trkpt>
      <trkpt lat="42.22460526041686534881591796875" lon="1.728338710963726043701171875">
        <ele>1263.800048828125</ele>
        <time>2026-09-03T06:42:09.000Z</time>
      </trkpt>
      <trkpt lat="42.224593274295330047607421875" lon="1.72831348143517971038818359375">
        <ele>1263.800048828125</ele>
        <time>2026-09-03T06:42:11.000Z</time>
      </trkpt>
      <trkpt lat="42.2245880775153636932373046875" lon="1.7282996512949466705322265625">
        <ele>1264</ele>
        <time>2026-09-03T06:42:12.000Z</time>
      </trkpt>
      <trkpt lat="42.2245533764362335205078125" lon="1.72822647728025913238525390625">
        <ele>1264.4000244140625</ele>
        <time>2026-09-03T06:42:18.000Z</time>
      </trkpt>
      <trkpt lat="42.2245394624769687652587890625" lon="1.7281259782612323760986328125">
        <ele>1264.5999755859375</ele>
        <time>2026-09-03T06:42:24.000Z</time>
      </trkpt>
      <trkpt lat="42.2245381213724613189697265625" lon="1.72811231575906276702880859375">
        <ele>1264.5999755859375</ele>
        <time>2026-09-03T06:42:25.000Z</time>
      </trkpt>
      <trkpt lat="42.22453401423990726470947265625" lon="1.72802547924220561981201171875">
        <ele>1264.5999755859375</ele>
        <time>2026-09-03T06:42:31.000Z</time>
      </trkpt>
      <trkpt lat="42.22453502006828784942626953125" lon="1.72800846397876739501953125">
        <ele>1264.800048828125</ele>
        <time>2026-09-03T06:42:32.000Z</time>
      </trkpt>
      <trkpt lat="42.22453887574374675750732421875" lon="1.7279117368161678314208984375">
        <ele>1264.5999755859375</ele>
        <time>2026-09-03T06:42:38.000Z</time>
      </trkpt>
      <trkpt lat="42.2245399653911590576171875" lon="1.727894805371761322021484375">
        <ele>1264.5999755859375</ele>
        <time>2026-09-03T06:42:39.000Z</time>
      </trkpt>
      <trkpt lat="42.2245501913130283355712890625" lon="1.72780754975974559783935546875">
        <ele>1264.4000244140625</ele>
        <time>2026-09-03T06:42:45.000Z</time>
      </trkpt>
      <trkpt lat="42.22454725764691829681396484375" lon="1.72779346816241741180419921875">
        <ele>1264.4000244140625</ele>
        <time>2026-09-03T06:42:46.000Z</time>
      </trkpt>
      <trkpt lat="42.22455765120685100555419921875" lon="1.72769866883754730224609375">
        <ele>1264.5999755859375</ele>
        <time>2026-09-03T06:42:52.000Z</time>
      </trkpt>
      <trkpt lat="42.22455681301653385162353515625" lon="1.727688275277614593505859375">
        <ele>1264.5999755859375</ele>
        <time>2026-09-03T06:42:53.000Z</time>
      </trkpt>
      <trkpt lat="42.2245599143207073211669921875" lon="1.727589704096317291259765625">
        <ele>1264.800048828125</ele>
        <time>2026-09-03T06:42:59.000Z</time>
      </trkpt>
      <trkpt lat="42.2245592437684535980224609375" lon="1.72757486812770366668701171875">
        <ele>1264.800048828125</ele>
        <time>2026-09-03T06:43:00.000Z</time>
      </trkpt>
      <trkpt lat="42.22455714829266071319580078125" lon="1.7275603674352169036865234375">
        <ele>1265</ele>
        <time>2026-09-03T06:43:01.000Z</time>
      </trkpt>
      <trkpt lat="42.22453988157212734222412109375" lon="1.727454923093318939208984375">
        <ele>1265.199951171875</ele>
        <time>2026-09-03T06:43:07.000Z</time>
      </trkpt>
      <trkpt lat="42.224527895450592041015625" lon="1.72736297361552715301513671875">
        <ele>1265</ele>
        <time>2026-09-03T06:43:13.000Z</time>
      </trkpt>
      <trkpt lat="42.22452848218381404876708984375" lon="1.7273511551320552825927734375">
        <ele>1265</ele>
        <time>2026-09-03T06:43:14.000Z</time>
      </trkpt>
      <trkpt lat="42.22450685687363147735595703125" lon="1.72728049568831920623779296875">
        <ele>1265</ele>
        <time>2026-09-03T06:43:20.000Z</time>
      </trkpt>
      <trkpt lat="42.2244970500469207763671875" lon="1.727255098521709442138671875">
        <ele>1265.4000244140625</ele>
        <time>2026-09-03T06:43:22.000Z</time>
      </trkpt>
      <trkpt lat="42.22449244000017642974853515625" lon="1.72722903080284595489501953125">
        <ele>1266</ele>
        <time>2026-09-03T06:43:24.000Z</time>
      </trkpt>
      <trkpt lat="42.224483303725719451904296875" lon="1.72717873938381671905517578125">
        <ele>1266.5999755859375</ele>
        <time>2026-09-03T06:43:27.000Z</time>
      </trkpt>
      <trkpt lat="42.224474586546421051025390625" lon="1.7271556891500949859619140625">
        <ele>1267</ele>
        <time>2026-09-03T06:43:29.000Z</time>
      </trkpt>
      <trkpt lat="42.22446494735777378082275390625" lon="1.72709441743791103363037109375">
        <ele>1267.4000244140625</ele>
        <time>2026-09-03T06:43:33.000Z</time>
      </trkpt>
      <trkpt lat="42.22444851882755756378173828125" lon="1.7270182259380817413330078125">
        <ele>1267.5999755859375</ele>
        <time>2026-09-03T06:43:38.000Z</time>
      </trkpt>
      <trkpt lat="42.22444600425660610198974609375" lon="1.7270058207213878631591796875">
        <ele>1267.4000244140625</ele>
        <time>2026-09-03T06:43:39.000Z</time>
      </trkpt>
      <trkpt lat="42.22444013692438602447509765625" lon="1.726974807679653167724609375">
        <ele>1267.5999755859375</ele>
        <time>2026-09-03T06:43:41.000Z</time>
      </trkpt>
      <trkpt lat="42.22442890517413616180419921875" lon="1.72694153152406215667724609375">
        <ele>1267.800048828125</ele>
        <time>2026-09-03T06:43:43.000Z</time>
      </trkpt>
      <trkpt lat="42.22441515885293483734130859375" lon="1.72690129838883876800537109375">
        <ele>1267.800048828125</ele>
        <time>2026-09-03T06:43:46.000Z</time>
      </trkpt>
      <trkpt lat="42.22439311444759368896484375" lon="1.72686450183391571044921875">
        <ele>1268.199951171875</ele>
        <time>2026-09-03T06:43:49.000Z</time>
      </trkpt>
      <trkpt lat="42.22438129596412181854248046875" lon="1.72683097422122955322265625">
        <ele>1268</ele>
        <time>2026-09-03T06:43:52.000Z</time>
      </trkpt>
      <trkpt lat="42.224340476095676422119140625" lon="1.726771630346775054931640625">
        <ele>1268</ele>
        <time>2026-09-03T06:43:57.000Z</time>
      </trkpt>
      <trkpt lat="42.224296219646930694580078125" lon="1.72670398838818073272705078125">
        <ele>1268</ele>
        <time>2026-09-03T06:44:03.000Z</time>
      </trkpt>
      <trkpt lat="42.22428976558148860931396484375" lon="1.72669610939919948577880859375">
        <ele>1268</ele>
        <time>2026-09-03T06:44:04.000Z</time>
      </trkpt>
      <trkpt lat="42.224264033138751983642578125" lon="1.7266599833965301513671875">
        <ele>1268</ele>
        <time>2026-09-03T06:44:07.000Z</time>
      </trkpt>
      <trkpt lat="42.22424282692372798919677734375" lon="1.7266443930566310882568359375">
        <ele>1267.800048828125</ele>
        <time>2026-09-03T06:44:09.000Z</time>
      </trkpt>
      <trkpt lat="42.2242333553731441497802734375" lon="1.726640202105045318603515625">
        <ele>1267.800048828125</ele>
        <time>2026-09-03T06:44:10.000Z</time>
      </trkpt>
      <trkpt lat="42.22416738979518413543701171875" lon="1.7265902459621429443359375">
        <ele>1267.4000244140625</ele>
        <time>2026-09-03T06:44:16.000Z</time>
      </trkpt>
      <trkpt lat="42.2241027653217315673828125" lon="1.7265634238719940185546875">
        <ele>1267.4000244140625</ele>
        <time>2026-09-03T06:44:22.000Z</time>
      </trkpt>
      <trkpt lat="42.2240901924669742584228515625" lon="1.726557053625583648681640625">
        <ele>1267.4000244140625</ele>
        <time>2026-09-03T06:44:23.000Z</time>
      </trkpt>
      <trkpt lat="42.22403747029602527618408203125" lon="1.7265178263187408447265625">
        <ele>1267</ele>
        <time>2026-09-03T06:44:28.000Z</time>
      </trkpt>
      <trkpt lat="42.22401559352874755859375" lon="1.7265022359788417816162109375">
        <ele>1267</ele>
        <time>2026-09-03T06:44:30.000Z</time>
      </trkpt>
      <trkpt lat="42.22395054996013641357421875" lon="1.72644901089370250701904296875">
        <ele>1267</ele>
        <time>2026-09-03T06:44:36.000Z</time>
      </trkpt>
      <trkpt lat="42.22393445670604705810546875" lon="1.72643668949604034423828125">
        <ele>1267.199951171875</ele>
        <time>2026-09-03T06:44:38.000Z</time>
      </trkpt>
      <trkpt lat="42.22387569956481456756591796875" lon="1.726382039487361907958984375">
        <ele>1266.800048828125</ele>
        <time>2026-09-03T06:44:44.000Z</time>
      </trkpt>
      <trkpt lat="42.2238658927381038665771484375" lon="1.726376004517078399658203125">
        <ele>1267</ele>
        <time>2026-09-03T06:44:45.000Z</time>
      </trkpt>
      <trkpt lat="42.2238048724830150604248046875" lon="1.72632747329771518707275390625">
        <ele>1266.800048828125</ele>
        <time>2026-09-03T06:44:51.000Z</time>
      </trkpt>
      <trkpt lat="42.22379690967500209808349609375" lon="1.72632277943193912506103515625">
        <ele>1266.800048828125</ele>
        <time>2026-09-03T06:44:52.000Z</time>
      </trkpt>
      <trkpt lat="42.22372792661190032958984375" lon="1.7262936942279338836669921875">
        <ele>1267</ele>
        <time>2026-09-03T06:44:58.000Z</time>
      </trkpt>
      <trkpt lat="42.22367227077484130859375" lon="1.72623778693377971649169921875">
        <ele>1266.800048828125</ele>
        <time>2026-09-03T06:45:04.000Z</time>
      </trkpt>
      <trkpt lat="42.2235958278179168701171875" lon="1.72622068785130977630615234375">
        <ele>1267</ele>
        <time>2026-09-03T06:45:10.000Z</time>
      </trkpt>
      <trkpt lat="42.22356498241424560546875" lon="1.7262092046439647674560546875">
        <ele>1267</ele>
        <time>2026-09-03T06:45:13.000Z</time>
      </trkpt>
      <trkpt lat="42.22354243509471416473388671875" lon="1.72619260847568511962890625">
        <ele>1267.199951171875</ele>
        <time>2026-09-03T06:45:15.000Z</time>
      </trkpt>
      <trkpt lat="42.22349097020924091339111328125" lon="1.72611239366233348846435546875">
        <ele>1267.4000244140625</ele>
        <time>2026-09-03T06:45:21.000Z</time>
      </trkpt>
      <trkpt lat="42.22348518669605255126953125" lon="1.7260968871414661407470703125">
        <ele>1267.4000244140625</ele>
        <time>2026-09-03T06:45:22.000Z</time>
      </trkpt>
      <trkpt lat="42.22349063493311405181884765625" lon="1.72601683996617794036865234375">
        <ele>1268</ele>
        <time>2026-09-03T06:45:28.000Z</time>
      </trkpt>
      <trkpt lat="42.2234912216663360595703125" lon="1.72600426711142063140869140625">
        <ele>1268</ele>
        <time>2026-09-03T06:45:29.000Z</time>
      </trkpt>
      <trkpt lat="42.2234870307147502899169921875" lon="1.72597073949873447418212890625">
        <ele>1268.199951171875</ele>
        <time>2026-09-03T06:45:32.000Z</time>
      </trkpt>
      <trkpt lat="42.223472110927104949951171875" lon="1.72593167982995510101318359375">
        <ele>1268.199951171875</ele>
        <time>2026-09-03T06:45:35.000Z</time>
      </trkpt>
      <trkpt lat="42.22343866713345050811767578125" lon="1.72584601677954196929931640625">
        <ele>1267.800048828125</ele>
        <time>2026-09-03T06:45:41.000Z</time>
      </trkpt>
      <trkpt lat="42.22342726774513721466064453125" lon="1.725814081728458404541015625">
        <ele>1267</ele>
        <time>2026-09-03T06:45:43.000Z</time>
      </trkpt>
      <trkpt lat="42.223412096500396728515625" lon="1.72570436261594295501708984375">
        <ele>1265.800048828125</ele>
        <time>2026-09-03T06:45:49.000Z</time>
      </trkpt>
      <trkpt lat="42.22340798936784267425537109375" lon="1.7256905324757099151611328125">
        <ele>1265.800048828125</ele>
        <time>2026-09-03T06:45:50.000Z</time>
      </trkpt>
      <trkpt lat="42.2233921475708484649658203125" lon="1.725604869425296783447265625">
        <ele>1265.199951171875</ele>
        <time>2026-09-03T06:45:56.000Z</time>
      </trkpt>
      <trkpt lat="42.2233879566192626953125" lon="1.72559003345668315887451171875">
        <ele>1265</ele>
        <time>2026-09-03T06:45:57.000Z</time>
      </trkpt>
      <trkpt lat="42.22338418476283550262451171875" lon="1.725554578006267547607421875">
        <ele>1264.800048828125</ele>
        <time>2026-09-03T06:45:59.000Z</time>
      </trkpt>
      <trkpt lat="42.22336691804230213165283203125" lon="1.725451648235321044921875">
        <ele>1263.800048828125</ele>
        <time>2026-09-03T06:46:05.000Z</time>
      </trkpt>
      <trkpt lat="42.2233616374433040618896484375" lon="1.72543731518089771270751953125">
        <ele>1263.5999755859375</ele>
        <time>2026-09-03T06:46:06.000Z</time>
      </trkpt>
      <trkpt lat="42.2233284451067447662353515625" lon="1.72535802237689495086669921875">
        <ele>1263.5999755859375</ele>
        <time>2026-09-03T06:46:12.000Z</time>
      </trkpt>
      <trkpt lat="42.2233227454125881195068359375" lon="1.7253482155501842498779296875">
        <ele>1263.4000244140625</ele>
        <time>2026-09-03T06:46:14.000Z</time>
      </trkpt>
      <trkpt lat="42.22332215867936611175537109375" lon="1.725346036255359649658203125">
        <ele>1262.800048828125</ele>
        <time>2026-09-03T06:46:20.000Z</time>
      </trkpt>
      <trkpt lat="42.22330539487302303314208984375" lon="1.72531711868941783905029296875">
        <ele>1262.800048828125</ele>
        <time>2026-09-03T06:46:23.000Z</time>
      </trkpt>
      <trkpt lat="42.2232962585985660552978515625" lon="1.72530672512948513031005859375">
        <ele>1262.5999755859375</ele>
        <time>2026-09-03T06:46:25.000Z</time>
      </trkpt>
      <trkpt lat="42.2232959233224391937255859375" lon="1.725303120911121368408203125">
        <ele>1262</ele>
        <time>2026-09-03T06:46:30.000Z</time>
      </trkpt>
      <trkpt lat="42.2232959233224391937255859375" lon="1.7253029532730579376220703125">
        <ele>1261.800048828125</ele>
        <time>2026-09-03T06:46:33.000Z</time>
      </trkpt>
      <trkpt lat="42.2232721187174320220947265625" lon="1.72526188194751739501953125">
        <ele>1261.800048828125</ele>
        <time>2026-09-03T06:46:37.000Z</time>
      </trkpt>
      <trkpt lat="42.223252840340137481689453125" lon="1.72522307373583316802978515625">
        <ele>1261.5999755859375</ele>
        <time>2026-09-03T06:46:40.000Z</time>
      </trkpt>
      <trkpt lat="42.223215289413928985595703125" lon="1.7251644842326641082763671875">
        <ele>1260.5999755859375</ele>
        <time>2026-09-03T06:46:45.000Z</time>
      </trkpt>
      <trkpt lat="42.22320883534848690032958984375" lon="1.72515467740595340728759765625">
        <ele>1260.4000244140625</ele>
        <time>2026-09-03T06:46:46.000Z</time>
      </trkpt>
      <trkpt lat="42.22316675819456577301025390625" lon="1.72507789917290210723876953125">
        <ele>1259.800048828125</ele>
        <time>2026-09-03T06:46:52.000Z</time>
      </trkpt>
      <trkpt lat="42.22316273488104343414306640625" lon="1.7250662483274936676025390625">
        <ele>1259.5999755859375</ele>
        <time>2026-09-03T06:46:53.000Z</time>
      </trkpt>
      <trkpt lat="42.22315217368304729461669921875" lon="1.72504554502665996551513671875">
        <ele>1259.199951171875</ele>
        <time>2026-09-03T06:46:55.000Z</time>
      </trkpt>
      <trkpt lat="42.2231225855648517608642578125" lon="1.72497161664068698883056640625">
        <ele>1258.199951171875</ele>
        <time>2026-09-03T06:47:00.000Z</time>
      </trkpt>
      <trkpt lat="42.22311730496585369110107421875" lon="1.72493641264736652374267578125">
        <ele>1257.800048828125</ele>
        <time>2026-09-03T06:47:02.000Z</time>
      </trkpt>
      <trkpt lat="42.22312199883162975311279296875" lon="1.72487488947808742523193359375">
        <ele>1257.199951171875</ele>
        <time>2026-09-03T06:47:06.000Z</time>
      </trkpt>
      <trkpt lat="42.22312702797353267669677734375" lon="1.72484354116022586822509765625">
        <ele>1257</ele>
        <time>2026-09-03T06:47:08.000Z</time>
      </trkpt>
      <trkpt lat="42.22313742153346538543701171875" lon="1.72474882565438747406005859375">
        <ele>1256.199951171875</ele>
        <time>2026-09-03T06:47:14.000Z</time>
      </trkpt>
      <trkpt lat="42.22314362414181232452392578125" lon="1.72471328638494014739990234375">
        <ele>1256</ele>
        <time>2026-09-03T06:47:16.000Z</time>
      </trkpt>
      <trkpt lat="42.223154939711093902587890625" lon="1.7246297188103199005126953125">
        <ele>1255</ele>
        <time>2026-09-03T06:47:22.000Z</time>
      </trkpt>
      <trkpt lat="42.223162986338138580322265625" lon="1.72459912486374378204345703125">
        <ele>1254.800048828125</ele>
        <time>2026-09-03T06:47:24.000Z</time>
      </trkpt>
      <trkpt lat="42.22317145206034183502197265625" lon="1.72450147569179534912109375">
        <ele>1254</ele>
        <time>2026-09-03T06:47:30.000Z</time>
      </trkpt>
      <trkpt lat="42.2231765650212764739990234375" lon="1.72447306104004383087158203125">
        <ele>1253.800048828125</ele>
        <time>2026-09-03T06:47:32.000Z</time>
      </trkpt>
      <trkpt lat="42.2231577895581722259521484375" lon="1.7243916727602481842041015625">
        <ele>1253.4000244140625</ele>
        <time>2026-09-03T06:47:38.000Z</time>
      </trkpt>
      <trkpt lat="42.22314613871276378631591796875" lon="1.72436200082302093505859375">
        <ele>1253</ele>
        <time>2026-09-03T06:47:40.000Z</time>
      </trkpt>
      <trkpt lat="42.2230994515120983123779296875" lon="1.72429268248379230499267578125">
        <ele>1253.5999755859375</ele>
        <time>2026-09-03T06:47:46.000Z</time>
      </trkpt>
      <trkpt lat="42.22306734882295131683349609375" lon="1.724250353872776031494140625">
        <ele>1253.800048828125</ele>
        <time>2026-09-03T06:47:50.000Z</time>
      </trkpt>
      <trkpt lat="42.22301420755684375762939453125" lon="1.724201403558254241943359375">
        <ele>1253.4000244140625</ele>
        <time>2026-09-03T06:47:56.000Z</time>
      </trkpt>
      <trkpt lat="42.223004736006259918212890625" lon="1.724198721349239349365234375">
        <ele>1253.4000244140625</ele>
        <time>2026-09-03T06:47:57.000Z</time>
      </trkpt>
      <trkpt lat="42.22293860279023647308349609375" lon="1.72421691007912158966064453125">
        <ele>1253.199951171875</ele>
        <time>2026-09-03T06:48:03.000Z</time>
      </trkpt>
      <trkpt lat="42.2229241020977497100830078125" lon="1.7242190055549144744873046875">
        <ele>1253</ele>
        <time>2026-09-03T06:48:04.000Z</time>
      </trkpt>
      <trkpt lat="42.22290541045367717742919921875" lon="1.72419930808246135711669921875">
        <ele>1252.800048828125</ele>
        <time>2026-09-03T06:48:07.000Z</time>
      </trkpt>
      <trkpt lat="42.22291194833815097808837890625" lon="1.72417567111551761627197265625">
        <ele>1252.5999755859375</ele>
        <time>2026-09-03T06:48:09.000Z</time>
      </trkpt>
      <trkpt lat="42.22291748039424419403076171875" lon="1.7241046763956546783447265625">
        <ele>1251.800048828125</ele>
        <time>2026-09-03T06:48:14.000Z</time>
      </trkpt>
      <trkpt lat="42.22291764803230762481689453125" lon="1.72407492063939571380615234375">
        <ele>1251.5999755859375</ele>
        <time>2026-09-03T06:48:16.000Z</time>
      </trkpt>
      <trkpt lat="42.22292728722095489501953125" lon="1.72397852875292301177978515625">
        <ele>1251</ele>
        <time>2026-09-03T06:48:22.000Z</time>
      </trkpt>
      <trkpt lat="42.22292586229741573333740234375" lon="1.72395003028213977813720703125">
        <ele>1250.800048828125</ele>
        <time>2026-09-03T06:48:24.000Z</time>
      </trkpt>
      <trkpt lat="42.222926951944828033447265625" lon="1.7238475196063518524169921875">
        <ele>1250.5999755859375</ele>
        <time>2026-09-03T06:48:30.000Z</time>
      </trkpt>
      <trkpt lat="42.22292586229741573333740234375" lon="1.72383134253323078155517578125">
        <ele>1250.5999755859375</ele>
        <time>2026-09-03T06:48:31.000Z</time>
      </trkpt>
      <trkpt lat="42.222920246422290802001953125" lon="1.72372522763907909393310546875">
        <ele>1250.800048828125</ele>
        <time>2026-09-03T06:48:37.000Z</time>
      </trkpt>
      <trkpt lat="42.222914211452007293701171875" lon="1.7236919514834880828857421875">
        <ele>1250.800048828125</ele>
        <time>2026-09-03T06:48:39.000Z</time>
      </trkpt>
      <trkpt lat="42.22290071658790111541748046875" lon="1.72359748743474483489990234375">
        <ele>1250.4000244140625</ele>
        <time>2026-09-03T06:48:45.000Z</time>
      </trkpt>
      <trkpt lat="42.22289065830409526824951171875" lon="1.7234995029866695404052734375">
        <ele>1251.199951171875</ele>
        <time>2026-09-03T06:48:51.000Z</time>
      </trkpt>
      <trkpt lat="42.22288546152412891387939453125" lon="1.72346337698400020599365234375">
        <ele>1251</ele>
        <time>2026-09-03T06:48:53.000Z</time>
      </trkpt>
      <trkpt lat="42.222867943346500396728515625" lon="1.72336983494460582733154296875">
        <ele>1250.800048828125</ele>
        <time>2026-09-03T06:48:59.000Z</time>
      </trkpt>
      <trkpt lat="42.22283936105668544769287109375" lon="1.7233043722808361053466796875">
        <ele>1251.199951171875</ele>
        <time>2026-09-03T06:49:04.000Z</time>
      </trkpt>
      <trkpt lat="42.22279049456119537353515625" lon="1.72324477694928646087646484375">
        <ele>1251.199951171875</ele>
        <time>2026-09-03T06:49:10.000Z</time>
      </trkpt>
      <trkpt lat="42.22272905521094799041748046875" lon="1.72319850884377956390380859375">
        <ele>1251.5999755859375</ele>
        <time>2026-09-03T06:49:16.000Z</time>
      </trkpt>
      <trkpt lat="42.22267256118357181549072265625" lon="1.72314788214862346649169921875">
        <ele>1250.800048828125</ele>
        <time>2026-09-03T06:49:22.000Z</time>
      </trkpt>
      <trkpt lat="42.222612798213958740234375" lon="1.72311452217400074005126953125">
        <ele>1251.5999755859375</ele>
        <time>2026-09-03T06:49:28.000Z</time>
      </trkpt>
      <trkpt lat="42.22260282374918460845947265625" lon="1.723107062280178070068359375">
        <ele>1252</ele>
        <time>2026-09-03T06:49:29.000Z</time>
      </trkpt>
      <trkpt lat="42.2225324995815753936767578125" lon="1.72307454049587249755859375">
        <ele>1251.800048828125</ele>
        <time>2026-09-03T06:49:35.000Z</time>
      </trkpt>
      <trkpt lat="42.222519256174564361572265625" lon="1.7230743728578090667724609375">
        <ele>1251.800048828125</ele>
        <time>2026-09-03T06:49:36.000Z</time>
      </trkpt>
      <trkpt lat="42.2224550507962703704833984375" lon="1.72305685468018054962158203125">
        <ele>1251.5999755859375</ele>
        <time>2026-09-03T06:49:42.000Z</time>
      </trkpt>
      <trkpt lat="42.2223876602947711944580078125" lon="1.72305534593760967254638671875">
        <ele>1252.199951171875</ele>
        <time>2026-09-03T06:49:48.000Z</time>
      </trkpt>
      <trkpt lat="42.22232739441096782684326171875" lon="1.7230606265366077423095703125">
        <ele>1252.4000244140625</ele>
        <time>2026-09-03T06:49:53.000Z</time>
      </trkpt>
      <trkpt lat="42.2222790308296680450439453125" lon="1.723048053681850433349609375">
        <ele>1252.5999755859375</ele>
        <time>2026-09-03T06:49:58.000Z</time>
      </trkpt>
      <trkpt lat="42.22222496755421161651611328125" lon="1.72302684746682643890380859375">
        <ele>1252.4000244140625</ele>
        <time>2026-09-03T06:50:03.000Z</time>
      </trkpt>
      <trkpt lat="42.22221784293651580810546875" lon="1.72302248887717723846435546875">
        <ele>1252.4000244140625</ele>
        <time>2026-09-03T06:50:04.000Z</time>
      </trkpt>
      <trkpt lat="42.22217517904937267303466796875" lon="1.72297169454395771026611328125">
        <ele>1252.199951171875</ele>
        <time>2026-09-03T06:50:09.000Z</time>
      </trkpt>
      <trkpt lat="42.222151122987270355224609375" lon="1.7228839360177516937255859375">
        <ele>1252</ele>
        <time>2026-09-03T06:50:15.000Z</time>
      </trkpt>
      <trkpt lat="42.2221393883228302001953125" lon="1.72283104620873928070068359375">
        <ele>1252.199951171875</ele>
        <time>2026-09-03T06:50:19.000Z</time>
      </trkpt>
      <trkpt lat="42.222113572061061859130859375" lon="1.7227565310895442962646484375">
        <ele>1252.4000244140625</ele>
        <time>2026-09-03T06:50:25.000Z</time>
      </trkpt>
      <trkpt lat="42.22211432643234729766845703125" lon="1.7227501608431339263916015625">
        <ele>1252.5999755859375</ele>
        <time>2026-09-03T06:50:28.000Z</time>
      </trkpt>
      <trkpt lat="42.22211248241364955902099609375" lon="1.7227305471897125244140625">
        <ele>1253</ele>
        <time>2026-09-03T06:50:30.000Z</time>
      </trkpt>
      <trkpt lat="42.2221093811094760894775390625" lon="1.72271973453462123870849609375">
        <ele>1253</ele>
        <time>2026-09-03T06:50:31.000Z</time>
      </trkpt>
      <trkpt lat="42.22208775579929351806640625" lon="1.7226505838334560394287109375">
        <ele>1253.4000244140625</ele>
        <time>2026-09-03T06:50:37.000Z</time>
      </trkpt>
      <trkpt lat="42.2220842353999614715576171875" lon="1.722637675702571868896484375">
        <ele>1253.4000244140625</ele>
        <time>2026-09-03T06:50:38.000Z</time>
      </trkpt>
      <trkpt lat="42.22206361591815948486328125" lon="1.722576320171356201171875">
        <ele>1254</ele>
        <time>2026-09-03T06:50:44.000Z</time>
      </trkpt>
      <trkpt lat="42.22206235863268375396728515625" lon="1.72256047837436199188232421875">
        <ele>1254.199951171875</ele>
        <time>2026-09-03T06:50:45.000Z</time>
      </trkpt>
      <trkpt lat="42.22204341553151607513427734375" lon="1.72247682698071002960205078125">
        <ele>1254</ele>
        <time>2026-09-03T06:50:51.000Z</time>
      </trkpt>
      <trkpt lat="42.222017012536525726318359375" lon="1.72240641899406909942626953125">
        <ele>1255.199951171875</ele>
        <time>2026-09-03T06:50:57.000Z</time>
      </trkpt>
      <trkpt lat="42.2219891846179962158203125" lon="1.72236165963113307952880859375">
        <ele>1255.800048828125</ele>
        <time>2026-09-03T06:51:01.000Z</time>
      </trkpt>
      <trkpt lat="42.22198155708611011505126953125" lon="1.72234497964382171630859375">
        <ele>1255.800048828125</ele>
        <time>2026-09-03T06:51:02.000Z</time>
      </trkpt>
      <trkpt lat="42.22196261398494243621826171875" lon="1.72230617143213748931884765625">
        <ele>1256.199951171875</ele>
        <time>2026-09-03T06:51:06.000Z</time>
      </trkpt>
      <trkpt lat="42.22194937057793140411376953125" lon="1.72229644842445850372314453125">
        <ele>1256.4000244140625</ele>
        <time>2026-09-03T06:51:07.000Z</time>
      </trkpt>
      <trkpt lat="42.22188927233219146728515625" lon="1.72225839458405971527099609375">
        <ele>1256.4000244140625</ele>
        <time>2026-09-03T06:51:13.000Z</time>
      </trkpt>
      <trkpt lat="42.2218602709472179412841796875" lon="1.72226208262145519256591796875">
        <ele>1256.4000244140625</ele>
        <time>2026-09-03T06:51:16.000Z</time>
      </trkpt>
      <trkpt lat="42.22183118574321269989013671875" lon="1.7222824506461620330810546875">
        <ele>1256.5999755859375</ele>
        <time>2026-09-03T06:51:19.000Z</time>
      </trkpt>
      <trkpt lat="42.22178332507610321044921875" lon="1.722340285778045654296875">
        <ele>1257</ele>
        <time>2026-09-03T06:51:25.000Z</time>
      </trkpt>
      <trkpt lat="42.22177905030548572540283203125" lon="1.72234724275767803192138671875">
        <ele>1257</ele>
        <time>2026-09-03T06:51:26.000Z</time>
      </trkpt>
      <trkpt lat="42.22173144109547138214111328125" lon="1.7223977856338024139404296875">
        <ele>1257.199951171875</ele>
        <time>2026-09-03T06:51:31.000Z</time>
      </trkpt>
      <trkpt lat="42.22172565758228302001953125" lon="1.7224068380892276763916015625">
        <ele>1257.4000244140625</ele>
        <time>2026-09-03T06:51:32.000Z</time>
      </trkpt>
      <trkpt lat="42.2216654755175113677978515625" lon="1.72245570458471775054931640625">
        <ele>1257.800048828125</ele>
        <time>2026-09-03T06:51:38.000Z</time>
      </trkpt>
      <trkpt lat="42.221604287624359130859375" lon="1.72249250113964080810546875">
        <ele>1258</ele>
        <time>2026-09-03T06:51:44.000Z</time>
      </trkpt>
      <trkpt lat="42.2215930558741092681884765625" lon="1.7225007154047489166259765625">
        <ele>1258</ele>
        <time>2026-09-03T06:51:45.000Z</time>
      </trkpt>
      <trkpt lat="42.22157402895390987396240234375" lon="1.7225010506808757781982421875">
        <ele>1258.199951171875</ele>
        <time>2026-09-03T06:51:47.000Z</time>
      </trkpt>
      <trkpt lat="42.22155399620532989501953125" lon="1.72251236625015735626220703125">
        <ele>1258.199951171875</ele>
        <time>2026-09-03T06:51:49.000Z</time>
      </trkpt>
      <trkpt lat="42.221540249884128570556640625" lon="1.72251605428755283355712890625">
        <ele>1258.199951171875</ele>
        <time>2026-09-03T06:51:50.000Z</time>
      </trkpt>
      <trkpt lat="42.22148316912353038787841796875" lon="1.72252200543880462646484375">
        <ele>1258</ele>
        <time>2026-09-03T06:51:55.000Z</time>
      </trkpt>
      <trkpt lat="42.22143061459064483642578125" lon="1.72252343036234378814697265625">
        <ele>1258</ele>
        <time>2026-09-03T06:52:00.000Z</time>
      </trkpt>
      <trkpt lat="42.22136498428881168365478515625" lon="1.72252309508621692657470703125">
        <ele>1257.800048828125</ele>
        <time>2026-09-03T06:52:05.000Z</time>
      </trkpt>
      <trkpt lat="42.22129876725375652313232421875" lon="1.7225025594234466552734375">
        <ele>1257.800048828125</ele>
        <time>2026-09-03T06:52:11.000Z</time>
      </trkpt>
      <trkpt lat="42.22128652967512607574462890625" lon="1.72250054776668548583984375">
        <ele>1257.800048828125</ele>
        <time>2026-09-03T06:52:12.000Z</time>
      </trkpt>
      <trkpt lat="42.22122601233422756195068359375" lon="1.7224782519042491912841796875">
        <ele>1257.5999755859375</ele>
        <time>2026-09-03T06:52:17.000Z</time>
      </trkpt>
      <trkpt lat="42.22121746279299259185791015625" lon="1.72248445451259613037109375">
        <ele>1257.5999755859375</ele>
        <time>2026-09-03T06:52:18.000Z</time>
      </trkpt>
      <trkpt lat="42.22115728072822093963623046875" lon="1.7224757373332977294921875">
        <ele>1257.800048828125</ele>
        <time>2026-09-03T06:52:24.000Z</time>
      </trkpt>
      <trkpt lat="42.22109223715960979461669921875" lon="1.72245637513697147369384765625">
        <ele>1257.800048828125</ele>
        <time>2026-09-03T06:52:30.000Z</time>
      </trkpt>
      <trkpt lat="42.2210854478180408477783203125" lon="1.72244598157703876495361328125">
        <ele>1257.800048828125</ele>
        <time>2026-09-03T06:52:31.000Z</time>
      </trkpt>
      <trkpt lat="42.221044041216373443603515625" lon="1.72241178341209888458251953125">
        <ele>1257.4000244140625</ele>
        <time>2026-09-03T06:52:35.000Z</time>
      </trkpt>
      <trkpt lat="42.2210396826267242431640625" lon="1.7223966121673583984375">
        <ele>1257.199951171875</ele>
        <time>2026-09-03T06:52:36.000Z</time>
      </trkpt>
      <trkpt lat="42.221021912992000579833984375" lon="1.72235143370926380157470703125">
        <ele>1256.5999755859375</ele>
        <time>2026-09-03T06:52:40.000Z</time>
      </trkpt>
      <trkpt lat="42.22100280225276947021484375" lon="1.72230717726051807403564453125">
        <ele>1256</ele>
        <time>2026-09-03T06:52:43.000Z</time>
      </trkpt>
      <trkpt lat="42.22098930738866329193115234375" lon="1.7222445644438266754150390625">
        <ele>1255.800048828125</ele>
        <time>2026-09-03T06:52:47.000Z</time>
      </trkpt>
      <trkpt lat="42.220971286296844482421875" lon="1.72215345315635204315185546875">
        <ele>1255.5999755859375</ele>
        <time>2026-09-03T06:52:53.000Z</time>
      </trkpt>
      <trkpt lat="42.220966927707195281982421875" lon="1.7221399582922458648681640625">
        <ele>1255.5999755859375</ele>
        <time>2026-09-03T06:52:54.000Z</time>
      </trkpt>
      <trkpt lat="42.22096114419400691986083984375" lon="1.72208773903548717498779296875">
        <ele>1255.5999755859375</ele>
        <time>2026-09-03T06:52:58.000Z</time>
      </trkpt>
      <trkpt lat="42.22095058299601078033447265625" lon="1.72205865383148193359375">
        <ele>1255.5999755859375</ele>
        <time>2026-09-03T06:53:00.000Z</time>
      </trkpt>
      <trkpt lat="42.2209439612925052642822265625" lon="1.72200107015669345855712890625">
        <ele>1255</ele>
        <time>2026-09-03T06:53:04.000Z</time>
      </trkpt>
      <trkpt lat="42.22092795185744762420654296875" lon="1.7219659499824047088623046875">
        <ele>1254.199951171875</ele>
        <time>2026-09-03T06:53:07.000Z</time>
      </trkpt>
      <trkpt lat="42.220915965735912322998046875" lon="1.721939630806446075439453125">
        <ele>1253.800048828125</ele>
        <time>2026-09-03T06:53:09.000Z</time>
      </trkpt>
      <trkpt lat="42.2208765707910060882568359375" lon="1.7219149880111217498779296875">
        <ele>1253.199951171875</ele>
        <time>2026-09-03T06:53:13.000Z</time>
      </trkpt>
      <trkpt lat="42.22083575092256069183349609375" lon="1.7218936979770660400390625">
        <ele>1252.5999755859375</ele>
        <time>2026-09-03T06:53:17.000Z</time>
      </trkpt>
      <trkpt lat="42.22080029547214508056640625" lon="1.7219015769660472869873046875">
        <ele>1252.199951171875</ele>
        <time>2026-09-03T06:53:20.000Z</time>
      </trkpt>
      <trkpt lat="42.22075603902339935302734375" lon="1.72191507183015346527099609375">
        <ele>1251.5999755859375</ele>
        <time>2026-09-03T06:53:25.000Z</time>
      </trkpt>
      <trkpt lat="42.22074623219668865203857421875" lon="1.7219257168471813201904296875">
        <ele>1251.4000244140625</ele>
        <time>2026-09-03T06:53:26.000Z</time>
      </trkpt>
      <trkpt lat="42.22073567099869251251220703125" lon="1.72195899300277233123779296875">
        <ele>1250.800048828125</ele>
        <time>2026-09-03T06:53:29.000Z</time>
      </trkpt>
      <trkpt lat="42.2207310609519481658935546875" lon="1.7219823785126209259033203125">
        <ele>1250.4000244140625</ele>
        <time>2026-09-03T06:53:30.000Z</time>
      </trkpt>
      <trkpt lat="42.22072930075228214263916015625" lon="1.721995957195758819580078125">
        <ele>1250.199951171875</ele>
        <time>2026-09-03T06:53:31.000Z</time>
      </trkpt>
      <trkpt lat="42.22069426439702510833740234375" lon="1.722075752913951873779296875">
        <ele>1249.800048828125</ele>
        <time>2026-09-03T06:53:37.000Z</time>
      </trkpt>
      <trkpt lat="42.22068898379802703857421875" lon="1.7221087776124477386474609375">
        <ele>1249.4000244140625</ele>
        <time>2026-09-03T06:53:39.000Z</time>
      </trkpt>
      <trkpt lat="42.220669202506542205810546875" lon="1.7221624217927455902099609375">
        <ele>1248.800048828125</ele>
        <time>2026-09-03T06:53:43.000Z</time>
      </trkpt>
      <trkpt lat="42.2206552885472774505615234375" lon="1.72219234518706798553466796875">
        <ele>1248.4000244140625</ele>
        <time>2026-09-03T06:53:46.000Z</time>
      </trkpt>
      <trkpt lat="42.22062100656330585479736328125" lon="1.72225018031895160675048828125">
        <ele>1247</ele>
        <time>2026-09-03T06:53:51.000Z</time>
      </trkpt>
      <trkpt lat="42.2206143848598003387451171875" lon="1.722274906933307647705078125">
        <ele>1246.5999755859375</ele>
        <time>2026-09-03T06:53:53.000Z</time>
      </trkpt>
      <trkpt lat="42.2206009738147258758544921875" lon="1.722321175038814544677734375">
        <ele>1246</ele>
        <time>2026-09-03T06:53:56.000Z</time>
      </trkpt>
      <trkpt lat="42.22059242427349090576171875" lon="1.7223644256591796875">
        <ele>1245.4000244140625</ele>
        <time>2026-09-03T06:53:59.000Z</time>
      </trkpt>
      <trkpt lat="42.22058228217065334320068359375" lon="1.7223952710628509521484375">
        <ele>1244.800048828125</ele>
        <time>2026-09-03T06:54:01.000Z</time>
      </trkpt>
      <trkpt lat="42.22056333906948566436767578125" lon="1.72247883863747119903564453125">
        <ele>1243.5999755859375</ele>
        <time>2026-09-03T06:54:07.000Z</time>
      </trkpt>
      <trkpt lat="42.220551855862140655517578125" lon="1.722553186118602752685546875">
        <ele>1242.5999755859375</ele>
        <time>2026-09-03T06:54:12.000Z</time>
      </trkpt>
      <trkpt lat="42.22054355777800083160400390625" lon="1.72258193604648113250732421875">
        <ele>1242.4000244140625</ele>
        <time>2026-09-03T06:54:14.000Z</time>
      </trkpt>
      <trkpt lat="42.2205273807048797607421875" lon="1.72263859771192073822021484375">
        <ele>1241.4000244140625</ele>
        <time>2026-09-03T06:54:18.000Z</time>
      </trkpt>
      <trkpt lat="42.22052025608718395233154296875" lon="1.7226769030094146728515625">
        <ele>1241.199951171875</ele>
        <time>2026-09-03T06:54:21.000Z</time>
      </trkpt>
      <trkpt lat="42.2205121256411075592041015625" lon="1.72272074036300182342529296875">
        <ele>1240.199951171875</ele>
        <time>2026-09-03T06:54:24.000Z</time>
      </trkpt>
      <trkpt lat="42.2204856388270854949951171875" lon="1.7227776534855365753173828125">
        <ele>1239.5999755859375</ele>
        <time>2026-09-03T06:54:28.000Z</time>
      </trkpt>
      <trkpt lat="42.22046560607850551605224609375" lon="1.72282735817134380340576171875">
        <ele>1239.5999755859375</ele>
        <time>2026-09-03T06:54:32.000Z</time>
      </trkpt>
      <trkpt lat="42.2204554639756679534912109375" lon="1.72286935150623321533203125">
        <ele>1239.199951171875</ele>
        <time>2026-09-03T06:54:35.000Z</time>
      </trkpt>
      <trkpt lat="42.22044431604444980621337890625" lon="1.72296465374529361724853515625">
        <ele>1239</ele>
        <time>2026-09-03T06:54:41.000Z</time>
      </trkpt>
      <trkpt lat="42.220439873635768890380859375" lon="1.7229744605720043182373046875">
        <ele>1239</ele>
        <time>2026-09-03T06:54:42.000Z</time>
      </trkpt>
      <trkpt lat="42.22042922861874103546142578125" lon="1.723056100308895111083984375">
        <ele>1238.199951171875</ele>
        <time>2026-09-03T06:54:47.000Z</time>
      </trkpt>
      <trkpt lat="42.22042671404778957366943359375" lon="1.7230673320591449737548828125">
        <ele>1238.199951171875</ele>
        <time>2026-09-03T06:54:48.000Z</time>
      </trkpt>
      <trkpt lat="42.2204132191836833953857421875" lon="1.72316213138401508331298828125">
        <ele>1238.199951171875</ele>
        <time>2026-09-03T06:54:54.000Z</time>
      </trkpt>
      <trkpt lat="42.220415733754634857177734375" lon="1.7231974191963672637939453125">
        <ele>1238</ele>
        <time>2026-09-03T06:54:56.000Z</time>
      </trkpt>
      <trkpt lat="42.220415063202381134033203125" lon="1.72327436506748199462890625">
        <ele>1237.199951171875</ele>
        <time>2026-09-03T06:55:01.000Z</time>
      </trkpt>
      <trkpt lat="42.22041196189820766448974609375" lon="1.7232909612357616424560546875">
        <ele>1237</ele>
        <time>2026-09-03T06:55:02.000Z</time>
      </trkpt>
      <trkpt lat="42.2204081900417804718017578125" lon="1.7233794741332530975341796875">
        <ele>1236</ele>
        <time>2026-09-03T06:55:08.000Z</time>
      </trkpt>
      <trkpt lat="42.22040894441306591033935546875" lon="1.72339414246380329132080078125">
        <ele>1235.800048828125</ele>
        <time>2026-09-03T06:55:09.000Z</time>
      </trkpt>
      <trkpt lat="42.2204039990901947021484375" lon="1.72344862483441829681396484375">
        <ele>1234.800048828125</ele>
        <time>2026-09-03T06:55:13.000Z</time>
      </trkpt>
      <trkpt lat="42.22039687447249889373779296875" lon="1.72349070198833942413330078125">
        <ele>1234.199951171875</ele>
        <time>2026-09-03T06:55:16.000Z</time>
      </trkpt>
      <trkpt lat="42.22040156833827495574951171875" lon="1.72350511886179447174072265625">
        <ele>1234</ele>
        <time>2026-09-03T06:55:17.000Z</time>
      </trkpt>
      <trkpt lat="42.22039796411991119384765625" lon="1.7235340364277362823486328125">
        <ele>1233.800048828125</ele>
        <time>2026-09-03T06:55:19.000Z</time>
      </trkpt>
      <trkpt lat="42.2203959524631500244140625" lon="1.72356178052723407745361328125">
        <ele>1233.4000244140625</ele>
        <time>2026-09-03T06:55:22.000Z</time>
      </trkpt>
      <trkpt lat="42.22038480453193187713623046875" lon="1.723606623709201812744140625">
        <ele>1232.5999755859375</ele>
        <time>2026-09-03T06:55:25.000Z</time>
      </trkpt>
      <trkpt lat="42.22037977539002895355224609375" lon="1.723643504083156585693359375">
        <ele>1232.199951171875</ele>
        <time>2026-09-03T06:55:28.000Z</time>
      </trkpt>
      <trkpt lat="42.220354713499546051025390625" lon="1.72368600033223628997802734375">
        <ele>1231.5999755859375</ele>
        <time>2026-09-03T06:55:32.000Z</time>
      </trkpt>
      <trkpt lat="42.2203605808317661285400390625" lon="1.7237217910587787628173828125">
        <ele>1231.199951171875</ele>
        <time>2026-09-03T06:55:34.000Z</time>
      </trkpt>
      <trkpt lat="42.2203441523015499114990234375" lon="1.72377199865877628326416015625">
        <ele>1230.800048828125</ele>
        <time>2026-09-03T06:55:38.000Z</time>
      </trkpt>
      <trkpt lat="42.22034121863543987274169921875" lon="1.72378423623740673065185546875">
        <ele>1230.5999755859375</ele>
        <time>2026-09-03T06:55:39.000Z</time>
      </trkpt>
      <trkpt lat="42.22032093442976474761962890625" lon="1.7238570749759674072265625">
        <ele>1229.5999755859375</ele>
        <time>2026-09-03T06:55:44.000Z</time>
      </trkpt>
      <trkpt lat="42.220313809812068939208984375" lon="1.72386738471686840057373046875">
        <ele>1229.4000244140625</ele>
        <time>2026-09-03T06:55:45.000Z</time>
      </trkpt>
      <trkpt lat="42.2202911786735057830810546875" lon="1.7239387147128582000732421875">
        <ele>1228.5999755859375</ele>
        <time>2026-09-03T06:55:51.000Z</time>
      </trkpt>
      <trkpt lat="42.22028556279838085174560546875" lon="1.72395338304340839385986328125">
        <ele>1228.4000244140625</ele>
        <time>2026-09-03T06:55:52.000Z</time>
      </trkpt>
      <trkpt lat="42.2202703915536403656005859375" lon="1.72397450543940067291259765625">
        <ele>1227.800048828125</ele>
        <time>2026-09-03T06:55:57.000Z</time>
      </trkpt>
      <trkpt lat="42.2202703915536403656005859375" lon="1.72397450543940067291259765625">
        <ele>1227.5999755859375</ele>
        <time>2026-09-03T06:56:03.000Z</time>
      </trkpt>
      <trkpt lat="42.2202703915536403656005859375" lon="1.72397450543940067291259765625">
        <ele>1227.199951171875</ele>
        <time>2026-09-03T06:56:08.000Z</time>
      </trkpt>
      <trkpt lat="42.2202703915536403656005859375" lon="1.72397450543940067291259765625">
        <ele>1227</ele>
        <time>2026-09-03T06:56:09.000Z</time>
      </trkpt>
      <trkpt lat="42.220270894467830657958984375" lon="1.7239745892584323883056640625">
        <ele>1226.5999755859375</ele>
        <time>2026-09-03T06:56:15.000Z</time>
      </trkpt>
      <trkpt lat="42.22027860581874847412109375" lon="1.72395338304340839385986328125">
        <ele>1226.5999755859375</ele>
        <time>2026-09-03T06:56:18.000Z</time>
      </trkpt>
      <trkpt lat="42.22029109485447406768798828125" lon="1.72393460758030414581298828125">
        <ele>1226.800048828125</ele>
        <time>2026-09-03T06:56:20.000Z</time>
      </trkpt>
      <trkpt lat="42.2203020751476287841796875" lon="1.72387073747813701629638671875">
        <ele>1228</ele>
        <time>2026-09-03T06:56:25.000Z</time>
      </trkpt>
      <trkpt lat="42.2203116305172443389892578125" lon="1.72384274192154407501220703125">
        <ele>1228.199951171875</ele>
        <time>2026-09-03T06:56:28.000Z</time>
      </trkpt>
      <trkpt lat="42.2203260473906993865966796875" lon="1.7237985692918300628662109375">
        <ele>1228.4000244140625</ele>
        <time>2026-09-03T06:56:32.000Z</time>
      </trkpt>
      <trkpt lat="42.22032629884779453277587890625" lon="1.723795048892498016357421875">
        <ele>1229</ele>
        <time>2026-09-03T06:56:35.000Z</time>
      </trkpt>
      <trkpt lat="42.22033669240772724151611328125" lon="1.72376831062138080596923828125">
        <ele>1229.199951171875</ele>
        <time>2026-09-03T06:56:38.000Z</time>
      </trkpt>
      <trkpt lat="42.22034758888185024261474609375" lon="1.72373428009450435638427734375">
        <ele>1229.5999755859375</ele>
        <time>2026-09-03T06:56:41.000Z</time>
      </trkpt>
      <trkpt lat="42.220364771783351898193359375" lon="1.72368030063807964324951171875">
        <ele>1230.199951171875</ele>
        <time>2026-09-03T06:56:47.000Z</time>
      </trkpt>
      <trkpt lat="42.2203649394214153289794921875" lon="1.7236711643636226654052734375">
        <ele>1230.4000244140625</ele>
        <time>2026-09-03T06:56:48.000Z</time>
      </trkpt>
      <trkpt lat="42.2203656099736690521240234375" lon="1.72365800477564334869384765625">
        <ele>1230.5999755859375</ele>
        <time>2026-09-03T06:56:49.000Z</time>
      </trkpt>
      <trkpt lat="42.22037516534328460693359375" lon="1.7236104793846607208251953125">
        <ele>1231.4000244140625</ele>
        <time>2026-09-03T06:56:53.000Z</time>
      </trkpt>
      <trkpt lat="42.22037910483777523040771484375" lon="1.72359949909150600433349609375">
        <ele>1231.5999755859375</ele>
        <time>2026-09-03T06:56:54.000Z</time>
      </trkpt>
      <trkpt lat="42.220381200313568115234375" lon="1.72358307056128978729248046875">
        <ele>1231.800048828125</ele>
        <time>2026-09-03T06:56:56.000Z</time>
      </trkpt>
      <trkpt lat="42.2203870676457881927490234375" lon="1.723527498543262481689453125">
        <ele>1232.5999755859375</ele>
        <time>2026-09-03T06:57:01.000Z</time>
      </trkpt>
      <trkpt lat="42.2203984670341014862060546875" lon="1.723509728908538818359375">
        <ele>1232.800048828125</ele>
        <time>2026-09-03T06:57:03.000Z</time>
      </trkpt>
      <trkpt lat="42.22040676511824131011962890625" lon="1.72346857376396656036376953125">
        <ele>1233.4000244140625</ele>
        <time>2026-09-03T06:57:07.000Z</time>
      </trkpt>
      <trkpt lat="42.220406346023082733154296875" lon="1.72345767728984355926513671875">
        <ele>1233.5999755859375</ele>
        <time>2026-09-03T06:57:08.000Z</time>
      </trkpt>
      <trkpt lat="42.2204162366688251495361328125" lon="1.7233855091035366058349609375">
        <ele>1234.199951171875</ele>
        <time>2026-09-03T06:57:14.000Z</time>
      </trkpt>
      <trkpt lat="42.22041330300271511077880859375" lon="1.72337033785879611968994140625">
        <ele>1234.199951171875</ele>
        <time>2026-09-03T06:57:15.000Z</time>
      </trkpt>
      <trkpt lat="42.220407687127590179443359375" lon="1.7233622074127197265625">
        <ele>1234</ele>
        <time>2026-09-03T06:57:16.000Z</time>
      </trkpt>
      <trkpt lat="42.22041514702141284942626953125" lon="1.72331719659268856048583984375">
        <ele>1234.4000244140625</ele>
        <time>2026-09-03T06:57:20.000Z</time>
      </trkpt>
      <trkpt lat="42.22041363827884197235107421875" lon="1.72330630011856555938720703125">
        <ele>1234.800048828125</ele>
        <time>2026-09-03T06:57:21.000Z</time>
      </trkpt>
      <trkpt lat="42.2204125486314296722412109375" lon="1.72326288186013698577880859375">
        <ele>1236</ele>
        <time>2026-09-03T06:57:25.000Z</time>
      </trkpt>
      <trkpt lat="42.2204174101352691650390625" lon="1.72323337756097316741943359375">
        <ele>1236.5999755859375</ele>
        <time>2026-09-03T06:57:28.000Z</time>
      </trkpt>
      <trkpt lat="42.22041606903076171875" lon="1.72320202924311161041259765625">
        <ele>1237</ele>
        <time>2026-09-03T06:57:31.000Z</time>
      </trkpt>
      <trkpt lat="42.22042051143944263458251953125" lon="1.72315768897533416748046875">
        <ele>1237.199951171875</ele>
        <time>2026-09-03T06:57:35.000Z</time>
      </trkpt>
      <trkpt lat="42.22042051143944263458251953125" lon="1.72308518551290035247802734375">
        <ele>1237.4000244140625</ele>
        <time>2026-09-03T06:57:41.000Z</time>
      </trkpt>
      <trkpt lat="42.22042889334261417388916015625" lon="1.72301947139203548431396484375">
        <ele>1238</ele>
        <time>2026-09-03T06:57:46.000Z</time>
      </trkpt>
      <trkpt lat="42.220433168113231658935546875" lon="1.72300438396632671356201171875">
        <ele>1238.199951171875</ele>
        <time>2026-09-03T06:57:47.000Z</time>
      </trkpt>
      <trkpt lat="42.2204423882067203521728515625" lon="1.7229298688471317291259765625">
        <ele>1238.4000244140625</ele>
        <time>2026-09-03T06:57:53.000Z</time>
      </trkpt>
      <trkpt lat="42.22045890055596828460693359375" lon="1.7228608019649982452392578125">
        <ele>1238.5999755859375</ele>
        <time>2026-09-03T06:57:59.000Z</time>
      </trkpt>
      <trkpt lat="42.2204742394387722015380859375" lon="1.7227789945900440216064453125">
        <ele>1239</ele>
        <time>2026-09-03T06:58:05.000Z</time>
      </trkpt>
      <trkpt lat="42.2204759158194065093994140625" lon="1.72276801429688930511474609375">
        <ele>1239</ele>
        <time>2026-09-03T06:58:06.000Z</time>
      </trkpt>
      <trkpt lat="42.2204879857599735260009765625" lon="1.7227022163569927215576171875">
        <ele>1239.4000244140625</ele>
        <time>2026-09-03T06:58:11.000Z</time>
      </trkpt>
      <trkpt lat="42.22050550393760204315185546875" lon="1.7226294614374637603759765625">
        <ele>1240</ele>
        <time>2026-09-03T06:58:17.000Z</time>
      </trkpt>
      <trkpt lat="42.220518328249454498291015625" lon="1.72256567515432834625244140625">
        <ele>1240</ele>
        <time>2026-09-03T06:58:23.000Z</time>
      </trkpt>
      <trkpt lat="42.220523692667484283447265625" lon="1.72255528159439563751220703125">
        <ele>1240</ele>
        <time>2026-09-03T06:58:24.000Z</time>
      </trkpt>
      <trkpt lat="42.220531739294528961181640625" lon="1.72253918834030628204345703125">
        <ele>1240.199951171875</ele>
        <time>2026-09-03T06:58:26.000Z</time>
      </trkpt>
      <trkpt lat="42.2205402888357639312744140625" lon="1.72250096686184406280517578125">
        <ele>1241.4000244140625</ele>
        <time>2026-09-03T06:58:30.000Z</time>
      </trkpt>
      <trkpt lat="42.22054054029285907745361328125" lon="1.72248135320842266082763671875">
        <ele>1241.5999755859375</ele>
        <time>2026-09-03T06:58:32.000Z</time>
      </trkpt>
      <trkpt lat="42.220564596354961395263671875" lon="1.72242234461009502410888671875">
        <ele>1242.4000244140625</ele>
        <time>2026-09-03T06:58:38.000Z</time>
      </trkpt>
      <trkpt lat="42.22056769765913486480712890625" lon="1.72241027466952800750732421875">
        <ele>1242.4000244140625</ele>
        <time>2026-09-03T06:58:39.000Z</time>
      </trkpt>
      <trkpt lat="42.2205748222768306732177734375" lon="1.72239862382411956787109375">
        <ele>1242.5999755859375</ele>
        <time>2026-09-03T06:58:40.000Z</time>
      </trkpt>
      <trkpt lat="42.2205885685980319976806640625" lon="1.7223491705954074859619140625">
        <ele>1243.4000244140625</ele>
        <time>2026-09-03T06:58:46.000Z</time>
      </trkpt>
      <trkpt lat="42.220587395131587982177734375" lon="1.7223384417593479156494140625">
        <ele>1243.5999755859375</ele>
        <time>2026-09-03T06:58:47.000Z</time>
      </trkpt>
      <trkpt lat="42.22058814950287342071533203125" lon="1.72232662327587604522705078125">
        <ele>1243.5999755859375</ele>
        <time>2026-09-03T06:58:48.000Z</time>
      </trkpt>
      <trkpt lat="42.22061513923108577728271484375" lon="1.72227398492395877838134765625">
        <ele>1244.4000244140625</ele>
        <time>2026-09-03T06:58:54.000Z</time>
      </trkpt>
      <trkpt lat="42.22061446867883205413818359375" lon="1.7222653515636920928955078125">
        <ele>1244.5999755859375</ele>
        <time>2026-09-03T06:58:55.000Z</time>
      </trkpt>
      <trkpt lat="42.2206321544945240020751953125" lon="1.72221832908689975738525390625">
        <ele>1245.4000244140625</ele>
        <time>2026-09-03T06:59:00.000Z</time>
      </trkpt>
      <trkpt lat="42.2206365130841732025146484375" lon="1.72221195884048938751220703125">
        <ele>1245.5999755859375</ele>
        <time>2026-09-03T06:59:01.000Z</time>
      </trkpt>
      <trkpt lat="42.22063994966447353363037109375" lon="1.7221956141293048858642578125">
        <ele>1245.800048828125</ele>
        <time>2026-09-03T06:59:03.000Z</time>
      </trkpt>
      <trkpt lat="42.22066023387014865875244140625" lon="1.72213400714099407196044921875">
        <ele>1246.4000244140625</ele>
        <time>2026-09-03T06:59:09.000Z</time>
      </trkpt>
      <trkpt lat="42.2206653468310832977294921875" lon="1.72211959026753902435302734375">
        <ele>1246.5999755859375</ele>
        <time>2026-09-03T06:59:10.000Z</time>
      </trkpt>
      <trkpt lat="42.2206797637045383453369140625" lon="1.72205873765051364898681640625">
        <ele>1247.199951171875</ele>
        <time>2026-09-03T06:59:16.000Z</time>
      </trkpt>
      <trkpt lat="42.22069141454994678497314453125" lon="1.722028143703937530517578125">
        <ele>1247.5999755859375</ele>
        <time>2026-09-03T06:59:20.000Z</time>
      </trkpt>
      <trkpt lat="42.22071019001305103302001953125" lon="1.72196737490594387054443359375">
        <ele>1248.199951171875</ele>
        <time>2026-09-03T06:59:25.000Z</time>
      </trkpt>
      <trkpt lat="42.22071714699268341064453125" lon="1.72195094637572765350341796875">
        <ele>1248.5999755859375</ele>
        <time>2026-09-03T06:59:27.000Z</time>
      </trkpt>
      <trkpt lat="42.2207672707736492156982421875" lon="1.72189713455736637115478515625">
        <ele>1249.4000244140625</ele>
        <time>2026-09-03T06:59:33.000Z</time>
      </trkpt>
      <trkpt lat="42.22079752944409847259521484375" lon="1.72187022864818572998046875">
        <ele>1249.4000244140625</ele>
        <time>2026-09-03T06:59:37.000Z</time>
      </trkpt>
      <trkpt lat="42.22081630490720272064208984375" lon="1.72184080816805362701416015625">
        <ele>1249.800048828125</ele>
        <time>2026-09-03T06:59:41.000Z</time>
      </trkpt>
      <trkpt lat="42.22083843313157558441162109375" lon="1.72178062610328197479248046875">
        <ele>1250</ele>
        <time>2026-09-03T06:59:46.000Z</time>
      </trkpt>
      <trkpt lat="42.22083273343741893768310546875" lon="1.72175296582281589508056640625">
        <ele>1249.800048828125</ele>
        <time>2026-09-03T06:59:48.000Z</time>
      </trkpt>
      <trkpt lat="42.2208054922521114349365234375" lon="1.7216737568378448486328125">
        <ele>1249.4000244140625</ele>
        <time>2026-09-03T06:59:54.000Z</time>
      </trkpt>
      <trkpt lat="42.220769114792346954345703125" lon="1.7215941287577152252197265625">
        <ele>1248.800048828125</ele>
        <time>2026-09-03T07:00:00.000Z</time>
      </trkpt>
      <trkpt lat="42.220764420926570892333984375" lon="1.72157996334135532379150390625">
        <ele>1249</ele>
        <time>2026-09-03T07:00:01.000Z</time>
      </trkpt>
      <trkpt lat="42.220743633806705474853515625" lon="1.72149647958576679229736328125">
        <ele>1249</ele>
        <time>2026-09-03T07:00:07.000Z</time>
      </trkpt>
      <trkpt lat="42.220734246075153350830078125" lon="1.721423305571079254150390625">
        <ele>1248.5999755859375</ele>
        <time>2026-09-03T07:00:12.000Z</time>
      </trkpt>
      <trkpt lat="42.22073592245578765869140625" lon="1.7213867604732513427734375">
        <ele>1248.5999755859375</ele>
        <time>2026-09-03T07:00:14.000Z</time>
      </trkpt>
      <trkpt lat="42.2207558713853359222412109375" lon="1.72135348431766033172607421875">
        <ele>1248.5999755859375</ele>
        <time>2026-09-03T07:00:19.000Z</time>
      </trkpt>
      <trkpt lat="42.22075494937598705291748046875" lon="1.72135968692600727081298828125">
        <ele>1248.4000244140625</ele>
        <time>2026-09-03T07:00:25.000Z</time>
      </trkpt>
      <trkpt lat="42.22075494937598705291748046875" lon="1.72135968692600727081298828125">
        <ele>1248.4000244140625</ele>
        <time>2026-09-03T07:00:26.000Z</time>
      </trkpt>
      <trkpt lat="42.22075494937598705291748046875" lon="1.72135968692600727081298828125">
        <ele>1248.5999755859375</ele>
        <time>2026-09-03T07:00:32.000Z</time>
      </trkpt>
      <trkpt lat="42.22075494937598705291748046875" lon="1.72135968692600727081298828125">
        <ele>1248.5999755859375</ele>
        <time>2026-09-03T07:00:38.000Z</time>
      </trkpt>
      <trkpt lat="42.220751680433750152587890625" lon="1.7213587649166584014892578125">
        <ele>1248.5999755859375</ele>
        <time>2026-09-03T07:00:39.000Z</time>
      </trkpt>
      <trkpt lat="42.220729887485504150390625" lon="1.7212860099971294403076171875">
        <ele>1248.800048828125</ele>
        <time>2026-09-03T07:00:44.000Z</time>
      </trkpt>
      <trkpt lat="42.22071488387882709503173828125" lon="1.72122423537075519561767578125">
        <ele>1248.5999755859375</ele>
        <time>2026-09-03T07:00:48.000Z</time>
      </trkpt>
      <trkpt lat="42.220702730119228363037109375" lon="1.72119959257543087005615234375">
        <ele>1248.5999755859375</ele>
        <time>2026-09-03T07:00:50.000Z</time>
      </trkpt>
      <trkpt lat="42.22069661132991313934326171875" lon="1.72118936665356159210205078125">
        <ele>1248.5999755859375</ele>
        <time>2026-09-03T07:00:51.000Z</time>
      </trkpt>
      <trkpt lat="42.22069309093058109283447265625" lon="1.721155084669589996337890625">
        <ele>1248.800048828125</ele>
        <time>2026-09-03T07:00:53.000Z</time>
      </trkpt>
      <trkpt lat="42.22067934460937976837158203125" lon="1.7211073078215122222900390625">
        <ele>1248.800048828125</ele>
        <time>2026-09-03T07:00:57.000Z</time>
      </trkpt>
      <trkpt lat="42.22065118141472339630126953125" lon="1.72103363089263439178466796875">
        <ele>1248.800048828125</ele>
        <time>2026-09-03T07:01:03.000Z</time>
      </trkpt>
      <trkpt lat="42.2206455655395984649658203125" lon="1.72102306969463825225830078125">
        <ele>1248.5999755859375</ele>
        <time>2026-09-03T07:01:04.000Z</time>
      </trkpt>
      <trkpt lat="42.2206096909940242767333984375" lon="1.720988452434539794921875">
        <ele>1248.5999755859375</ele>
        <time>2026-09-03T07:01:10.000Z</time>
      </trkpt>
      <trkpt lat="42.22060625441372394561767578125" lon="1.720974035561084747314453125">
        <ele>1248.5999755859375</ele>
        <time>2026-09-03T07:01:11.000Z</time>
      </trkpt>
      <trkpt lat="42.22058496437966823577880859375" lon="1.72090656124055385589599609375">
        <ele>1248.5999755859375</ele>
        <time>2026-09-03T07:01:17.000Z</time>
      </trkpt>
      <trkpt lat="42.220570631325244903564453125" lon="1.72084453515708446502685546875">
        <ele>1248.800048828125</ele>
        <time>2026-09-03T07:01:23.000Z</time>
      </trkpt>
      <trkpt lat="42.220569290220737457275390625" lon="1.7208343930542469024658203125">
        <ele>1248.5999755859375</ele>
        <time>2026-09-03T07:01:24.000Z</time>
      </trkpt>
      <trkpt lat="42.220564596354961395263671875" lon="1.72078485600650310516357421875">
        <ele>1248.5999755859375</ele>
        <time>2026-09-03T07:01:30.000Z</time>
      </trkpt>
      <trkpt lat="42.2205644287168979644775390625" lon="1.720766834914684295654296875">
        <ele>1248.4000244140625</ele>
        <time>2026-09-03T07:01:32.000Z</time>
      </trkpt>
      <trkpt lat="42.22056384198367595672607421875" lon="1.72076222486793994903564453125">
        <ele>1248.5999755859375</ele>
        <time>2026-09-03T07:01:38.000Z</time>
      </trkpt>
      <trkpt lat="42.22056384198367595672607421875" lon="1.72076222486793994903564453125">
        <ele>1248.5999755859375</ele>
        <time>2026-09-03T07:01:40.000Z</time>
      </trkpt>
      <trkpt lat="42.22056384198367595672607421875" lon="1.72076222486793994903564453125">
        <ele>1248.4000244140625</ele>
        <time>2026-09-03T07:01:42.000Z</time>
      </trkpt>
      <trkpt lat="42.22056384198367595672607421875" lon="1.72076222486793994903564453125">
        <ele>1247.800048828125</ele>
        <time>2026-09-03T07:01:48.000Z</time>
      </trkpt>
      <trkpt lat="42.2205691225826740264892578125" lon="1.72076138667762279510498046875">
        <ele>1248</ele>
        <time>2026-09-03T07:01:53.000Z</time>
      </trkpt>
      <trkpt lat="42.22056023776531219482421875" lon="1.72072316519916057586669921875">
        <ele>1248.4000244140625</ele>
        <time>2026-09-03T07:01:59.000Z</time>
      </trkpt>
      <trkpt lat="42.22056132741272449493408203125" lon="1.72071897424757480621337890625">
        <ele>1248.4000244140625</ele>
        <time>2026-09-03T07:02:00.000Z</time>
      </trkpt>
      <trkpt lat="42.22056132741272449493408203125" lon="1.72071897424757480621337890625">
        <ele>1248.800048828125</ele>
        <time>2026-09-03T07:02:06.000Z</time>
      </trkpt>
      <trkpt lat="42.22056132741272449493408203125" lon="1.72071897424757480621337890625">
        <ele>1248.5999755859375</ele>
        <time>2026-09-03T07:02:08.000Z</time>
      </trkpt>
      <trkpt lat="42.22056132741272449493408203125" lon="1.72071897424757480621337890625">
        <ele>1248.4000244140625</ele>
        <time>2026-09-03T07:02:09.000Z</time>
      </trkpt>
      <trkpt lat="42.22056132741272449493408203125" lon="1.72071897424757480621337890625">
        <ele>1248.4000244140625</ele>
        <time>2026-09-03T07:02:10.000Z</time>
      </trkpt>
      <trkpt lat="42.22055763937532901763916015625" lon="1.7206811718642711639404296875">
        <ele>1248.4000244140625</ele>
        <time>2026-09-03T07:02:15.000Z</time>
      </trkpt>
      <trkpt lat="42.22055160440504550933837890625" lon="1.72064487822353839874267578125">
        <ele>1248.800048828125</ele>
        <time>2026-09-03T07:02:21.000Z</time>
      </trkpt>
      <trkpt lat="42.220551855862140655517578125" lon="1.72064504586160182952880859375">
        <ele>1248.800048828125</ele>
        <time>2026-09-03T07:02:22.000Z</time>
      </trkpt>
      <trkpt lat="42.22055177204310894012451171875" lon="1.72062274999916553497314453125">
        <ele>1249.4000244140625</ele>
        <time>2026-09-03T07:02:28.000Z</time>
      </trkpt>
      <trkpt lat="42.2205516882240772247314453125" lon="1.720622666180133819580078125">
        <ele>1249.5999755859375</ele>
        <time>2026-09-03T07:02:29.000Z</time>
      </trkpt>
      <trkpt lat="42.2205516882240772247314453125" lon="1.720622666180133819580078125">
        <ele>1249.800048828125</ele>
        <time>2026-09-03T07:02:30.000Z</time>
      </trkpt>
      <trkpt lat="42.22054473124444484710693359375" lon="1.7206013761460781097412109375">
        <ele>1250</ele>
        <time>2026-09-03T07:02:36.000Z</time>
      </trkpt>
      <trkpt lat="42.2205436415970325469970703125" lon="1.7205986939370632171630859375">
        <ele>1250</ele>
        <time>2026-09-03T07:02:37.000Z</time>
      </trkpt>
      <trkpt lat="42.220539115369319915771484375" lon="1.72059274278581142425537109375">
        <ele>1250</ele>
        <time>2026-09-03T07:02:40.000Z</time>
      </trkpt>
      <trkpt lat="42.22053903155028820037841796875" lon="1.720592491328716278076171875">
        <ele>1249.800048828125</ele>
        <time>2026-09-03T07:02:46.000Z</time>
      </trkpt>
      <trkpt lat="42.2205305658280849456787109375" lon="1.720586121082305908203125">
        <ele>1249.5999755859375</ele>
        <time>2026-09-03T07:02:47.000Z</time>
      </trkpt>
      <trkpt lat="42.22051799297332763671875" lon="1.72058117575943470001220703125">
        <ele>1249.199951171875</ele>
        <time>2026-09-03T07:02:53.000Z</time>
      </trkpt>
      <trkpt lat="42.22051799297332763671875" lon="1.72058117575943470001220703125">
        <ele>1249</ele>
        <time>2026-09-03T07:02:59.000Z</time>
      </trkpt>
      <trkpt lat="42.22051799297332763671875" lon="1.72058117575943470001220703125">
        <ele>1248.800048828125</ele>
        <time>2026-09-03T07:03:02.000Z</time>
      </trkpt>
      <trkpt lat="42.2205047495663166046142578125" lon="1.72056340612471103668212890625">
        <ele>1248.800048828125</ele>
        <time>2026-09-03T07:03:05.000Z</time>
      </trkpt>
      <trkpt lat="42.22047038376331329345703125" lon="1.72054815106093883514404296875">
        <ele>1249.199951171875</ele>
        <time>2026-09-03T07:03:11.000Z</time>
      </trkpt>
      <trkpt lat="42.2204702161252498626708984375" lon="1.72054789960384368896484375">
        <ele>1249.199951171875</ele>
        <time>2026-09-03T07:03:12.000Z</time>
      </trkpt>
      <trkpt lat="42.2204702161252498626708984375" lon="1.72054789960384368896484375">
        <ele>1249</ele>
        <time>2026-09-03T07:03:18.000Z</time>
      </trkpt>
      <trkpt lat="42.220462001860141754150390625" lon="1.72053624875843524932861328125">
        <ele>1248.800048828125</ele>
        <time>2026-09-03T07:03:22.000Z</time>
      </trkpt>
      <trkpt lat="42.22045269794762134552001953125" lon="1.72052267007529735565185546875">
        <ele>1248.800048828125</ele>
        <time>2026-09-03T07:03:28.000Z</time>
      </trkpt>
      <trkpt lat="42.22044733352959156036376953125" lon="1.7205085046589374542236328125">
        <ele>1248.800048828125</ele>
        <time>2026-09-03T07:03:30.000Z</time>
      </trkpt>
      <trkpt lat="42.220438532531261444091796875" lon="1.7204893939197063446044921875">
        <ele>1249.4000244140625</ele>
        <time>2026-09-03T07:03:36.000Z</time>
      </trkpt>
      <trkpt lat="42.220438532531261444091796875" lon="1.7204893939197063446044921875">
        <ele>1249.4000244140625</ele>
        <time>2026-09-03T07:03:37.000Z</time>
      </trkpt>
      <trkpt lat="42.220438532531261444091796875" lon="1.7204893939197063446044921875">
        <ele>1249.4000244140625</ele>
        <time>2026-09-03T07:03:42.000Z</time>
      </trkpt>
      <trkpt lat="42.2204407118260860443115234375" lon="1.72048084437847137451171875">
        <ele>1249.5999755859375</ele>
        <time>2026-09-03T07:03:45.000Z</time>
      </trkpt>
      <trkpt lat="42.22044490277767181396484375" lon="1.7204270325601100921630859375">
        <ele>1249</ele>
        <time>2026-09-03T07:03:51.000Z</time>
      </trkpt>
      <trkpt lat="42.22044532187283039093017578125" lon="1.72041990794241428375244140625">
        <ele>1249.199951171875</ele>
        <time>2026-09-03T07:03:53.000Z</time>
      </trkpt>
      <trkpt lat="42.22044087946414947509765625" lon="1.7203884758055210113525390625">
        <ele>1249</ele>
        <time>2026-09-03T07:03:59.000Z</time>
      </trkpt>
      <trkpt lat="42.22043492831289768218994140625" lon="1.72038403339684009552001953125">
        <ele>1249.4000244140625</ele>
        <time>2026-09-03T07:04:03.000Z</time>
      </trkpt>
      <trkpt lat="42.22043492831289768218994140625" lon="1.72038403339684009552001953125">
        <ele>1249.800048828125</ele>
        <time>2026-09-03T07:04:05.000Z</time>
      </trkpt>
      <trkpt lat="42.22043492831289768218994140625" lon="1.72038403339684009552001953125">
        <ele>1250</ele>
        <time>2026-09-03T07:04:06.000Z</time>
      </trkpt>
      <trkpt lat="42.22043492831289768218994140625" lon="1.72038403339684009552001953125">
        <ele>1249.5999755859375</ele>
        <time>2026-09-03T07:04:11.000Z</time>
      </trkpt>
      <trkpt lat="42.22043492831289768218994140625" lon="1.72038403339684009552001953125">
        <ele>1249.4000244140625</ele>
        <time>2026-09-03T07:04:16.000Z</time>
      </trkpt>
      <trkpt lat="42.22043660469353199005126953125" lon="1.72035788185894489288330078125">
        <ele>1249.5999755859375</ele>
        <time>2026-09-03T07:04:18.000Z</time>
      </trkpt>
      <trkpt lat="42.22044331021606922149658203125" lon="1.72035251744091510772705078125">
        <ele>1249.5999755859375</ele>
        <time>2026-09-03T07:04:19.000Z</time>
      </trkpt>
      <trkpt lat="42.22046091221272945404052734375" lon="1.72032586298882961273193359375">
        <ele>1249.5999755859375</ele>
        <time>2026-09-03T07:04:24.000Z</time>
      </trkpt>
      <trkpt lat="42.2204601578414440155029296875" lon="1.7203284613788127899169921875">
        <ele>1249</ele>
        <time>2026-09-03T07:04:30.000Z</time>
      </trkpt>
      <trkpt lat="42.2204601578414440155029296875" lon="1.7203284613788127899169921875">
        <ele>1249.199951171875</ele>
        <time>2026-09-03T07:04:31.000Z</time>
      </trkpt>
      <trkpt lat="42.2204635106027126312255859375" lon="1.7203160561621189117431640625">
        <ele>1249.800048828125</ele>
        <time>2026-09-03T07:04:35.000Z</time>
      </trkpt>
      <trkpt lat="42.2204601578414440155029296875" lon="1.7203284613788127899169921875">
        <ele>1249</ele>
        <time>2026-09-03T07:04:41.000Z</time>
      </trkpt>
      <trkpt lat="42.2204601578414440155029296875" lon="1.7203284613788127899169921875">
        <ele>1249.4000244140625</ele>
        <time>2026-09-03T07:04:46.000Z</time>
      </trkpt>
      <trkpt lat="42.22046460025012493133544921875" lon="1.72031463123857975006103515625">
        <ele>1249.800048828125</ele>
        <time>2026-09-03T07:04:52.000Z</time>
      </trkpt>
      <trkpt lat="42.2204671986401081085205078125" lon="1.72031060792505741119384765625">
        <ele>1250.199951171875</ele>
        <time>2026-09-03T07:04:54.000Z</time>
      </trkpt>
      <trkpt lat="42.22046962939202785491943359375" lon="1.72030876390635967254638671875">
        <ele>1250.800048828125</ele>
        <time>2026-09-03T07:04:59.000Z</time>
      </trkpt>
      <trkpt lat="42.2204695455729961395263671875" lon="1.720309518277645111083984375">
        <ele>1251</ele>
        <time>2026-09-03T07:05:00.000Z</time>
      </trkpt>
      <trkpt lat="42.2204695455729961395263671875" lon="1.720309518277645111083984375">
        <ele>1251.199951171875</ele>
        <time>2026-09-03T07:05:06.000Z</time>
      </trkpt>
      <trkpt lat="42.22047499381005764007568359375" lon="1.720300130546092987060546875">
        <ele>1251</ele>
        <time>2026-09-03T07:05:08.000Z</time>
      </trkpt>
      <trkpt lat="42.22047398798167705535888671875" lon="1.72029837034642696380615234375">
        <ele>1251</ele>
        <time>2026-09-03T07:05:09.000Z</time>
      </trkpt>
      <trkpt lat="42.22047281451523303985595703125" lon="1.72029803507030010223388671875">
        <ele>1251</ele>
        <time>2026-09-03T07:05:10.000Z</time>
      </trkpt>
      <trkpt lat="42.22047566436231136322021484375" lon="1.72029149718582630157470703125">
        <ele>1251</ele>
        <time>2026-09-03T07:05:11.000Z</time>
      </trkpt>
      <trkpt lat="42.22048304043710231781005859375" lon="1.72027121298015117645263671875">
        <ele>1251.4000244140625</ele>
        <time>2026-09-03T07:05:14.000Z</time>
      </trkpt>
      <trkpt lat="42.22047935239970684051513671875" lon="1.72026182524859905242919921875">
        <ele>1252</ele>
        <time>2026-09-03T07:05:18.000Z</time>
      </trkpt>
      <trkpt lat="42.22047935239970684051513671875" lon="1.72026182524859905242919921875">
        <ele>1252</ele>
        <time>2026-09-03T07:05:19.000Z</time>
      </trkpt>
      <trkpt lat="42.22047935239970684051513671875" lon="1.72026182524859905242919921875">
        <ele>1252</ele>
        <time>2026-09-03T07:05:23.000Z</time>
      </trkpt>
      <trkpt lat="42.22047935239970684051513671875" lon="1.72026182524859905242919921875">
        <ele>1251.5999755859375</ele>
        <time>2026-09-03T07:05:29.000Z</time>
      </trkpt>
      <trkpt lat="42.22047935239970684051513671875" lon="1.72026182524859905242919921875">
        <ele>1251.5999755859375</ele>
        <time>2026-09-03T07:05:31.000Z</time>
      </trkpt>
      <trkpt lat="42.22047935239970684051513671875" lon="1.72026182524859905242919921875">
        <ele>1251.4000244140625</ele>
        <time>2026-09-03T07:05:37.000Z</time>
      </trkpt>
      <trkpt lat="42.22047935239970684051513671875" lon="1.72026182524859905242919921875">
        <ele>1251.4000244140625</ele>
        <time>2026-09-03T07:05:38.000Z</time>
      </trkpt>
      <trkpt lat="42.22047935239970684051513671875" lon="1.72026182524859905242919921875">
        <ele>1251.4000244140625</ele>
        <time>2026-09-03T07:05:39.000Z</time>
      </trkpt>
      <trkpt lat="42.22047935239970684051513671875" lon="1.72026182524859905242919921875">
        <ele>1251.4000244140625</ele>
        <time>2026-09-03T07:05:40.000Z</time>
      </trkpt>
      <trkpt lat="42.22047935239970684051513671875" lon="1.72026182524859905242919921875">
        <ele>1251.4000244140625</ele>
        <time>2026-09-03T07:05:42.000Z</time>
      </trkpt>
      <trkpt lat="42.220484800636768341064453125" lon="1.7202640883624553680419921875">
        <ele>1251.5999755859375</ele>
        <time>2026-09-03T07:05:44.000Z</time>
      </trkpt>
      <trkpt lat="42.220483459532260894775390625" lon="1.7202945984899997711181640625">
        <ele>1251.800048828125</ele>
        <time>2026-09-03T07:05:48.000Z</time>
      </trkpt>
      <trkpt lat="42.2204762510955333709716796875" lon="1.72032368369400501251220703125">
        <ele>1251.5999755859375</ele>
        <time>2026-09-03T07:05:53.000Z</time>
      </trkpt>
      <trkpt lat="42.2204752452671527862548828125" lon="1.72032418660819530487060546875">
        <ele>1251</ele>
        <time>2026-09-03T07:05:59.000Z</time>
      </trkpt>
      <trkpt lat="42.2204752452671527862548828125" lon="1.72032418660819530487060546875">
        <ele>1251</ele>
        <time>2026-09-03T07:06:01.000Z</time>
      </trkpt>
      <trkpt lat="42.2204752452671527862548828125" lon="1.72032418660819530487060546875">
        <ele>1251</ele>
        <time>2026-09-03T07:06:03.000Z</time>
      </trkpt>
      <trkpt lat="42.2204752452671527862548828125" lon="1.72032418660819530487060546875">
        <ele>1251.4000244140625</ele>
        <time>2026-09-03T07:06:09.000Z</time>
      </trkpt>
      <trkpt lat="42.2204752452671527862548828125" lon="1.72032418660819530487060546875">
        <ele>1251.5999755859375</ele>
        <time>2026-09-03T07:06:11.000Z</time>
      </trkpt>
      <trkpt lat="42.2204752452671527862548828125" lon="1.72032418660819530487060546875">
        <ele>1251</ele>
        <time>2026-09-03T07:06:17.000Z</time>
      </trkpt>
      <trkpt lat="42.2204752452671527862548828125" lon="1.72032418660819530487060546875">
        <ele>1250.5999755859375</ele>
        <time>2026-09-03T07:06:20.000Z</time>
      </trkpt>
      <trkpt lat="42.2204752452671527862548828125" lon="1.72032418660819530487060546875">
        <ele>1249.800048828125</ele>
        <time>2026-09-03T07:06:26.000Z</time>
      </trkpt>
      <trkpt lat="42.2204752452671527862548828125" lon="1.72032418660819530487060546875">
        <ele>1249.5999755859375</ele>
        <time>2026-09-03T07:06:27.000Z</time>
      </trkpt>
      <trkpt lat="42.22047029994428157806396484375" lon="1.72034346498548984527587890625">
        <ele>1249.4000244140625</ele>
        <time>2026-09-03T07:06:33.000Z</time>
      </trkpt>
      <trkpt lat="42.2204695455729961395263671875" lon="1.72034447081387042999267578125">
        <ele>1249.4000244140625</ele>
        <time>2026-09-03T07:06:34.000Z</time>
      </trkpt>
      <trkpt lat="42.2204578109085559844970703125" lon="1.7203552834689617156982421875">
        <ele>1249.199951171875</ele>
        <time>2026-09-03T07:06:39.000Z</time>
      </trkpt>
      <trkpt lat="42.22046292386949062347412109375" lon="1.72036391682922840118408203125">
        <ele>1249</ele>
        <time>2026-09-03T07:06:44.000Z</time>
      </trkpt>
      <trkpt lat="42.2204630076885223388671875" lon="1.7203650064766407012939453125">
        <ele>1248.800048828125</ele>
        <time>2026-09-03T07:06:46.000Z</time>
      </trkpt>
      <trkpt lat="42.2204638458788394927978515625" lon="1.72036441974341869354248046875">
        <ele>1248.4000244140625</ele>
        <time>2026-09-03T07:06:52.000Z</time>
      </trkpt>
      <trkpt lat="42.2204638458788394927978515625" lon="1.72036441974341869354248046875">
        <ele>1248.199951171875</ele>
        <time>2026-09-03T07:06:54.000Z</time>
      </trkpt>
      <trkpt lat="42.2204638458788394927978515625" lon="1.72036441974341869354248046875">
        <ele>1248.199951171875</ele>
        <time>2026-09-03T07:06:55.000Z</time>
      </trkpt>
      <trkpt lat="42.2204638458788394927978515625" lon="1.72036441974341869354248046875">
        <ele>1248</ele>
        <time>2026-09-03T07:07:00.000Z</time>
      </trkpt>
      <trkpt lat="42.2204638458788394927978515625" lon="1.72036441974341869354248046875">
        <ele>1248.4000244140625</ele>
        <time>2026-09-03T07:07:05.000Z</time>
      </trkpt>
      <trkpt lat="42.22045923583209514617919921875" lon="1.72037900425493717193603515625">
        <ele>1248.199951171875</ele>
        <time>2026-09-03T07:07:09.000Z</time>
      </trkpt>
      <trkpt lat="42.2204591520130634307861328125" lon="1.72038369812071323394775390625">
        <ele>1248</ele>
        <time>2026-09-03T07:07:10.000Z</time>
      </trkpt>
      <trkpt lat="42.220459319651126861572265625" lon="1.72038738615810871124267578125">
        <ele>1247.800048828125</ele>
        <time>2026-09-03T07:07:11.000Z</time>
      </trkpt>
      <trkpt lat="42.220459990203380584716796875" lon="1.72039409168064594268798828125">
        <ele>1247.5999755859375</ele>
        <time>2026-09-03T07:07:12.000Z</time>
      </trkpt>
      <trkpt lat="42.220458984375" lon="1.72040146775543689727783203125">
        <ele>1247.5999755859375</ele>
        <time>2026-09-03T07:07:13.000Z</time>
      </trkpt>
      <trkpt lat="42.22045420669019222259521484375" lon="1.72044061124324798583984375">
        <ele>1247.199951171875</ele>
        <time>2026-09-03T07:07:19.000Z</time>
      </trkpt>
      <trkpt lat="42.220451943576335906982421875" lon="1.720448993146419525146484375">
        <ele>1247.4000244140625</ele>
        <time>2026-09-03T07:07:22.000Z</time>
      </trkpt>
      <trkpt lat="42.220451943576335906982421875" lon="1.7204494960606098175048828125">
        <ele>1247.800048828125</ele>
        <time>2026-09-03T07:07:28.000Z</time>
      </trkpt>
      <trkpt lat="42.22045688889920711517333984375" lon="1.72046533785760402679443359375">
        <ele>1247.5999755859375</ele>
        <time>2026-09-03T07:07:30.000Z</time>
      </trkpt>
      <trkpt lat="42.2204792685806751251220703125" lon="1.7204927466809749603271484375">
        <ele>1247.4000244140625</ele>
        <time>2026-09-03T07:07:35.000Z</time>
      </trkpt>
      <trkpt lat="42.22048689611256122589111328125" lon="1.72052987851202487945556640625">
        <ele>1247.5999755859375</ele>
        <time>2026-09-03T07:07:41.000Z</time>
      </trkpt>
      <trkpt lat="42.2205231897532939910888671875" lon="1.720560975372791290283203125">
        <ele>1248</ele>
        <time>2026-09-03T07:07:47.000Z</time>
      </trkpt>
      <trkpt lat="42.220537774264812469482421875" lon="1.72060078941285610198974609375">
        <ele>1248</ele>
        <time>2026-09-03T07:07:51.000Z</time>
      </trkpt>
      <trkpt lat="42.22053903155028820037841796875" lon="1.7206248454749584197998046875">
        <ele>1247.4000244140625</ele>
        <time>2026-09-03T07:07:57.000Z</time>
      </trkpt>
      <trkpt lat="42.220566272735595703125" lon="1.7206345684826374053955078125">
        <ele>1247.800048828125</ele>
        <time>2026-09-03T07:08:02.000Z</time>
      </trkpt>
      <trkpt lat="42.22057272680103778839111328125" lon="1.72066348604857921600341796875">
        <ele>1248</ele>
        <time>2026-09-03T07:08:08.000Z</time>
      </trkpt>
      <trkpt lat="42.22057373262941837310791015625" lon="1.72067170031368732452392578125">
        <ele>1248.199951171875</ele>
        <time>2026-09-03T07:08:09.000Z</time>
      </trkpt>
      <trkpt lat="42.22057390026748180389404296875" lon="1.72067203558981418609619140625">
        <ele>1248.199951171875</ele>
        <time>2026-09-03T07:08:11.000Z</time>
      </trkpt>
      <trkpt lat="42.2205785103142261505126953125" lon="1.72067840583622455596923828125">
        <ele>1248.199951171875</ele>
        <time>2026-09-03T07:08:12.000Z</time>
      </trkpt>
      <trkpt lat="42.22057909704744815826416015625" lon="1.720686368644237518310546875">
        <ele>1248.199951171875</ele>
        <time>2026-09-03T07:08:13.000Z</time>
      </trkpt>
      <trkpt lat="42.22058043815195560455322265625" lon="1.7207046411931514739990234375">
        <ele>1248.199951171875</ele>
        <time>2026-09-03T07:08:15.000Z</time>
      </trkpt>
      <trkpt lat="42.220594100654125213623046875" lon="1.7207495681941509246826171875">
        <ele>1247.5999755859375</ele>
        <time>2026-09-03T07:08:21.000Z</time>
      </trkpt>
      <trkpt lat="42.22059535793960094451904296875" lon="1.72076758928596973419189453125">
        <ele>1247.4000244140625</ele>
        <time>2026-09-03T07:08:24.000Z</time>
      </trkpt>
      <trkpt lat="42.22060223110020160675048828125" lon="1.7208018712699413299560546875">
        <ele>1247.4000244140625</ele>
        <time>2026-09-03T07:08:30.000Z</time>
      </trkpt>
      <trkpt lat="42.22060541622340679168701171875" lon="1.72081871889531612396240234375">
        <ele>1247.4000244140625</ele>
        <time>2026-09-03T07:08:32.000Z</time>
      </trkpt>
      <trkpt lat="42.22060910426080226898193359375" lon="1.72084487043321132659912109375">
        <ele>1247.4000244140625</ele>
        <time>2026-09-03T07:08:38.000Z</time>
      </trkpt>
      <trkpt lat="42.2206080146133899688720703125" lon="1.720845960080623626708984375">
        <ele>1247.800048828125</ele>
        <time>2026-09-03T07:08:44.000Z</time>
      </trkpt>
      <trkpt lat="42.2206080146133899688720703125" lon="1.720845960080623626708984375">
        <ele>1247.800048828125</ele>
        <time>2026-09-03T07:08:47.000Z</time>
      </trkpt>
      <trkpt lat="42.2206080146133899688720703125" lon="1.720845960080623626708984375">
        <ele>1247.800048828125</ele>
        <time>2026-09-03T07:08:48.000Z</time>
      </trkpt>
      <trkpt lat="42.2206080146133899688720703125" lon="1.720845960080623626708984375">
        <ele>1247.4000244140625</ele>
        <time>2026-09-03T07:08:49.000Z</time>
      </trkpt>
      <trkpt lat="42.2206080146133899688720703125" lon="1.720845960080623626708984375">
        <ele>1247.199951171875</ele>
        <time>2026-09-03T07:08:50.000Z</time>
      </trkpt>
      <trkpt lat="42.2206080146133899688720703125" lon="1.720845960080623626708984375">
        <ele>1246.5999755859375</ele>
        <time>2026-09-03T07:08:53.000Z</time>
      </trkpt>
      <trkpt lat="42.2206080146133899688720703125" lon="1.720845960080623626708984375">
        <ele>1246.5999755859375</ele>
        <time>2026-09-03T07:08:59.000Z</time>
      </trkpt>
      <trkpt lat="42.2206080146133899688720703125" lon="1.720845960080623626708984375">
        <ele>1246.800048828125</ele>
        <time>2026-09-03T07:09:01.000Z</time>
      </trkpt>
      <trkpt lat="42.2206080146133899688720703125" lon="1.720845960080623626708984375">
        <ele>1246.5999755859375</ele>
        <time>2026-09-03T07:09:04.000Z</time>
      </trkpt>
      <trkpt lat="42.22060357220470905303955078125" lon="1.7208476364612579345703125">
        <ele>1246.5999755859375</ele>
        <time>2026-09-03T07:09:06.000Z</time>
      </trkpt>
      <trkpt lat="42.2206080146133899688720703125" lon="1.720845960080623626708984375">
        <ele>1246.800048828125</ele>
        <time>2026-09-03T07:09:07.000Z</time>
      </trkpt>
      <trkpt lat="42.22058144398033618927001953125" lon="1.72085157595574855804443359375">
        <ele>1247</ele>
        <time>2026-09-03T07:09:13.000Z</time>
      </trkpt>
      <trkpt lat="42.2205741517245769500732421875" lon="1.720850653946399688720703125">
        <ele>1247</ele>
        <time>2026-09-03T07:09:14.000Z</time>
      </trkpt>
      <trkpt lat="42.22053064964711666107177734375" lon="1.7208635620772838592529296875">
        <ele>1247</ele>
        <time>2026-09-03T07:09:20.000Z</time>
      </trkpt>
      <trkpt lat="42.2204910032451152801513671875" lon="1.72086314298212528228759765625">
        <ele>1246.800048828125</ele>
        <time>2026-09-03T07:09:26.000Z</time>
      </trkpt>
      <trkpt lat="42.22048857249319553375244140625" lon="1.72086498700082302093505859375">
        <ele>1246.800048828125</ele>
        <time>2026-09-03T07:09:27.000Z</time>
      </trkpt>
      <trkpt lat="42.22048857249319553375244140625" lon="1.720865070819854736328125">
        <ele>1246.5999755859375</ele>
        <time>2026-09-03T07:09:33.000Z</time>
      </trkpt>
      <trkpt lat="42.22048857249319553375244140625" lon="1.720865070819854736328125">
        <ele>1246.5999755859375</ele>
        <time>2026-09-03T07:09:36.000Z</time>
      </trkpt>
      <trkpt lat="42.22048857249319553375244140625" lon="1.720865070819854736328125">
        <ele>1246.4000244140625</ele>
        <time>2026-09-03T07:09:42.000Z</time>
      </trkpt>
      <trkpt lat="42.22048857249319553375244140625" lon="1.720865070819854736328125">
        <ele>1246.4000244140625</ele>
        <time>2026-09-03T07:09:43.000Z</time>
      </trkpt>
      <trkpt lat="42.22048857249319553375244140625" lon="1.720865070819854736328125">
        <ele>1246.5999755859375</ele>
        <time>2026-09-03T07:09:48.000Z</time>
      </trkpt>
      <trkpt lat="42.22048857249319553375244140625" lon="1.720865070819854736328125">
        <ele>1246.199951171875</ele>
        <time>2026-09-03T07:09:54.000Z</time>
      </trkpt>
      <trkpt lat="42.22048857249319553375244140625" lon="1.720865070819854736328125">
        <ele>1246.199951171875</ele>
        <time>2026-09-03T07:09:57.000Z</time>
      </trkpt>
      <trkpt lat="42.22048639319837093353271484375" lon="1.72089180909097194671630859375">
        <ele>1246.199951171875</ele>
        <time>2026-09-03T07:10:03.000Z</time>
      </trkpt>
      <trkpt lat="42.220480106770992279052734375" lon="1.720903627574443817138671875">
        <ele>1246.199951171875</ele>
        <time>2026-09-03T07:10:04.000Z</time>
      </trkpt>
      <trkpt lat="42.22047767601907253265380859375" lon="1.72092198394238948822021484375">
        <ele>1246.199951171875</ele>
        <time>2026-09-03T07:10:08.000Z</time>
      </trkpt>
      <trkpt lat="42.22045236267149448394775390625" lon="1.720991469919681549072265625">
        <ele>1246.199951171875</ele>
        <time>2026-09-03T07:10:14.000Z</time>
      </trkpt>
      <trkpt lat="42.22044716589152812957763671875" lon="1.72103111632168292999267578125">
        <ele>1246</ele>
        <time>2026-09-03T07:10:18.000Z</time>
      </trkpt>
      <trkpt lat="42.220448590815067291259765625" lon="1.72106766141951084136962890625">
        <ele>1246.199951171875</ele>
        <time>2026-09-03T07:10:22.000Z</time>
      </trkpt>
      <trkpt lat="42.2204514406621456146240234375" lon="1.72113186679780483245849609375">
        <ele>1246.4000244140625</ele>
        <time>2026-09-03T07:10:27.000Z</time>
      </trkpt>
      <trkpt lat="42.220436520874500274658203125" lon="1.72118249349296092987060546875">
        <ele>1246.4000244140625</ele>
        <time>2026-09-03T07:10:33.000Z</time>
      </trkpt>
      <trkpt lat="42.22043777815997600555419921875" lon="1.72118366695940494537353515625">
        <ele>1246.4000244140625</ele>
        <time>2026-09-03T07:10:35.000Z</time>
      </trkpt>
      <trkpt lat="42.22043777815997600555419921875" lon="1.72118366695940494537353515625">
        <ele>1246.5999755859375</ele>
        <time>2026-09-03T07:10:41.000Z</time>
      </trkpt>
      <trkpt lat="42.22043526358902454376220703125" lon="1.7211844213306903839111328125">
        <ele>1246.4000244140625</ele>
        <time>2026-09-03T07:10:44.000Z</time>
      </trkpt>
      <trkpt lat="42.22043274901807308197021484375" lon="1.72120579518377780914306640625">
        <ele>1246.4000244140625</ele>
        <time>2026-09-03T07:10:48.000Z</time>
      </trkpt>
      <trkpt lat="42.2204323299229145050048828125" lon="1.72120562754571437835693359375">
        <ele>1246.4000244140625</ele>
        <time>2026-09-03T07:10:50.000Z</time>
      </trkpt>
      <trkpt lat="42.2203887440264225006103515625" lon="1.721248961985111236572265625">
        <ele>1246.4000244140625</ele>
        <time>2026-09-03T07:10:56.000Z</time>
      </trkpt>
      <trkpt lat="42.22038187086582183837890625" lon="1.72126329503953456878662109375">
        <ele>1246.5999755859375</ele>
        <time>2026-09-03T07:10:57.000Z</time>
      </trkpt>
      <trkpt lat="42.22034624777734279632568359375" lon="1.72133705578744411468505859375">
        <ele>1246.800048828125</ele>
        <time>2026-09-03T07:11:03.000Z</time>
      </trkpt>
      <trkpt lat="42.22032311372458934783935546875" lon="1.72138734720647335052490234375">
        <ele>1247.199951171875</ele>
        <time>2026-09-03T07:11:08.000Z</time>
      </trkpt>
      <trkpt lat="42.22029210068285465240478515625" lon="1.72141685150563716888427734375">
        <ele>1247.4000244140625</ele>
        <time>2026-09-03T07:11:12.000Z</time>
      </trkpt>
      <trkpt lat="42.22027248702943325042724609375" lon="1.721444427967071533203125">
        <ele>1247.5999755859375</ele>
        <time>2026-09-03T07:11:15.000Z</time>
      </trkpt>
      <trkpt lat="42.2202455811202526092529296875" lon="1.721462868154048919677734375">
        <ele>1248</ele>
        <time>2026-09-03T07:11:18.000Z</time>
      </trkpt>
      <trkpt lat="42.22023292444646358489990234375" lon="1.72146999277174472808837890625">
        <ele>1248.199951171875</ele>
        <time>2026-09-03T07:11:20.000Z</time>
      </trkpt>
      <trkpt lat="42.22021020948886871337890625" lon="1.72148524783551692962646484375">
        <ele>1248.5999755859375</ele>
        <time>2026-09-03T07:11:23.000Z</time>
      </trkpt>
      <trkpt lat="42.2201999835669994354248046875" lon="1.72149069607257843017578125">
        <ele>1248.800048828125</ele>
        <time>2026-09-03T07:11:24.000Z</time>
      </trkpt>
      <trkpt lat="42.22015044651925563812255859375" lon="1.721518523991107940673828125">
        <ele>1249.5999755859375</ele>
        <time>2026-09-03T07:11:29.000Z</time>
      </trkpt>
      <trkpt lat="42.2201476804912090301513671875" lon="1.72152782790362834930419921875">
        <ele>1249.800048828125</ele>
        <time>2026-09-03T07:11:30.000Z</time>
      </trkpt>
      <trkpt lat="42.2201238758862018585205078125" lon="1.7215777002274990081787109375">
        <ele>1249.800048828125</ele>
        <time>2026-09-03T07:11:34.000Z</time>
      </trkpt>
      <trkpt lat="42.22011708654463291168212890625" lon="1.72160468995571136474609375">
        <ele>1249.800048828125</ele>
        <time>2026-09-03T07:11:37.000Z</time>
      </trkpt>
      <trkpt lat="42.22011289559304714202880859375" lon="1.72160309739410877227783203125">
        <ele>1249.5999755859375</ele>
        <time>2026-09-03T07:11:39.000Z</time>
      </trkpt>
      <trkpt lat="42.2201087884604930877685546875" lon="1.72160829417407512664794921875">
        <ele>1249.5999755859375</ele>
        <time>2026-09-03T07:11:41.000Z</time>
      </trkpt>
      <trkpt lat="42.22008674405515193939208984375" lon="1.72163494862616062164306640625">
        <ele>1249.5999755859375</ele>
        <time>2026-09-03T07:11:44.000Z</time>
      </trkpt>
      <trkpt lat="42.22004818730056285858154296875" lon="1.72170451842248439788818359375">
        <ele>1249.5999755859375</ele>
        <time>2026-09-03T07:11:50.000Z</time>
      </trkpt>
      <trkpt lat="42.22003745846450328826904296875" lon="1.72171675600111484527587890625">
        <ele>1249.800048828125</ele>
        <time>2026-09-03T07:11:51.000Z</time>
      </trkpt>
      <trkpt lat="42.2200028412044048309326171875" lon="1.7217587493360042572021484375">
        <ele>1250.5999755859375</ele>
        <time>2026-09-03T07:11:56.000Z</time>
      </trkpt>
      <trkpt lat="42.21999504603445529937744140625" lon="1.72176268883049488067626953125">
        <ele>1250.800048828125</ele>
        <time>2026-09-03T07:11:58.000Z</time>
      </trkpt>
      <trkpt lat="42.21999554894864559173583984375" lon="1.72176185064017772674560546875">
        <ele>1249.800048828125</ele>
        <time>2026-09-03T07:12:03.000Z</time>
      </trkpt>
      <trkpt lat="42.21999554894864559173583984375" lon="1.72176185064017772674560546875">
        <ele>1249.5999755859375</ele>
        <time>2026-09-03T07:12:04.000Z</time>
      </trkpt>
      <trkpt lat="42.22000242210924625396728515625" lon="1.72175011597573757171630859375">
        <ele>1250.199951171875</ele>
        <time>2026-09-03T07:12:10.000Z</time>
      </trkpt>
      <trkpt lat="42.220008373260498046875" lon="1.72174542210996150970458984375">
        <ele>1250.4000244140625</ele>
        <time>2026-09-03T07:12:12.000Z</time>
      </trkpt>
      <trkpt lat="42.2200477682054042816162109375" lon="1.72169177792966365814208984375">
        <ele>1249.4000244140625</ele>
        <time>2026-09-03T07:12:18.000Z</time>
      </trkpt>
      <trkpt lat="42.22007735632359981536865234375" lon="1.72162505798041820526123046875">
        <ele>1249.800048828125</ele>
        <time>2026-09-03T07:12:24.000Z</time>
      </trkpt>
      <trkpt lat="42.2200843133032321929931640625" lon="1.72161919064819812774658203125">
        <ele>1249.800048828125</ele>
        <time>2026-09-03T07:12:25.000Z</time>
      </trkpt>
      <trkpt lat="42.220087833702564239501953125" lon="1.72161273658275604248046875">
        <ele>1249.5999755859375</ele>
        <time>2026-09-03T07:12:26.000Z</time>
      </trkpt>
      <trkpt lat="42.22012680955231189727783203125" lon="1.7215572483837604522705078125">
        <ele>1249.5999755859375</ele>
        <time>2026-09-03T07:12:32.000Z</time>
      </trkpt>
      <trkpt lat="42.22016729414463043212890625" lon="1.72151709906756877899169921875">
        <ele>1249.4000244140625</ele>
        <time>2026-09-03T07:12:38.000Z</time>
      </trkpt>
      <trkpt lat="42.22016855143010616302490234375" lon="1.7215012572705745697021484375">
        <ele>1249.4000244140625</ele>
        <time>2026-09-03T07:12:39.000Z</time>
      </trkpt>
      <trkpt lat="42.22017240710556507110595703125" lon="1.72147460281848907470703125">
        <ele>1249.5999755859375</ele>
        <time>2026-09-03T07:12:44.000Z</time>
      </trkpt>
      <trkpt lat="42.22016737796366214752197265625" lon="1.72147066332399845123291015625">
        <ele>1250</ele>
        <time>2026-09-03T07:12:50.000Z</time>
      </trkpt>
      <trkpt lat="42.22016737796366214752197265625" lon="1.72147066332399845123291015625">
        <ele>1249.4000244140625</ele>
        <time>2026-09-03T07:12:56.000Z</time>
      </trkpt>
      <trkpt lat="42.22016737796366214752197265625" lon="1.72147066332399845123291015625">
        <ele>1249.4000244140625</ele>
        <time>2026-09-03T07:13:02.000Z</time>
      </trkpt>
      <trkpt lat="42.22016737796366214752197265625" lon="1.72147066332399845123291015625">
        <ele>1249.4000244140625</ele>
        <time>2026-09-03T07:13:03.000Z</time>
      </trkpt>
      <trkpt lat="42.22015212289988994598388671875" lon="1.72148005105555057525634765625">
        <ele>1249.800048828125</ele>
        <time>2026-09-03T07:13:06.000Z</time>
      </trkpt>
      <trkpt lat="42.22013644874095916748046875" lon="1.72148139216005802154541015625">
        <ele>1250.4000244140625</ele>
        <time>2026-09-03T07:13:08.000Z</time>
      </trkpt>
      <trkpt lat="42.22013049758970737457275390625" lon="1.72148524783551692962646484375">
        <ele>1250.5999755859375</ele>
        <time>2026-09-03T07:13:09.000Z</time>
      </trkpt>
      <trkpt lat="42.2200977243483066558837890625" lon="1.7215009219944477081298828125">
        <ele>1251.5999755859375</ele>
        <time>2026-09-03T07:13:14.000Z</time>
      </trkpt>
      <trkpt lat="42.220088504254817962646484375" lon="1.72150234691798686981201171875">
        <ele>1251.800048828125</ele>
        <time>2026-09-03T07:13:15.000Z</time>
      </trkpt>
      <trkpt lat="42.2200620174407958984375" lon="1.72149329446256160736083984375">
        <ele>1253</ele>
        <time>2026-09-03T07:13:19.000Z</time>
      </trkpt>
      <trkpt lat="42.22004533745348453521728515625" lon="1.72150083817541599273681640625">
        <ele>1253.199951171875</ele>
        <time>2026-09-03T07:13:22.000Z</time>
      </trkpt>
      <trkpt lat="42.22003477625548839569091796875" lon="1.72151148319244384765625">
        <ele>1253.199951171875</ele>
        <time>2026-09-03T07:13:23.000Z</time>
      </trkpt>
      <trkpt lat="42.220002673566341400146484375" lon="1.721522547304630279541015625">
        <ele>1254</ele>
        <time>2026-09-03T07:13:28.000Z</time>
      </trkpt>
      <trkpt lat="42.21999789588153362274169921875" lon="1.72152288258075714111328125">
        <ele>1253.800048828125</ele>
        <time>2026-09-03T07:13:30.000Z</time>
      </trkpt>
      <trkpt lat="42.21999655477702617645263671875" lon="1.72151709906756877899169921875">
        <ele>1253.800048828125</ele>
        <time>2026-09-03T07:13:36.000Z</time>
      </trkpt>
      <trkpt lat="42.21999957226216793060302734375" lon="1.721509136259555816650390625">
        <ele>1254</ele>
        <time>2026-09-03T07:13:38.000Z</time>
      </trkpt>
      <trkpt lat="42.220002673566341400146484375" lon="1.72149027697741985321044921875">
        <ele>1254</ele>
        <time>2026-09-03T07:13:41.000Z</time>
      </trkpt>
      <trkpt lat="42.22000443376600742340087890625" lon="1.72147803939878940582275390625">
        <ele>1255</ele>
        <time>2026-09-03T07:13:45.000Z</time>
      </trkpt>
      <trkpt lat="42.2200122289359569549560546875" lon="1.7214415781199932098388671875">
        <ele>1255.800048828125</ele>
        <time>2026-09-03T07:13:51.000Z</time>
      </trkpt>
      <trkpt lat="42.2200145758688449859619140625" lon="1.7214415781199932098388671875">
        <ele>1256</ele>
        <time>2026-09-03T07:13:52.000Z</time>
      </trkpt>
      <trkpt lat="42.220013402402400970458984375" lon="1.72143436968326568603515625">
        <ele>1256.199951171875</ele>
        <time>2026-09-03T07:13:53.000Z</time>
      </trkpt>
      <trkpt lat="42.22000636160373687744140625" lon="1.7214409075677394866943359375">
        <ele>1257.199951171875</ele>
        <time>2026-09-03T07:13:57.000Z</time>
      </trkpt>
      <trkpt lat="42.22000636160373687744140625" lon="1.7214409075677394866943359375">
        <ele>1257.4000244140625</ele>
        <time>2026-09-03T07:13:58.000Z</time>
      </trkpt>
      <trkpt lat="42.21997710876166820526123046875" lon="1.721449457108974456787109375">
        <ele>1257.5999755859375</ele>
        <time>2026-09-03T07:14:04.000Z</time>
      </trkpt>
      <trkpt lat="42.219924218952655792236328125" lon="1.72145943157374858856201171875">
        <ele>1258.199951171875</ele>
        <time>2026-09-03T07:14:10.000Z</time>
      </trkpt>
      <trkpt lat="42.2199186868965625762939453125" lon="1.72145607881247997283935546875">
        <ele>1258.4000244140625</ele>
        <time>2026-09-03T07:14:11.000Z</time>
      </trkpt>
      <trkpt lat="42.219871245324611663818359375" lon="1.72144216485321521759033203125">
        <ele>1259</ele>
        <time>2026-09-03T07:14:17.000Z</time>
      </trkpt>
      <trkpt lat="42.2198648750782012939453125" lon="1.72143914736807346343994140625">
        <ele>1259</ele>
        <time>2026-09-03T07:14:18.000Z</time>
      </trkpt>
      <trkpt lat="42.2198362089693546295166015625" lon="1.7214422486722469329833984375">
        <ele>1258.800048828125</ele>
        <time>2026-09-03T07:14:22.000Z</time>
      </trkpt>
      <trkpt lat="42.2198120690882205963134765625" lon="1.72144685871899127960205078125">
        <ele>1259.4000244140625</ele>
        <time>2026-09-03T07:14:26.000Z</time>
      </trkpt>
      <trkpt lat="42.21981349401175975799560546875" lon="1.72144711017608642578125">
        <ele>1259.4000244140625</ele>
        <time>2026-09-03T07:14:28.000Z</time>
      </trkpt>
      <trkpt lat="42.21981349401175975799560546875" lon="1.72144719399511814117431640625">
        <ele>1259.5999755859375</ele>
        <time>2026-09-03T07:14:33.000Z</time>
      </trkpt>
      <trkpt lat="42.21981349401175975799560546875" lon="1.72144719399511814117431640625">
        <ele>1259.4000244140625</ele>
        <time>2026-09-03T07:14:39.000Z</time>
      </trkpt>
      <trkpt lat="42.21981349401175975799560546875" lon="1.72144719399511814117431640625">
        <ele>1259</ele>
        <time>2026-09-03T07:14:44.000Z</time>
      </trkpt>
      <trkpt lat="42.21981349401175975799560546875" lon="1.72144719399511814117431640625">
        <ele>1258.4000244140625</ele>
        <time>2026-09-03T07:14:50.000Z</time>
      </trkpt>
      <trkpt lat="42.21981349401175975799560546875" lon="1.72144719399511814117431640625">
        <ele>1258.4000244140625</ele>
        <time>2026-09-03T07:14:51.000Z</time>
      </trkpt>
      <trkpt lat="42.21981349401175975799560546875" lon="1.72144719399511814117431640625">
        <ele>1258.199951171875</ele>
        <time>2026-09-03T07:14:52.000Z</time>
      </trkpt>
      <trkpt lat="42.21981349401175975799560546875" lon="1.72144719399511814117431640625">
        <ele>1258.199951171875</ele>
        <time>2026-09-03T07:14:57.000Z</time>
      </trkpt>
      <trkpt lat="42.21981349401175975799560546875" lon="1.72144719399511814117431640625">
        <ele>1258.199951171875</ele>
        <time>2026-09-03T07:14:59.000Z</time>
      </trkpt>
      <trkpt lat="42.2198167629539966583251953125" lon="1.721452809870243072509765625">
        <ele>1258.199951171875</ele>
        <time>2026-09-03T07:15:02.000Z</time>
      </trkpt>
      <trkpt lat="42.21981349401175975799560546875" lon="1.72144719399511814117431640625">
        <ele>1258.5999755859375</ele>
        <time>2026-09-03T07:15:08.000Z</time>
      </trkpt>
      <trkpt lat="42.21981349401175975799560546875" lon="1.72144719399511814117431640625">
        <ele>1258.5999755859375</ele>
        <time>2026-09-03T07:15:09.000Z</time>
      </trkpt>
      <trkpt lat="42.2198174335062503814697265625" lon="1.72145943157374858856201171875">
        <ele>1258.5999755859375</ele>
        <time>2026-09-03T07:15:15.000Z</time>
      </trkpt>
      <trkpt lat="42.21978398971259593963623046875" lon="1.72144317068159580230712890625">
        <ele>1258.800048828125</ele>
        <time>2026-09-03T07:15:18.000Z</time>
      </trkpt>
      <trkpt lat="42.21973570995032787322998046875" lon="1.7214127443730831146240234375">
        <ele>1258.800048828125</ele>
        <time>2026-09-03T07:15:23.000Z</time>
      </trkpt>
      <trkpt lat="42.21967913210391998291015625" lon="1.7214046977460384368896484375">
        <ele>1259.199951171875</ele>
        <time>2026-09-03T07:15:28.000Z</time>
      </trkpt>
      <trkpt lat="42.21966614015400409698486328125" lon="1.72140142880380153656005859375">
        <ele>1259.4000244140625</ele>
        <time>2026-09-03T07:15:30.000Z</time>
      </trkpt>
      <trkpt lat="42.21965474076569080352783203125" lon="1.7213936336338520050048828125">
        <ele>1259.5999755859375</ele>
        <time>2026-09-03T07:15:31.000Z</time>
      </trkpt>
      <trkpt lat="42.219619788229465484619140625" lon="1.721383742988109588623046875">
        <ele>1259.800048828125</ele>
        <time>2026-09-03T07:15:35.000Z</time>
      </trkpt>
      <trkpt lat="42.21958701498806476593017578125" lon="1.72137158922851085662841796875">
        <ele>1260</ele>
        <time>2026-09-03T07:15:39.000Z</time>
      </trkpt>
      <trkpt lat="42.21954594366252422332763671875" lon="1.7213436774909496307373046875">
        <ele>1260.199951171875</ele>
        <time>2026-09-03T07:15:44.000Z</time>
      </trkpt>
      <trkpt lat="42.21952482126653194427490234375" lon="1.7213349603116512298583984375">
        <ele>1260.4000244140625</ele>
        <time>2026-09-03T07:15:48.000Z</time>
      </trkpt>
      <trkpt lat="42.21951761282980442047119140625" lon="1.721336804330348968505859375">
        <ele>1260.4000244140625</ele>
        <time>2026-09-03T07:15:49.000Z</time>
      </trkpt>
      <trkpt lat="42.2194975800812244415283203125" lon="1.721340827643871307373046875">
        <ele>1260.5999755859375</ele>
        <time>2026-09-03T07:15:52.000Z</time>
      </trkpt>
      <trkpt lat="42.219474613666534423828125" lon="1.7213289253413677215576171875">
        <ele>1261.199951171875</ele>
        <time>2026-09-03T07:15:56.000Z</time>
      </trkpt>
      <trkpt lat="42.219473607838153839111328125" lon="1.72132439911365509033203125">
        <ele>1261.5999755859375</ele>
        <time>2026-09-03T07:15:59.000Z</time>
      </trkpt>
      <trkpt lat="42.2194680757820606231689453125" lon="1.7213202081620693206787109375">
        <ele>1262</ele>
        <time>2026-09-03T07:16:04.000Z</time>
      </trkpt>
      <trkpt lat="42.21946053206920623779296875" lon="1.7213118262588977813720703125">
        <ele>1262</ele>
        <time>2026-09-03T07:16:05.000Z</time>
      </trkpt>
      <trkpt lat="42.219451479613780975341796875" lon="1.7213047854602336883544921875">
        <ele>1262</ele>
        <time>2026-09-03T07:16:06.000Z</time>
      </trkpt>
      <trkpt lat="42.2194140963256359100341796875" lon="1.721287183463573455810546875">
        <ele>1261.800048828125</ele>
        <time>2026-09-03T07:16:10.000Z</time>
      </trkpt>
      <trkpt lat="42.21935936249792575836181640625" lon="1.7212982475757598876953125">
        <ele>1262.4000244140625</ele>
        <time>2026-09-03T07:16:16.000Z</time>
      </trkpt>
      <trkpt lat="42.21930772997438907623291015625" lon="1.721301935613155364990234375">
        <ele>1262.199951171875</ele>
        <time>2026-09-03T07:16:22.000Z</time>
      </trkpt>
      <trkpt lat="42.21930689178407192230224609375" lon="1.72129196114838123321533203125">
        <ele>1262.199951171875</ele>
        <time>2026-09-03T07:16:23.000Z</time>
      </trkpt>
      <trkpt lat="42.2192774713039398193359375" lon="1.721285842359066009521484375">
        <ele>1262.800048828125</ele>
        <time>2026-09-03T07:16:27.000Z</time>
      </trkpt>
      <trkpt lat="42.2192628867924213409423828125" lon="1.72128357924520969390869140625">
        <ele>1263.4000244140625</ele>
        <time>2026-09-03T07:16:30.000Z</time>
      </trkpt>
      <trkpt lat="42.2192585282027721405029296875" lon="1.7212836630642414093017578125">
        <ele>1263.800048828125</ele>
        <time>2026-09-03T07:16:32.000Z</time>
      </trkpt>
      <trkpt lat="42.21924017183482646942138671875" lon="1.72129757702350616455078125">
        <ele>1263.4000244140625</ele>
        <time>2026-09-03T07:16:37.000Z</time>
      </trkpt>
      <trkpt lat="42.21923899836838245391845703125" lon="1.721307970583438873291015625">
        <ele>1262.5999755859375</ele>
        <time>2026-09-03T07:16:39.000Z</time>
      </trkpt>
      <trkpt lat="42.21922961063683032989501953125" lon="1.7213302664458751678466796875">
        <ele>1262</ele>
        <time>2026-09-03T07:16:42.000Z</time>
      </trkpt>
      <trkpt lat="42.2192229889333248138427734375" lon="1.72134443186223506927490234375">
        <ele>1261.800048828125</ele>
        <time>2026-09-03T07:16:43.000Z</time>
      </trkpt>
      <trkpt lat="42.21921242773532867431640625" lon="1.72136371023952960968017578125">
        <ele>1261.5999755859375</ele>
        <time>2026-09-03T07:16:45.000Z</time>
      </trkpt>
      <trkpt lat="42.219200022518634796142578125" lon="1.7213929630815982818603515625">
        <ele>1261.4000244140625</ele>
        <time>2026-09-03T07:16:48.000Z</time>
      </trkpt>
      <trkpt lat="42.21919893287122249603271484375" lon="1.72139824368059635162353515625">
        <ele>1261.4000244140625</ele>
        <time>2026-09-03T07:16:49.000Z</time>
      </trkpt>
      <trkpt lat="42.2191918082535266876220703125" lon="1.7214150913059711456298828125">
        <ele>1261.5999755859375</ele>
        <time>2026-09-03T07:16:55.000Z</time>
      </trkpt>
      <trkpt lat="42.21918468363583087921142578125" lon="1.72142707742750644683837890625">
        <ele>1261.5999755859375</ele>
        <time>2026-09-03T07:16:56.000Z</time>
      </trkpt>
      <trkpt lat="42.2191656567156314849853515625" lon="1.7214590124785900115966796875">
        <ele>1261.5999755859375</ele>
        <time>2026-09-03T07:16:59.000Z</time>
      </trkpt>
      <trkpt lat="42.21914797089993953704833984375" lon="1.72146999277174472808837890625">
        <ele>1261.800048828125</ele>
        <time>2026-09-03T07:17:01.000Z</time>
      </trkpt>
      <trkpt lat="42.2191393375396728515625" lon="1.72148172743618488311767578125">
        <ele>1261.800048828125</ele>
        <time>2026-09-03T07:17:03.000Z</time>
      </trkpt>
      <trkpt lat="42.219148389995098114013671875" lon="1.72147250734269618988037109375">
        <ele>1262.199951171875</ele>
        <time>2026-09-03T07:17:09.000Z</time>
      </trkpt>
      <trkpt lat="42.219148389995098114013671875" lon="1.72147250734269618988037109375">
        <ele>1262.199951171875</ele>
        <time>2026-09-03T07:17:10.000Z</time>
      </trkpt>
      <trkpt lat="42.219148389995098114013671875" lon="1.72147250734269618988037109375">
        <ele>1261.800048828125</ele>
        <time>2026-09-03T07:17:16.000Z</time>
      </trkpt>
      <trkpt lat="42.21913942135870456695556640625" lon="1.72147368080914020538330078125">
        <ele>1262</ele>
        <time>2026-09-03T07:17:21.000Z</time>
      </trkpt>
      <trkpt lat="42.2191192209720611572265625" lon="1.72146655619144439697265625">
        <ele>1262.5999755859375</ele>
        <time>2026-09-03T07:17:25.000Z</time>
      </trkpt>
      <trkpt lat="42.21910673193633556365966796875" lon="1.721458174288272857666015625">
        <ele>1263.199951171875</ele>
        <time>2026-09-03T07:17:27.000Z</time>
      </trkpt>
      <trkpt lat="42.219091393053531646728515625" lon="1.72145180404186248779296875">
        <ele>1263.5999755859375</ele>
        <time>2026-09-03T07:17:29.000Z</time>
      </trkpt>
      <trkpt lat="42.2190644033253192901611328125" lon="1.7214538156986236572265625">
        <ele>1264.4000244140625</ele>
        <time>2026-09-03T07:17:33.000Z</time>
      </trkpt>
      <trkpt lat="42.21905149519443511962890625" lon="1.72145507298409938812255859375">
        <ele>1264.800048828125</ele>
        <time>2026-09-03T07:17:35.000Z</time>
      </trkpt>
      <trkpt lat="42.21902475692331790924072265625" lon="1.72145490534603595733642578125">
        <ele>1265.4000244140625</ele>
        <time>2026-09-03T07:17:38.000Z</time>
      </trkpt>
      <trkpt lat="42.21901637502014636993408203125" lon="1.72145607881247997283935546875">
        <ele>1265.5999755859375</ele>
        <time>2026-09-03T07:17:39.000Z</time>
      </trkpt>
      <trkpt lat="42.21900078468024730682373046875" lon="1.7214613594114780426025390625">
        <ele>1265.800048828125</ele>
        <time>2026-09-03T07:17:41.000Z</time>
      </trkpt>
      <trkpt lat="42.21896625123918056488037109375" lon="1.72147803939878940582275390625">
        <ele>1266.4000244140625</ele>
        <time>2026-09-03T07:17:47.000Z</time>
      </trkpt>
      <trkpt lat="42.21895451657474040985107421875" lon="1.7214740999042987823486328125">
        <ele>1267</ele>
        <time>2026-09-03T07:17:49.000Z</time>
      </trkpt>
      <trkpt lat="42.2189158760011196136474609375" lon="1.721454150974750518798828125">
        <ele>1267.5999755859375</ele>
        <time>2026-09-03T07:17:53.000Z</time>
      </trkpt>
      <trkpt lat="42.2188751399517059326171875" lon="1.72142632305622100830078125">
        <ele>1268</ele>
        <time>2026-09-03T07:17:58.000Z</time>
      </trkpt>
      <trkpt lat="42.2188384272158145904541015625" lon="1.72139137051999568939208984375">
        <ele>1268.5999755859375</ele>
        <time>2026-09-03T07:18:03.000Z</time>
      </trkpt>
      <trkpt lat="42.2188196517527103424072265625" lon="1.7213611118495464324951171875">
        <ele>1269</ele>
        <time>2026-09-03T07:18:09.000Z</time>
      </trkpt>
      <trkpt lat="42.21882057376205921173095703125" lon="1.72136924229562282562255859375">
        <ele>1268.5999755859375</ele>
        <time>2026-09-03T07:18:15.000Z</time>
      </trkpt>
      <trkpt lat="42.21881680190563201904296875" lon="1.721373684704303741455078125">
        <ele>1268.5999755859375</ele>
        <time>2026-09-03T07:18:17.000Z</time>
      </trkpt>
      <trkpt lat="42.21878595650196075439453125" lon="1.72136195003986358642578125">
        <ele>1268.800048828125</ele>
        <time>2026-09-03T07:18:23.000Z</time>
      </trkpt>
      <trkpt lat="42.21876810304820537567138671875" lon="1.72135046683251857757568359375">
        <ele>1269.199951171875</ele>
        <time>2026-09-03T07:18:25.000Z</time>
      </trkpt>
      <trkpt lat="42.218742035329341888427734375" lon="1.72132247127592563629150390625">
        <ele>1270</ele>
        <time>2026-09-03T07:18:30.000Z</time>
      </trkpt>
      <trkpt lat="42.21871764399111270904541015625" lon="1.72131459228694438934326171875">
        <ele>1270.199951171875</ele>
        <time>2026-09-03T07:18:34.000Z</time>
      </trkpt>
      <trkpt lat="42.218721248209476470947265625" lon="1.7213138379156589508056640625">
        <ele>1270.800048828125</ele>
        <time>2026-09-03T07:18:36.000Z</time>
      </trkpt>
      <trkpt lat="42.2187220863997936248779296875" lon="1.72131459228694438934326171875">
        <ele>1271.4000244140625</ele>
        <time>2026-09-03T07:18:38.000Z</time>
      </trkpt>
      <trkpt lat="42.2187220863997936248779296875" lon="1.72131459228694438934326171875">
        <ele>1271.4000244140625</ele>
        <time>2026-09-03T07:18:42.000Z</time>
      </trkpt>
      <trkpt lat="42.2187220863997936248779296875" lon="1.72131459228694438934326171875">
        <ele>1270.5999755859375</ele>
        <time>2026-09-03T07:18:46.000Z</time>
      </trkpt>
      <trkpt lat="42.2187220863997936248779296875" lon="1.72131459228694438934326171875">
        <ele>1270.800048828125</ele>
        <time>2026-09-03T07:18:52.000Z</time>
      </trkpt>
      <trkpt lat="42.2187220863997936248779296875" lon="1.72131459228694438934326171875">
        <ele>1270.5999755859375</ele>
        <time>2026-09-03T07:18:54.000Z</time>
      </trkpt>
      <trkpt lat="42.2187220863997936248779296875" lon="1.72131459228694438934326171875">
        <ele>1271</ele>
        <time>2026-09-03T07:19:00.000Z</time>
      </trkpt>
      <trkpt lat="42.2187220863997936248779296875" lon="1.72131459228694438934326171875">
        <ele>1271.199951171875</ele>
        <time>2026-09-03T07:19:02.000Z</time>
      </trkpt>
      <trkpt lat="42.2187220863997936248779296875" lon="1.72131459228694438934326171875">
        <ele>1270.199951171875</ele>
        <time>2026-09-03T07:19:08.000Z</time>
      </trkpt>
      <trkpt lat="42.21871890127658843994140625" lon="1.72130964696407318115234375">
        <ele>1270.4000244140625</ele>
        <time>2026-09-03T07:19:10.000Z</time>
      </trkpt>
      <trkpt lat="42.21869048662483692169189453125" lon="1.72129481099545955657958984375">
        <ele>1271.5999755859375</ele>
        <time>2026-09-03T07:19:14.000Z</time>
      </trkpt>
      <trkpt lat="42.21868378110229969024658203125" lon="1.72129397280514240264892578125">
        <ele>1271.800048828125</ele>
        <time>2026-09-03T07:19:15.000Z</time>
      </trkpt>
      <trkpt lat="42.2186560370028018951416015625" lon="1.72129749320447444915771484375">
        <ele>1272.4000244140625</ele>
        <time>2026-09-03T07:19:19.000Z</time>
      </trkpt>
      <trkpt lat="42.218652181327342987060546875" lon="1.72129715792834758758544921875">
        <ele>1272.5999755859375</ele>
        <time>2026-09-03T07:19:20.000Z</time>
      </trkpt>
      <trkpt lat="42.21865176223218441009521484375" lon="1.72129749320447444915771484375">
        <ele>1272.5999755859375</ele>
        <time>2026-09-03T07:19:21.000Z</time>
      </trkpt>
      <trkpt lat="42.21865176223218441009521484375" lon="1.7212980799376964569091796875">
        <ele>1272.5999755859375</ele>
        <time>2026-09-03T07:19:22.000Z</time>
      </trkpt>
      <trkpt lat="42.2186479903757572174072265625" lon="1.7212970741093158721923828125">
        <ele>1272.5999755859375</ele>
        <time>2026-09-03T07:19:28.000Z</time>
      </trkpt>
      <trkpt lat="42.2186466492712497711181640625" lon="1.72129497863352298736572265625">
        <ele>1272.5999755859375</ele>
        <time>2026-09-03T07:19:29.000Z</time>
      </trkpt>
      <trkpt lat="42.218605577945709228515625" lon="1.72127352096140384674072265625">
        <ele>1273.4000244140625</ele>
        <time>2026-09-03T07:19:35.000Z</time>
      </trkpt>
      <trkpt lat="42.2185956872999668121337890625" lon="1.7212742753326892852783203125">
        <ele>1273.800048828125</ele>
        <time>2026-09-03T07:19:37.000Z</time>
      </trkpt>
      <trkpt lat="42.218571044504642486572265625" lon="1.72127855010330677032470703125">
        <ele>1274.5999755859375</ele>
        <time>2026-09-03T07:19:40.000Z</time>
      </trkpt>
      <trkpt lat="42.21855956129729747772216796875" lon="1.7212886922061443328857421875">
        <ele>1275</ele>
        <time>2026-09-03T07:19:42.000Z</time>
      </trkpt>
      <trkpt lat="42.21853156574070453643798828125" lon="1.72128575854003429412841796875">
        <ele>1275.5999755859375</ele>
        <time>2026-09-03T07:19:46.000Z</time>
      </trkpt>
      <trkpt lat="42.21852402202785015106201171875" lon="1.72128257341682910919189453125">
        <ele>1276</ele>
        <time>2026-09-03T07:19:47.000Z</time>
      </trkpt>
      <trkpt lat="42.21851848997175693511962890625" lon="1.72128307633101940155029296875">
        <ele>1276.800048828125</ele>
        <time>2026-09-03T07:19:50.000Z</time>
      </trkpt>
      <trkpt lat="42.21851848997175693511962890625" lon="1.72128307633101940155029296875">
        <ele>1277</ele>
        <time>2026-09-03T07:19:52.000Z</time>
      </trkpt>
      <trkpt lat="42.21851848997175693511962890625" lon="1.72128307633101940155029296875">
        <ele>1276.800048828125</ele>
        <time>2026-09-03T07:19:55.000Z</time>
      </trkpt>
      <trkpt lat="42.21851848997175693511962890625" lon="1.72128307633101940155029296875">
        <ele>1276.800048828125</ele>
        <time>2026-09-03T07:20:01.000Z</time>
      </trkpt>
      <trkpt lat="42.21851848997175693511962890625" lon="1.72128307633101940155029296875">
        <ele>1276.800048828125</ele>
        <time>2026-09-03T07:20:03.000Z</time>
      </trkpt>
      <trkpt lat="42.21851848997175693511962890625" lon="1.72128307633101940155029296875">
        <ele>1277</ele>
        <time>2026-09-03T07:20:05.000Z</time>
      </trkpt>
      <trkpt lat="42.21851530484855175018310546875" lon="1.721293218433856964111328125">
        <ele>1277</ele>
        <time>2026-09-03T07:20:08.000Z</time>
      </trkpt>
      <trkpt lat="42.21849921159446239471435546875" lon="1.7213497124612331390380859375">
        <ele>1277</ele>
        <time>2026-09-03T07:20:12.000Z</time>
      </trkpt>
      <trkpt lat="42.21849636174738407135009765625" lon="1.72136731445789337158203125">
        <ele>1277.199951171875</ele>
        <time>2026-09-03T07:20:13.000Z</time>
      </trkpt>
      <trkpt lat="42.218473814427852630615234375" lon="1.7213881015777587890625">
        <ele>1278</ele>
        <time>2026-09-03T07:20:16.000Z</time>
      </trkpt>
      <trkpt lat="42.21846149303019046783447265625" lon="1.72139220871031284332275390625">
        <ele>1278.199951171875</ele>
        <time>2026-09-03T07:20:17.000Z</time>
      </trkpt>
      <trkpt lat="42.2184528596699237823486328125" lon="1.72139824368059635162353515625">
        <ele>1278.4000244140625</ele>
        <time>2026-09-03T07:20:18.000Z</time>
      </trkpt>
      <trkpt lat="42.21842729486525058746337890625" lon="1.72140109352767467498779296875">
        <ele>1279</ele>
        <time>2026-09-03T07:20:24.000Z</time>
      </trkpt>
      <trkpt lat="42.21842729486525058746337890625" lon="1.72140109352767467498779296875">
        <ele>1278.5999755859375</ele>
        <time>2026-09-03T07:20:30.000Z</time>
      </trkpt>
      <trkpt lat="42.21842729486525058746337890625" lon="1.72140109352767467498779296875">
        <ele>1278.800048828125</ele>
        <time>2026-09-03T07:20:31.000Z</time>
      </trkpt>
      <trkpt lat="42.21842729486525058746337890625" lon="1.72140109352767467498779296875">
        <ele>1278.800048828125</ele>
        <time>2026-09-03T07:20:35.000Z</time>
      </trkpt>
      <trkpt lat="42.21842729486525058746337890625" lon="1.72140109352767467498779296875">
        <ele>1278.800048828125</ele>
        <time>2026-09-03T07:20:37.000Z</time>
      </trkpt>
      <trkpt lat="42.21842729486525058746337890625" lon="1.72140109352767467498779296875">
        <ele>1278.800048828125</ele>
        <time>2026-09-03T07:20:39.000Z</time>
      </trkpt>
      <trkpt lat="42.21842729486525058746337890625" lon="1.72140109352767467498779296875">
        <ele>1278.5999755859375</ele>
        <time>2026-09-03T07:20:41.000Z</time>
      </trkpt>
      <trkpt lat="42.21842729486525058746337890625" lon="1.72140109352767467498779296875">
        <ele>1278.199951171875</ele>
        <time>2026-09-03T07:20:47.000Z</time>
      </trkpt>
      <trkpt lat="42.21842729486525058746337890625" lon="1.72140109352767467498779296875">
        <ele>1279</ele>
        <time>2026-09-03T07:20:51.000Z</time>
      </trkpt>
      <trkpt lat="42.21842729486525058746337890625" lon="1.72140109352767467498779296875">
        <ele>1279.199951171875</ele>
        <time>2026-09-03T07:20:53.000Z</time>
      </trkpt>
      <trkpt lat="42.21842729486525058746337890625" lon="1.72140109352767467498779296875">
        <ele>1279.4000244140625</ele>
        <time>2026-09-03T07:20:55.000Z</time>
      </trkpt>
      <trkpt lat="42.21842729486525058746337890625" lon="1.72140109352767467498779296875">
        <ele>1279.199951171875</ele>
        <time>2026-09-03T07:20:56.000Z</time>
      </trkpt>
      <trkpt lat="42.21842729486525058746337890625" lon="1.72140109352767467498779296875">
        <ele>1279</ele>
        <time>2026-09-03T07:21:01.000Z</time>
      </trkpt>
      <trkpt lat="42.21842729486525058746337890625" lon="1.72140109352767467498779296875">
        <ele>1279.4000244140625</ele>
        <time>2026-09-03T07:21:04.000Z</time>
      </trkpt>
      <trkpt lat="42.21842729486525058746337890625" lon="1.72140109352767467498779296875">
        <ele>1279.5999755859375</ele>
        <time>2026-09-03T07:21:09.000Z</time>
      </trkpt>
      <trkpt lat="42.21842729486525058746337890625" lon="1.72140109352767467498779296875">
        <ele>1279.4000244140625</ele>
        <time>2026-09-03T07:21:15.000Z</time>
      </trkpt>
      <trkpt lat="42.21842729486525058746337890625" lon="1.72140109352767467498779296875">
        <ele>1279.4000244140625</ele>
        <time>2026-09-03T07:21:19.000Z</time>
      </trkpt>
      <trkpt lat="42.21842729486525058746337890625" lon="1.72140109352767467498779296875">
        <ele>1279.4000244140625</ele>
        <time>2026-09-03T07:21:20.000Z</time>
      </trkpt>
      <trkpt lat="42.21842729486525058746337890625" lon="1.72140109352767467498779296875">
        <ele>1279.4000244140625</ele>
        <time>2026-09-03T07:21:26.000Z</time>
      </trkpt>
      <trkpt lat="42.21842729486525058746337890625" lon="1.72140109352767467498779296875">
        <ele>1279.4000244140625</ele>
        <time>2026-09-03T07:21:27.000Z</time>
      </trkpt>
      <trkpt lat="42.21842729486525058746337890625" lon="1.72140109352767467498779296875">
        <ele>1279</ele>
        <time>2026-09-03T07:21:33.000Z</time>
      </trkpt>
      <trkpt lat="42.21842729486525058746337890625" lon="1.72140109352767467498779296875">
        <ele>1279.199951171875</ele>
        <time>2026-09-03T07:21:37.000Z</time>
      </trkpt>
      <trkpt lat="42.21842729486525058746337890625" lon="1.72140109352767467498779296875">
        <ele>1279</ele>
        <time>2026-09-03T07:21:41.000Z</time>
      </trkpt>
      <trkpt lat="42.21842729486525058746337890625" lon="1.72140109352767467498779296875">
        <ele>1278.800048828125</ele>
        <time>2026-09-03T07:21:42.000Z</time>
      </trkpt>
      <trkpt lat="42.21841002814471721649169921875" lon="1.721417941153049468994140625">
        <ele>1278.800048828125</ele>
        <time>2026-09-03T07:21:46.000Z</time>
      </trkpt>
      <trkpt lat="42.218385301530361175537109375" lon="1.72147602774202823638916015625">
        <ele>1278.4000244140625</ele>
        <time>2026-09-03T07:21:51.000Z</time>
      </trkpt>
      <trkpt lat="42.21835085190832614898681640625" lon="1.7215170152485370635986328125">
        <ele>1278.5999755859375</ele>
        <time>2026-09-03T07:21:57.000Z</time>
      </trkpt>
      <trkpt lat="42.21834448166191577911376953125" lon="1.72152061946690082550048828125">
        <ele>1278.800048828125</ele>
        <time>2026-09-03T07:21:58.000Z</time>
      </trkpt>
      <trkpt lat="42.2183006443083286285400390625" lon="1.721531935036182403564453125">
        <ele>1279.5999755859375</ele>
        <time>2026-09-03T07:22:04.000Z</time>
      </trkpt>
      <trkpt lat="42.2182600758969783782958984375" lon="1.72155112959444522857666015625">
        <ele>1280.199951171875</ele>
        <time>2026-09-03T07:22:08.000Z</time>
      </trkpt>
      <trkpt lat="42.21824825741350650787353515625" lon="1.72154693864285945892333984375">
        <ele>1280.800048828125</ele>
        <time>2026-09-03T07:22:10.000Z</time>
      </trkpt>
      <trkpt lat="42.2182099521160125732421875" lon="1.72154836356639862060546875">
        <ele>1281.4000244140625</ele>
        <time>2026-09-03T07:22:15.000Z</time>
      </trkpt>
      <trkpt lat="42.21820618025958538055419921875" lon="1.7215461842715740203857421875">
        <ele>1281.5999755859375</ele>
        <time>2026-09-03T07:22:16.000Z</time>
      </trkpt>
      <trkpt lat="42.21820517443120479583740234375" lon="1.72154165804386138916015625">
        <ele>1282</ele>
        <time>2026-09-03T07:22:22.000Z</time>
      </trkpt>
      <trkpt lat="42.21820517443120479583740234375" lon="1.72154165804386138916015625">
        <ele>1281.800048828125</ele>
        <time>2026-09-03T07:22:24.000Z</time>
      </trkpt>
      <trkpt lat="42.21820517443120479583740234375" lon="1.72154165804386138916015625">
        <ele>1281.800048828125</ele>
        <time>2026-09-03T07:22:25.000Z</time>
      </trkpt>
      <trkpt lat="42.21820567734539508819580078125" lon="1.72154207713901996612548828125">
        <ele>1281.800048828125</ele>
        <time>2026-09-03T07:22:26.000Z</time>
      </trkpt>
      <trkpt lat="42.2182010672986507415771484375" lon="1.72153637744486331939697265625">
        <ele>1281.800048828125</ele>
        <time>2026-09-03T07:22:27.000Z</time>
      </trkpt>
      <trkpt lat="42.21819184720516204833984375" lon="1.72150947153568267822265625">
        <ele>1282</ele>
        <time>2026-09-03T07:22:32.000Z</time>
      </trkpt>
      <trkpt lat="42.21818975172936916351318359375" lon="1.72151148319244384765625">
        <ele>1282.199951171875</ele>
        <time>2026-09-03T07:22:33.000Z</time>
      </trkpt>
      <trkpt lat="42.21817734651267528533935546875" lon="1.7215056158602237701416015625">
        <ele>1282.4000244140625</ele>
        <time>2026-09-03T07:22:35.000Z</time>
      </trkpt>
      <trkpt lat="42.2181608341634273529052734375" lon="1.72148692421615123748779296875">
        <ele>1283</ele>
        <time>2026-09-03T07:22:39.000Z</time>
      </trkpt>
      <trkpt lat="42.21815588884055614471435546875" lon="1.72148658894002437591552734375">
        <ele>1283.199951171875</ele>
        <time>2026-09-03T07:22:42.000Z</time>
      </trkpt>
      <trkpt lat="42.2181504406034946441650390625" lon="1.72148264944553375244140625">
        <ele>1283</ele>
        <time>2026-09-03T07:22:46.000Z</time>
      </trkpt>
      <trkpt lat="42.2181423939764499664306640625" lon="1.72148105688393115997314453125">
        <ele>1282.800048828125</ele>
        <time>2026-09-03T07:22:50.000Z</time>
      </trkpt>
      <trkpt lat="42.21813007257878780364990234375" lon="1.72148264944553375244140625">
        <ele>1282.800048828125</ele>
        <time>2026-09-03T07:22:52.000Z</time>
      </trkpt>
      <trkpt lat="42.2181133925914764404296875" lon="1.72147619538009166717529296875">
        <ele>1283</ele>
        <time>2026-09-03T07:22:58.000Z</time>
      </trkpt>
      <trkpt lat="42.2181133925914764404296875" lon="1.72147619538009166717529296875">
        <ele>1283</ele>
        <time>2026-09-03T07:22:59.000Z</time>
      </trkpt>
      <trkpt lat="42.2180981375277042388916015625" lon="1.721466220915317535400390625">
        <ele>1282.4000244140625</ele>
        <time>2026-09-03T07:23:05.000Z</time>
      </trkpt>
      <trkpt lat="42.2180870734155178070068359375" lon="1.72146060504019260406494140625">
        <ele>1282.5999755859375</ele>
        <time>2026-09-03T07:23:06.000Z</time>
      </trkpt>
      <trkpt lat="42.2180501930415630340576171875" lon="1.72147703357040882110595703125">
        <ele>1282.800048828125</ele>
        <time>2026-09-03T07:23:09.000Z</time>
      </trkpt>
      <trkpt lat="42.2180404700338840484619140625" lon="1.721486337482929229736328125">
        <ele>1283</ele>
        <time>2026-09-03T07:23:11.000Z</time>
      </trkpt>
      <trkpt lat="42.21802798099815845489501953125" lon="1.72149212099611759185791015625">
        <ele>1283.199951171875</ele>
        <time>2026-09-03T07:23:17.000Z</time>
      </trkpt>
      <trkpt lat="42.21802798099815845489501953125" lon="1.72149212099611759185791015625">
        <ele>1283.199951171875</ele>
        <time>2026-09-03T07:23:19.000Z</time>
      </trkpt>
      <trkpt lat="42.21802798099815845489501953125" lon="1.72149212099611759185791015625">
        <ele>1283</ele>
        <time>2026-09-03T07:23:20.000Z</time>
      </trkpt>
      <trkpt lat="42.21802798099815845489501953125" lon="1.72149212099611759185791015625">
        <ele>1283</ele>
        <time>2026-09-03T07:23:26.000Z</time>
      </trkpt>
      <trkpt lat="42.21802798099815845489501953125" lon="1.72149212099611759185791015625">
        <ele>1282.800048828125</ele>
        <time>2026-09-03T07:23:32.000Z</time>
      </trkpt>
      <trkpt lat="42.21802798099815845489501953125" lon="1.72149212099611759185791015625">
        <ele>1282.800048828125</ele>
        <time>2026-09-03T07:23:33.000Z</time>
      </trkpt>
      <trkpt lat="42.21802798099815845489501953125" lon="1.72149212099611759185791015625">
        <ele>1282.5999755859375</ele>
        <time>2026-09-03T07:23:35.000Z</time>
      </trkpt>
      <trkpt lat="42.21802798099815845489501953125" lon="1.72149212099611759185791015625">
        <ele>1282.5999755859375</ele>
        <time>2026-09-03T07:23:36.000Z</time>
      </trkpt>
      <trkpt lat="42.21802798099815845489501953125" lon="1.72149212099611759185791015625">
        <ele>1282.800048828125</ele>
        <time>2026-09-03T07:23:38.000Z</time>
      </trkpt>
      <trkpt lat="42.21802798099815845489501953125" lon="1.72149212099611759185791015625">
        <ele>1282.800048828125</ele>
        <time>2026-09-03T07:23:44.000Z</time>
      </trkpt>
      <trkpt lat="42.21802798099815845489501953125" lon="1.72149212099611759185791015625">
        <ele>1282.800048828125</ele>
        <time>2026-09-03T07:23:47.000Z</time>
      </trkpt>
      <trkpt lat="42.21801641397178173065185546875" lon="1.7214898578822612762451171875">
        <ele>1282.5999755859375</ele>
        <time>2026-09-03T07:23:53.000Z</time>
      </trkpt>
      <trkpt lat="42.2180092893540859222412109375" lon="1.7214881815016269683837890625">
        <ele>1282.800048828125</ele>
        <time>2026-09-03T07:23:54.000Z</time>
      </trkpt>
      <trkpt lat="42.21800275146961212158203125" lon="1.72149606049060821533203125">
        <ele>1282.800048828125</ele>
        <time>2026-09-03T07:23:59.000Z</time>
      </trkpt>
      <trkpt lat="42.21800275146961212158203125" lon="1.72149606049060821533203125">
        <ele>1282.4000244140625</ele>
        <time>2026-09-03T07:24:05.000Z</time>
      </trkpt>
      <trkpt lat="42.21800275146961212158203125" lon="1.72149606049060821533203125">
        <ele>1282.199951171875</ele>
        <time>2026-09-03T07:24:07.000Z</time>
      </trkpt>
      <trkpt lat="42.21800275146961212158203125" lon="1.72149606049060821533203125">
        <ele>1282.199951171875</ele>
        <time>2026-09-03T07:24:08.000Z</time>
      </trkpt>
      <trkpt lat="42.21800275146961212158203125" lon="1.72149606049060821533203125">
        <ele>1282.4000244140625</ele>
        <time>2026-09-03T07:24:14.000Z</time>
      </trkpt>
      <trkpt lat="42.21800275146961212158203125" lon="1.72149606049060821533203125">
        <ele>1281.800048828125</ele>
        <time>2026-09-03T07:24:20.000Z</time>
      </trkpt>
      <trkpt lat="42.21800275146961212158203125" lon="1.72149606049060821533203125">
        <ele>1282.5999755859375</ele>
        <time>2026-09-03T07:24:26.000Z</time>
      </trkpt>
      <trkpt lat="42.218017168343067169189453125" lon="1.72147217206656932830810546875">
        <ele>1282.800048828125</ele>
        <time>2026-09-03T07:24:31.000Z</time>
      </trkpt>
      <trkpt lat="42.21801959909498691558837890625" lon="1.72147099860012531280517578125">
        <ele>1283</ele>
        <time>2026-09-03T07:24:37.000Z</time>
      </trkpt>
      <trkpt lat="42.21801943145692348480224609375" lon="1.72147116623818874359130859375">
        <ele>1283.199951171875</ele>
        <time>2026-09-03T07:24:38.000Z</time>
      </trkpt>
      <trkpt lat="42.21801356412470340728759765625" lon="1.72147870995104312896728515625">
        <ele>1282.5999755859375</ele>
        <time>2026-09-03T07:24:44.000Z</time>
      </trkpt>
      <trkpt lat="42.21801959909498691558837890625" lon="1.72147099860012531280517578125">
        <ele>1283</ele>
        <time>2026-09-03T07:24:50.000Z</time>
      </trkpt>
      <trkpt lat="42.21801959909498691558837890625" lon="1.72147099860012531280517578125">
        <ele>1283.199951171875</ele>
        <time>2026-09-03T07:24:53.000Z</time>
      </trkpt>
      <trkpt lat="42.21801959909498691558837890625" lon="1.72147099860012531280517578125">
        <ele>1282.800048828125</ele>
        <time>2026-09-03T07:24:56.000Z</time>
      </trkpt>
      <trkpt lat="42.21801959909498691558837890625" lon="1.72147099860012531280517578125">
        <ele>1282.800048828125</ele>
        <time>2026-09-03T07:24:57.000Z</time>
      </trkpt>
      <trkpt lat="42.21801817417144775390625" lon="1.72147384844720363616943359375">
        <ele>1282.199951171875</ele>
        <time>2026-09-03T07:25:02.000Z</time>
      </trkpt>
      <trkpt lat="42.21801959909498691558837890625" lon="1.72147099860012531280517578125">
        <ele>1282.199951171875</ele>
        <time>2026-09-03T07:25:08.000Z</time>
      </trkpt>
      <trkpt lat="42.21801959909498691558837890625" lon="1.72147099860012531280517578125">
        <ele>1282.199951171875</ele>
        <time>2026-09-03T07:25:12.000Z</time>
      </trkpt>
      <trkpt lat="42.21801959909498691558837890625" lon="1.72147099860012531280517578125">
        <ele>1282</ele>
        <time>2026-09-03T07:25:18.000Z</time>
      </trkpt>
      <trkpt lat="42.21801959909498691558837890625" lon="1.72147099860012531280517578125">
        <ele>1281.800048828125</ele>
        <time>2026-09-03T07:25:22.000Z</time>
      </trkpt>
      <trkpt lat="42.21801959909498691558837890625" lon="1.72147099860012531280517578125">
        <ele>1281.800048828125</ele>
        <time>2026-09-03T07:25:27.000Z</time>
      </trkpt>
      <trkpt lat="42.21801959909498691558837890625" lon="1.72147099860012531280517578125">
        <ele>1281.5999755859375</ele>
        <time>2026-09-03T07:25:31.000Z</time>
      </trkpt>
      <trkpt lat="42.21801959909498691558837890625" lon="1.72147099860012531280517578125">
        <ele>1281.800048828125</ele>
        <time>2026-09-03T07:25:32.000Z</time>
      </trkpt>
      <trkpt lat="42.21805036067962646484375" lon="1.7214623652398586273193359375">
        <ele>1281.5999755859375</ele>
        <time>2026-09-03T07:25:37.000Z</time>
      </trkpt>
      <trkpt lat="42.21805631183087825775146484375" lon="1.7214596830308437347412109375">
        <ele>1281.5999755859375</ele>
        <time>2026-09-03T07:25:38.000Z</time>
      </trkpt>
      <trkpt lat="42.21808615140616893768310546875" lon="1.72147770412266254425048828125">
        <ele>1282.199951171875</ele>
        <time>2026-09-03T07:25:42.000Z</time>
      </trkpt>
      <trkpt lat="42.21811096183955669403076171875" lon="1.72146948985755443572998046875">
        <ele>1281.800048828125</ele>
        <time>2026-09-03T07:25:48.000Z</time>
      </trkpt>
      <trkpt lat="42.21811364404857158660888671875" lon="1.721465550363063812255859375">
        <ele>1282</ele>
        <time>2026-09-03T07:25:50.000Z</time>
      </trkpt>
      <trkpt lat="42.218120098114013671875" lon="1.721454821527004241943359375">
        <ele>1282.800048828125</ele>
        <time>2026-09-03T07:25:54.000Z</time>
      </trkpt>
      <trkpt lat="42.2181268036365509033203125" lon="1.72144903801381587982177734375">
        <ele>1283</ele>
        <time>2026-09-03T07:25:58.000Z</time>
      </trkpt>
      <trkpt lat="42.218122445046901702880859375" lon="1.72144484706223011016845703125">
        <ele>1283</ele>
        <time>2026-09-03T07:25:59.000Z</time>
      </trkpt>
      <trkpt lat="42.21812571398913860321044921875" lon="1.7214350402355194091796875">
        <ele>1283</ele>
        <time>2026-09-03T07:26:00.000Z</time>
      </trkpt>
      <trkpt lat="42.2181321680545806884765625" lon="1.72142992727458477020263671875">
        <ele>1283</ele>
        <time>2026-09-03T07:26:01.000Z</time>
      </trkpt>
      <trkpt lat="42.2181286476552486419677734375" lon="1.721418611705303192138671875">
        <ele>1283.4000244140625</ele>
        <time>2026-09-03T07:26:03.000Z</time>
      </trkpt>
      <trkpt lat="42.21812822856009006500244140625" lon="1.72141651622951030731201171875">
        <ele>1284.5999755859375</ele>
        <time>2026-09-03T07:26:08.000Z</time>
      </trkpt>
      <trkpt lat="42.21812822856009006500244140625" lon="1.72141651622951030731201171875">
        <ele>1284.800048828125</ele>
        <time>2026-09-03T07:26:14.000Z</time>
      </trkpt>
      <trkpt lat="42.21812705509364604949951171875" lon="1.7214001715183258056640625">
        <ele>1285</ele>
        <time>2026-09-03T07:26:17.000Z</time>
      </trkpt>
      <trkpt lat="42.2181283123791217803955078125" lon="1.72139891423285007476806640625">
        <ele>1285.5999755859375</ele>
        <time>2026-09-03T07:26:22.000Z</time>
      </trkpt>
      <trkpt lat="42.21812621690332889556884765625" lon="1.72139455564320087432861328125">
        <ele>1285.5999755859375</ele>
        <time>2026-09-03T07:26:24.000Z</time>
      </trkpt>
      <trkpt lat="42.21812521107494831085205078125" lon="1.7213926278054714202880859375">
        <ele>1285.5999755859375</ele>
        <time>2026-09-03T07:26:26.000Z</time>
      </trkpt>
      <trkpt lat="42.21812571398913860321044921875" lon="1.7213919572532176971435546875">
        <ele>1286</ele>
        <time>2026-09-03T07:26:31.000Z</time>
      </trkpt>
      <trkpt lat="42.21812571398913860321044921875" lon="1.7213919572532176971435546875">
        <ele>1286.5999755859375</ele>
        <time>2026-09-03T07:26:33.000Z</time>
      </trkpt>
      <trkpt lat="42.21812571398913860321044921875" lon="1.7213919572532176971435546875">
        <ele>1287.199951171875</ele>
        <time>2026-09-03T07:26:36.000Z</time>
      </trkpt>
      <trkpt lat="42.21812571398913860321044921875" lon="1.7213919572532176971435546875">
        <ele>1287.4000244140625</ele>
        <time>2026-09-03T07:26:40.000Z</time>
      </trkpt>
      <trkpt lat="42.21812571398913860321044921875" lon="1.7213919572532176971435546875">
        <ele>1287.199951171875</ele>
        <time>2026-09-03T07:26:42.000Z</time>
      </trkpt>
      <trkpt lat="42.2181294858455657958984375" lon="1.7213946394622325897216796875">
        <ele>1287.4000244140625</ele>
        <time>2026-09-03T07:26:48.000Z</time>
      </trkpt>
      <trkpt lat="42.2181353531777858734130859375" lon="1.7213943041861057281494140625">
        <ele>1287.5999755859375</ele>
        <time>2026-09-03T07:26:51.000Z</time>
      </trkpt>
      <trkpt lat="42.2181380353868007659912109375" lon="1.7213948071002960205078125">
        <ele>1287.5999755859375</ele>
        <time>2026-09-03T07:26:57.000Z</time>
      </trkpt>
      <trkpt lat="42.21813828684389591217041015625" lon="1.7213953100144863128662109375">
        <ele>1287.5999755859375</ele>
        <time>2026-09-03T07:26:58.000Z</time>
      </trkpt>
      <trkpt lat="42.218135856091976165771484375" lon="1.72139346599578857421875">
        <ele>1287.5999755859375</ele>
        <time>2026-09-03T07:26:59.000Z</time>
      </trkpt>
      <trkpt lat="42.21812571398913860321044921875" lon="1.7213919572532176971435546875">
        <ele>1287.199951171875</ele>
        <time>2026-09-03T07:27:04.000Z</time>
      </trkpt>
      <trkpt lat="42.21812571398913860321044921875" lon="1.7213919572532176971435546875">
        <ele>1287.199951171875</ele>
        <time>2026-09-03T07:27:05.000Z</time>
      </trkpt>
      <trkpt lat="42.21812571398913860321044921875" lon="1.7213919572532176971435546875">
        <ele>1287.5999755859375</ele>
        <time>2026-09-03T07:27:11.000Z</time>
      </trkpt>
      <trkpt lat="42.21812571398913860321044921875" lon="1.7213919572532176971435546875">
        <ele>1287.5999755859375</ele>
        <time>2026-09-03T07:27:13.000Z</time>
      </trkpt>
      <trkpt lat="42.21812571398913860321044921875" lon="1.7213919572532176971435546875">
        <ele>1287</ele>
        <time>2026-09-03T07:27:19.000Z</time>
      </trkpt>
      <trkpt lat="42.21812571398913860321044921875" lon="1.7213919572532176971435546875">
        <ele>1286.800048828125</ele>
        <time>2026-09-03T07:27:20.000Z</time>
      </trkpt>
      <trkpt lat="42.21812571398913860321044921875" lon="1.7213919572532176971435546875">
        <ele>1287</ele>
        <time>2026-09-03T07:27:24.000Z</time>
      </trkpt>
      <trkpt lat="42.21812571398913860321044921875" lon="1.7213919572532176971435546875">
        <ele>1287.199951171875</ele>
        <time>2026-09-03T07:27:26.000Z</time>
      </trkpt>
      <trkpt lat="42.21812571398913860321044921875" lon="1.7213919572532176971435546875">
        <ele>1287</ele>
        <time>2026-09-03T07:27:32.000Z</time>
      </trkpt>
      <trkpt lat="42.21812571398913860321044921875" lon="1.7213919572532176971435546875">
        <ele>1287</ele>
        <time>2026-09-03T07:27:37.000Z</time>
      </trkpt>
      <trkpt lat="42.21812571398913860321044921875" lon="1.7213919572532176971435546875">
        <ele>1287</ele>
        <time>2026-09-03T07:27:41.000Z</time>
      </trkpt>
      <trkpt lat="42.21812571398913860321044921875" lon="1.7213919572532176971435546875">
        <ele>1287</ele>
        <time>2026-09-03T07:27:47.000Z</time>
      </trkpt>
      <trkpt lat="42.2181413881480693817138671875" lon="1.7213829047977924346923828125">
        <ele>1287</ele>
        <time>2026-09-03T07:27:53.000Z</time>
      </trkpt>
      <trkpt lat="42.21813962794840335845947265625" lon="1.7213813960552215576171875">
        <ele>1287.4000244140625</ele>
        <time>2026-09-03T07:27:59.000Z</time>
      </trkpt>
      <trkpt lat="42.2181413881480693817138671875" lon="1.7213829047977924346923828125">
        <ele>1287.5999755859375</ele>
        <time>2026-09-03T07:28:00.000Z</time>
      </trkpt>
      <trkpt lat="42.2181413881480693817138671875" lon="1.7213829047977924346923828125">
        <ele>1286.800048828125</ele>
        <time>2026-09-03T07:28:06.000Z</time>
      </trkpt>
      <trkpt lat="42.2181413881480693817138671875" lon="1.7213829047977924346923828125">
        <ele>1286.5999755859375</ele>
        <time>2026-09-03T07:28:07.000Z</time>
      </trkpt>
      <trkpt lat="42.2181413881480693817138671875" lon="1.7213829047977924346923828125">
        <ele>1286.4000244140625</ele>
        <time>2026-09-03T07:28:08.000Z</time>
      </trkpt>
      <trkpt lat="42.218151949346065521240234375" lon="1.7213892750442028045654296875">
        <ele>1285.4000244140625</ele>
        <time>2026-09-03T07:28:13.000Z</time>
      </trkpt>
      <trkpt lat="42.2181413881480693817138671875" lon="1.7213829047977924346923828125">
        <ele>1284.800048828125</ele>
        <time>2026-09-03T07:28:19.000Z</time>
      </trkpt>
      <trkpt lat="42.2181413881480693817138671875" lon="1.7213829047977924346923828125">
        <ele>1285</ele>
        <time>2026-09-03T07:28:21.000Z</time>
      </trkpt>
      <trkpt lat="42.2181383706629276275634765625" lon="1.7214006744325160980224609375">
        <ele>1284.4000244140625</ele>
        <time>2026-09-03T07:28:25.000Z</time>
      </trkpt>
      <trkpt lat="42.21813828684389591217041015625" lon="1.721404530107975006103515625">
        <ele>1284.199951171875</ele>
        <time>2026-09-03T07:28:26.000Z</time>
      </trkpt>
      <trkpt lat="42.21813862212002277374267578125" lon="1.7214107327163219451904296875">
        <ele>1283.5999755859375</ele>
        <time>2026-09-03T07:28:32.000Z</time>
      </trkpt>
      <trkpt lat="42.2181403823196887969970703125" lon="1.72142657451331615447998046875">
        <ele>1283.4000244140625</ele>
        <time>2026-09-03T07:28:33.000Z</time>
      </trkpt>
      <trkpt lat="42.21813007257878780364990234375" lon="1.7214355431497097015380859375">
        <ele>1282.5999755859375</ele>
        <time>2026-09-03T07:28:38.000Z</time>
      </trkpt>
      <trkpt lat="42.21813174895942211151123046875" lon="1.721451468765735626220703125">
        <ele>1282.5999755859375</ele>
        <time>2026-09-03T07:28:43.000Z</time>
      </trkpt>
      <trkpt lat="42.21814717166125774383544921875" lon="1.7214774526655673980712890625">
        <ele>1282.199951171875</ele>
        <time>2026-09-03T07:28:47.000Z</time>
      </trkpt>
      <trkpt lat="42.21816234290599822998046875" lon="1.72150544822216033935546875">
        <ele>1281.5999755859375</ele>
        <time>2026-09-03T07:28:51.000Z</time>
      </trkpt>
      <trkpt lat="42.2181940264999866485595703125" lon="1.7215101420879364013671875">
        <ele>1281</ele>
        <time>2026-09-03T07:28:55.000Z</time>
      </trkpt>
      <trkpt lat="42.2182045876979827880859375" lon="1.7215243913233280181884765625">
        <ele>1280.4000244140625</ele>
        <time>2026-09-03T07:28:58.000Z</time>
      </trkpt>
      <trkpt lat="42.21820500679314136505126953125" lon="1.72152682207524776458740234375">
        <ele>1280</ele>
        <time>2026-09-03T07:29:00.000Z</time>
      </trkpt>
      <trkpt lat="42.21820500679314136505126953125" lon="1.72152682207524776458740234375">
        <ele>1280.5999755859375</ele>
        <time>2026-09-03T07:29:06.000Z</time>
      </trkpt>
      <trkpt lat="42.21820500679314136505126953125" lon="1.72152682207524776458740234375">
        <ele>1280.5999755859375</ele>
        <time>2026-09-03T07:29:08.000Z</time>
      </trkpt>
      <trkpt lat="42.21820517443120479583740234375" lon="1.7215297557413578033447265625">
        <ele>1280.4000244140625</ele>
        <time>2026-09-03T07:29:12.000Z</time>
      </trkpt>
      <trkpt lat="42.21821506507694721221923828125" lon="1.7215388081967830657958984375">
        <ele>1280</ele>
        <time>2026-09-03T07:29:15.000Z</time>
      </trkpt>
      <trkpt lat="42.2182595729827880859375" lon="1.7215235531330108642578125">
        <ele>1279.800048828125</ele>
        <time>2026-09-03T07:29:20.000Z</time>
      </trkpt>
      <trkpt lat="42.2182972915470600128173828125" lon="1.72151978127658367156982421875">
        <ele>1279.199951171875</ele>
        <time>2026-09-03T07:29:25.000Z</time>
      </trkpt>
      <trkpt lat="42.21831363625824451446533203125" lon="1.72151894308626651763916015625">
        <ele>1279</ele>
        <time>2026-09-03T07:29:27.000Z</time>
      </trkpt>
      <trkpt lat="42.2183395363390445709228515625" lon="1.72150553204119205474853515625">
        <ele>1278.4000244140625</ele>
        <time>2026-09-03T07:29:31.000Z</time>
      </trkpt>
      <trkpt lat="42.21834062598645687103271484375" lon="1.7215096391737461090087890625">
        <ele>1277.800048828125</ele>
        <time>2026-09-03T07:29:35.000Z</time>
      </trkpt>
      <trkpt lat="42.21834062598645687103271484375" lon="1.721509806811809539794921875">
        <ele>1277.800048828125</ele>
        <time>2026-09-03T07:29:36.000Z</time>
      </trkpt>
      <trkpt lat="42.21834062598645687103271484375" lon="1.721509806811809539794921875">
        <ele>1278.199951171875</ele>
        <time>2026-09-03T07:29:42.000Z</time>
      </trkpt>
      <trkpt lat="42.21834029071033000946044921875" lon="1.72150813043117523193359375">
        <ele>1278.4000244140625</ele>
        <time>2026-09-03T07:29:46.000Z</time>
      </trkpt>
      <trkpt lat="42.2183341719210147857666015625" lon="1.7215074598789215087890625">
        <ele>1278.199951171875</ele>
        <time>2026-09-03T07:29:48.000Z</time>
      </trkpt>
      <trkpt lat="42.21832863986492156982421875" lon="1.72150184400379657745361328125">
        <ele>1278.199951171875</ele>
        <time>2026-09-03T07:29:53.000Z</time>
      </trkpt>
      <trkpt lat="42.21832570619881153106689453125" lon="1.72147854231297969818115234375">
        <ele>1279.199951171875</ele>
        <time>2026-09-03T07:29:58.000Z</time>
      </trkpt>
      <trkpt lat="42.218314893543720245361328125" lon="1.721466220915317535400390625">
        <ele>1280.199951171875</ele>
        <time>2026-09-03T07:30:03.000Z</time>
      </trkpt>
      <trkpt lat="42.2183029912412166595458984375" lon="1.72143579460680484771728515625">
        <ele>1281.4000244140625</ele>
        <time>2026-09-03T07:30:07.000Z</time>
      </trkpt>
      <trkpt lat="42.21827792935073375701904296875" lon="1.72141031362116336822509765625">
        <ele>1282.5999755859375</ele>
        <time>2026-09-03T07:30:12.000Z</time>
      </trkpt>
      <trkpt lat="42.21828765235841274261474609375" lon="1.7214134149253368377685546875">
        <ele>1283.800048828125</ele>
        <time>2026-09-03T07:30:16.000Z</time>
      </trkpt>
      <trkpt lat="42.21828840672969818115234375" lon="1.72141299583017826080322265625">
        <ele>1284</ele>
        <time>2026-09-03T07:30:18.000Z</time>
      </trkpt>
      <trkpt lat="42.21828849054872989654541015625" lon="1.7214130796492099761962890625">
        <ele>1283.5999755859375</ele>
        <time>2026-09-03T07:30:20.000Z</time>
      </trkpt>
      <trkpt lat="42.21828849054872989654541015625" lon="1.7214130796492099761962890625">
        <ele>1282.800048828125</ele>
        <time>2026-09-03T07:30:24.000Z</time>
      </trkpt>
      <trkpt lat="42.21828849054872989654541015625" lon="1.7214130796492099761962890625">
        <ele>1282.800048828125</ele>
        <time>2026-09-03T07:30:30.000Z</time>
      </trkpt>
      <trkpt lat="42.21828849054872989654541015625" lon="1.7214130796492099761962890625">
        <ele>1283</ele>
        <time>2026-09-03T07:30:33.000Z</time>
      </trkpt>
      <trkpt lat="42.21828849054872989654541015625" lon="1.7214130796492099761962890625">
        <ele>1283.199951171875</ele>
        <time>2026-09-03T07:30:35.000Z</time>
      </trkpt>
      <trkpt lat="42.21828849054872989654541015625" lon="1.7214130796492099761962890625">
        <ele>1283.800048828125</ele>
        <time>2026-09-03T07:30:41.000Z</time>
      </trkpt>
      <trkpt lat="42.21828849054872989654541015625" lon="1.7214130796492099761962890625">
        <ele>1283.800048828125</ele>
        <time>2026-09-03T07:30:42.000Z</time>
      </trkpt>
      <trkpt lat="42.21828849054872989654541015625" lon="1.7214130796492099761962890625">
        <ele>1283.800048828125</ele>
        <time>2026-09-03T07:30:47.000Z</time>
      </trkpt>
      <trkpt lat="42.21828849054872989654541015625" lon="1.7214130796492099761962890625">
        <ele>1282.800048828125</ele>
        <time>2026-09-03T07:30:53.000Z</time>
      </trkpt>
      <trkpt lat="42.21828849054872989654541015625" lon="1.7214130796492099761962890625">
        <ele>1282.800048828125</ele>
        <time>2026-09-03T07:30:54.000Z</time>
      </trkpt>
      <trkpt lat="42.21828849054872989654541015625" lon="1.7214130796492099761962890625">
        <ele>1282.800048828125</ele>
        <time>2026-09-03T07:30:58.000Z</time>
      </trkpt>
      <trkpt lat="42.21828849054872989654541015625" lon="1.7214130796492099761962890625">
        <ele>1282.800048828125</ele>
        <time>2026-09-03T07:30:59.000Z</time>
      </trkpt>
      <trkpt lat="42.21828849054872989654541015625" lon="1.7214130796492099761962890625">
        <ele>1282.800048828125</ele>
        <time>2026-09-03T07:31:05.000Z</time>
      </trkpt>
      <trkpt lat="42.21828849054872989654541015625" lon="1.7214130796492099761962890625">
        <ele>1283</ele>
        <time>2026-09-03T07:31:08.000Z</time>
      </trkpt>
      <trkpt lat="42.21828161738812923431396484375" lon="1.721372343599796295166015625">
        <ele>1283.800048828125</ele>
        <time>2026-09-03T07:31:13.000Z</time>
      </trkpt>
      <trkpt lat="42.21828212030231952667236328125" lon="1.72137024812400341033935546875">
        <ele>1284</ele>
        <time>2026-09-03T07:31:14.000Z</time>
      </trkpt>
      <trkpt lat="42.21827340312302112579345703125" lon="1.721358262002468109130859375">
        <ele>1285.199951171875</ele>
        <time>2026-09-03T07:31:19.000Z</time>
      </trkpt>
      <trkpt lat="42.218278013169765472412109375" lon="1.72136086039245128631591796875">
        <ele>1285.199951171875</ele>
        <time>2026-09-03T07:31:25.000Z</time>
      </trkpt>
      <trkpt lat="42.218278013169765472412109375" lon="1.72136086039245128631591796875">
        <ele>1285.199951171875</ele>
        <time>2026-09-03T07:31:26.000Z</time>
      </trkpt>
      <trkpt lat="42.21827792935073375701904296875" lon="1.72136203385889530181884765625">
        <ele>1285.199951171875</ele>
        <time>2026-09-03T07:31:27.000Z</time>
      </trkpt>
      <trkpt lat="42.218254543840885162353515625" lon="1.72134325839579105377197265625">
        <ele>1286</ele>
        <time>2026-09-03T07:31:31.000Z</time>
      </trkpt>
      <trkpt lat="42.2182470001280307769775390625" lon="1.721342168748378753662109375">
        <ele>1286.4000244140625</ele>
        <time>2026-09-03T07:31:32.000Z</time>
      </trkpt>
      <trkpt lat="42.218242473900318145751953125" lon="1.72133512794971466064453125">
        <ele>1287.5999755859375</ele>
        <time>2026-09-03T07:31:35.000Z</time>
      </trkpt>
      <trkpt lat="42.21824255771934986114501953125" lon="1.721335463225841522216796875">
        <ele>1288</ele>
        <time>2026-09-03T07:31:37.000Z</time>
      </trkpt>
      <trkpt lat="42.21824691630899906158447265625" lon="1.72133755870163440704345703125">
        <ele>1288</ele>
        <time>2026-09-03T07:31:43.000Z</time>
      </trkpt>
      <trkpt lat="42.2182463295757770538330078125" lon="1.72133621759712696075439453125">
        <ele>1288.199951171875</ele>
        <time>2026-09-03T07:31:44.000Z</time>
      </trkpt>
      <trkpt lat="42.21823819912970066070556640625" lon="1.7213279195129871368408203125">
        <ele>1288.5999755859375</ele>
        <time>2026-09-03T07:31:46.000Z</time>
      </trkpt>
      <trkpt lat="42.21823719330132007598876953125" lon="1.721332781016826629638671875">
        <ele>1288.800048828125</ele>
        <time>2026-09-03T07:31:49.000Z</time>
      </trkpt>
      <trkpt lat="42.21824255771934986114501953125" lon="1.721335463225841522216796875">
        <ele>1289.199951171875</ele>
        <time>2026-09-03T07:31:55.000Z</time>
      </trkpt>
      <trkpt lat="42.21824255771934986114501953125" lon="1.721335463225841522216796875">
        <ele>1289.199951171875</ele>
        <time>2026-09-03T07:31:56.000Z</time>
      </trkpt>
      <trkpt lat="42.21824255771934986114501953125" lon="1.721335463225841522216796875">
        <ele>1288.5999755859375</ele>
        <time>2026-09-03T07:32:02.000Z</time>
      </trkpt>
      <trkpt lat="42.21824255771934986114501953125" lon="1.721335463225841522216796875">
        <ele>1288.4000244140625</ele>
        <time>2026-09-03T07:32:03.000Z</time>
      </trkpt>
      <trkpt lat="42.21824255771934986114501953125" lon="1.721335463225841522216796875">
        <ele>1288</ele>
        <time>2026-09-03T07:32:09.000Z</time>
      </trkpt>
      <trkpt lat="42.21824255771934986114501953125" lon="1.721335463225841522216796875">
        <ele>1288.199951171875</ele>
        <time>2026-09-03T07:32:10.000Z</time>
      </trkpt>
      <trkpt lat="42.21824255771934986114501953125" lon="1.721335463225841522216796875">
        <ele>1288.199951171875</ele>
        <time>2026-09-03T07:32:11.000Z</time>
      </trkpt>
      <trkpt lat="42.21824255771934986114501953125" lon="1.721335463225841522216796875">
        <ele>1288.199951171875</ele>
        <time>2026-09-03T07:32:13.000Z</time>
      </trkpt>
      <trkpt lat="42.21824255771934986114501953125" lon="1.721335463225841522216796875">
        <ele>1288</ele>
        <time>2026-09-03T07:32:19.000Z</time>
      </trkpt>
      <trkpt lat="42.21824255771934986114501953125" lon="1.721335463225841522216796875">
        <ele>1288</ele>
        <time>2026-09-03T07:32:24.000Z</time>
      </trkpt>
      <trkpt lat="42.21824255771934986114501953125" lon="1.721335463225841522216796875">
        <ele>1288.199951171875</ele>
        <time>2026-09-03T07:32:27.000Z</time>
      </trkpt>
      <trkpt lat="42.21824255771934986114501953125" lon="1.721335463225841522216796875">
        <ele>1288.199951171875</ele>
        <time>2026-09-03T07:32:29.000Z</time>
      </trkpt>
      <trkpt lat="42.21824255771934986114501953125" lon="1.721335463225841522216796875">
        <ele>1288.199951171875</ele>
        <time>2026-09-03T07:32:32.000Z</time>
      </trkpt>
      <trkpt lat="42.21824255771934986114501953125" lon="1.721335463225841522216796875">
        <ele>1288</ele>
        <time>2026-09-03T07:32:35.000Z</time>
      </trkpt>
      <trkpt lat="42.21824255771934986114501953125" lon="1.721335463225841522216796875">
        <ele>1287.800048828125</ele>
        <time>2026-09-03T07:32:41.000Z</time>
      </trkpt>
      <trkpt lat="42.21824255771934986114501953125" lon="1.721335463225841522216796875">
        <ele>1287.800048828125</ele>
        <time>2026-09-03T07:32:47.000Z</time>
      </trkpt>
      <trkpt lat="42.21824255771934986114501953125" lon="1.721335463225841522216796875">
        <ele>1288</ele>
        <time>2026-09-03T07:32:53.000Z</time>
      </trkpt>
      <trkpt lat="42.21824255771934986114501953125" lon="1.721335463225841522216796875">
        <ele>1288</ele>
        <time>2026-09-03T07:32:59.000Z</time>
      </trkpt>
      <trkpt lat="42.21824255771934986114501953125" lon="1.721335463225841522216796875">
        <ele>1288</ele>
        <time>2026-09-03T07:33:05.000Z</time>
      </trkpt>
      <trkpt lat="42.21824255771934986114501953125" lon="1.721335463225841522216796875">
        <ele>1288</ele>
        <time>2026-09-03T07:33:11.000Z</time>
      </trkpt>
      <trkpt lat="42.21824255771934986114501953125" lon="1.721335463225841522216796875">
        <ele>1288</ele>
        <time>2026-09-03T07:33:17.000Z</time>
      </trkpt>
      <trkpt lat="42.21824255771934986114501953125" lon="1.721335463225841522216796875">
        <ele>1288.199951171875</ele>
        <time>2026-09-03T07:33:23.000Z</time>
      </trkpt>
      <trkpt lat="42.21824255771934986114501953125" lon="1.721335463225841522216796875">
        <ele>1288.199951171875</ele>
        <time>2026-09-03T07:33:29.000Z</time>
      </trkpt>
      <trkpt lat="42.21824255771934986114501953125" lon="1.721335463225841522216796875">
        <ele>1288.199951171875</ele>
        <time>2026-09-03T07:33:34.000Z</time>
      </trkpt>
      <trkpt lat="42.21824255771934986114501953125" lon="1.721335463225841522216796875">
        <ele>1288.199951171875</ele>
        <time>2026-09-03T07:33:40.000Z</time>
      </trkpt>
      <trkpt lat="42.21824255771934986114501953125" lon="1.721335463225841522216796875">
        <ele>1288.199951171875</ele>
        <time>2026-09-03T07:33:46.000Z</time>
      </trkpt>
      <trkpt lat="42.21824255771934986114501953125" lon="1.721335463225841522216796875">
        <ele>1288.199951171875</ele>
        <time>2026-09-03T07:33:47.000Z</time>
      </trkpt>
      <trkpt lat="42.21824255771934986114501953125" lon="1.721335463225841522216796875">
        <ele>1288.4000244140625</ele>
        <time>2026-09-03T07:33:53.000Z</time>
      </trkpt>
      <trkpt lat="42.21824255771934986114501953125" lon="1.721335463225841522216796875">
        <ele>1288.199951171875</ele>
        <time>2026-09-03T07:33:59.000Z</time>
      </trkpt>
      <trkpt lat="42.21824255771934986114501953125" lon="1.721335463225841522216796875">
        <ele>1288.4000244140625</ele>
        <time>2026-09-03T07:34:05.000Z</time>
      </trkpt>
      <trkpt lat="42.21824255771934986114501953125" lon="1.721335463225841522216796875">
        <ele>1288.5999755859375</ele>
        <time>2026-09-03T07:34:11.000Z</time>
      </trkpt>
      <trkpt lat="42.21824255771934986114501953125" lon="1.721335463225841522216796875">
        <ele>1288.800048828125</ele>
        <time>2026-09-03T07:34:12.000Z</time>
      </trkpt>
      <trkpt lat="42.21824255771934986114501953125" lon="1.721335463225841522216796875">
        <ele>1289.4000244140625</ele>
        <time>2026-09-03T07:34:18.000Z</time>
      </trkpt>
      <trkpt lat="42.21823618747293949127197265625" lon="1.72133051790297031402587890625">
        <ele>1289.4000244140625</ele>
        <time>2026-09-03T07:34:20.000Z</time>
      </trkpt>
      <trkpt lat="42.2182399593293666839599609375" lon="1.72132817097008228302001953125">
        <ele>1289.5999755859375</ele>
        <time>2026-09-03T07:34:22.000Z</time>
      </trkpt>
      <trkpt lat="42.21824255771934986114501953125" lon="1.721335463225841522216796875">
        <ele>1289.800048828125</ele>
        <time>2026-09-03T07:34:27.000Z</time>
      </trkpt>
      <trkpt lat="42.2182376123964786529541015625" lon="1.72132347710430622100830078125">
        <ele>1290</ele>
        <time>2026-09-03T07:34:33.000Z</time>
      </trkpt>
      <trkpt lat="42.2182339243590831756591796875" lon="1.72131895087659358978271484375">
        <ele>1290.199951171875</ele>
        <time>2026-09-03T07:34:34.000Z</time>
      </trkpt>
      <trkpt lat="42.218227721750736236572265625" lon="1.72131291590631008148193359375">
        <ele>1290.800048828125</ele>
        <time>2026-09-03T07:34:36.000Z</time>
      </trkpt>
      <trkpt lat="42.2182255424559116363525390625" lon="1.721294559538364410400390625">
        <ele>1291.4000244140625</ele>
        <time>2026-09-03T07:34:38.000Z</time>
      </trkpt>
      <trkpt lat="42.2182077728211879730224609375" lon="1.721283495426177978515625">
        <ele>1292</ele>
        <time>2026-09-03T07:34:41.000Z</time>
      </trkpt>
      <trkpt lat="42.2182064317166805267333984375" lon="1.7212843336164951324462890625">
        <ele>1292.4000244140625</ele>
        <time>2026-09-03T07:34:43.000Z</time>
      </trkpt>
      <trkpt lat="42.2181983850896358489990234375" lon="1.72127955593168735504150390625">
        <ele>1293.199951171875</ele>
        <time>2026-09-03T07:34:45.000Z</time>
      </trkpt>
      <trkpt lat="42.21819587051868438720703125" lon="1.72127352096140384674072265625">
        <ele>1294.4000244140625</ele>
        <time>2026-09-03T07:34:48.000Z</time>
      </trkpt>
      <trkpt lat="42.21819193102419376373291015625" lon="1.72127134166657924652099609375">
        <ele>1294.4000244140625</ele>
        <time>2026-09-03T07:34:50.000Z</time>
      </trkpt>
      <trkpt lat="42.21819193102419376373291015625" lon="1.72127134166657924652099609375">
        <ele>1294.199951171875</ele>
        <time>2026-09-03T07:34:51.000Z</time>
      </trkpt>
      <trkpt lat="42.21819193102419376373291015625" lon="1.72127134166657924652099609375">
        <ele>1294.199951171875</ele>
        <time>2026-09-03T07:34:52.000Z</time>
      </trkpt>
      <trkpt lat="42.21819193102419376373291015625" lon="1.72127134166657924652099609375">
        <ele>1293.800048828125</ele>
        <time>2026-09-03T07:34:53.000Z</time>
      </trkpt>
      <trkpt lat="42.21819193102419376373291015625" lon="1.72127134166657924652099609375">
        <ele>1293.800048828125</ele>
        <time>2026-09-03T07:34:59.000Z</time>
      </trkpt>
      <trkpt lat="42.21819243393838405609130859375" lon="1.72126916237175464630126953125">
        <ele>1294.199951171875</ele>
        <time>2026-09-03T07:35:02.000Z</time>
      </trkpt>
      <trkpt lat="42.21819126047194004058837890625" lon="1.72127335332334041595458984375">
        <ele>1294.800048828125</ele>
        <time>2026-09-03T07:35:05.000Z</time>
      </trkpt>
      <trkpt lat="42.218164689838886260986328125" lon="1.72126631252467632293701171875">
        <ele>1295.4000244140625</ele>
        <time>2026-09-03T07:35:09.000Z</time>
      </trkpt>
      <trkpt lat="42.2181564755737781524658203125" lon="1.72124736942350864410400390625">
        <ele>1296.5999755859375</ele>
        <time>2026-09-03T07:35:13.000Z</time>
      </trkpt>
      <trkpt lat="42.21815161406993865966796875" lon="1.72124527394771575927734375">
        <ele>1297</ele>
        <time>2026-09-03T07:35:14.000Z</time>
      </trkpt>
      <trkpt lat="42.218138873577117919921875" lon="1.72123647294938564300537109375">
        <ele>1297.800048828125</ele>
        <time>2026-09-03T07:35:17.000Z</time>
      </trkpt>
      <trkpt lat="42.2181353531777858734130859375" lon="1.72123186290264129638671875">
        <ele>1299</ele>
        <time>2026-09-03T07:35:20.000Z</time>
      </trkpt>
      <trkpt lat="42.21813476644456386566162109375" lon="1.72123110853135585784912109375">
        <ele>1299.4000244140625</ele>
        <time>2026-09-03T07:35:24.000Z</time>
      </trkpt>
      <trkpt lat="42.21813476644456386566162109375" lon="1.72123110853135585784912109375">
        <ele>1299.199951171875</ele>
        <time>2026-09-03T07:35:26.000Z</time>
      </trkpt>
      <trkpt lat="42.21813476644456386566162109375" lon="1.72123110853135585784912109375">
        <ele>1299.199951171875</ele>
        <time>2026-09-03T07:35:30.000Z</time>
      </trkpt>
      <trkpt lat="42.21813476644456386566162109375" lon="1.72123110853135585784912109375">
        <ele>1299</ele>
        <time>2026-09-03T07:35:34.000Z</time>
      </trkpt>
      <trkpt lat="42.21813476644456386566162109375" lon="1.72123110853135585784912109375">
        <ele>1299.199951171875</ele>
        <time>2026-09-03T07:35:37.000Z</time>
      </trkpt>
      <trkpt lat="42.2181360237300395965576171875" lon="1.7212229780852794647216796875">
        <ele>1299.199951171875</ele>
        <time>2026-09-03T07:35:40.000Z</time>
      </trkpt>
      <trkpt lat="42.2181373648345470428466796875" lon="1.72119271941483020782470703125">
        <ele>1299.5999755859375</ele>
        <time>2026-09-03T07:35:46.000Z</time>
      </trkpt>
      <trkpt lat="42.21814901567995548248291015625" lon="1.72117209993302822113037109375">
        <ele>1299.800048828125</ele>
        <time>2026-09-03T07:35:48.000Z</time>
      </trkpt>
      <trkpt lat="42.21815052442252635955810546875" lon="1.72117595560848712921142578125">
        <ele>1300.199951171875</ele>
        <time>2026-09-03T07:35:49.000Z</time>
      </trkpt>
      <trkpt lat="42.21814800985157489776611328125" lon="1.72117277048528194427490234375">
        <ele>1301.4000244140625</ele>
        <time>2026-09-03T07:35:52.000Z</time>
      </trkpt>
      <trkpt lat="42.21814800985157489776611328125" lon="1.72117277048528194427490234375">
        <ele>1301.5999755859375</ele>
        <time>2026-09-03T07:35:53.000Z</time>
      </trkpt>
      <trkpt lat="42.21814624965190887451171875" lon="1.72117394395172595977783203125">
        <ele>1301.800048828125</ele>
        <time>2026-09-03T07:35:59.000Z</time>
      </trkpt>
      <trkpt lat="42.2181216068565845489501953125" lon="1.72117528505623340606689453125">
        <ele>1301.5999755859375</ele>
        <time>2026-09-03T07:36:03.000Z</time>
      </trkpt>
      <trkpt lat="42.21810325048863887786865234375" lon="1.72118090093135833740234375">
        <ele>1302.4000244140625</ele>
        <time>2026-09-03T07:36:07.000Z</time>
      </trkpt>
      <trkpt lat="42.21810140646994113922119140625" lon="1.7211773805320262908935546875">
        <ele>1302.5999755859375</ele>
        <time>2026-09-03T07:36:08.000Z</time>
      </trkpt>
      <trkpt lat="42.21809704788029193878173828125" lon="1.72117344103753566741943359375">
        <ele>1303.199951171875</ele>
        <time>2026-09-03T07:36:11.000Z</time>
      </trkpt>
      <trkpt lat="42.21809704788029193878173828125" lon="1.72117344103753566741943359375">
        <ele>1303.4000244140625</ele>
        <time>2026-09-03T07:36:12.000Z</time>
      </trkpt>
      <trkpt lat="42.21809704788029193878173828125" lon="1.72117344103753566741943359375">
        <ele>1303.5999755859375</ele>
        <time>2026-09-03T07:36:13.000Z</time>
      </trkpt>
      <trkpt lat="42.21806402318179607391357421875" lon="1.7211881093680858612060546875">
        <ele>1303.5999755859375</ele>
        <time>2026-09-03T07:36:19.000Z</time>
      </trkpt>
      <trkpt lat="42.21802630461752414703369140625" lon="1.72121317125856876373291015625">
        <ele>1303.5999755859375</ele>
        <time>2026-09-03T07:36:24.000Z</time>
      </trkpt>
      <trkpt lat="42.2180168330669403076171875" lon="1.72122088260948657989501953125">
        <ele>1303.4000244140625</ele>
        <time>2026-09-03T07:36:29.000Z</time>
      </trkpt>
      <trkpt lat="42.2180139832198619842529296875" lon="1.72121166251599788665771484375">
        <ele>1303</ele>
        <time>2026-09-03T07:36:35.000Z</time>
      </trkpt>
      <trkpt lat="42.21801188774406909942626953125" lon="1.72122037969529628753662109375">
        <ele>1302.4000244140625</ele>
        <time>2026-09-03T07:36:38.000Z</time>
      </trkpt>
      <trkpt lat="42.21801188774406909942626953125" lon="1.72122037969529628753662109375">
        <ele>1302</ele>
        <time>2026-09-03T07:36:40.000Z</time>
      </trkpt>
      <trkpt lat="42.21801188774406909942626953125" lon="1.72122037969529628753662109375">
        <ele>1301.800048828125</ele>
        <time>2026-09-03T07:36:46.000Z</time>
      </trkpt>
      <trkpt lat="42.21801188774406909942626953125" lon="1.72122037969529628753662109375">
        <ele>1301.5999755859375</ele>
        <time>2026-09-03T07:36:50.000Z</time>
      </trkpt>
      <trkpt lat="42.21801188774406909942626953125" lon="1.72122037969529628753662109375">
        <ele>1301.5999755859375</ele>
        <time>2026-09-03T07:36:52.000Z</time>
      </trkpt>
      <trkpt lat="42.21801188774406909942626953125" lon="1.72122037969529628753662109375">
        <ele>1301.4000244140625</ele>
        <time>2026-09-03T07:36:55.000Z</time>
      </trkpt>
      <trkpt lat="42.21801188774406909942626953125" lon="1.72122037969529628753662109375">
        <ele>1301.4000244140625</ele>
        <time>2026-09-03T07:37:01.000Z</time>
      </trkpt>
      <trkpt lat="42.21801188774406909942626953125" lon="1.72122037969529628753662109375">
        <ele>1301.5999755859375</ele>
        <time>2026-09-03T07:37:02.000Z</time>
      </trkpt>
      <trkpt lat="42.21801188774406909942626953125" lon="1.72122037969529628753662109375">
        <ele>1301.5999755859375</ele>
        <time>2026-09-03T07:37:03.000Z</time>
      </trkpt>
      <trkpt lat="42.21801188774406909942626953125" lon="1.72122037969529628753662109375">
        <ele>1301.4000244140625</ele>
        <time>2026-09-03T07:37:04.000Z</time>
      </trkpt>
      <trkpt lat="42.21801188774406909942626953125" lon="1.72122037969529628753662109375">
        <ele>1301.5999755859375</ele>
        <time>2026-09-03T07:37:07.000Z</time>
      </trkpt>
      <trkpt lat="42.21801188774406909942626953125" lon="1.72122037969529628753662109375">
        <ele>1302.199951171875</ele>
        <time>2026-09-03T07:37:13.000Z</time>
      </trkpt>
      <trkpt lat="42.21801188774406909942626953125" lon="1.72122037969529628753662109375">
        <ele>1301.5999755859375</ele>
        <time>2026-09-03T07:37:18.000Z</time>
      </trkpt>
      <trkpt lat="42.21801188774406909942626953125" lon="1.72122037969529628753662109375">
        <ele>1301.4000244140625</ele>
        <time>2026-09-03T07:37:24.000Z</time>
      </trkpt>
      <trkpt lat="42.21801188774406909942626953125" lon="1.72122037969529628753662109375">
        <ele>1301.4000244140625</ele>
        <time>2026-09-03T07:37:29.000Z</time>
      </trkpt>
      <trkpt lat="42.21801188774406909942626953125" lon="1.72122037969529628753662109375">
        <ele>1301.4000244140625</ele>
        <time>2026-09-03T07:37:35.000Z</time>
      </trkpt>
      <trkpt lat="42.21801188774406909942626953125" lon="1.72122037969529628753662109375">
        <ele>1301.199951171875</ele>
        <time>2026-09-03T07:37:41.000Z</time>
      </trkpt>
      <trkpt lat="42.21801188774406909942626953125" lon="1.72122037969529628753662109375">
        <ele>1300.4000244140625</ele>
        <time>2026-09-03T07:37:46.000Z</time>
      </trkpt>
      <trkpt lat="42.21801188774406909942626953125" lon="1.72122037969529628753662109375">
        <ele>1300.199951171875</ele>
        <time>2026-09-03T07:37:47.000Z</time>
      </trkpt>
      <trkpt lat="42.21801188774406909942626953125" lon="1.72122037969529628753662109375">
        <ele>1300.4000244140625</ele>
        <time>2026-09-03T07:37:53.000Z</time>
      </trkpt>
      <trkpt lat="42.21801188774406909942626953125" lon="1.72122037969529628753662109375">
        <ele>1300.199951171875</ele>
        <time>2026-09-03T07:37:59.000Z</time>
      </trkpt>
      <trkpt lat="42.21801188774406909942626953125" lon="1.72122037969529628753662109375">
        <ele>1300</ele>
        <time>2026-09-03T07:38:05.000Z</time>
      </trkpt>
      <trkpt lat="42.21801188774406909942626953125" lon="1.72122037969529628753662109375">
        <ele>1300.199951171875</ele>
        <time>2026-09-03T07:38:11.000Z</time>
      </trkpt>
      <trkpt lat="42.21801188774406909942626953125" lon="1.72122037969529628753662109375">
        <ele>1300</ele>
        <time>2026-09-03T07:38:15.000Z</time>
      </trkpt>
      <trkpt lat="42.21801188774406909942626953125" lon="1.72122037969529628753662109375">
        <ele>1300.199951171875</ele>
        <time>2026-09-03T07:38:21.000Z</time>
      </trkpt>
      <trkpt lat="42.21801188774406909942626953125" lon="1.72122037969529628753662109375">
        <ele>1300.4000244140625</ele>
        <time>2026-09-03T07:38:25.000Z</time>
      </trkpt>
      <trkpt lat="42.21801188774406909942626953125" lon="1.72122037969529628753662109375">
        <ele>1299.800048828125</ele>
        <time>2026-09-03T07:38:31.000Z</time>
      </trkpt>
      <trkpt lat="42.21801188774406909942626953125" lon="1.72122037969529628753662109375">
        <ele>1299.800048828125</ele>
        <time>2026-09-03T07:38:33.000Z</time>
      </trkpt>
      <trkpt lat="42.21801188774406909942626953125" lon="1.72122037969529628753662109375">
        <ele>1299.800048828125</ele>
        <time>2026-09-03T07:38:39.000Z</time>
      </trkpt>
      <trkpt lat="42.21800937317311763763427734375" lon="1.72122356481850147247314453125">
        <ele>1300</ele>
        <time>2026-09-03T07:38:45.000Z</time>
      </trkpt>
      <trkpt lat="42.21801188774406909942626953125" lon="1.72122037969529628753662109375">
        <ele>1300.5999755859375</ele>
        <time>2026-09-03T07:38:48.000Z</time>
      </trkpt>
      <trkpt lat="42.21801188774406909942626953125" lon="1.72122037969529628753662109375">
        <ele>1300</ele>
        <time>2026-09-03T07:38:54.000Z</time>
      </trkpt>
      <trkpt lat="42.21801188774406909942626953125" lon="1.72122037969529628753662109375">
        <ele>1299.4000244140625</ele>
        <time>2026-09-03T07:38:58.000Z</time>
      </trkpt>
      <trkpt lat="42.21801021136343479156494140625" lon="1.721227169036865234375">
        <ele>1300.4000244140625</ele>
        <time>2026-09-03T07:39:04.000Z</time>
      </trkpt>
      <trkpt lat="42.21801172010600566864013671875" lon="1.7212256602942943572998046875">
        <ele>1300.199951171875</ele>
        <time>2026-09-03T07:39:05.000Z</time>
      </trkpt>
      <trkpt lat="42.21801188774406909942626953125" lon="1.72122037969529628753662109375">
        <ele>1300.4000244140625</ele>
        <time>2026-09-03T07:39:10.000Z</time>
      </trkpt>
      <trkpt lat="42.21801188774406909942626953125" lon="1.72122037969529628753662109375">
        <ele>1300.800048828125</ele>
        <time>2026-09-03T07:39:16.000Z</time>
      </trkpt>
      <trkpt lat="42.21801188774406909942626953125" lon="1.72122037969529628753662109375">
        <ele>1300.4000244140625</ele>
        <time>2026-09-03T07:39:22.000Z</time>
      </trkpt>
      <trkpt lat="42.21801188774406909942626953125" lon="1.72122037969529628753662109375">
        <ele>1300.4000244140625</ele>
        <time>2026-09-03T07:39:23.000Z</time>
      </trkpt>
      <trkpt lat="42.21801641397178173065185546875" lon="1.7212199606001377105712890625">
        <ele>1300.5999755859375</ele>
        <time>2026-09-03T07:39:29.000Z</time>
      </trkpt>
      <trkpt lat="42.21801188774406909942626953125" lon="1.72122037969529628753662109375">
        <ele>1300.5999755859375</ele>
        <time>2026-09-03T07:39:35.000Z</time>
      </trkpt>
      <trkpt lat="42.21801188774406909942626953125" lon="1.72122037969529628753662109375">
        <ele>1300.4000244140625</ele>
        <time>2026-09-03T07:39:37.000Z</time>
      </trkpt>
      <trkpt lat="42.21801188774406909942626953125" lon="1.72122037969529628753662109375">
        <ele>1300.199951171875</ele>
        <time>2026-09-03T07:39:39.000Z</time>
      </trkpt>
      <trkpt lat="42.21801188774406909942626953125" lon="1.72122037969529628753662109375">
        <ele>1299.4000244140625</ele>
        <time>2026-09-03T07:39:45.000Z</time>
      </trkpt>
      <trkpt lat="42.21801188774406909942626953125" lon="1.72122037969529628753662109375">
        <ele>1300</ele>
        <time>2026-09-03T07:39:48.000Z</time>
      </trkpt>
      <trkpt lat="42.21801188774406909942626953125" lon="1.72122037969529628753662109375">
        <ele>1300.4000244140625</ele>
        <time>2026-09-03T07:39:51.000Z</time>
      </trkpt>
      <trkpt lat="42.21801188774406909942626953125" lon="1.72122037969529628753662109375">
        <ele>1300</ele>
        <time>2026-09-03T07:39:57.000Z</time>
      </trkpt>
      <trkpt lat="42.21801188774406909942626953125" lon="1.72122037969529628753662109375">
        <ele>1299.800048828125</ele>
        <time>2026-09-03T07:40:03.000Z</time>
      </trkpt>
      <trkpt lat="42.21801188774406909942626953125" lon="1.72122037969529628753662109375">
        <ele>1299.800048828125</ele>
        <time>2026-09-03T07:40:06.000Z</time>
      </trkpt>
      <trkpt lat="42.21801188774406909942626953125" lon="1.72122037969529628753662109375">
        <ele>1299.5999755859375</ele>
        <time>2026-09-03T07:40:12.000Z</time>
      </trkpt>
      <trkpt lat="42.21801188774406909942626953125" lon="1.72122037969529628753662109375">
        <ele>1299.5999755859375</ele>
        <time>2026-09-03T07:40:18.000Z</time>
      </trkpt>
      <trkpt lat="42.21801188774406909942626953125" lon="1.72122037969529628753662109375">
        <ele>1299.5999755859375</ele>
        <time>2026-09-03T07:40:22.000Z</time>
      </trkpt>
      <trkpt lat="42.21801188774406909942626953125" lon="1.72122037969529628753662109375">
        <ele>1299.4000244140625</ele>
        <time>2026-09-03T07:40:28.000Z</time>
      </trkpt>
      <trkpt lat="42.21801188774406909942626953125" lon="1.72122037969529628753662109375">
        <ele>1299.4000244140625</ele>
        <time>2026-09-03T07:40:30.000Z</time>
      </trkpt>
      <trkpt lat="42.21801188774406909942626953125" lon="1.72122037969529628753662109375">
        <ele>1299.199951171875</ele>
        <time>2026-09-03T07:40:36.000Z</time>
      </trkpt>
      <trkpt lat="42.21801188774406909942626953125" lon="1.72122037969529628753662109375">
        <ele>1298.800048828125</ele>
        <time>2026-09-03T07:40:41.000Z</time>
      </trkpt>
      <trkpt lat="42.21801188774406909942626953125" lon="1.72122037969529628753662109375">
        <ele>1299</ele>
        <time>2026-09-03T07:40:47.000Z</time>
      </trkpt>
      <trkpt lat="42.21801188774406909942626953125" lon="1.72122037969529628753662109375">
        <ele>1299</ele>
        <time>2026-09-03T07:40:50.000Z</time>
      </trkpt>
      <trkpt lat="42.21801188774406909942626953125" lon="1.72122037969529628753662109375">
        <ele>1299</ele>
        <time>2026-09-03T07:40:54.000Z</time>
      </trkpt>
      <trkpt lat="42.21801188774406909942626953125" lon="1.72122037969529628753662109375">
        <ele>1298.5999755859375</ele>
        <time>2026-09-03T07:41:00.000Z</time>
      </trkpt>
      <trkpt lat="42.21801188774406909942626953125" lon="1.72122037969529628753662109375">
        <ele>1298.5999755859375</ele>
        <time>2026-09-03T07:41:03.000Z</time>
      </trkpt>
      <trkpt lat="42.21801188774406909942626953125" lon="1.72122037969529628753662109375">
        <ele>1298.4000244140625</ele>
        <time>2026-09-03T07:41:06.000Z</time>
      </trkpt>
      <trkpt lat="42.21801188774406909942626953125" lon="1.72122037969529628753662109375">
        <ele>1298.4000244140625</ele>
        <time>2026-09-03T07:41:12.000Z</time>
      </trkpt>
      <trkpt lat="42.21801188774406909942626953125" lon="1.72122037969529628753662109375">
        <ele>1298.4000244140625</ele>
        <time>2026-09-03T07:41:17.000Z</time>
      </trkpt>
      <trkpt lat="42.218015491962432861328125" lon="1.72122021205723285675048828125">
        <ele>1298.800048828125</ele>
        <time>2026-09-03T07:41:22.000Z</time>
      </trkpt>
      <trkpt lat="42.2180176712572574615478515625" lon="1.72121283598244190216064453125">
        <ele>1299.5999755859375</ele>
        <time>2026-09-03T07:41:25.000Z</time>
      </trkpt>
      <trkpt lat="42.21801188774406909942626953125" lon="1.72122037969529628753662109375">
        <ele>1300</ele>
        <time>2026-09-03T07:41:31.000Z</time>
      </trkpt>
      <trkpt lat="42.21801188774406909942626953125" lon="1.72122037969529628753662109375">
        <ele>1300</ele>
        <time>2026-09-03T07:41:32.000Z</time>
      </trkpt>
      <trkpt lat="42.21801188774406909942626953125" lon="1.72122037969529628753662109375">
        <ele>1299.800048828125</ele>
        <time>2026-09-03T07:41:33.000Z</time>
      </trkpt>
      <trkpt lat="42.21801188774406909942626953125" lon="1.72122037969529628753662109375">
        <ele>1299.4000244140625</ele>
        <time>2026-09-03T07:41:34.000Z</time>
      </trkpt>
      <trkpt lat="42.21800543367862701416015625" lon="1.721220128238201141357421875">
        <ele>1298.800048828125</ele>
        <time>2026-09-03T07:41:40.000Z</time>
      </trkpt>
      <trkpt lat="42.217997722327709197998046875" lon="1.7212286777794361114501953125">
        <ele>1299</ele>
        <time>2026-09-03T07:41:41.000Z</time>
      </trkpt>
      <trkpt lat="42.2179878316819667816162109375" lon="1.721246950328350067138671875">
        <ele>1298.800048828125</ele>
        <time>2026-09-03T07:41:44.000Z</time>
      </trkpt>
      <trkpt lat="42.21798640675842761993408203125" lon="1.7212526500225067138671875">
        <ele>1298.4000244140625</ele>
        <time>2026-09-03T07:41:46.000Z</time>
      </trkpt>
      <trkpt lat="42.21798640675842761993408203125" lon="1.7212526500225067138671875">
        <ele>1298.199951171875</ele>
        <time>2026-09-03T07:41:52.000Z</time>
      </trkpt>
      <trkpt lat="42.21798640675842761993408203125" lon="1.7212526500225067138671875">
        <ele>1298.199951171875</ele>
        <time>2026-09-03T07:41:53.000Z</time>
      </trkpt>
      <trkpt lat="42.21798640675842761993408203125" lon="1.7212526500225067138671875">
        <ele>1298.199951171875</ele>
        <time>2026-09-03T07:41:55.000Z</time>
      </trkpt>
      <trkpt lat="42.21797836013138294219970703125" lon="1.72126580961048603057861328125">
        <ele>1297.5999755859375</ele>
        <time>2026-09-03T07:42:01.000Z</time>
      </trkpt>
      <trkpt lat="42.21796025522053241729736328125" lon="1.721278131008148193359375">
        <ele>1297.199951171875</ele>
        <time>2026-09-03T07:42:07.000Z</time>
      </trkpt>
      <trkpt lat="42.21795849502086639404296875" lon="1.7212808132171630859375">
        <ele>1297</ele>
        <time>2026-09-03T07:42:08.000Z</time>
      </trkpt>
      <trkpt lat="42.2179573215544223785400390625" lon="1.72128139995038509368896484375">
        <ele>1297</ele>
        <time>2026-09-03T07:42:12.000Z</time>
      </trkpt>
      <trkpt lat="42.21794684417545795440673828125" lon="1.72128927893936634063720703125">
        <ele>1296.5999755859375</ele>
        <time>2026-09-03T07:42:14.000Z</time>
      </trkpt>
      <trkpt lat="42.21793611533939838409423828125" lon="1.7213054560124874114990234375">
        <ele>1296</ele>
        <time>2026-09-03T07:42:17.000Z</time>
      </trkpt>
      <trkpt lat="42.21791968680918216705322265625" lon="1.72134694643318653106689453125">
        <ele>1295.199951171875</ele>
        <time>2026-09-03T07:42:22.000Z</time>
      </trkpt>
      <trkpt lat="42.2179090417921543121337890625" lon="1.72137293033301830291748046875">
        <ele>1294.800048828125</ele>
        <time>2026-09-03T07:42:25.000Z</time>
      </trkpt>
      <trkpt lat="42.217904515564441680908203125" lon="1.721377708017826080322265625">
        <ele>1294.4000244140625</ele>
        <time>2026-09-03T07:42:27.000Z</time>
      </trkpt>
      <trkpt lat="42.21787869930267333984375" lon="1.72137695364654064178466796875">
        <ele>1294.4000244140625</ele>
        <time>2026-09-03T07:42:33.000Z</time>
      </trkpt>
      <trkpt lat="42.21786704845726490020751953125" lon="1.72138147987425327301025390625">
        <ele>1294.199951171875</ele>
        <time>2026-09-03T07:42:34.000Z</time>
      </trkpt>
      <trkpt lat="42.2178681381046772003173828125" lon="1.7213845811784267425537109375">
        <ele>1293.800048828125</ele>
        <time>2026-09-03T07:42:39.000Z</time>
      </trkpt>
      <trkpt lat="42.21785346977412700653076171875" lon="1.7213963158428668975830078125">
        <ele>1293.5999755859375</ele>
        <time>2026-09-03T07:42:43.000Z</time>
      </trkpt>
      <trkpt lat="42.2178305871784687042236328125" lon="1.72140846960246562957763671875">
        <ele>1292.800048828125</ele>
        <time>2026-09-03T07:42:48.000Z</time>
      </trkpt>
      <trkpt lat="42.21782396547496318817138671875" lon="1.721411906182765960693359375">
        <ele>1292.5999755859375</ele>
        <time>2026-09-03T07:42:50.000Z</time>
      </trkpt>
      <trkpt lat="42.2177997417747974395751953125" lon="1.72141651622951030731201171875">
        <ele>1291.800048828125</ele>
        <time>2026-09-03T07:42:55.000Z</time>
      </trkpt>
      <trkpt lat="42.217787168920040130615234375" lon="1.72140947543084621429443359375">
        <ele>1291.800048828125</ele>
        <time>2026-09-03T07:42:56.000Z</time>
      </trkpt>
      <trkpt lat="42.217780463397502899169921875" lon="1.72140545211732387542724609375">
        <ele>1291.5999755859375</ele>
        <time>2026-09-03T07:42:57.000Z</time>
      </trkpt>
      <trkpt lat="42.217759005725383758544921875" lon="1.72140997834503650665283203125">
        <ele>1291</ele>
        <time>2026-09-03T07:43:00.000Z</time>
      </trkpt>
      <trkpt lat="42.2177330218255519866943359375" lon="1.72141182236373424530029296875">
        <ele>1290.5999755859375</ele>
        <time>2026-09-03T07:43:06.000Z</time>
      </trkpt>
      <trkpt lat="42.2177316807210445404052734375" lon="1.7214095592498779296875">
        <ele>1290.5999755859375</ele>
        <time>2026-09-03T07:43:07.000Z</time>
      </trkpt>
      <trkpt lat="42.21772849559783935546875" lon="1.72140578739345073699951171875">
        <ele>1291</ele>
        <time>2026-09-03T07:43:13.000Z</time>
      </trkpt>
      <trkpt lat="42.21772849559783935546875" lon="1.72140578739345073699951171875">
        <ele>1291</ele>
        <time>2026-09-03T07:43:16.000Z</time>
      </trkpt>
      <trkpt lat="42.21772849559783935546875" lon="1.72140578739345073699951171875">
        <ele>1291.4000244140625</ele>
        <time>2026-09-03T07:43:19.000Z</time>
      </trkpt>
      <trkpt lat="42.21772849559783935546875" lon="1.72140578739345073699951171875">
        <ele>1291</ele>
        <time>2026-09-03T07:43:24.000Z</time>
      </trkpt>
      <trkpt lat="42.21772849559783935546875" lon="1.72140578739345073699951171875">
        <ele>1290.800048828125</ele>
        <time>2026-09-03T07:43:30.000Z</time>
      </trkpt>
      <trkpt lat="42.21772849559783935546875" lon="1.72140578739345073699951171875">
        <ele>1290.800048828125</ele>
        <time>2026-09-03T07:43:32.000Z</time>
      </trkpt>
      <trkpt lat="42.21772849559783935546875" lon="1.72140578739345073699951171875">
        <ele>1290.800048828125</ele>
        <time>2026-09-03T07:43:33.000Z</time>
      </trkpt>
      <trkpt lat="42.21772849559783935546875" lon="1.72140578739345073699951171875">
        <ele>1291</ele>
        <time>2026-09-03T07:43:37.000Z</time>
      </trkpt>
      <trkpt lat="42.21772849559783935546875" lon="1.72140578739345073699951171875">
        <ele>1291</ele>
        <time>2026-09-03T07:43:41.000Z</time>
      </trkpt>
      <trkpt lat="42.21772849559783935546875" lon="1.72140578739345073699951171875">
        <ele>1291</ele>
        <time>2026-09-03T07:43:47.000Z</time>
      </trkpt>
      <trkpt lat="42.21772849559783935546875" lon="1.72140578739345073699951171875">
        <ele>1291</ele>
        <time>2026-09-03T07:43:51.000Z</time>
      </trkpt>
      <trkpt lat="42.21772849559783935546875" lon="1.72140578739345073699951171875">
        <ele>1291</ele>
        <time>2026-09-03T07:43:57.000Z</time>
      </trkpt>
      <trkpt lat="42.21772849559783935546875" lon="1.72140578739345073699951171875">
        <ele>1290.800048828125</ele>
        <time>2026-09-03T07:43:58.000Z</time>
      </trkpt>
      <trkpt lat="42.2177219577133655548095703125" lon="1.72140679322183132171630859375">
        <ele>1290.800048828125</ele>
        <time>2026-09-03T07:43:59.000Z</time>
      </trkpt>
      <trkpt lat="42.21771768294274806976318359375" lon="1.72140344046056270599365234375">
        <ele>1290.4000244140625</ele>
        <time>2026-09-03T07:44:01.000Z</time>
      </trkpt>
      <trkpt lat="42.21771131269633769989013671875" lon="1.72141182236373424530029296875">
        <ele>1290</ele>
        <time>2026-09-03T07:44:03.000Z</time>
      </trkpt>
      <trkpt lat="42.21769966185092926025390625" lon="1.7214157618582248687744140625">
        <ele>1289.4000244140625</ele>
        <time>2026-09-03T07:44:06.000Z</time>
      </trkpt>
      <trkpt lat="42.21769957803189754486083984375" lon="1.7214144207537174224853515625">
        <ele>1289.199951171875</ele>
        <time>2026-09-03T07:44:07.000Z</time>
      </trkpt>
      <trkpt lat="42.2176994942128658294677734375" lon="1.72141450457274913787841796875">
        <ele>1289</ele>
        <time>2026-09-03T07:44:09.000Z</time>
      </trkpt>
      <trkpt lat="42.2176994942128658294677734375" lon="1.72141450457274913787841796875">
        <ele>1289</ele>
        <time>2026-09-03T07:44:10.000Z</time>
      </trkpt>
      <trkpt lat="42.2176954708993434906005859375" lon="1.721418611705303192138671875">
        <ele>1289.199951171875</ele>
        <time>2026-09-03T07:44:11.000Z</time>
      </trkpt>
      <trkpt lat="42.2176994942128658294677734375" lon="1.72141450457274913787841796875">
        <ele>1288.800048828125</ele>
        <time>2026-09-03T07:44:16.000Z</time>
      </trkpt>
      <trkpt lat="42.217690609395503997802734375" lon="1.72142255119979381561279296875">
        <ele>1288.4000244140625</ele>
        <time>2026-09-03T07:44:22.000Z</time>
      </trkpt>
      <trkpt lat="42.2176708281040191650390625" lon="1.72144685871899127960205078125">
        <ele>1287.800048828125</ele>
        <time>2026-09-03T07:44:25.000Z</time>
      </trkpt>
      <trkpt lat="42.21766588278114795684814453125" lon="1.72145708464086055755615234375">
        <ele>1287.199951171875</ele>
        <time>2026-09-03T07:44:27.000Z</time>
      </trkpt>
      <trkpt lat="42.21763755194842815399169921875" lon="1.721476614475250244140625">
        <ele>1286.4000244140625</ele>
        <time>2026-09-03T07:44:32.000Z</time>
      </trkpt>
      <trkpt lat="42.21763906069099903106689453125" lon="1.72147586010396480560302734375">
        <ele>1286.4000244140625</ele>
        <time>2026-09-03T07:44:38.000Z</time>
      </trkpt>
      <trkpt lat="42.21763906069099903106689453125" lon="1.72147586010396480560302734375">
        <ele>1286.199951171875</ele>
        <time>2026-09-03T07:44:42.000Z</time>
      </trkpt>
      <trkpt lat="42.21763906069099903106689453125" lon="1.72147586010396480560302734375">
        <ele>1286</ele>
        <time>2026-09-03T07:44:48.000Z</time>
      </trkpt>
      <trkpt lat="42.21763906069099903106689453125" lon="1.72147586010396480560302734375">
        <ele>1285.800048828125</ele>
        <time>2026-09-03T07:44:54.000Z</time>
      </trkpt>
      <trkpt lat="42.21762380562722682952880859375" lon="1.72148130834102630615234375">
        <ele>1286.4000244140625</ele>
        <time>2026-09-03T07:44:59.000Z</time>
      </trkpt>
      <trkpt lat="42.21758441068232059478759765625" lon="1.72144501470029354095458984375">
        <ele>1285.5999755859375</ele>
        <time>2026-09-03T07:45:05.000Z</time>
      </trkpt>
      <trkpt lat="42.2175808064639568328857421875" lon="1.721440069377422332763671875">
        <ele>1285.4000244140625</ele>
        <time>2026-09-03T07:45:06.000Z</time>
      </trkpt>
      <trkpt lat="42.21757468767464160919189453125" lon="1.72143646515905857086181640625">
        <ele>1285.199951171875</ele>
        <time>2026-09-03T07:45:07.000Z</time>
      </trkpt>
      <trkpt lat="42.21754417754709720611572265625" lon="1.7213993333280086517333984375">
        <ele>1285</ele>
        <time>2026-09-03T07:45:13.000Z</time>
      </trkpt>
      <trkpt lat="42.21753763966262340545654296875" lon="1.7213939689099788665771484375">
        <ele>1284.800048828125</ele>
        <time>2026-09-03T07:45:14.000Z</time>
      </trkpt>
      <trkpt lat="42.21751785837113857269287109375" lon="1.72135868109762668609619140625">
        <ele>1284.199951171875</ele>
        <time>2026-09-03T07:45:18.000Z</time>
      </trkpt>
      <trkpt lat="42.2175152599811553955078125" lon="1.7213490419089794158935546875">
        <ele>1284</ele>
        <time>2026-09-03T07:45:19.000Z</time>
      </trkpt>
      <trkpt lat="42.21750360913574695587158203125" lon="1.72131895087659358978271484375">
        <ele>1283.5999755859375</ele>
        <time>2026-09-03T07:45:25.000Z</time>
      </trkpt>
      <trkpt lat="42.21750360913574695587158203125" lon="1.72131878323853015899658203125">
        <ele>1283.800048828125</ele>
        <time>2026-09-03T07:45:31.000Z</time>
      </trkpt>
      <trkpt lat="42.21750360913574695587158203125" lon="1.72131878323853015899658203125">
        <ele>1284</ele>
        <time>2026-09-03T07:45:34.000Z</time>
      </trkpt>
      <trkpt lat="42.21750360913574695587158203125" lon="1.72131878323853015899658203125">
        <ele>1284</ele>
        <time>2026-09-03T07:45:35.000Z</time>
      </trkpt>
      <trkpt lat="42.21750360913574695587158203125" lon="1.72131878323853015899658203125">
        <ele>1283.800048828125</ele>
        <time>2026-09-03T07:45:38.000Z</time>
      </trkpt>
      <trkpt lat="42.21750360913574695587158203125" lon="1.72131878323853015899658203125">
        <ele>1283.800048828125</ele>
        <time>2026-09-03T07:45:44.000Z</time>
      </trkpt>
      <trkpt lat="42.21750360913574695587158203125" lon="1.72131878323853015899658203125">
        <ele>1284</ele>
        <time>2026-09-03T07:45:49.000Z</time>
      </trkpt>
      <trkpt lat="42.2175010107457637786865234375" lon="1.72131224535405635833740234375">
        <ele>1283.5999755859375</ele>
        <time>2026-09-03T07:45:54.000Z</time>
      </trkpt>
      <trkpt lat="42.217476367950439453125" lon="1.72128014266490936279296875">
        <ele>1283.5999755859375</ele>
        <time>2026-09-03T07:45:58.000Z</time>
      </trkpt>
      <trkpt lat="42.21745918504893779754638671875" lon="1.72125860117375850677490234375">
        <ele>1283.199951171875</ele>
        <time>2026-09-03T07:46:02.000Z</time>
      </trkpt>
      <trkpt lat="42.21745164133608341217041015625" lon="1.72126078046858310699462890625">
        <ele>1282.800048828125</ele>
        <time>2026-09-03T07:46:04.000Z</time>
      </trkpt>
      <trkpt lat="42.2174235619604587554931640625" lon="1.72122792340815067291259765625">
        <ele>1282.800048828125</ele>
        <time>2026-09-03T07:46:08.000Z</time>
      </trkpt>
      <trkpt lat="42.2173806466162204742431640625" lon="1.72119431197643280029296875">
        <ele>1282.5999755859375</ele>
        <time>2026-09-03T07:46:13.000Z</time>
      </trkpt>
      <trkpt lat="42.21732960082590579986572265625" lon="1.721161119639873504638671875">
        <ele>1282.4000244140625</ele>
        <time>2026-09-03T07:46:19.000Z</time>
      </trkpt>
      <trkpt lat="42.21728567965328693389892578125" lon="1.721127927303314208984375">
        <ele>1282.5999755859375</ele>
        <time>2026-09-03T07:46:24.000Z</time>
      </trkpt>
      <trkpt lat="42.217237316071987152099609375" lon="1.721096746623516082763671875">
        <ele>1282.800048828125</ele>
        <time>2026-09-03T07:46:30.000Z</time>
      </trkpt>
      <trkpt lat="42.21722491085529327392578125" lon="1.72108995728194713592529296875">
        <ele>1283</ele>
        <time>2026-09-03T07:46:31.000Z</time>
      </trkpt>
      <trkpt lat="42.21717436797916889190673828125" lon="1.72103430144488811492919921875">
        <ele>1283.4000244140625</ele>
        <time>2026-09-03T07:46:37.000Z</time>
      </trkpt>
      <trkpt lat="42.21713631413877010345458984375" lon="1.72100982628762722015380859375">
        <ele>1283.4000244140625</ele>
        <time>2026-09-03T07:46:42.000Z</time>
      </trkpt>
      <trkpt lat="42.2171023674309253692626953125" lon="1.72099825926125049591064453125">
        <ele>1283.4000244140625</ele>
        <time>2026-09-03T07:46:46.000Z</time>
      </trkpt>
      <trkpt lat="42.2170939855277538299560546875" lon="1.7210003547370433807373046875">
        <ele>1283.4000244140625</ele>
        <time>2026-09-03T07:46:47.000Z</time>
      </trkpt>
      <trkpt lat="42.217083759605884552001953125" lon="1.72099960036575794219970703125">
        <ele>1283.4000244140625</ele>
        <time>2026-09-03T07:46:48.000Z</time>
      </trkpt>
      <trkpt lat="42.21703187562525272369384765625" lon="1.7209742031991481781005859375">
        <ele>1283.199951171875</ele>
        <time>2026-09-03T07:46:54.000Z</time>
      </trkpt>
      <trkpt lat="42.2170239128172397613525390625" lon="1.72097328118979930877685546875">
        <ele>1283.199951171875</ele>
        <time>2026-09-03T07:46:55.000Z</time>
      </trkpt>
      <trkpt lat="42.21698778681457042694091796875" lon="1.72096137888729572296142578125">
        <ele>1283.800048828125</ele>
        <time>2026-09-03T07:47:01.000Z</time>
      </trkpt>
      <trkpt lat="42.216985188424587249755859375" lon="1.720961965620517730712890625">
        <ele>1283.800048828125</ele>
        <time>2026-09-03T07:47:02.000Z</time>
      </trkpt>
      <trkpt lat="42.2169788181781768798828125" lon="1.72096489928662776947021484375">
        <ele>1284.199951171875</ele>
        <time>2026-09-03T07:47:04.000Z</time>
      </trkpt>
      <trkpt lat="42.21695266664028167724609375" lon="1.7209708504378795623779296875">
        <ele>1284.4000244140625</ele>
        <time>2026-09-03T07:47:08.000Z</time>
      </trkpt>
      <trkpt lat="42.21691452898085117340087890625" lon="1.720985434949398040771484375">
        <ele>1284.199951171875</ele>
        <time>2026-09-03T07:47:14.000Z</time>
      </trkpt>
      <trkpt lat="42.216885946691036224365234375" lon="1.72098719514906406402587890625">
        <ele>1284.800048828125</ele>
        <time>2026-09-03T07:47:17.000Z</time>
      </trkpt>
      <trkpt lat="42.21687764860689640045166015625" lon="1.72098350711166858673095703125">
        <ele>1284.800048828125</ele>
        <time>2026-09-03T07:47:18.000Z</time>
      </trkpt>
      <trkpt lat="42.21686155535280704498291015625" lon="1.7209763824939727783203125">
        <ele>1285</ele>
        <time>2026-09-03T07:47:20.000Z</time>
      </trkpt>
      <trkpt lat="42.21686071716248989105224609375" lon="1.7209708504378795623779296875">
        <ele>1285</ele>
        <time>2026-09-03T07:47:21.000Z</time>
      </trkpt>
      <trkpt lat="42.216859124600887298583984375" lon="1.7209671624004840850830078125">
        <ele>1285</ele>
        <time>2026-09-03T07:47:27.000Z</time>
      </trkpt>
      <trkpt lat="42.216859124600887298583984375" lon="1.7209671624004840850830078125">
        <ele>1285</ele>
        <time>2026-09-03T07:47:28.000Z</time>
      </trkpt>
      <trkpt lat="42.21685669384896755218505859375" lon="1.72096431255340576171875">
        <ele>1284.800048828125</ele>
        <time>2026-09-03T07:47:33.000Z</time>
      </trkpt>
      <trkpt lat="42.216832302510738372802734375" lon="1.72095467336475849151611328125">
        <ele>1285.4000244140625</ele>
        <time>2026-09-03T07:47:37.000Z</time>
      </trkpt>
      <trkpt lat="42.21678326837718486785888671875" lon="1.7209356464445590972900390625">
        <ele>1286.4000244140625</ele>
        <time>2026-09-03T07:47:43.000Z</time>
      </trkpt>
      <trkpt lat="42.21677354536950588226318359375" lon="1.720927096903324127197265625">
        <ele>1286.800048828125</ele>
        <time>2026-09-03T07:47:45.000Z</time>
      </trkpt>
      <trkpt lat="42.21673347987234592437744140625" lon="1.7209071479737758636474609375">
        <ele>1287.199951171875</ele>
        <time>2026-09-03T07:47:50.000Z</time>
      </trkpt>
      <trkpt lat="42.216682098805904388427734375" lon="1.7208920605480670928955078125">
        <ele>1287.4000244140625</ele>
        <time>2026-09-03T07:47:55.000Z</time>
      </trkpt>
      <trkpt lat="42.216674387454986572265625" lon="1.720882169902324676513671875">
        <ele>1287.5999755859375</ele>
        <time>2026-09-03T07:47:56.000Z</time>
      </trkpt>
      <trkpt lat="42.21664748154580593109130859375" lon="1.72081318683922290802001953125">
        <ele>1287.800048828125</ele>
        <time>2026-09-03T07:48:02.000Z</time>
      </trkpt>
      <trkpt lat="42.21664161421358585357666015625" lon="1.72080581076443195343017578125">
        <ele>1287.5999755859375</ele>
        <time>2026-09-03T07:48:03.000Z</time>
      </trkpt>
      <trkpt lat="42.21663323231041431427001953125" lon="1.720798015594482421875">
        <ele>1287.5999755859375</ele>
        <time>2026-09-03T07:48:04.000Z</time>
      </trkpt>
      <trkpt lat="42.21658797003328800201416015625" lon="1.72074110247194766998291015625">
        <ele>1287.199951171875</ele>
        <time>2026-09-03T07:48:09.000Z</time>
      </trkpt>
      <trkpt lat="42.2165786661207675933837890625" lon="1.720717884600162506103515625">
        <ele>1286.4000244140625</ele>
        <time>2026-09-03T07:48:13.000Z</time>
      </trkpt>
      <trkpt lat="42.21657874993979930877685546875" lon="1.72072635032236576080322265625">
        <ele>1286</ele>
        <time>2026-09-03T07:48:15.000Z</time>
      </trkpt>
      <trkpt lat="42.21657874993979930877685546875" lon="1.72072635032236576080322265625">
        <ele>1286</ele>
        <time>2026-09-03T07:48:21.000Z</time>
      </trkpt>
      <trkpt lat="42.21657874993979930877685546875" lon="1.72072635032236576080322265625">
        <ele>1286.199951171875</ele>
        <time>2026-09-03T07:48:23.000Z</time>
      </trkpt>
      <trkpt lat="42.21657874993979930877685546875" lon="1.72072635032236576080322265625">
        <ele>1286.199951171875</ele>
        <time>2026-09-03T07:48:26.000Z</time>
      </trkpt>
      <trkpt lat="42.216576822102069854736328125" lon="1.72072484157979488372802734375">
        <ele>1286</ele>
        <time>2026-09-03T07:48:27.000Z</time>
      </trkpt>
      <trkpt lat="42.21655326895415782928466796875" lon="1.7206912301480770111083984375">
        <ele>1286.4000244140625</ele>
        <time>2026-09-03T07:48:31.000Z</time>
      </trkpt>
      <trkpt lat="42.2165344096720218658447265625" lon="1.7206731252372264862060546875">
        <ele>1286.800048828125</ele>
        <time>2026-09-03T07:48:34.000Z</time>
      </trkpt>
      <trkpt lat="42.2165246866643428802490234375" lon="1.72066214494407176971435546875">
        <ele>1286.800048828125</ele>
        <time>2026-09-03T07:48:35.000Z</time>
      </trkpt>
      <trkpt lat="42.216518819332122802734375" lon="1.72065979801118373870849609375">
        <ele>1286.5999755859375</ele>
        <time>2026-09-03T07:48:36.000Z</time>
      </trkpt>
      <trkpt lat="42.2164925001561641693115234375" lon="1.7206338979303836822509765625">
        <ele>1285.199951171875</ele>
        <time>2026-09-03T07:48:40.000Z</time>
      </trkpt>
      <trkpt lat="42.21646408550441265106201171875" lon="1.7206121049821376800537109375">
        <ele>1284.800048828125</ele>
        <time>2026-09-03T07:48:43.000Z</time>
      </trkpt>
      <trkpt lat="42.21642184071242809295654296875" lon="1.72054949216544628143310546875">
        <ele>1285</ele>
        <time>2026-09-03T07:48:49.000Z</time>
      </trkpt>
      <trkpt lat="42.216408513486385345458984375" lon="1.7205284535884857177734375">
        <ele>1284.800048828125</ele>
        <time>2026-09-03T07:48:51.000Z</time>
      </trkpt>
      <trkpt lat="42.21636652015149593353271484375" lon="1.720462404191493988037109375">
        <ele>1285.199951171875</ele>
        <time>2026-09-03T07:48:57.000Z</time>
      </trkpt>
      <trkpt lat="42.2163511812686920166015625" lon="1.72044086270034313201904296875">
        <ele>1285</ele>
        <time>2026-09-03T07:48:59.000Z</time>
      </trkpt>
      <trkpt lat="42.216341793537139892578125" lon="1.720408089458942413330078125">
        <ele>1284.4000244140625</ele>
        <time>2026-09-03T07:49:05.000Z</time>
      </trkpt>
      <trkpt lat="42.216341793537139892578125" lon="1.720408089458942413330078125">
        <ele>1284.199951171875</ele>
        <time>2026-09-03T07:49:06.000Z</time>
      </trkpt>
      <trkpt lat="42.216341793537139892578125" lon="1.720408089458942413330078125">
        <ele>1284.199951171875</ele>
        <time>2026-09-03T07:49:10.000Z</time>
      </trkpt>
      <trkpt lat="42.216341793537139892578125" lon="1.720408089458942413330078125">
        <ele>1285</ele>
        <time>2026-09-03T07:49:16.000Z</time>
      </trkpt>
      <trkpt lat="42.216341793537139892578125" lon="1.720408089458942413330078125">
        <ele>1285</ele>
        <time>2026-09-03T07:49:18.000Z</time>
      </trkpt>
      <trkpt lat="42.21634221263229846954345703125" lon="1.72040498815476894378662109375">
        <ele>1284.800048828125</ele>
        <time>2026-09-03T07:49:21.000Z</time>
      </trkpt>
      <trkpt lat="42.216337434947490692138671875" lon="1.7203891463577747344970703125">
        <ele>1285.199951171875</ele>
        <time>2026-09-03T07:49:23.000Z</time>
      </trkpt>
      <trkpt lat="42.2163315676152706146240234375" lon="1.72035218216478824615478515625">
        <ele>1286</ele>
        <time>2026-09-03T07:49:26.000Z</time>
      </trkpt>
      <trkpt lat="42.21632301807403564453125" lon="1.7202764935791492462158203125">
        <ele>1285.800048828125</ele>
        <time>2026-09-03T07:49:32.000Z</time>
      </trkpt>
      <trkpt lat="42.21632192842662334442138671875" lon="1.72026224434375762939453125">
        <ele>1285.5999755859375</ele>
        <time>2026-09-03T07:49:33.000Z</time>
      </trkpt>
      <trkpt lat="42.21631170250475406646728515625" lon="1.72019393183290958404541015625">
        <ele>1285</ele>
        <time>2026-09-03T07:49:39.000Z</time>
      </trkpt>
      <trkpt lat="42.21629292704164981842041015625" lon="1.7201568000018596649169921875">
        <ele>1285.199951171875</ele>
        <time>2026-09-03T07:49:41.000Z</time>
      </trkpt>
      <trkpt lat="42.2162383608520030975341796875" lon="1.72010441310703754425048828125">
        <ele>1285.199951171875</ele>
        <time>2026-09-03T07:49:47.000Z</time>
      </trkpt>
      <trkpt lat="42.216212041676044464111328125" lon="1.7200858891010284423828125">
        <ele>1285.4000244140625</ele>
        <time>2026-09-03T07:49:50.000Z</time>
      </trkpt>
      <trkpt lat="42.21620374359190464019775390625" lon="1.7200796864926815032958984375">
        <ele>1285.4000244140625</ele>
        <time>2026-09-03T07:49:51.000Z</time>
      </trkpt>
      <trkpt lat="42.21615445800125598907470703125" lon="1.7200696282088756561279296875">
        <ele>1285.800048828125</ele>
        <time>2026-09-03T07:49:56.000Z</time>
      </trkpt>
      <trkpt lat="42.2161230258643627166748046875" lon="1.720069460570812225341796875">
        <ele>1285.800048828125</ele>
        <time>2026-09-03T07:49:59.000Z</time>
      </trkpt>
      <trkpt lat="42.2160697169601917266845703125" lon="1.72007423825562000274658203125">
        <ele>1286</ele>
        <time>2026-09-03T07:50:04.000Z</time>
      </trkpt>
      <trkpt lat="42.2160516120493412017822265625" lon="1.7200880683958530426025390625">
        <ele>1286</ele>
        <time>2026-09-03T07:50:07.000Z</time>
      </trkpt>
      <trkpt lat="42.216025292873382568359375" lon="1.72009033150970935821533203125">
        <ele>1286.199951171875</ele>
        <time>2026-09-03T07:50:10.000Z</time>
      </trkpt>
      <trkpt lat="42.215982042253017425537109375" lon="1.72006736509501934051513671875">
        <ele>1286.800048828125</ele>
        <time>2026-09-03T07:50:15.000Z</time>
      </trkpt>
      <trkpt lat="42.21597122959792613983154296875" lon="1.72006250359117984771728515625">
        <ele>1287</ele>
        <time>2026-09-03T07:50:17.000Z</time>
      </trkpt>
      <trkpt lat="42.21597709693014621734619140625" lon="1.720061413943767547607421875">
        <ele>1287.5999755859375</ele>
        <time>2026-09-03T07:50:19.000Z</time>
      </trkpt>
      <trkpt lat="42.215974330902099609375" lon="1.72005998902022838592529296875">
        <ele>1288.4000244140625</ele>
        <time>2026-09-03T07:50:21.000Z</time>
      </trkpt>
      <trkpt lat="42.215969301760196685791015625" lon="1.7200578935444355010986328125">
        <ele>1288.800048828125</ele>
        <time>2026-09-03T07:50:22.000Z</time>
      </trkpt>
      <trkpt lat="42.21596452407538890838623046875" lon="1.7200562171638011932373046875">
        <ele>1288.4000244140625</ele>
        <time>2026-09-03T07:50:27.000Z</time>
      </trkpt>
      <trkpt lat="42.21595983020961284637451171875" lon="1.7200542055070400238037109375">
        <ele>1288.4000244140625</ele>
        <time>2026-09-03T07:50:29.000Z</time>
      </trkpt>
      <trkpt lat="42.21590534783899784088134765625" lon="1.72006434760987758636474609375">
        <ele>1289</ele>
        <time>2026-09-03T07:50:35.000Z</time>
      </trkpt>
      <trkpt lat="42.2158477641642093658447265625" lon="1.72006904147565364837646484375">
        <ele>1289.4000244140625</ele>
        <time>2026-09-03T07:50:41.000Z</time>
      </trkpt>
      <trkpt lat="42.21583393402397632598876953125" lon="1.7200599052011966705322265625">
        <ele>1289.800048828125</ele>
        <time>2026-09-03T07:50:43.000Z</time>
      </trkpt>
      <trkpt lat="42.2157986462116241455078125" lon="1.720053367316722869873046875">
        <ele>1291</ele>
        <time>2026-09-03T07:50:48.000Z</time>
      </trkpt>
      <trkpt lat="42.21578481607139110565185546875" lon="1.7200508527457714080810546875">
        <ele>1291.199951171875</ele>
        <time>2026-09-03T07:50:50.000Z</time>
      </trkpt>
      <trkpt lat="42.21573402173817157745361328125" lon="1.72001103870570659637451171875">
        <ele>1292</ele>
        <time>2026-09-03T07:50:55.000Z</time>
      </trkpt>
      <trkpt lat="42.215727902948856353759765625" lon="1.71999938786029815673828125">
        <ele>1292</ele>
        <time>2026-09-03T07:50:56.000Z</time>
      </trkpt>
      <trkpt lat="42.2157066129148006439208984375" lon="1.71997432596981525421142578125">
        <ele>1291.800048828125</ele>
        <time>2026-09-03T07:50:59.000Z</time>
      </trkpt>
      <trkpt lat="42.215671576559543609619140625" lon="1.71995756216347217559814453125">
        <ele>1291.5999755859375</ele>
        <time>2026-09-03T07:51:03.000Z</time>
      </trkpt>
      <trkpt lat="42.21564467065036296844482421875" lon="1.71993945725262165069580078125">
        <ele>1292.5999755859375</ele>
        <time>2026-09-03T07:51:06.000Z</time>
      </trkpt>
      <trkpt lat="42.21562572754919528961181640625" lon="1.7199264653027057647705078125">
        <ele>1293.199951171875</ele>
        <time>2026-09-03T07:51:08.000Z</time>
      </trkpt>
      <trkpt lat="42.21558851189911365509033203125" lon="1.71988539397716522216796875">
        <ele>1294</ele>
        <time>2026-09-03T07:51:14.000Z</time>
      </trkpt>
      <trkpt lat="42.2155792079865932464599609375" lon="1.71987508423626422882080078125">
        <ele>1294.199951171875</ele>
        <time>2026-09-03T07:51:15.000Z</time>
      </trkpt>
      <trkpt lat="42.21554316580295562744140625" lon="1.71982261352241039276123046875">
        <ele>1295.199951171875</ele>
        <time>2026-09-03T07:51:21.000Z</time>
      </trkpt>
      <trkpt lat="42.2155346162617206573486328125" lon="1.71978942118585109710693359375">
        <ele>1295.4000244140625</ele>
        <time>2026-09-03T07:51:24.000Z</time>
      </trkpt>
      <trkpt lat="42.21551676280796527862548828125" lon="1.71976310200989246368408203125">
        <ele>1295.4000244140625</ele>
        <time>2026-09-03T07:51:27.000Z</time>
      </trkpt>
      <trkpt lat="42.21548725850880146026611328125" lon="1.71972303651273250579833984375">
        <ele>1296.4000244140625</ele>
        <time>2026-09-03T07:51:32.000Z</time>
      </trkpt>
      <trkpt lat="42.21545708365738391876220703125" lon="1.71971230767667293548583984375">
        <ele>1297</ele>
        <time>2026-09-03T07:51:36.000Z</time>
      </trkpt>
      <trkpt lat="42.2154142521321773529052734375" lon="1.719681881368160247802734375">
        <ele>1297.199951171875</ele>
        <time>2026-09-03T07:51:42.000Z</time>
      </trkpt>
      <trkpt lat="42.215396650135517120361328125" lon="1.71967618167400360107421875">
        <ele>1297.5999755859375</ele>
        <time>2026-09-03T07:51:44.000Z</time>
      </trkpt>
      <trkpt lat="42.21536203287541866302490234375" lon="1.719652377068996429443359375">
        <ele>1298.5999755859375</ele>
        <time>2026-09-03T07:51:48.000Z</time>
      </trkpt>
      <trkpt lat="42.21533638425171375274658203125" lon="1.71963066793978214263916015625">
        <ele>1299.199951171875</ele>
        <time>2026-09-03T07:51:52.000Z</time>
      </trkpt>
      <trkpt lat="42.21529916860163211822509765625" lon="1.7196143232285976409912109375">
        <ele>1299.4000244140625</ele>
        <time>2026-09-03T07:51:58.000Z</time>
      </trkpt>
      <trkpt lat="42.21529095433652400970458984375" lon="1.71960468403995037078857421875">
        <ele>1299.5999755859375</ele>
        <time>2026-09-03T07:51:59.000Z</time>
      </trkpt>
      <trkpt lat="42.2152824886143207550048828125" lon="1.7195958830416202545166015625">
        <ele>1299.800048828125</ele>
        <time>2026-09-03T07:52:00.000Z</time>
      </trkpt>
      <trkpt lat="42.2152425907552242279052734375" lon="1.71955288387835025787353515625">
        <ele>1300.4000244140625</ele>
        <time>2026-09-03T07:52:06.000Z</time>
      </trkpt>
      <trkpt lat="42.21523605287075042724609375" lon="1.71954299323260784149169921875">
        <ele>1300.5999755859375</ele>
        <time>2026-09-03T07:52:07.000Z</time>
      </trkpt>
      <trkpt lat="42.2152298502624034881591796875" lon="1.7195365391671657562255859375">
        <ele>1300.800048828125</ele>
        <time>2026-09-03T07:52:08.000Z</time>
      </trkpt>
      <trkpt lat="42.21519724465906620025634765625" lon="1.7194798775017261505126953125">
        <ele>1301.4000244140625</ele>
        <time>2026-09-03T07:52:14.000Z</time>
      </trkpt>
      <trkpt lat="42.21518416889011859893798828125" lon="1.7194480262696743011474609375">
        <ele>1301.4000244140625</ele>
        <time>2026-09-03T07:52:17.000Z</time>
      </trkpt>
      <trkpt lat="42.21517570316791534423828125" lon="1.7194265685975551605224609375">
        <ele>1301.800048828125</ele>
        <time>2026-09-03T07:52:19.000Z</time>
      </trkpt>
      <trkpt lat="42.2151456959545612335205078125" lon="1.71936512924730777740478515625">
        <ele>1302.800048828125</ele>
        <time>2026-09-03T07:52:25.000Z</time>
      </trkpt>
      <trkpt lat="42.215142510831356048583984375" lon="1.71935440041124820709228515625">
        <ele>1303</ele>
        <time>2026-09-03T07:52:26.000Z</time>
      </trkpt>
      <trkpt lat="42.2151151858270168304443359375" lon="1.7192941345274448394775390625">
        <ele>1304</ele>
        <time>2026-09-03T07:52:32.000Z</time>
      </trkpt>
      <trkpt lat="42.2151101566851139068603515625" lon="1.71928164549171924591064453125">
        <ele>1304</ele>
        <time>2026-09-03T07:52:33.000Z</time>
      </trkpt>
      <trkpt lat="42.2150843404233455657958984375" lon="1.7192109860479831695556640625">
        <ele>1304.4000244140625</ele>
        <time>2026-09-03T07:52:39.000Z</time>
      </trkpt>
      <trkpt lat="42.215075455605983734130859375" lon="1.719185002148151397705078125">
        <ele>1305</ele>
        <time>2026-09-03T07:52:41.000Z</time>
      </trkpt>
      <trkpt lat="42.2150715999305248260498046875" lon="1.71917486004531383514404296875">
        <ele>1305.199951171875</ele>
        <time>2026-09-03T07:52:42.000Z</time>
      </trkpt>
      <trkpt lat="42.21505676396191120147705078125" lon="1.71911157667636871337890625">
        <ele>1306.199951171875</ele>
        <time>2026-09-03T07:52:47.000Z</time>
      </trkpt>
      <trkpt lat="42.21504695713520050048828125" lon="1.71907394193112850189208984375">
        <ele>1306.4000244140625</ele>
        <time>2026-09-03T07:52:50.000Z</time>
      </trkpt>
      <trkpt lat="42.21504150889813899993896484375" lon="1.7190071381628513336181640625">
        <ele>1306.5999755859375</ele>
        <time>2026-09-03T07:52:56.000Z</time>
      </trkpt>
      <trkpt lat="42.21504318527877330780029296875" lon="1.718983836472034454345703125">
        <ele>1307</ele>
        <time>2026-09-03T07:52:58.000Z</time>
      </trkpt>
      <trkpt lat="42.2150457836687564849853515625" lon="1.71895374543964862823486328125">
        <ele>1307.199951171875</ele>
        <time>2026-09-03T07:53:01.000Z</time>
      </trkpt>
      <trkpt lat="42.21504771150648593902587890625" lon="1.71893379651010036468505859375">
        <ele>1307.4000244140625</ele>
        <time>2026-09-03T07:53:03.000Z</time>
      </trkpt>
      <trkpt lat="42.21505491994321346282958984375" lon="1.71892113983631134033203125">
        <ele>1308.199951171875</ele>
        <time>2026-09-03T07:53:07.000Z</time>
      </trkpt>
      <trkpt lat="42.21505491994321346282958984375" lon="1.71892113983631134033203125">
        <ele>1308.4000244140625</ele>
        <time>2026-09-03T07:53:08.000Z</time>
      </trkpt>
      <trkpt lat="42.21505491994321346282958984375" lon="1.71892113983631134033203125">
        <ele>1308.4000244140625</ele>
        <time>2026-09-03T07:53:14.000Z</time>
      </trkpt>
      <trkpt lat="42.21505491994321346282958984375" lon="1.71892113983631134033203125">
        <ele>1308.4000244140625</ele>
        <time>2026-09-03T07:53:16.000Z</time>
      </trkpt>
      <trkpt lat="42.21505491994321346282958984375" lon="1.71892113983631134033203125">
        <ele>1308.800048828125</ele>
        <time>2026-09-03T07:53:22.000Z</time>
      </trkpt>
      <trkpt lat="42.21505424939095973968505859375" lon="1.718930192291736602783203125">
        <ele>1309</ele>
        <time>2026-09-03T07:53:28.000Z</time>
      </trkpt>
      <trkpt lat="42.21505424939095973968505859375" lon="1.718930192291736602783203125">
        <ele>1309</ele>
        <time>2026-09-03T07:53:29.000Z</time>
      </trkpt>
      <trkpt lat="42.2150384075939655303955078125" lon="1.7189236544072628021240234375">
        <ele>1309.5999755859375</ele>
        <time>2026-09-03T07:53:31.000Z</time>
      </trkpt>
      <trkpt lat="42.215035222470760345458984375" lon="1.7189018614590167999267578125">
        <ele>1310</ele>
        <time>2026-09-03T07:53:33.000Z</time>
      </trkpt>
      <trkpt lat="42.21503530628979206085205078125" lon="1.7188777215778827667236328125">
        <ele>1310</ele>
        <time>2026-09-03T07:53:35.000Z</time>
      </trkpt>
      <trkpt lat="42.2150192968547344207763671875" lon="1.71882860362529754638671875">
        <ele>1310.5999755859375</ele>
        <time>2026-09-03T07:53:40.000Z</time>
      </trkpt>
      <trkpt lat="42.21501703374087810516357421875" lon="1.71881561167538166046142578125">
        <ele>1311</ele>
        <time>2026-09-03T07:53:43.000Z</time>
      </trkpt>
      <trkpt lat="42.21502088941633701324462890625" lon="1.71879549510776996612548828125">
        <ele>1310.5999755859375</ele>
        <time>2026-09-03T07:53:49.000Z</time>
      </trkpt>
      <trkpt lat="42.21503094770014286041259765625" lon="1.7187716066837310791015625">
        <ele>1310.4000244140625</ele>
        <time>2026-09-03T07:53:51.000Z</time>
      </trkpt>
      <trkpt lat="42.21507503651082515716552734375" lon="1.71871838159859180450439453125">
        <ele>1311.199951171875</ele>
        <time>2026-09-03T07:53:57.000Z</time>
      </trkpt>
      <trkpt lat="42.21508224494755268096923828125" lon="1.71870790421962738037109375">
        <ele>1311.199951171875</ele>
        <time>2026-09-03T07:53:58.000Z</time>
      </trkpt>
      <trkpt lat="42.215110994875431060791015625" lon="1.71865451149642467498779296875">
        <ele>1311</ele>
        <time>2026-09-03T07:54:04.000Z</time>
      </trkpt>
      <trkpt lat="42.21512918360531330108642578125" lon="1.7186187207698822021484375">
        <ele>1311.5999755859375</ele>
        <time>2026-09-03T07:54:08.000Z</time>
      </trkpt>
      <trkpt lat="42.21514217555522918701171875" lon="1.718596927821636199951171875">
        <ele>1311.800048828125</ele>
        <time>2026-09-03T07:54:11.000Z</time>
      </trkpt>
      <trkpt lat="42.215167991816997528076171875" lon="1.71855627559125423431396484375">
        <ele>1312.4000244140625</ele>
        <time>2026-09-03T07:54:15.000Z</time>
      </trkpt>
      <trkpt lat="42.21519674174487590789794921875" lon="1.71849525533616542816162109375">
        <ele>1312.5999755859375</ele>
        <time>2026-09-03T07:54:19.000Z</time>
      </trkpt>
      <trkpt lat="42.2152031958103179931640625" lon="1.71848201192915439605712890625">
        <ele>1312.800048828125</ele>
        <time>2026-09-03T07:54:20.000Z</time>
      </trkpt>
      <trkpt lat="42.21521032042801380157470703125" lon="1.71846793033182621002197265625">
        <ele>1312.800048828125</ele>
        <time>2026-09-03T07:54:21.000Z</time>
      </trkpt>
      <trkpt lat="42.21523328684270381927490234375" lon="1.71843121759593486785888671875">
        <ele>1313</ele>
        <time>2026-09-03T07:54:24.000Z</time>
      </trkpt>
      <trkpt lat="42.2152620367705821990966796875" lon="1.71839282847940921783447265625">
        <ele>1313.4000244140625</ele>
        <time>2026-09-03T07:54:30.000Z</time>
      </trkpt>
      <trkpt lat="42.21525860019028186798095703125" lon="1.71837656758725643157958984375">
        <ele>1313.800048828125</ele>
        <time>2026-09-03T07:54:32.000Z</time>
      </trkpt>
      <trkpt lat="42.21526245586574077606201171875" lon="1.718375645577907562255859375">
        <ele>1313.800048828125</ele>
        <time>2026-09-03T07:54:35.000Z</time>
      </trkpt>
      <trkpt lat="42.21526245586574077606201171875" lon="1.718375645577907562255859375">
        <ele>1313.4000244140625</ele>
        <time>2026-09-03T07:54:37.000Z</time>
      </trkpt>
      <trkpt lat="42.21526245586574077606201171875" lon="1.718375645577907562255859375">
        <ele>1313.199951171875</ele>
        <time>2026-09-03T07:54:40.000Z</time>
      </trkpt>
      <trkpt lat="42.21526245586574077606201171875" lon="1.718375645577907562255859375">
        <ele>1313</ele>
        <time>2026-09-03T07:54:46.000Z</time>
      </trkpt>
      <trkpt lat="42.21526245586574077606201171875" lon="1.718375645577907562255859375">
        <ele>1313.199951171875</ele>
        <time>2026-09-03T07:54:50.000Z</time>
      </trkpt>
      <trkpt lat="42.21526245586574077606201171875" lon="1.718375645577907562255859375">
        <ele>1313.199951171875</ele>
        <time>2026-09-03T07:54:56.000Z</time>
      </trkpt>
      <trkpt lat="42.21526245586574077606201171875" lon="1.718375645577907562255859375">
        <ele>1313.5999755859375</ele>
        <time>2026-09-03T07:55:02.000Z</time>
      </trkpt>
      <trkpt lat="42.21526245586574077606201171875" lon="1.718375645577907562255859375">
        <ele>1313.5999755859375</ele>
        <time>2026-09-03T07:55:05.000Z</time>
      </trkpt>
      <trkpt lat="42.2152764536440372467041015625" lon="1.7183100990951061248779296875">
        <ele>1314.800048828125</ele>
        <time>2026-09-03T07:55:11.000Z</time>
      </trkpt>
      <trkpt lat="42.21530922688543796539306640625" lon="1.718240194022655487060546875">
        <ele>1314.4000244140625</ele>
        <time>2026-09-03T07:55:16.000Z</time>
      </trkpt>
      <trkpt lat="42.21532532013952732086181640625" lon="1.71821580268442630767822265625">
        <ele>1314.4000244140625</ele>
        <time>2026-09-03T07:55:18.000Z</time>
      </trkpt>
      <trkpt lat="42.21535163931548595428466796875" lon="1.71818629838526248931884765625">
        <ele>1314.5999755859375</ele>
        <time>2026-09-03T07:55:21.000Z</time>
      </trkpt>
      <trkpt lat="42.2153629548847675323486328125" lon="1.71818629838526248931884765625">
        <ele>1314.5999755859375</ele>
        <time>2026-09-03T07:55:26.000Z</time>
      </trkpt>
      <trkpt lat="42.21536815166473388671875" lon="1.71817950904369354248046875">
        <ele>1314.800048828125</ele>
        <time>2026-09-03T07:55:27.000Z</time>
      </trkpt>
      <trkpt lat="42.215382568538188934326171875" lon="1.71814103610813617706298828125">
        <ele>1314.5999755859375</ele>
        <time>2026-09-03T07:55:33.000Z</time>
      </trkpt>
      <trkpt lat="42.21537862904369831085205078125" lon="1.7181370966136455535888671875">
        <ele>1314.4000244140625</ele>
        <time>2026-09-03T07:55:35.000Z</time>
      </trkpt>
      <trkpt lat="42.21537410281598567962646484375" lon="1.71812712214887142181396484375">
        <ele>1314.5999755859375</ele>
        <time>2026-09-03T07:55:41.000Z</time>
      </trkpt>
      <trkpt lat="42.2153686545789241790771484375" lon="1.71810918487608432769775390625">
        <ele>1314.4000244140625</ele>
        <time>2026-09-03T07:55:43.000Z</time>
      </trkpt>
      <trkpt lat="42.2153659723699092864990234375" lon="1.71808538027107715606689453125">
        <ele>1313.800048828125</ele>
        <time>2026-09-03T07:55:47.000Z</time>
      </trkpt>
      <trkpt lat="42.21537820994853973388671875" lon="1.71804296784102916717529296875">
        <ele>1313.5999755859375</ele>
        <time>2026-09-03T07:55:50.000Z</time>
      </trkpt>
      <trkpt lat="42.21538893878459930419921875" lon="1.7179650999605655670166015625">
        <ele>1312.5999755859375</ele>
        <time>2026-09-03T07:55:55.000Z</time>
      </trkpt>
      <trkpt lat="42.215402014553546905517578125" lon="1.717908270657062530517578125">
        <ele>1312.199951171875</ele>
        <time>2026-09-03T07:55:59.000Z</time>
      </trkpt>
      <trkpt lat="42.21541232429444789886474609375" lon="1.71785471029579639434814453125">
        <ele>1312</ele>
        <time>2026-09-03T07:56:05.000Z</time>
      </trkpt>
      <trkpt lat="42.21540846861898899078369140625" lon="1.7178561352193355560302734375">
        <ele>1312.199951171875</ele>
        <time>2026-09-03T07:56:07.000Z</time>
      </trkpt>
      <trkpt lat="42.2154204547405242919921875" lon="1.7178006470203399658203125">
        <ele>1311.800048828125</ele>
        <time>2026-09-03T07:56:13.000Z</time>
      </trkpt>
      <trkpt lat="42.215422801673412322998046875" lon="1.7177863977849483489990234375">
        <ele>1311.5999755859375</ele>
        <time>2026-09-03T07:56:14.000Z</time>
      </trkpt>
      <trkpt lat="42.21542456187307834625244140625" lon="1.71777273528277873992919921875">
        <ele>1311.4000244140625</ele>
        <time>2026-09-03T07:56:15.000Z</time>
      </trkpt>
      <trkpt lat="42.21543344669044017791748046875" lon="1.71769361011683940887451171875">
        <ele>1311.199951171875</ele>
        <time>2026-09-03T07:56:21.000Z</time>
      </trkpt>
      <trkpt lat="42.21543462015688419342041015625" lon="1.717632673680782318115234375">
        <ele>1311</ele>
        <time>2026-09-03T07:56:25.000Z</time>
      </trkpt>
      <trkpt lat="42.21541718579828739166259765625" lon="1.7175409756600856781005859375">
        <ele>1311</ele>
        <time>2026-09-03T07:56:31.000Z</time>
      </trkpt>
      <trkpt lat="42.21541198901832103729248046875" lon="1.7175091244280338287353515625">
        <ele>1310.800048828125</ele>
        <time>2026-09-03T07:56:33.000Z</time>
      </trkpt>
      <trkpt lat="42.21541198901832103729248046875" lon="1.71742849051952362060546875">
        <ele>1310.4000244140625</ele>
        <time>2026-09-03T07:56:39.000Z</time>
      </trkpt>
      <trkpt lat="42.2154105640947818756103515625" lon="1.71741298399865627288818359375">
        <ele>1310.4000244140625</ele>
        <time>2026-09-03T07:56:40.000Z</time>
      </trkpt>
      <trkpt lat="42.21540880389511585235595703125" lon="1.71732832677662372589111328125">
        <ele>1310.4000244140625</ele>
        <time>2026-09-03T07:56:46.000Z</time>
      </trkpt>
      <trkpt lat="42.215416766703128814697265625" lon="1.71723612584173679351806640625">
        <ele>1310</ele>
        <time>2026-09-03T07:56:52.000Z</time>
      </trkpt>
      <trkpt lat="42.2154182754456996917724609375" lon="1.717202179133892059326171875">
        <ele>1310</ele>
        <time>2026-09-03T07:56:54.000Z</time>
      </trkpt>
      <trkpt lat="42.2154273279011249542236328125" lon="1.717133112251758575439453125">
        <ele>1309.4000244140625</ele>
        <time>2026-09-03T07:57:00.000Z</time>
      </trkpt>
      <trkpt lat="42.21542875282466411590576171875" lon="1.7170947231352329254150390625">
        <ele>1309.199951171875</ele>
        <time>2026-09-03T07:57:02.000Z</time>
      </trkpt>
      <trkpt lat="42.21543780528008937835693359375" lon="1.71706178225576877593994140625">
        <ele>1309</ele>
        <time>2026-09-03T07:57:04.000Z</time>
      </trkpt>
      <trkpt lat="42.21546135842800140380859375" lon="1.7169780470430850982666015625">
        <ele>1308.800048828125</ele>
        <time>2026-09-03T07:57:10.000Z</time>
      </trkpt>
      <trkpt lat="42.2154588438570499420166015625" lon="1.71694527380168437957763671875">
        <ele>1308.5999755859375</ele>
        <time>2026-09-03T07:57:12.000Z</time>
      </trkpt>
      <trkpt lat="42.2154648788273334503173828125" lon="1.71691342256963253021240234375">
        <ele>1308.4000244140625</ele>
        <time>2026-09-03T07:57:14.000Z</time>
      </trkpt>
      <trkpt lat="42.2154749371111392974853515625" lon="1.7168885283172130584716796875">
        <ele>1308</ele>
        <time>2026-09-03T07:57:16.000Z</time>
      </trkpt>
      <trkpt lat="42.2154714167118072509765625" lon="1.7168605327606201171875">
        <ele>1308</ele>
        <time>2026-09-03T07:57:19.000Z</time>
      </trkpt>
      <trkpt lat="42.21546848304569721221923828125" lon="1.71682876534759998321533203125">
        <ele>1308.199951171875</ele>
        <time>2026-09-03T07:57:22.000Z</time>
      </trkpt>
      <trkpt lat="42.2154700756072998046875" lon="1.71677411533892154693603515625">
        <ele>1307.5999755859375</ele>
        <time>2026-09-03T07:57:27.000Z</time>
      </trkpt>
      <trkpt lat="42.21546026878058910369873046875" lon="1.7167255841195583343505859375">
        <ele>1307.4000244140625</ele>
        <time>2026-09-03T07:57:30.000Z</time>
      </trkpt>
      <trkpt lat="42.2154486179351806640625" lon="1.71668417751789093017578125">
        <ele>1307.199951171875</ele>
        <time>2026-09-03T07:57:33.000Z</time>
      </trkpt>
      <trkpt lat="42.21543462015688419342041015625" lon="1.71659910120069980621337890625">
        <ele>1306.800048828125</ele>
        <time>2026-09-03T07:57:39.000Z</time>
      </trkpt>
      <trkpt lat="42.21543193794786930084228515625" lon="1.71658619306981563568115234375">
        <ele>1306.800048828125</ele>
        <time>2026-09-03T07:57:40.000Z</time>
      </trkpt>
      <trkpt lat="42.2154149226844310760498046875" lon="1.71651897020637989044189453125">
        <ele>1306.4000244140625</ele>
        <time>2026-09-03T07:57:46.000Z</time>
      </trkpt>
      <trkpt lat="42.21541173756122589111328125" lon="1.7165043018758296966552734375">
        <ele>1306.5999755859375</ele>
        <time>2026-09-03T07:57:47.000Z</time>
      </trkpt>
      <trkpt lat="42.21539832651615142822265625" lon="1.7164489813148975372314453125">
        <ele>1306.4000244140625</ele>
        <time>2026-09-03T07:57:51.000Z</time>
      </trkpt>
      <trkpt lat="42.21538701094686985015869140625" lon="1.71641117893159389495849609375">
        <ele>1306</ele>
        <time>2026-09-03T07:57:54.000Z</time>
      </trkpt>
      <trkpt lat="42.21536655910313129425048828125" lon="1.7163420282304286956787109375">
        <ele>1305.800048828125</ele>
        <time>2026-09-03T07:58:00.000Z</time>
      </trkpt>
      <trkpt lat="42.2153612785041332244873046875" lon="1.7163118533790111541748046875">
        <ele>1305.800048828125</ele>
        <time>2026-09-03T07:58:03.000Z</time>
      </trkpt>
      <trkpt lat="42.21533185802400112152099609375" lon="1.71624907292425632476806640625">
        <ele>1305.199951171875</ele>
        <time>2026-09-03T07:58:09.000Z</time>
      </trkpt>
      <trkpt lat="42.215327583253383636474609375" lon="1.71623758971691131591796875">
        <ele>1305.199951171875</ele>
        <time>2026-09-03T07:58:10.000Z</time>
      </trkpt>
      <trkpt lat="42.2152915410697460174560546875" lon="1.7161717079579830169677734375">
        <ele>1305</ele>
        <time>2026-09-03T07:58:16.000Z</time>
      </trkpt>
      <trkpt lat="42.21528609283268451690673828125" lon="1.716155111789703369140625">
        <ele>1305</ele>
        <time>2026-09-03T07:58:17.000Z</time>
      </trkpt>
      <trkpt lat="42.21526916138827800750732421875" lon="1.71606919728219509124755859375">
        <ele>1304.800048828125</ele>
        <time>2026-09-03T07:58:23.000Z</time>
      </trkpt>
      <trkpt lat="42.2152650542557239532470703125" lon="1.71602435410022735595703125">
        <ele>1304.800048828125</ele>
        <time>2026-09-03T07:58:26.000Z</time>
      </trkpt>
      <trkpt lat="42.21522976644337177276611328125" lon="1.7159447260200977325439453125">
        <ele>1304.4000244140625</ele>
        <time>2026-09-03T07:58:32.000Z</time>
      </trkpt>
      <trkpt lat="42.21521920524537563323974609375" lon="1.715917401015758514404296875">
        <ele>1304.5999755859375</ele>
        <time>2026-09-03T07:58:34.000Z</time>
      </trkpt>
      <trkpt lat="42.21519003622233867645263671875" lon="1.71582880429923534393310546875">
        <ele>1304.800048828125</ele>
        <time>2026-09-03T07:58:40.000Z</time>
      </trkpt>
      <trkpt lat="42.21518576145172119140625" lon="1.7158022336661815643310546875">
        <ele>1304.800048828125</ele>
        <time>2026-09-03T07:58:42.000Z</time>
      </trkpt>
      <trkpt lat="42.21515852026641368865966796875" lon="1.7157127149403095245361328125">
        <ele>1304.4000244140625</ele>
        <time>2026-09-03T07:58:48.000Z</time>
      </trkpt>
      <trkpt lat="42.2151388227939605712890625" lon="1.71568178571760654449462890625">
        <ele>1304.4000244140625</ele>
        <time>2026-09-03T07:58:51.000Z</time>
      </trkpt>
      <trkpt lat="42.2151051275432109832763671875" lon="1.7156134732067584991455078125">
        <ele>1304.5999755859375</ele>
        <time>2026-09-03T07:58:57.000Z</time>
      </trkpt>
      <trkpt lat="42.2150964103639125823974609375" lon="1.7155931890010833740234375">
        <ele>1304.4000244140625</ele>
        <time>2026-09-03T07:58:59.000Z</time>
      </trkpt>
      <trkpt lat="42.21508526243269443511962890625" lon="1.71557550318539142608642578125">
        <ele>1304.199951171875</ele>
        <time>2026-09-03T07:59:01.000Z</time>
      </trkpt>
      <trkpt lat="42.2150504775345325469970703125" lon="1.71551934443414211273193359375">
        <ele>1303.5999755859375</ele>
        <time>2026-09-03T07:59:07.000Z</time>
      </trkpt>
      <trkpt lat="42.2150467894971370697021484375" lon="1.71550878323614597320556640625">
        <ele>1303.4000244140625</ele>
        <time>2026-09-03T07:59:08.000Z</time>
      </trkpt>
      <trkpt lat="42.21503865905106067657470703125" lon="1.71549252234399318695068359375">
        <ele>1303</ele>
        <time>2026-09-03T07:59:10.000Z</time>
      </trkpt>
      <trkpt lat="42.21501435153186321258544921875" lon="1.71547047793865203857421875">
        <ele>1302.4000244140625</ele>
        <time>2026-09-03T07:59:14.000Z</time>
      </trkpt>
      <trkpt lat="42.214998342096805572509765625" lon="1.71545706689357757568359375">
        <ele>1302.199951171875</ele>
        <time>2026-09-03T07:59:16.000Z</time>
      </trkpt>
      <trkpt lat="42.21498794853687286376953125" lon="1.71543938107788562774658203125">
        <ele>1301.800048828125</ele>
        <time>2026-09-03T07:59:18.000Z</time>
      </trkpt>
      <trkpt lat="42.214975543320178985595703125" lon="1.7154133133590221405029296875">
        <ele>1301.199951171875</ele>
        <time>2026-09-03T07:59:24.000Z</time>
      </trkpt>
      <trkpt lat="42.214975543320178985595703125" lon="1.7154133133590221405029296875">
        <ele>1301.199951171875</ele>
        <time>2026-09-03T07:59:30.000Z</time>
      </trkpt>
      <trkpt lat="42.214975543320178985595703125" lon="1.7154133133590221405029296875">
        <ele>1301</ele>
        <time>2026-09-03T07:59:35.000Z</time>
      </trkpt>
      <trkpt lat="42.214975543320178985595703125" lon="1.7154133133590221405029296875">
        <ele>1301</ele>
        <time>2026-09-03T07:59:36.000Z</time>
      </trkpt>
      <trkpt lat="42.214975543320178985595703125" lon="1.7154133133590221405029296875">
        <ele>1301</ele>
        <time>2026-09-03T07:59:37.000Z</time>
      </trkpt>
      <trkpt lat="42.214975543320178985595703125" lon="1.7154133133590221405029296875">
        <ele>1301.199951171875</ele>
        <time>2026-09-03T07:59:39.000Z</time>
      </trkpt>
      <trkpt lat="42.214975543320178985595703125" lon="1.7154133133590221405029296875">
        <ele>1301</ele>
        <time>2026-09-03T07:59:43.000Z</time>
      </trkpt>
      <trkpt lat="42.214975543320178985595703125" lon="1.7154133133590221405029296875">
        <ele>1300.800048828125</ele>
        <time>2026-09-03T07:59:45.000Z</time>
      </trkpt>
      <trkpt lat="42.214975543320178985595703125" lon="1.7154133133590221405029296875">
        <ele>1301</ele>
        <time>2026-09-03T07:59:51.000Z</time>
      </trkpt>
      <trkpt lat="42.21497478894889354705810546875" lon="1.715412475168704986572265625">
        <ele>1300.800048828125</ele>
        <time>2026-09-03T07:59:57.000Z</time>
      </trkpt>
      <trkpt lat="42.21495534293353557586669921875" lon="1.7153678834438323974609375">
        <ele>1300.4000244140625</ele>
        <time>2026-09-03T08:00:01.000Z</time>
      </trkpt>
      <trkpt lat="42.2149509005248546600341796875" lon="1.71529605053365230560302734375">
        <ele>1299.800048828125</ele>
        <time>2026-09-03T08:00:05.000Z</time>
      </trkpt>
      <trkpt lat="42.21495484001934528350830078125" lon="1.7152632772922515869140625">
        <ele>1299</ele>
        <time>2026-09-03T08:00:08.000Z</time>
      </trkpt>
      <trkpt lat="42.21495148725807666778564453125" lon="1.71522581018507480621337890625">
        <ele>1299</ele>
        <time>2026-09-03T08:00:14.000Z</time>
      </trkpt>
      <trkpt lat="42.21494645811617374420166015625" lon="1.7151883430778980255126953125">
        <ele>1299</ele>
        <time>2026-09-03T08:00:17.000Z</time>
      </trkpt>
      <trkpt lat="42.21494075842201709747314453125" lon="1.71513293869793415069580078125">
        <ele>1298.800048828125</ele>
        <time>2026-09-03T08:00:21.000Z</time>
      </trkpt>
      <trkpt lat="42.2149364836513996124267578125" lon="1.71506286598742008209228515625">
        <ele>1298.199951171875</ele>
        <time>2026-09-03T08:00:26.000Z</time>
      </trkpt>
      <trkpt lat="42.2149274311959743499755859375" lon="1.7150036059319972991943359375">
        <ele>1297.800048828125</ele>
        <time>2026-09-03T08:00:32.000Z</time>
      </trkpt>
      <trkpt lat="42.2149240784347057342529296875" lon="1.71499229036271572113037109375">
        <ele>1297.5999755859375</ele>
        <time>2026-09-03T08:00:33.000Z</time>
      </trkpt>
      <trkpt lat="42.2149317897856235504150390625" lon="1.71497217379510402679443359375">
        <ele>1297.4000244140625</ele>
        <time>2026-09-03T08:00:35.000Z</time>
      </trkpt>
      <trkpt lat="42.21494042314589023590087890625" lon="1.71494610607624053955078125">
        <ele>1297.4000244140625</ele>
        <time>2026-09-03T08:00:37.000Z</time>
      </trkpt>
      <trkpt lat="42.214938662946224212646484375" lon="1.7149224691092967987060546875">
        <ele>1297.4000244140625</ele>
        <time>2026-09-03T08:00:39.000Z</time>
      </trkpt>
      <trkpt lat="42.21494327299296855926513671875" lon="1.7148594371974468231201171875">
        <ele>1297.199951171875</ele>
        <time>2026-09-03T08:00:45.000Z</time>
      </trkpt>
      <trkpt lat="42.21494235098361968994140625" lon="1.7148352973163127899169921875">
        <ele>1297</ele>
        <time>2026-09-03T08:00:47.000Z</time>
      </trkpt>
      <trkpt lat="42.21495031379163265228271484375" lon="1.71475022099912166595458984375">
        <ele>1296.5999755859375</ele>
        <time>2026-09-03T08:00:53.000Z</time>
      </trkpt>
      <trkpt lat="42.21495316363871097564697265625" lon="1.71473018825054168701171875">
        <ele>1296.4000244140625</ele>
        <time>2026-09-03T08:00:55.000Z</time>
      </trkpt>
      <trkpt lat="42.21495953388512134552001953125" lon="1.7146750353276729583740234375">
        <ele>1295.5999755859375</ele>
        <time>2026-09-03T08:01:00.000Z</time>
      </trkpt>
      <trkpt lat="42.21495953388512134552001953125" lon="1.714656092226505279541015625">
        <ele>1295.199951171875</ele>
        <time>2026-09-03T08:01:03.000Z</time>
      </trkpt>
      <trkpt lat="42.21494905650615692138671875" lon="1.71462692320346832275390625">
        <ele>1295.5999755859375</ele>
        <time>2026-09-03T08:01:09.000Z</time>
      </trkpt>
      <trkpt lat="42.214950062334537506103515625" lon="1.7145927250385284423828125">
        <ele>1295.5999755859375</ele>
        <time>2026-09-03T08:01:15.000Z</time>
      </trkpt>
      <trkpt lat="42.21494561992585659027099609375" lon="1.7145793139934539794921875">
        <ele>1296</ele>
        <time>2026-09-03T08:01:17.000Z</time>
      </trkpt>
      <trkpt lat="42.214948721230030059814453125" lon="1.71453178860247135162353515625">
        <ele>1296.5999755859375</ele>
        <time>2026-09-03T08:01:21.000Z</time>
      </trkpt>
      <trkpt lat="42.214949391782283782958984375" lon="1.71451116912066936492919921875">
        <ele>1297.199951171875</ele>
        <time>2026-09-03T08:01:23.000Z</time>
      </trkpt>
      <trkpt lat="42.21495199017226696014404296875" lon="1.71448552049696445465087890625">
        <ele>1297.5999755859375</ele>
        <time>2026-09-03T08:01:26.000Z</time>
      </trkpt>
      <trkpt lat="42.21495316363871097564697265625" lon="1.7144698463380336761474609375">
        <ele>1297.800048828125</ele>
        <time>2026-09-03T08:01:28.000Z</time>
      </trkpt>
      <trkpt lat="42.214953415095806121826171875" lon="1.7144478857517242431640625">
        <ele>1298</ele>
        <time>2026-09-03T08:01:30.000Z</time>
      </trkpt>
      <trkpt lat="42.2149537503719329833984375" lon="1.71436599455773830413818359375">
        <ele>1298.5999755859375</ele>
        <time>2026-09-03T08:01:36.000Z</time>
      </trkpt>
      <trkpt lat="42.21495416946709156036376953125" lon="1.71434571035206317901611328125">
        <ele>1298.800048828125</ele>
        <time>2026-09-03T08:01:37.000Z</time>
      </trkpt>
      <trkpt lat="42.2149522416293621063232421875" lon="1.714331209659576416015625">
        <ele>1298.800048828125</ele>
        <time>2026-09-03T08:01:38.000Z</time>
      </trkpt>
      <trkpt lat="42.21492952667176723480224609375" lon="1.71425652690231800079345703125">
        <ele>1299</ele>
        <time>2026-09-03T08:01:44.000Z</time>
      </trkpt>
      <trkpt lat="42.21491863019764423370361328125" lon="1.714231632649898529052734375">
        <ele>1299</ele>
        <time>2026-09-03T08:01:46.000Z</time>
      </trkpt>
      <trkpt lat="42.21488334238529205322265625" lon="1.71415426768362522125244140625">
        <ele>1298.800048828125</ele>
        <time>2026-09-03T08:01:52.000Z</time>
      </trkpt>
      <trkpt lat="42.2148543410003185272216796875" lon="1.7140708677470684051513671875">
        <ele>1299</ele>
        <time>2026-09-03T08:01:58.000Z</time>
      </trkpt>
      <trkpt lat="42.2148281894624233245849609375" lon="1.71399232931435108184814453125">
        <ele>1299.4000244140625</ele>
        <time>2026-09-03T08:02:04.000Z</time>
      </trkpt>
      <trkpt lat="42.21480648033320903778076171875" lon="1.713946647942066192626953125">
        <ele>1299.5999755859375</ele>
        <time>2026-09-03T08:02:07.000Z</time>
      </trkpt>
      <trkpt lat="42.214789129793643951416015625" lon="1.7138656787574291229248046875">
        <ele>1299.4000244140625</ele>
        <time>2026-09-03T08:02:13.000Z</time>
      </trkpt>
      <trkpt lat="42.21477605402469635009765625" lon="1.71382150612771511077880859375">
        <ele>1299.5999755859375</ele>
        <time>2026-09-03T08:02:16.000Z</time>
      </trkpt>
      <trkpt lat="42.21477077342569828033447265625" lon="1.713794767856597900390625">
        <ele>1299.800048828125</ele>
        <time>2026-09-03T08:02:18.000Z</time>
      </trkpt>
      <trkpt lat="42.214751578867435455322265625" lon="1.71373198740184307098388671875">
        <ele>1299.800048828125</ele>
        <time>2026-09-03T08:02:23.000Z</time>
      </trkpt>
      <trkpt lat="42.2147457115352153778076171875" lon="1.71371505595743656158447265625">
        <ele>1299.800048828125</ele>
        <time>2026-09-03T08:02:24.000Z</time>
      </trkpt>
      <trkpt lat="42.21471260301768779754638671875" lon="1.7136346735060214996337890625">
        <ele>1299.800048828125</ele>
        <time>2026-09-03T08:02:30.000Z</time>
      </trkpt>
      <trkpt lat="42.21469558775424957275390625" lon="1.7136058397591114044189453125">
        <ele>1299.800048828125</ele>
        <time>2026-09-03T08:02:33.000Z</time>
      </trkpt>
      <trkpt lat="42.2146595455706119537353515625" lon="1.71353886835277080535888671875">
        <ele>1299.800048828125</ele>
        <time>2026-09-03T08:02:39.000Z</time>
      </trkpt>
      <trkpt lat="42.21464185975492000579833984375" lon="1.71352227218449115753173828125">
        <ele>1300.199951171875</ele>
        <time>2026-09-03T08:02:41.000Z</time>
      </trkpt>
      <trkpt lat="42.2145831026136875152587890625" lon="1.713467873632907867431640625">
        <ele>1300.199951171875</ele>
        <time>2026-09-03T08:02:47.000Z</time>
      </trkpt>
      <trkpt lat="42.21454932354390621185302734375" lon="1.71344046480953693389892578125">
        <ele>1300.199951171875</ele>
        <time>2026-09-03T08:02:50.000Z</time>
      </trkpt>
      <trkpt lat="42.21451194025576114654541015625" lon="1.71339738182723522186279296875">
        <ele>1300.199951171875</ele>
        <time>2026-09-03T08:02:54.000Z</time>
      </trkpt>
      <trkpt lat="42.21448042429983615875244140625" lon="1.71334876678884029388427734375">
        <ele>1300.4000244140625</ele>
        <time>2026-09-03T08:02:58.000Z</time>
      </trkpt>
      <trkpt lat="42.21443633548915386199951171875" lon="1.71327198855578899383544921875">
        <ele>1300.4000244140625</ele>
        <time>2026-09-03T08:03:04.000Z</time>
      </trkpt>
      <trkpt lat="42.21441387198865413665771484375" lon="1.71323913149535655975341796875">
        <ele>1300</ele>
        <time>2026-09-03T08:03:07.000Z</time>
      </trkpt>
      <trkpt lat="42.21439727582037448883056640625" lon="1.71317928470671176910400390625">
        <ele>1299.4000244140625</ele>
        <time>2026-09-03T08:03:11.000Z</time>
      </trkpt>
      <trkpt lat="42.214389480650424957275390625" lon="1.7131240479648113250732421875">
        <ele>1298.800048828125</ele>
        <time>2026-09-03T08:03:15.000Z</time>
      </trkpt>
      <trkpt lat="42.2143883071839809417724609375" lon="1.71310535632073879241943359375">
        <ele>1298.800048828125</ele>
        <time>2026-09-03T08:03:16.000Z</time>
      </trkpt>
      <trkpt lat="42.21439023502171039581298828125" lon="1.7130504548549652099609375">
        <ele>1299.4000244140625</ele>
        <time>2026-09-03T08:03:21.000Z</time>
      </trkpt>
      <trkpt lat="42.2143916599452495574951171875" lon="1.7130502872169017791748046875">
        <ele>1298.800048828125</ele>
        <time>2026-09-03T08:03:27.000Z</time>
      </trkpt>
      <trkpt lat="42.2143916599452495574951171875" lon="1.7130502872169017791748046875">
        <ele>1298.800048828125</ele>
        <time>2026-09-03T08:03:30.000Z</time>
      </trkpt>
      <trkpt lat="42.2143916599452495574951171875" lon="1.7130502872169017791748046875">
        <ele>1298.800048828125</ele>
        <time>2026-09-03T08:03:33.000Z</time>
      </trkpt>
      <trkpt lat="42.2143916599452495574951171875" lon="1.7130502872169017791748046875">
        <ele>1298.800048828125</ele>
        <time>2026-09-03T08:03:35.000Z</time>
      </trkpt>
      <trkpt lat="42.2143916599452495574951171875" lon="1.7130502872169017791748046875">
        <ele>1298.800048828125</ele>
        <time>2026-09-03T08:03:38.000Z</time>
      </trkpt>
      <trkpt lat="42.21439073793590068817138671875" lon="1.7130397260189056396484375">
        <ele>1298.5999755859375</ele>
        <time>2026-09-03T08:03:41.000Z</time>
      </trkpt>
      <trkpt lat="42.2143690288066864013671875" lon="1.71299773268401622772216796875">
        <ele>1298.4000244140625</ele>
        <time>2026-09-03T08:03:45.000Z</time>
      </trkpt>
      <trkpt lat="42.21434866078197956085205078125" lon="1.71294978819787502288818359375">
        <ele>1298.4000244140625</ele>
        <time>2026-09-03T08:03:48.000Z</time>
      </trkpt>
      <trkpt lat="42.2143353335559368133544921875" lon="1.71288038603961467742919921875">
        <ele>1298.5999755859375</ele>
        <time>2026-09-03T08:03:53.000Z</time>
      </trkpt>
      <trkpt lat="42.2143028117716312408447265625" lon="1.7127864249050617218017578125">
        <ele>1298.5999755859375</ele>
        <time>2026-09-03T08:03:59.000Z</time>
      </trkpt>
      <trkpt lat="42.21426148898899555206298828125" lon="1.71269581653177738189697265625">
        <ele>1298</ele>
        <time>2026-09-03T08:04:05.000Z</time>
      </trkpt>
      <trkpt lat="42.21424438990652561187744140625" lon="1.7126373946666717529296875">
        <ele>1298</ele>
        <time>2026-09-03T08:04:09.000Z</time>
      </trkpt>
      <trkpt lat="42.21424271352589130401611328125" lon="1.71259137801826000213623046875">
        <ele>1297.5999755859375</ele>
        <time>2026-09-03T08:04:12.000Z</time>
      </trkpt>
      <trkpt lat="42.21424455754458904266357421875" lon="1.71254259534180164337158203125">
        <ele>1297</ele>
        <time>2026-09-03T08:04:15.000Z</time>
      </trkpt>
      <trkpt lat="42.21424958668649196624755859375" lon="1.71243966557085514068603515625">
        <ele>1296.5999755859375</ele>
        <time>2026-09-03T08:04:21.000Z</time>
      </trkpt>
      <trkpt lat="42.21425461582839488983154296875" lon="1.71242239885032176971435546875">
        <ele>1296.4000244140625</ele>
        <time>2026-09-03T08:04:22.000Z</time>
      </trkpt>
      <trkpt lat="42.2142531909048557281494140625" lon="1.71233220957219600677490234375">
        <ele>1297</ele>
        <time>2026-09-03T08:04:28.000Z</time>
      </trkpt>
      <trkpt lat="42.21424891613423824310302734375" lon="1.71230488456785678863525390625">
        <ele>1296.800048828125</ele>
        <time>2026-09-03T08:04:30.000Z</time>
      </trkpt>
      <trkpt lat="42.21422527916729450225830078125" lon="1.71222240664064884185791015625">
        <ele>1295.800048828125</ele>
        <time>2026-09-03T08:04:36.000Z</time>
      </trkpt>
      <trkpt lat="42.21421471796929836273193359375" lon="1.71219474636018276214599609375">
        <ele>1295.4000244140625</ele>
        <time>2026-09-03T08:04:38.000Z</time>
      </trkpt>
      <trkpt lat="42.21419845707714557647705078125" lon="1.7121170461177825927734375">
        <ele>1294.199951171875</ele>
        <time>2026-09-03T08:04:43.000Z</time>
      </trkpt>
      <trkpt lat="42.21418286673724651336669921875" lon="1.71205736696720123291015625">
        <ele>1293.800048828125</ele>
        <time>2026-09-03T08:04:47.000Z</time>
      </trkpt>
      <trkpt lat="42.21415939740836620330810546875" lon="1.712010763585567474365234375">
        <ele>1293.199951171875</ele>
        <time>2026-09-03T08:04:51.000Z</time>
      </trkpt>
      <trkpt lat="42.21413995139300823211669921875" lon="1.711953766644001007080078125">
        <ele>1292.199951171875</ele>
        <time>2026-09-03T08:04:55.000Z</time>
      </trkpt>
      <trkpt lat="42.21412788145244121551513671875" lon="1.71193130314350128173828125">
        <ele>1292</ele>
        <time>2026-09-03T08:04:57.000Z</time>
      </trkpt>
      <trkpt lat="42.21408764831721782684326171875" lon="1.711871288716793060302734375">
        <ele>1291.4000244140625</ele>
        <time>2026-09-03T08:05:03.000Z</time>
      </trkpt>
      <trkpt lat="42.21407943405210971832275390625" lon="1.71186290681362152099609375">
        <ele>1291.199951171875</ele>
        <time>2026-09-03T08:05:04.000Z</time>
      </trkpt>
      <trkpt lat="42.2140557132661342620849609375" lon="1.71183784492313861846923828125">
        <ele>1291</ele>
        <time>2026-09-03T08:05:07.000Z</time>
      </trkpt>
      <trkpt lat="42.2140184976160526275634765625" lon="1.71180917881429195404052734375">
        <ele>1291</ele>
        <time>2026-09-03T08:05:11.000Z</time>
      </trkpt>
      <trkpt lat="42.21395035274326801300048828125" lon="1.7117953486740589141845703125">
        <ele>1290.5999755859375</ele>
        <time>2026-09-03T08:05:17.000Z</time>
      </trkpt>
      <trkpt lat="42.2139291465282440185546875" lon="1.71178914606571197509765625">
        <ele>1290.4000244140625</ele>
        <time>2026-09-03T08:05:19.000Z</time>
      </trkpt>
      <trkpt lat="42.21390844322741031646728515625" lon="1.7117755673825740814208984375">
        <ele>1290</ele>
        <time>2026-09-03T08:05:21.000Z</time>
      </trkpt>
      <trkpt lat="42.21385060809552669525146484375" lon="1.7117155529558658599853515625">
        <ele>1289</ele>
        <time>2026-09-03T08:05:27.000Z</time>
      </trkpt>
      <trkpt lat="42.2138444893062114715576171875" lon="1.71170373447239398956298828125">
        <ele>1289</ele>
        <time>2026-09-03T08:05:28.000Z</time>
      </trkpt>
      <trkpt lat="42.2138200141489505767822265625" lon="1.71167515218257904052734375">
        <ele>1289</ele>
        <time>2026-09-03T08:05:31.000Z</time>
      </trkpt>
      <trkpt lat="42.2137757577002048492431640625" lon="1.71162796206772327423095703125">
        <ele>1288.5999755859375</ele>
        <time>2026-09-03T08:05:36.000Z</time>
      </trkpt>
      <trkpt lat="42.21374206244945526123046875" lon="1.711571551859378814697265625">
        <ele>1288.199951171875</ele>
        <time>2026-09-03T08:05:40.000Z</time>
      </trkpt>
      <trkpt lat="42.21372731029987335205078125" lon="1.71154238283634185791015625">
        <ele>1287.800048828125</ele>
        <time>2026-09-03T08:05:42.000Z</time>
      </trkpt>
      <trkpt lat="42.21370392479002475738525390625" lon="1.71149804256856441497802734375">
        <ele>1287.4000244140625</ele>
        <time>2026-09-03T08:05:45.000Z</time>
      </trkpt>
      <trkpt lat="42.21367727033793926239013671875" lon="1.7114107869565486907958984375">
        <ele>1287.199951171875</ele>
        <time>2026-09-03T08:05:51.000Z</time>
      </trkpt>
      <trkpt lat="42.21366922371089458465576171875" lon="1.7113631777465343475341796875">
        <ele>1287.5999755859375</ele>
        <time>2026-09-03T08:05:54.000Z</time>
      </trkpt>
      <trkpt lat="42.21365648321807384490966796875" lon="1.7112780176103115081787109375">
        <ele>1286.800048828125</ele>
        <time>2026-09-03T08:06:00.000Z</time>
      </trkpt>
      <trkpt lat="42.21365380100905895233154296875" lon="1.711256392300128936767578125">
        <ele>1286.4000244140625</ele>
        <time>2026-09-03T08:06:01.000Z</time>
      </trkpt>
      <trkpt lat="42.213644497096538543701171875" lon="1.71122194267809391021728515625">
        <ele>1285.800048828125</ele>
        <time>2026-09-03T08:06:03.000Z</time>
      </trkpt>
      <trkpt lat="42.21364223398268222808837890625" lon="1.71120735816657543182373046875">
        <ele>1285.5999755859375</ele>
        <time>2026-09-03T08:06:04.000Z</time>
      </trkpt>
      <trkpt lat="42.2136309184134006500244140625" lon="1.71113845892250537872314453125">
        <ele>1285.4000244140625</ele>
        <time>2026-09-03T08:06:08.000Z</time>
      </trkpt>
      <trkpt lat="42.2135960496962070465087890625" lon="1.71103544533252716064453125">
        <ele>1284.5999755859375</ele>
        <time>2026-09-03T08:06:14.000Z</time>
      </trkpt>
      <trkpt lat="42.213588170707225799560546875" lon="1.71102681197226047515869140625">
        <ele>1284.4000244140625</ele>
        <time>2026-09-03T08:06:15.000Z</time>
      </trkpt>
      <trkpt lat="42.21354885958135128021240234375" lon="1.71096704900264739990234375">
        <ele>1283.4000244140625</ele>
        <time>2026-09-03T08:06:20.000Z</time>
      </trkpt>
      <trkpt lat="42.21354098059237003326416015625" lon="1.710955314338207244873046875">
        <ele>1283.199951171875</ele>
        <time>2026-09-03T08:06:21.000Z</time>
      </trkpt>
      <trkpt lat="42.21349538303911685943603515625" lon="1.71088314615190029144287109375">
        <ele>1282.5999755859375</ele>
        <time>2026-09-03T08:06:27.000Z</time>
      </trkpt>
      <trkpt lat="42.21347979269921779632568359375" lon="1.71085464768111705780029296875">
        <ele>1282.5999755859375</ele>
        <time>2026-09-03T08:06:29.000Z</time>
      </trkpt>
      <trkpt lat="42.21346654929220676422119140625" lon="1.7107464373111724853515625">
        <ele>1282.800048828125</ele>
        <time>2026-09-03T08:06:35.000Z</time>
      </trkpt>
      <trkpt lat="42.21346856094896793365478515625" lon="1.7107100598514080047607421875">
        <ele>1282.800048828125</ele>
        <time>2026-09-03T08:06:37.000Z</time>
      </trkpt>
      <trkpt lat="42.213487923145294189453125" lon="1.7106081359088420867919921875">
        <ele>1283.199951171875</ele>
        <time>2026-09-03T08:06:43.000Z</time>
      </trkpt>
      <trkpt lat="42.21351206302642822265625" lon="1.7105506360530853271484375">
        <ele>1282.4000244140625</ele>
        <time>2026-09-03T08:06:47.000Z</time>
      </trkpt>
      <trkpt lat="42.21351834945380687713623046875" lon="1.710541583597660064697265625">
        <ele>1282.199951171875</ele>
        <time>2026-09-03T08:06:48.000Z</time>
      </trkpt>
      <trkpt lat="42.21354668028652667999267578125" lon="1.71046522445976734161376953125">
        <ele>1282</ele>
        <time>2026-09-03T08:06:54.000Z</time>
      </trkpt>
      <trkpt lat="42.21355087123811244964599609375" lon="1.7104358039796352386474609375">
        <ele>1282.199951171875</ele>
        <time>2026-09-03T08:06:56.000Z</time>
      </trkpt>
      <trkpt lat="42.21356461755931377410888671875" lon="1.7103459499776363372802734375">
        <ele>1282.199951171875</ele>
        <time>2026-09-03T08:07:02.000Z</time>
      </trkpt>
      <trkpt lat="42.21356646157801151275634765625" lon="1.71026892028748989105224609375">
        <ele>1282</ele>
        <time>2026-09-03T08:07:07.000Z</time>
      </trkpt>
      <trkpt lat="42.2135853208601474761962890625" lon="1.71016867272555828094482421875">
        <ele>1282</ele>
        <time>2026-09-03T08:07:13.000Z</time>
      </trkpt>
      <trkpt lat="42.21358917653560638427734375" lon="1.71014092862606048583984375">
        <ele>1282.199951171875</ele>
        <time>2026-09-03T08:07:15.000Z</time>
      </trkpt>
      <trkpt lat="42.2135980613529682159423828125" lon="1.7101099155843257904052734375">
        <ele>1282.199951171875</ele>
        <time>2026-09-03T08:07:17.000Z</time>
      </trkpt>
      <trkpt lat="42.21364022232592105865478515625" lon="1.710007488727569580078125">
        <ele>1282.199951171875</ele>
        <time>2026-09-03T08:07:23.000Z</time>
      </trkpt>
      <trkpt lat="42.2136770188808441162109375" lon="1.70993842184543609619140625">
        <ele>1282.199951171875</ele>
        <time>2026-09-03T08:07:29.000Z</time>
      </trkpt>
      <trkpt lat="42.2137033380568027496337890625" lon="1.70989416539669036865234375">
        <ele>1282</ele>
        <time>2026-09-03T08:07:33.000Z</time>
      </trkpt>
      <trkpt lat="42.2137207724153995513916015625" lon="1.70986063778400421142578125">
        <ele>1281.4000244140625</ele>
        <time>2026-09-03T08:07:39.000Z</time>
      </trkpt>
      <trkpt lat="42.2137167491018772125244140625" lon="1.70985301025211811065673828125">
        <ele>1281.5999755859375</ele>
        <time>2026-09-03T08:07:40.000Z</time>
      </trkpt>
      <trkpt lat="42.21370392479002475738525390625" lon="1.7098071612417697906494140625">
        <ele>1281.4000244140625</ele>
        <time>2026-09-03T08:07:46.000Z</time>
      </trkpt>
      <trkpt lat="42.213701494038105010986328125" lon="1.709799952805042266845703125">
        <ele>1281.199951171875</ele>
        <time>2026-09-03T08:07:47.000Z</time>
      </trkpt>
      <trkpt lat="42.2137016616761684417724609375" lon="1.7097907327115535736083984375">
        <ele>1281.199951171875</ele>
        <time>2026-09-03T08:07:48.000Z</time>
      </trkpt>
      <trkpt lat="42.2137076966464519500732421875" lon="1.70973499305546283721923828125">
        <ele>1280.800048828125</ele>
        <time>2026-09-03T08:07:54.000Z</time>
      </trkpt>
      <trkpt lat="42.21370593644678592681884765625" lon="1.7097149603068828582763671875">
        <ele>1280</ele>
        <time>2026-09-03T08:07:57.000Z</time>
      </trkpt>
      <trkpt lat="42.21370442770421504974365234375" lon="1.7097025550901889801025390625">
        <ele>1279.4000244140625</ele>
        <time>2026-09-03T08:07:59.000Z</time>
      </trkpt>
      <trkpt lat="42.2137050144374370574951171875" lon="1.70967916958034038543701171875">
        <ele>1278.800048828125</ele>
        <time>2026-09-03T08:08:01.000Z</time>
      </trkpt>
      <trkpt lat="42.21368975937366485595703125" lon="1.7096281237900257110595703125">
        <ele>1278.199951171875</ele>
        <time>2026-09-03T08:08:06.000Z</time>
      </trkpt>
      <trkpt lat="42.2136842273175716400146484375" lon="1.70958562754094600677490234375">
        <ele>1277.800048828125</ele>
        <time>2026-09-03T08:08:12.000Z</time>
      </trkpt>
      <trkpt lat="42.21368037164211273193359375" lon="1.709575317800045013427734375">
        <ele>1277.5999755859375</ele>
        <time>2026-09-03T08:08:13.000Z</time>
      </trkpt>
      <trkpt lat="42.2136802040040493011474609375" lon="1.70955478213727474212646484375">
        <ele>1277.199951171875</ele>
        <time>2026-09-03T08:08:15.000Z</time>
      </trkpt>
      <trkpt lat="42.213694117963314056396484375" lon="1.709511280059814453125">
        <ele>1276.800048828125</ele>
        <time>2026-09-03T08:08:20.000Z</time>
      </trkpt>
      <trkpt lat="42.21369646489620208740234375" lon="1.70950080268085002899169921875">
        <ele>1276.800048828125</ele>
        <time>2026-09-03T08:08:21.000Z</time>
      </trkpt>
      <trkpt lat="42.2136862389743328094482421875" lon="1.70946794562041759490966796875">
        <ele>1276.199951171875</ele>
        <time>2026-09-03T08:08:25.000Z</time>
      </trkpt>
      <trkpt lat="42.213680706918239593505859375" lon="1.709437184035778045654296875">
        <ele>1276.4000244140625</ele>
        <time>2026-09-03T08:08:27.000Z</time>
      </trkpt>
      <trkpt lat="42.21366352401673793792724609375" lon="1.70935428701341152191162109375">
        <ele>1277.4000244140625</ele>
        <time>2026-09-03T08:08:33.000Z</time>
      </trkpt>
      <trkpt lat="42.2136647813022136688232421875" lon="1.7093350924551486968994140625">
        <ele>1277.4000244140625</ele>
        <time>2026-09-03T08:08:34.000Z</time>
      </trkpt>
      <trkpt lat="42.21366620622575283050537109375" lon="1.7092787660658359527587890625">
        <ele>1277.199951171875</ele>
        <time>2026-09-03T08:08:38.000Z</time>
      </trkpt>
      <trkpt lat="42.213664613664150238037109375" lon="1.70923626981675624847412109375">
        <ele>1277.5999755859375</ele>
        <time>2026-09-03T08:08:41.000Z</time>
      </trkpt>
      <trkpt lat="42.21366335637867450714111328125" lon="1.70921196229755878448486328125">
        <ele>1277.800048828125</ele>
        <time>2026-09-03T08:08:43.000Z</time>
      </trkpt>
      <trkpt lat="42.2136627696454524993896484375" lon="1.7091295681893825531005859375">
        <ele>1278.199951171875</ele>
        <time>2026-09-03T08:08:49.000Z</time>
      </trkpt>
      <trkpt lat="42.2136674635112285614013671875" lon="1.70908682048320770263671875">
        <ele>1278.800048828125</ele>
        <time>2026-09-03T08:08:55.000Z</time>
      </trkpt>
      <trkpt lat="42.2136714868247509002685546875" lon="1.7090910114347934722900390625">
        <ele>1279</ele>
        <time>2026-09-03T08:08:56.000Z</time>
      </trkpt>
      <trkpt lat="42.21367324702441692352294921875" lon="1.7090351879596710205078125">
        <ele>1279</ele>
        <time>2026-09-03T08:09:02.000Z</time>
      </trkpt>
      <trkpt lat="42.21369554288685321807861328125" lon="1.7089629359543323516845703125">
        <ele>1279</ele>
        <time>2026-09-03T08:09:08.000Z</time>
      </trkpt>
      <trkpt lat="42.2136926092207431793212890625" lon="1.7089418135583400726318359375">
        <ele>1279.199951171875</ele>
        <time>2026-09-03T08:09:10.000Z</time>
      </trkpt>
      <trkpt lat="42.213695459067821502685546875" lon="1.7088983952999114990234375">
        <ele>1280</ele>
        <time>2026-09-03T08:09:14.000Z</time>
      </trkpt>
      <trkpt lat="42.21370694227516651153564453125" lon="1.70887283049523830413818359375">
        <ele>1280.5999755859375</ele>
        <time>2026-09-03T08:09:16.000Z</time>
      </trkpt>
      <trkpt lat="42.21371733583509922027587890625" lon="1.7088393867015838623046875">
        <ele>1281.199951171875</ele>
        <time>2026-09-03T08:09:19.000Z</time>
      </trkpt>
      <trkpt lat="42.21373401582241058349609375" lon="1.70879571698606014251708984375">
        <ele>1281.800048828125</ele>
        <time>2026-09-03T08:09:24.000Z</time>
      </trkpt>
      <trkpt lat="42.213745079934597015380859375" lon="1.70876705087721347808837890625">
        <ele>1282.199951171875</ele>
        <time>2026-09-03T08:09:27.000Z</time>
      </trkpt>
      <trkpt lat="42.2137425653636455535888671875" lon="1.70875514857470989227294921875">
        <ele>1282.5999755859375</ele>
        <time>2026-09-03T08:09:31.000Z</time>
      </trkpt>
      <trkpt lat="42.21374331973493099212646484375" lon="1.70874173752963542938232421875">
        <ele>1283.4000244140625</ele>
        <time>2026-09-03T08:09:34.000Z</time>
      </trkpt>
      <trkpt lat="42.2137494385242462158203125" lon="1.70871726237237453460693359375">
        <ele>1283.5999755859375</ele>
        <time>2026-09-03T08:09:36.000Z</time>
      </trkpt>
      <trkpt lat="42.21375723369419574737548828125" lon="1.70870284549891948699951171875">
        <ele>1283.5999755859375</ele>
        <time>2026-09-03T08:09:38.000Z</time>
      </trkpt>
      <trkpt lat="42.21376360394060611724853515625" lon="1.70868775807321071624755859375">
        <ele>1283</ele>
        <time>2026-09-03T08:09:44.000Z</time>
      </trkpt>
      <trkpt lat="42.21376997418701648712158203125" lon="1.708666384220123291015625">
        <ele>1283.199951171875</ele>
        <time>2026-09-03T08:09:46.000Z</time>
      </trkpt>
      <trkpt lat="42.2137901745736598968505859375" lon="1.70862019993364810943603515625">
        <ele>1284</ele>
        <time>2026-09-03T08:09:51.000Z</time>
      </trkpt>
      <trkpt lat="42.213794700801372528076171875" lon="1.70860829763114452362060546875">
        <ele>1284.199951171875</ele>
        <time>2026-09-03T08:09:52.000Z</time>
      </trkpt>
      <trkpt lat="42.21379662863910198211669921875" lon="1.70859589241445064544677734375">
        <ele>1284.5999755859375</ele>
        <time>2026-09-03T08:09:53.000Z</time>
      </trkpt>
      <trkpt lat="42.213808111846446990966796875" lon="1.7085673101246356964111328125">
        <ele>1286</ele>
        <time>2026-09-03T08:09:56.000Z</time>
      </trkpt>
      <trkpt lat="42.21381054259836673736572265625" lon="1.70855197124183177947998046875">
        <ele>1286.199951171875</ele>
        <time>2026-09-03T08:09:59.000Z</time>
      </trkpt>
      <trkpt lat="42.21381423063576221466064453125" lon="1.70850813388824462890625">
        <ele>1284.800048828125</ele>
        <time>2026-09-03T08:10:03.000Z</time>
      </trkpt>
      <trkpt lat="42.21381724812090396881103515625" lon="1.708503104746341705322265625">
        <ele>1284.800048828125</ele>
        <time>2026-09-03T08:10:04.000Z</time>
      </trkpt>
      <trkpt lat="42.213831245899200439453125" lon="1.708476953208446502685546875">
        <ele>1285.800048828125</ele>
        <time>2026-09-03T08:10:07.000Z</time>
      </trkpt>
      <trkpt lat="42.2138377837836742401123046875" lon="1.70846915803849697113037109375">
        <ele>1286</ele>
        <time>2026-09-03T08:10:08.000Z</time>
      </trkpt>
      <trkpt lat="42.21384641714394092559814453125" lon="1.7084424197673797607421875">
        <ele>1286.800048828125</ele>
        <time>2026-09-03T08:10:11.000Z</time>
      </trkpt>
      <trkpt lat="42.21384356729686260223388671875" lon="1.70840595848858356475830078125">
        <ele>1287.199951171875</ele>
        <time>2026-09-03T08:10:15.000Z</time>
      </trkpt>
      <trkpt lat="42.21384256146848201751708984375" lon="1.70838399790227413177490234375">
        <ele>1287.5999755859375</ele>
        <time>2026-09-03T08:10:17.000Z</time>
      </trkpt>
      <trkpt lat="42.213847674429416656494140625" lon="1.7083431780338287353515625">
        <ele>1288</ele>
        <time>2026-09-03T08:10:20.000Z</time>
      </trkpt>
      <trkpt lat="42.2138585709035396575927734375" lon="1.70827419497072696685791015625">
        <ele>1288</ele>
        <time>2026-09-03T08:10:24.000Z</time>
      </trkpt>
      <trkpt lat="42.2138599120080471038818359375" lon="1.70823882333934307098388671875">
        <ele>1288.199951171875</ele>
        <time>2026-09-03T08:10:26.000Z</time>
      </trkpt>
      <trkpt lat="42.21386301331222057342529296875" lon="1.70813262462615966796875">
        <ele>1288.4000244140625</ele>
        <time>2026-09-03T08:10:32.000Z</time>
      </trkpt>
      <trkpt lat="42.21387860365211963653564453125" lon="1.7080402560532093048095703125">
        <ele>1288.4000244140625</ele>
        <time>2026-09-03T08:10:38.000Z</time>
      </trkpt>
      <trkpt lat="42.21388631500303745269775390625" lon="1.70799918472766876220703125">
        <ele>1288.5999755859375</ele>
        <time>2026-09-03T08:10:41.000Z</time>
      </trkpt>
      <trkpt lat="42.2138924337923526763916015625" lon="1.7079051397740840911865234375">
        <ele>1288.5999755859375</ele>
        <time>2026-09-03T08:10:47.000Z</time>
      </trkpt>
      <trkpt lat="42.21389603801071643829345703125" lon="1.70784772373735904693603515625">
        <ele>1288.800048828125</ele>
        <time>2026-09-03T08:10:51.000Z</time>
      </trkpt>
      <trkpt lat="42.213900983333587646484375" lon="1.7077720351517200469970703125">
        <ele>1289.199951171875</ele>
        <time>2026-09-03T08:10:56.000Z</time>
      </trkpt>
      <trkpt lat="42.21390643157064914703369140625" lon="1.707720570266246795654296875">
        <ele>1289.4000244140625</ele>
        <time>2026-09-03T08:11:00.000Z</time>
      </trkpt>
      <trkpt lat="42.2138941101729869842529296875" lon="1.70768628828227519989013671875">
        <ele>1289.5999755859375</ele>
        <time>2026-09-03T08:11:06.000Z</time>
      </trkpt>
      <trkpt lat="42.21389251761138439178466796875" lon="1.70768997631967067718505859375">
        <ele>1289.4000244140625</ele>
        <time>2026-09-03T08:11:07.000Z</time>
      </trkpt>
      <trkpt lat="42.21388698555529117584228515625" lon="1.70769073069095611572265625">
        <ele>1289.4000244140625</ele>
        <time>2026-09-03T08:11:11.000Z</time>
      </trkpt>
      <trkpt lat="42.21388547681272029876708984375" lon="1.70768679119646549224853515625">
        <ele>1289.199951171875</ele>
        <time>2026-09-03T08:11:12.000Z</time>
      </trkpt>
      <trkpt lat="42.21388346515595912933349609375" lon="1.70767840929329395294189453125">
        <ele>1288.800048828125</ele>
        <time>2026-09-03T08:11:14.000Z</time>
      </trkpt>
      <trkpt lat="42.2138770110905170440673828125" lon="1.7076667584478855133056640625">
        <ele>1288.199951171875</ele>
        <time>2026-09-03T08:11:17.000Z</time>
      </trkpt>
      <trkpt lat="42.2138582356274127960205078125" lon="1.707636080682277679443359375">
        <ele>1287.800048828125</ele>
        <time>2026-09-03T08:11:22.000Z</time>
      </trkpt>
      <trkpt lat="42.21384272910654544830322265625" lon="1.7076151259243488311767578125">
        <ele>1287</ele>
        <time>2026-09-03T08:11:26.000Z</time>
      </trkpt>
      <trkpt lat="42.2138401307165622711181640625" lon="1.70759727247059345245361328125">
        <ele>1286.5999755859375</ele>
        <time>2026-09-03T08:11:29.000Z</time>
      </trkpt>
      <trkpt lat="42.2138216905295848846435546875" lon="1.707580089569091796875">
        <ele>1285.800048828125</ele>
        <time>2026-09-03T08:11:35.000Z</time>
      </trkpt>
      <trkpt lat="42.21380735747516155242919921875" lon="1.70757673680782318115234375">
        <ele>1285.5999755859375</ele>
        <time>2026-09-03T08:11:37.000Z</time>
      </trkpt>
      <trkpt lat="42.2137708961963653564453125" lon="1.7075376771390438079833984375">
        <ele>1284.5999755859375</ele>
        <time>2026-09-03T08:11:43.000Z</time>
      </trkpt>
      <trkpt lat="42.213761843740940093994140625" lon="1.7075269483029842376708984375">
        <ele>1284</ele>
        <time>2026-09-03T08:11:46.000Z</time>
      </trkpt>
      <trkpt lat="42.2137640230357646942138671875" lon="1.70752284117043018341064453125">
        <ele>1284</ele>
        <time>2026-09-03T08:11:51.000Z</time>
      </trkpt>
      <trkpt lat="42.2137599997222423553466796875" lon="1.70751764439046382904052734375">
        <ele>1284</ele>
        <time>2026-09-03T08:11:52.000Z</time>
      </trkpt>
      <trkpt lat="42.2137469239532947540283203125" lon="1.70747883617877960205078125">
        <ele>1283.800048828125</ele>
        <time>2026-09-03T08:11:56.000Z</time>
      </trkpt>
      <trkpt lat="42.21374466083943843841552734375" lon="1.7074753157794475555419921875">
        <ele>1283.5999755859375</ele>
        <time>2026-09-03T08:11:57.000Z</time>
      </trkpt>
      <trkpt lat="42.213734351098537445068359375" lon="1.707432568073272705078125">
        <ele>1282.5999755859375</ele>
        <time>2026-09-03T08:12:02.000Z</time>
      </trkpt>
      <trkpt lat="42.21373611129820346832275390625" lon="1.70742779038846492767333984375">
        <ele>1282.5999755859375</ele>
        <time>2026-09-03T08:12:03.000Z</time>
      </trkpt>
      <trkpt lat="42.2137387096881866455078125" lon="1.70741840265691280364990234375">
        <ele>1282.4000244140625</ele>
        <time>2026-09-03T08:12:05.000Z</time>
      </trkpt>
      <trkpt lat="42.21371867693960666656494140625" lon="1.707379929721355438232421875">
        <ele>1282.199951171875</ele>
        <time>2026-09-03T08:12:11.000Z</time>
      </trkpt>
      <trkpt lat="42.21371582709252834320068359375" lon="1.70736811123788356781005859375">
        <ele>1282</ele>
        <time>2026-09-03T08:12:12.000Z</time>
      </trkpt>
      <trkpt lat="42.21371121704578399658203125" lon="1.70732854865491390228271484375">
        <ele>1281.5999755859375</ele>
        <time>2026-09-03T08:12:15.000Z</time>
      </trkpt>
      <trkpt lat="42.21370744518935680389404296875" lon="1.70728127472102642059326171875">
        <ele>1281.800048828125</ele>
        <time>2026-09-03T08:12:20.000Z</time>
      </trkpt>
      <trkpt lat="42.213705517351627349853515625" lon="1.70726585201919078826904296875">
        <ele>1281.800048828125</ele>
        <time>2026-09-03T08:12:21.000Z</time>
      </trkpt>
      <trkpt lat="42.21370291896164417266845703125" lon="1.70720550231635570526123046875">
        <ele>1281.199951171875</ele>
        <time>2026-09-03T08:12:26.000Z</time>
      </trkpt>
      <trkpt lat="42.21371498890221118927001953125" lon="1.707153283059597015380859375">
        <ele>1281.4000244140625</ele>
        <time>2026-09-03T08:12:31.000Z</time>
      </trkpt>
      <trkpt lat="42.2137154079973697662353515625" lon="1.70715437270700931549072265625">
        <ele>1281.5999755859375</ele>
        <time>2026-09-03T08:12:37.000Z</time>
      </trkpt>
      <trkpt lat="42.2137154079973697662353515625" lon="1.70715437270700931549072265625">
        <ele>1281.5999755859375</ele>
        <time>2026-09-03T08:12:39.000Z</time>
      </trkpt>
      <trkpt lat="42.2137154079973697662353515625" lon="1.70715437270700931549072265625">
        <ele>1281.4000244140625</ele>
        <time>2026-09-03T08:12:45.000Z</time>
      </trkpt>
      <trkpt lat="42.2137154079973697662353515625" lon="1.70715437270700931549072265625">
        <ele>1281.4000244140625</ele>
        <time>2026-09-03T08:12:46.000Z</time>
      </trkpt>
      <trkpt lat="42.2137154079973697662353515625" lon="1.70715437270700931549072265625">
        <ele>1281.5999755859375</ele>
        <time>2026-09-03T08:12:48.000Z</time>
      </trkpt>
      <trkpt lat="42.2137154079973697662353515625" lon="1.70715437270700931549072265625">
        <ele>1281.5999755859375</ele>
        <time>2026-09-03T08:12:50.000Z</time>
      </trkpt>
      <trkpt lat="42.2137154079973697662353515625" lon="1.70715437270700931549072265625">
        <ele>1281.4000244140625</ele>
        <time>2026-09-03T08:12:52.000Z</time>
      </trkpt>
      <trkpt lat="42.2137154079973697662353515625" lon="1.70715437270700931549072265625">
        <ele>1281.4000244140625</ele>
        <time>2026-09-03T08:12:58.000Z</time>
      </trkpt>
      <trkpt lat="42.21371582709252834320068359375" lon="1.70711673796176910400390625">
        <ele>1281.5999755859375</ele>
        <time>2026-09-03T08:13:03.000Z</time>
      </trkpt>
      <trkpt lat="42.21371901221573352813720703125" lon="1.70704373158514499664306640625">
        <ele>1282</ele>
        <time>2026-09-03T08:13:09.000Z</time>
      </trkpt>
      <trkpt lat="42.21372119151055812835693359375" lon="1.70702227391302585601806640625">
        <ele>1282.4000244140625</ele>
        <time>2026-09-03T08:13:11.000Z</time>
      </trkpt>
      <trkpt lat="42.2137170843780040740966796875" lon="1.7070099525153636932373046875">
        <ele>1282.5999755859375</ele>
        <time>2026-09-03T08:13:13.000Z</time>
      </trkpt>
      <trkpt lat="42.21370258368551731109619140625" lon="1.706964857876300811767578125">
        <ele>1283.4000244140625</ele>
        <time>2026-09-03T08:13:18.000Z</time>
      </trkpt>
      <trkpt lat="42.2136875800788402557373046875" lon="1.7068983055651187896728515625">
        <ele>1283.199951171875</ele>
        <time>2026-09-03T08:13:24.000Z</time>
      </trkpt>
      <trkpt lat="42.2136895917356014251708984375" lon="1.70685312710702419281005859375">
        <ele>1282.800048828125</ele>
        <time>2026-09-03T08:13:27.000Z</time>
      </trkpt>
      <trkpt lat="42.2136919386684894561767578125" lon="1.706764698028564453125">
        <ele>1282</ele>
        <time>2026-09-03T08:13:33.000Z</time>
      </trkpt>
      <trkpt lat="42.213698141276836395263671875" lon="1.70673427172005176544189453125">
        <ele>1282</ele>
        <time>2026-09-03T08:13:37.000Z</time>
      </trkpt>
      <trkpt lat="42.21370576880872249603271484375" lon="1.70670644380152225494384765625">
        <ele>1282</ele>
        <time>2026-09-03T08:13:42.000Z</time>
      </trkpt>
      <trkpt lat="42.21371565945446491241455078125" lon="1.70665682293474674224853515625">
        <ele>1281.5999755859375</ele>
        <time>2026-09-03T08:13:46.000Z</time>
      </trkpt>
      <trkpt lat="42.21372052095830440521240234375" lon="1.706594042479991912841796875">
        <ele>1281.4000244140625</ele>
        <time>2026-09-03T08:13:50.000Z</time>
      </trkpt>
      <trkpt lat="42.2137254662811756134033203125" lon="1.70653880573809146881103515625">
        <ele>1281</ele>
        <time>2026-09-03T08:13:55.000Z</time>
      </trkpt>
      <trkpt lat="42.21373007632791996002197265625" lon="1.7065127380192279815673828125">
        <ele>1281.199951171875</ele>
        <time>2026-09-03T08:13:57.000Z</time>
      </trkpt>
      <trkpt lat="42.2137372009456157684326171875" lon="1.70645632781088352203369140625">
        <ele>1280.5999755859375</ele>
        <time>2026-09-03T08:14:02.000Z</time>
      </trkpt>
      <trkpt lat="42.213744409382343292236328125" lon="1.70643017627298831939697265625">
        <ele>1280.4000244140625</ele>
        <time>2026-09-03T08:14:05.000Z</time>
      </trkpt>
      <trkpt lat="42.21375505439937114715576171875" lon="1.7064093053340911865234375">
        <ele>1280.5999755859375</ele>
        <time>2026-09-03T08:14:08.000Z</time>
      </trkpt>
      <trkpt lat="42.21379243768751621246337890625" lon="1.70634585432708263397216796875">
        <ele>1280.800048828125</ele>
        <time>2026-09-03T08:14:14.000Z</time>
      </trkpt>
      <trkpt lat="42.21381808631122112274169921875" lon="1.7062844149768352508544921875">
        <ele>1280.5999755859375</ele>
        <time>2026-09-03T08:14:20.000Z</time>
      </trkpt>
      <trkpt lat="42.21384541131556034088134765625" lon="1.706219203770160675048828125">
        <ele>1280.4000244140625</ele>
        <time>2026-09-03T08:14:24.000Z</time>
      </trkpt>
      <trkpt lat="42.21386821009218692779541015625" lon="1.70614083297550678253173828125">
        <ele>1280.5999755859375</ele>
        <time>2026-09-03T08:14:30.000Z</time>
      </trkpt>
      <trkpt lat="42.2138703055679798126220703125" lon="1.70612574554979801177978515625">
        <ele>1280.5999755859375</ele>
        <time>2026-09-03T08:14:33.000Z</time>
      </trkpt>
      <trkpt lat="42.213862426578998565673828125" lon="1.706118285655975341796875">
        <ele>1280.4000244140625</ele>
        <time>2026-09-03T08:14:34.000Z</time>
      </trkpt>
      <trkpt lat="42.2138513624668121337890625" lon="1.70605651102960109710693359375">
        <ele>1280.4000244140625</ele>
        <time>2026-09-03T08:14:39.000Z</time>
      </trkpt>
      <trkpt lat="42.2138513624668121337890625" lon="1.70605651102960109710693359375">
        <ele>1280.199951171875</ele>
        <time>2026-09-03T08:14:40.000Z</time>
      </trkpt>
      <trkpt lat="42.21384457312524318695068359375" lon="1.70603605918586254119873046875">
        <ele>1280</ele>
        <time>2026-09-03T08:14:42.000Z</time>
      </trkpt>
      <trkpt lat="42.21383267082273960113525390625" lon="1.70602315105497837066650390625">
        <ele>1279.5999755859375</ele>
        <time>2026-09-03T08:14:44.000Z</time>
      </trkpt>
      <trkpt lat="42.2138169966638088226318359375" lon="1.70598442666232585906982421875">
        <ele>1278.800048828125</ele>
        <time>2026-09-03T08:14:49.000Z</time>
      </trkpt>
      <trkpt lat="42.2138178348541259765625" lon="1.70597068034112453460693359375">
        <ele>1278.4000244140625</ele>
        <time>2026-09-03T08:14:51.000Z</time>
      </trkpt>
      <trkpt lat="42.21381188370287418365478515625" lon="1.7059156112372875213623046875">
        <ele>1278.199951171875</ele>
        <time>2026-09-03T08:14:57.000Z</time>
      </trkpt>
      <trkpt lat="42.21380450762808322906494140625" lon="1.705877222120761871337890625">
        <ele>1277.800048828125</ele>
        <time>2026-09-03T08:15:01.000Z</time>
      </trkpt>
      <trkpt lat="42.21380081959068775177001953125" lon="1.70587764121592044830322265625">
        <ele>1278</ele>
        <time>2026-09-03T08:15:04.000Z</time>
      </trkpt>
      <trkpt lat="42.21380081959068775177001953125" lon="1.70587747357785701751708984375">
        <ele>1278.199951171875</ele>
        <time>2026-09-03T08:15:05.000Z</time>
      </trkpt>
      <trkpt lat="42.2137921862304210662841796875" lon="1.7058542557060718536376953125">
        <ele>1278.4000244140625</ele>
        <time>2026-09-03T08:15:10.000Z</time>
      </trkpt>
      <trkpt lat="42.21379101276397705078125" lon="1.7058284394443035125732421875">
        <ele>1278.4000244140625</ele>
        <time>2026-09-03T08:15:12.000Z</time>
      </trkpt>
      <trkpt lat="42.21378087066113948822021484375" lon="1.70582232065498828887939453125">
        <ele>1278.4000244140625</ele>
        <time>2026-09-03T08:15:13.000Z</time>
      </trkpt>
      <trkpt lat="42.2137459181249141693115234375" lon="1.70580958016216754913330078125">
        <ele>1278.4000244140625</ele>
        <time>2026-09-03T08:15:16.000Z</time>
      </trkpt>
      <trkpt lat="42.2136882506310939788818359375" lon="1.70577689073979854583740234375">
        <ele>1278</ele>
        <time>2026-09-03T08:15:21.000Z</time>
      </trkpt>
      <trkpt lat="42.213633097708225250244140625" lon="1.70570950023829936981201171875">
        <ele>1277.199951171875</ele>
        <time>2026-09-03T08:15:27.000Z</time>
      </trkpt>
      <trkpt lat="42.21361256204545497894287109375" lon="1.70563356019556522369384765625">
        <ele>1276.4000244140625</ele>
        <time>2026-09-03T08:15:33.000Z</time>
      </trkpt>
      <trkpt lat="42.2136057727038860321044921875" lon="1.70562182553112506866455078125">
        <ele>1276.199951171875</ele>
        <time>2026-09-03T08:15:34.000Z</time>
      </trkpt>
      <trkpt lat="42.21360334195196628570556640625" lon="1.705601625144481658935546875">
        <ele>1276</ele>
        <time>2026-09-03T08:15:35.000Z</time>
      </trkpt>
      <trkpt lat="42.21359588205814361572265625" lon="1.7055354081094264984130859375">
        <ele>1275.199951171875</ele>
        <time>2026-09-03T08:15:40.000Z</time>
      </trkpt>
      <trkpt lat="42.2135896794497966766357421875" lon="1.705465503036975860595703125">
        <ele>1275</ele>
        <time>2026-09-03T08:15:46.000Z</time>
      </trkpt>
      <trkpt lat="42.2135923616588115692138671875" lon="1.70538545586168766021728515625">
        <ele>1275.199951171875</ele>
        <time>2026-09-03T08:15:51.000Z</time>
      </trkpt>
      <trkpt lat="42.21359319984912872314453125" lon="1.70538394711911678314208984375">
        <ele>1275</ele>
        <time>2026-09-03T08:15:57.000Z</time>
      </trkpt>
      <trkpt lat="42.21359319984912872314453125" lon="1.70538394711911678314208984375">
        <ele>1274.800048828125</ele>
        <time>2026-09-03T08:15:59.000Z</time>
      </trkpt>
      <trkpt lat="42.21359319984912872314453125" lon="1.70538394711911678314208984375">
        <ele>1274.5999755859375</ele>
        <time>2026-09-03T08:16:01.000Z</time>
      </trkpt>
      <trkpt lat="42.21359319984912872314453125" lon="1.70538394711911678314208984375">
        <ele>1274.5999755859375</ele>
        <time>2026-09-03T08:16:03.000Z</time>
      </trkpt>
      <trkpt lat="42.21359319984912872314453125" lon="1.70538394711911678314208984375">
        <ele>1274.4000244140625</ele>
        <time>2026-09-03T08:16:09.000Z</time>
      </trkpt>
      <trkpt lat="42.21359319984912872314453125" lon="1.70538394711911678314208984375">
        <ele>1274.800048828125</ele>
        <time>2026-09-03T08:16:15.000Z</time>
      </trkpt>
      <trkpt lat="42.21359319984912872314453125" lon="1.70538394711911678314208984375">
        <ele>1274.5999755859375</ele>
        <time>2026-09-03T08:16:16.000Z</time>
      </trkpt>
      <trkpt lat="42.21359319984912872314453125" lon="1.70538394711911678314208984375">
        <ele>1274.199951171875</ele>
        <time>2026-09-03T08:16:22.000Z</time>
      </trkpt>
      <trkpt lat="42.21359319984912872314453125" lon="1.70538394711911678314208984375">
        <ele>1274</ele>
        <time>2026-09-03T08:16:23.000Z</time>
      </trkpt>
      <trkpt lat="42.21359319984912872314453125" lon="1.70538394711911678314208984375">
        <ele>1273.5999755859375</ele>
        <time>2026-09-03T08:16:28.000Z</time>
      </trkpt>
      <trkpt lat="42.21359319984912872314453125" lon="1.70538394711911678314208984375">
        <ele>1273.4000244140625</ele>
        <time>2026-09-03T08:16:34.000Z</time>
      </trkpt>
      <trkpt lat="42.21359319984912872314453125" lon="1.70538394711911678314208984375">
        <ele>1272.800048828125</ele>
        <time>2026-09-03T08:16:35.000Z</time>
      </trkpt>
      <trkpt lat="42.21359319984912872314453125" lon="1.70538394711911678314208984375">
        <ele>1273</ele>
        <time>2026-09-03T08:16:41.000Z</time>
      </trkpt>
      <trkpt lat="42.21359319984912872314453125" lon="1.70538394711911678314208984375">
        <ele>1273.199951171875</ele>
        <time>2026-09-03T08:16:47.000Z</time>
      </trkpt>
      <trkpt lat="42.2135938704013824462890625" lon="1.7053714580833911895751953125">
        <ele>1273.5999755859375</ele>
        <time>2026-09-03T08:16:51.000Z</time>
      </trkpt>
      <trkpt lat="42.213594876229763031005859375" lon="1.705361902713775634765625">
        <ele>1274</ele>
        <time>2026-09-03T08:16:52.000Z</time>
      </trkpt>
      <trkpt lat="42.2135994024574756622314453125" lon="1.70531152747571468353271484375">
        <ele>1274.5999755859375</ele>
        <time>2026-09-03T08:16:58.000Z</time>
      </trkpt>
      <trkpt lat="42.213594876229763031005859375" lon="1.70530398376286029815673828125">
        <ele>1274.4000244140625</ele>
        <time>2026-09-03T08:16:59.000Z</time>
      </trkpt>
      <trkpt lat="42.21355807967483997344970703125" lon="1.7052782513201236724853515625">
        <ele>1273.800048828125</ele>
        <time>2026-09-03T08:17:04.000Z</time>
      </trkpt>
      <trkpt lat="42.2135263122618198394775390625" lon="1.70524883083999156951904296875">
        <ele>1272.800048828125</ele>
        <time>2026-09-03T08:17:08.000Z</time>
      </trkpt>
      <trkpt lat="42.21351005136966705322265625" lon="1.70522804372012615203857421875">
        <ele>1272</ele>
        <time>2026-09-03T08:17:12.000Z</time>
      </trkpt>
      <trkpt lat="42.2134999930858612060546875" lon="1.7051894031465053558349609375">
        <ele>1271.800048828125</ele>
        <time>2026-09-03T08:17:18.000Z</time>
      </trkpt>
      <trkpt lat="42.2134994901716709136962890625" lon="1.7051877267658710479736328125">
        <ele>1271.800048828125</ele>
        <time>2026-09-03T08:17:19.000Z</time>
      </trkpt>
      <trkpt lat="42.2134991548955440521240234375" lon="1.70518781058490276336669921875">
        <ele>1271.5999755859375</ele>
        <time>2026-09-03T08:17:25.000Z</time>
      </trkpt>
      <trkpt lat="42.2134991548955440521240234375" lon="1.70518781058490276336669921875">
        <ele>1271.800048828125</ele>
        <time>2026-09-03T08:17:31.000Z</time>
      </trkpt>
      <trkpt lat="42.2134991548955440521240234375" lon="1.70518781058490276336669921875">
        <ele>1271.800048828125</ele>
        <time>2026-09-03T08:17:33.000Z</time>
      </trkpt>
      <trkpt lat="42.2134991548955440521240234375" lon="1.70518781058490276336669921875">
        <ele>1272</ele>
        <time>2026-09-03T08:17:39.000Z</time>
      </trkpt>
      <trkpt lat="42.2134991548955440521240234375" lon="1.70518781058490276336669921875">
        <ele>1272</ele>
        <time>2026-09-03T08:17:44.000Z</time>
      </trkpt>
      <trkpt lat="42.2134991548955440521240234375" lon="1.70518781058490276336669921875">
        <ele>1271.4000244140625</ele>
        <time>2026-09-03T08:17:50.000Z</time>
      </trkpt>
      <trkpt lat="42.2134991548955440521240234375" lon="1.70518781058490276336669921875">
        <ele>1271.199951171875</ele>
        <time>2026-09-03T08:17:56.000Z</time>
      </trkpt>
      <trkpt lat="42.2134991548955440521240234375" lon="1.70518781058490276336669921875">
        <ele>1271</ele>
        <time>2026-09-03T08:18:00.000Z</time>
      </trkpt>
      <trkpt lat="42.2134991548955440521240234375" lon="1.70518781058490276336669921875">
        <ele>1271</ele>
        <time>2026-09-03T08:18:06.000Z</time>
      </trkpt>
      <trkpt lat="42.2134991548955440521240234375" lon="1.70518781058490276336669921875">
        <ele>1270.800048828125</ele>
        <time>2026-09-03T08:18:12.000Z</time>
      </trkpt>
      <trkpt lat="42.2134991548955440521240234375" lon="1.70518781058490276336669921875">
        <ele>1270.800048828125</ele>
        <time>2026-09-03T08:18:13.000Z</time>
      </trkpt>
      <trkpt lat="42.2134991548955440521240234375" lon="1.70518781058490276336669921875">
        <ele>1270.5999755859375</ele>
        <time>2026-09-03T08:18:19.000Z</time>
      </trkpt>
      <trkpt lat="42.2134991548955440521240234375" lon="1.70518781058490276336669921875">
        <ele>1270.5999755859375</ele>
        <time>2026-09-03T08:18:25.000Z</time>
      </trkpt>
      <trkpt lat="42.2134991548955440521240234375" lon="1.70518781058490276336669921875">
        <ele>1270.5999755859375</ele>
        <time>2026-09-03T08:18:31.000Z</time>
      </trkpt>
      <trkpt lat="42.2134991548955440521240234375" lon="1.70518781058490276336669921875">
        <ele>1270.4000244140625</ele>
        <time>2026-09-03T08:18:37.000Z</time>
      </trkpt>
      <trkpt lat="42.2134991548955440521240234375" lon="1.70518781058490276336669921875">
        <ele>1270.199951171875</ele>
        <time>2026-09-03T08:18:43.000Z</time>
      </trkpt>
      <trkpt lat="42.2134991548955440521240234375" lon="1.70518781058490276336669921875">
        <ele>1270.199951171875</ele>
        <time>2026-09-03T08:18:49.000Z</time>
      </trkpt>
      <trkpt lat="42.2134991548955440521240234375" lon="1.70518781058490276336669921875">
        <ele>1270.199951171875</ele>
        <time>2026-09-03T08:18:51.000Z</time>
      </trkpt>
      <trkpt lat="42.21349395811557769775390625" lon="1.70516769401729106903076171875">
        <ele>1270</ele>
        <time>2026-09-03T08:18:57.000Z</time>
      </trkpt>
      <trkpt lat="42.213486246764659881591796875" lon="1.70512712560594081878662109375">
        <ele>1269.800048828125</ele>
        <time>2026-09-03T08:19:00.000Z</time>
      </trkpt>
      <trkpt lat="42.2134870849549770355224609375" lon="1.70505386777222156524658203125">
        <ele>1269.5999755859375</ele>
        <time>2026-09-03T08:19:05.000Z</time>
      </trkpt>
      <trkpt lat="42.213494293391704559326171875" lon="1.7050261236727237701416015625">
        <ele>1269.4000244140625</ele>
        <time>2026-09-03T08:19:07.000Z</time>
      </trkpt>
      <trkpt lat="42.21350527368485927581787109375" lon="1.70498848892748355865478515625">
        <ele>1269.199951171875</ele>
        <time>2026-09-03T08:19:13.000Z</time>
      </trkpt>
      <trkpt lat="42.21350627951323986053466796875" lon="1.70498664490878582000732421875">
        <ele>1269</ele>
        <time>2026-09-03T08:19:15.000Z</time>
      </trkpt>
      <trkpt lat="42.21350627951323986053466796875" lon="1.70498664490878582000732421875">
        <ele>1268.5999755859375</ele>
        <time>2026-09-03T08:19:17.000Z</time>
      </trkpt>
      <trkpt lat="42.21350627951323986053466796875" lon="1.70498664490878582000732421875">
        <ele>1268.5999755859375</ele>
        <time>2026-09-03T08:19:19.000Z</time>
      </trkpt>
      <trkpt lat="42.21350627951323986053466796875" lon="1.70498664490878582000732421875">
        <ele>1268.800048828125</ele>
        <time>2026-09-03T08:19:20.000Z</time>
      </trkpt>
      <trkpt lat="42.21350627951323986053466796875" lon="1.70498664490878582000732421875">
        <ele>1268.800048828125</ele>
        <time>2026-09-03T08:19:21.000Z</time>
      </trkpt>
      <trkpt lat="42.21350627951323986053466796875" lon="1.70498664490878582000732421875">
        <ele>1269</ele>
        <time>2026-09-03T08:19:22.000Z</time>
      </trkpt>
      <trkpt lat="42.21350778825581073760986328125" lon="1.7049823701381683349609375">
        <ele>1268.5999755859375</ele>
        <time>2026-09-03T08:19:25.000Z</time>
      </trkpt>
      <trkpt lat="42.21351130865514278411865234375" lon="1.70496652834117412567138671875">
        <ele>1268.5999755859375</ele>
        <time>2026-09-03T08:19:30.000Z</time>
      </trkpt>
      <trkpt lat="42.21351130865514278411865234375" lon="1.70496652834117412567138671875">
        <ele>1269.4000244140625</ele>
        <time>2026-09-03T08:19:36.000Z</time>
      </trkpt>
      <trkpt lat="42.21351114101707935333251953125" lon="1.70496292412281036376953125">
        <ele>1269.199951171875</ele>
        <time>2026-09-03T08:19:37.000Z</time>
      </trkpt>
      <trkpt lat="42.21350594423711299896240234375" lon="1.70494440011680126190185546875">
        <ele>1269.199951171875</ele>
        <time>2026-09-03T08:19:39.000Z</time>
      </trkpt>
      <trkpt lat="42.213494293391704559326171875" lon="1.70490659773349761962890625">
        <ele>1268.199951171875</ele>
        <time>2026-09-03T08:19:45.000Z</time>
      </trkpt>
      <trkpt lat="42.21349454484879970550537109375" lon="1.7049057595431804656982421875">
        <ele>1268</ele>
        <time>2026-09-03T08:19:48.000Z</time>
      </trkpt>
      <trkpt lat="42.2134941257536411285400390625" lon="1.704898215830326080322265625">
        <ele>1267.5999755859375</ele>
        <time>2026-09-03T08:19:50.000Z</time>
      </trkpt>
      <trkpt lat="42.2134807147085666656494140625" lon="1.70486326329410076141357421875">
        <ele>1266.5999755859375</ele>
        <time>2026-09-03T08:19:55.000Z</time>
      </trkpt>
      <trkpt lat="42.2134676389396190643310546875" lon="1.70486091636121273040771484375">
        <ele>1267.199951171875</ele>
        <time>2026-09-03T08:20:01.000Z</time>
      </trkpt>
      <trkpt lat="42.21346856094896793365478515625" lon="1.70486368238925933837890625">
        <ele>1267.5999755859375</ele>
        <time>2026-09-03T08:20:07.000Z</time>
      </trkpt>
      <trkpt lat="42.21344433724880218505859375" lon="1.7048511095345020294189453125">
        <ele>1267.4000244140625</ele>
        <time>2026-09-03T08:20:11.000Z</time>
      </trkpt>
      <trkpt lat="42.21342966891825199127197265625" lon="1.70483811758458614349365234375">
        <ele>1266.4000244140625</ele>
        <time>2026-09-03T08:20:14.000Z</time>
      </trkpt>
      <trkpt lat="42.213432602584362030029296875" lon="1.70485018752515316009521484375">
        <ele>1266.199951171875</ele>
        <time>2026-09-03T08:20:18.000Z</time>
      </trkpt>
      <trkpt lat="42.21343251876533031463623046875" lon="1.7048501037061214447021484375">
        <ele>1266.4000244140625</ele>
        <time>2026-09-03T08:20:24.000Z</time>
      </trkpt>
      <trkpt lat="42.21343251876533031463623046875" lon="1.7048501037061214447021484375">
        <ele>1266</ele>
        <time>2026-09-03T08:20:30.000Z</time>
      </trkpt>
      <trkpt lat="42.21343251876533031463623046875" lon="1.7048501037061214447021484375">
        <ele>1266</ele>
        <time>2026-09-03T08:20:32.000Z</time>
      </trkpt>
      <trkpt lat="42.21343251876533031463623046875" lon="1.7048501037061214447021484375">
        <ele>1266</ele>
        <time>2026-09-03T08:20:33.000Z</time>
      </trkpt>
      <trkpt lat="42.21343251876533031463623046875" lon="1.7048501037061214447021484375">
        <ele>1266</ele>
        <time>2026-09-03T08:20:34.000Z</time>
      </trkpt>
      <trkpt lat="42.21343251876533031463623046875" lon="1.7048501037061214447021484375">
        <ele>1266</ele>
        <time>2026-09-03T08:20:35.000Z</time>
      </trkpt>
      <trkpt lat="42.21343251876533031463623046875" lon="1.7048501037061214447021484375">
        <ele>1266</ele>
        <time>2026-09-03T08:20:41.000Z</time>
      </trkpt>
      <trkpt lat="42.21343251876533031463623046875" lon="1.7048501037061214447021484375">
        <ele>1265.800048828125</ele>
        <time>2026-09-03T08:20:47.000Z</time>
      </trkpt>
      <trkpt lat="42.21343251876533031463623046875" lon="1.7048501037061214447021484375">
        <ele>1266</ele>
        <time>2026-09-03T08:20:53.000Z</time>
      </trkpt>
      <trkpt lat="42.21341843716800212860107421875" lon="1.70484381727874279022216796875">
        <ele>1265.800048828125</ele>
        <time>2026-09-03T08:20:56.000Z</time>
      </trkpt>
      <trkpt lat="42.21341558732092380523681640625" lon="1.704844571650028228759765625">
        <ele>1266</ele>
        <time>2026-09-03T08:20:58.000Z</time>
      </trkpt>
      <trkpt lat="42.21339865587651729583740234375" lon="1.704837195575237274169921875">
        <ele>1266.199951171875</ele>
        <time>2026-09-03T08:21:01.000Z</time>
      </trkpt>
      <trkpt lat="42.2133982367813587188720703125" lon="1.70483694411814212799072265625">
        <ele>1266.4000244140625</ele>
        <time>2026-09-03T08:21:04.000Z</time>
      </trkpt>
      <trkpt lat="42.21334501169621944427490234375" lon="1.7047994770109653472900390625">
        <ele>1266.4000244140625</ele>
        <time>2026-09-03T08:21:10.000Z</time>
      </trkpt>
      <trkpt lat="42.21330746077001094818115234375" lon="1.7047709785401821136474609375">
        <ele>1265.4000244140625</ele>
        <time>2026-09-03T08:21:14.000Z</time>
      </trkpt>
      <trkpt lat="42.21326705999672412872314453125" lon="1.70472110621631145477294921875">
        <ele>1264.4000244140625</ele>
        <time>2026-09-03T08:21:19.000Z</time>
      </trkpt>
      <trkpt lat="42.2132617793977260589599609375" lon="1.70470543205738067626953125">
        <ele>1264.4000244140625</ele>
        <time>2026-09-03T08:21:20.000Z</time>
      </trkpt>
      <trkpt lat="42.21325247548520565032958984375" lon="1.7046304978430271148681640625">
        <ele>1264.5999755859375</ele>
        <time>2026-09-03T08:21:26.000Z</time>
      </trkpt>
      <trkpt lat="42.213259600102901458740234375" lon="1.70460409484803676605224609375">
        <ele>1264.5999755859375</ele>
        <time>2026-09-03T08:21:27.000Z</time>
      </trkpt>
      <trkpt lat="42.21327267587184906005859375" lon="1.70452781952917575836181640625">
        <ele>1265.199951171875</ele>
        <time>2026-09-03T08:21:33.000Z</time>
      </trkpt>
      <trkpt lat="42.2132694907486438751220703125" lon="1.70450803823769092559814453125">
        <ele>1265.199951171875</ele>
        <time>2026-09-03T08:21:35.000Z</time>
      </trkpt>
      <trkpt lat="42.21327359788119792938232421875" lon="1.70443092472851276397705078125">
        <ele>1265.199951171875</ele>
        <time>2026-09-03T08:21:41.000Z</time>
      </trkpt>
      <trkpt lat="42.21326890401542186737060546875" lon="1.70438867993652820587158203125">
        <ele>1265.199951171875</ele>
        <time>2026-09-03T08:21:44.000Z</time>
      </trkpt>
      <trkpt lat="42.21327192150056362152099609375" lon="1.70433738268911838531494140625">
        <ele>1264.4000244140625</ele>
        <time>2026-09-03T08:21:50.000Z</time>
      </trkpt>
      <trkpt lat="42.21327158622443675994873046875" lon="1.7043280787765979766845703125">
        <ele>1264.4000244140625</ele>
        <time>2026-09-03T08:21:51.000Z</time>
      </trkpt>
      <trkpt lat="42.21325457096099853515625" lon="1.7043032683432102203369140625">
        <ele>1264</ele>
        <time>2026-09-03T08:21:54.000Z</time>
      </trkpt>
      <trkpt lat="42.21324409358203411102294921875" lon="1.70428960584104061126708984375">
        <ele>1263.800048828125</ele>
        <time>2026-09-03T08:21:56.000Z</time>
      </trkpt>
      <trkpt lat="42.21324090845882892608642578125" lon="1.70428876765072345733642578125">
        <ele>1263.800048828125</ele>
        <time>2026-09-03T08:21:58.000Z</time>
      </trkpt>
      <trkpt lat="42.2132413275539875030517578125" lon="1.7042885161936283111572265625">
        <ele>1264.199951171875</ele>
        <time>2026-09-03T08:22:04.000Z</time>
      </trkpt>
      <trkpt lat="42.2132413275539875030517578125" lon="1.7042885161936283111572265625">
        <ele>1264.5999755859375</ele>
        <time>2026-09-03T08:22:08.000Z</time>
      </trkpt>
      <trkpt lat="42.2132413275539875030517578125" lon="1.7042885161936283111572265625">
        <ele>1264.4000244140625</ele>
        <time>2026-09-03T08:22:10.000Z</time>
      </trkpt>
      <trkpt lat="42.2132413275539875030517578125" lon="1.7042885161936283111572265625">
        <ele>1264.4000244140625</ele>
        <time>2026-09-03T08:22:11.000Z</time>
      </trkpt>
      <trkpt lat="42.2132413275539875030517578125" lon="1.7042885161936283111572265625">
        <ele>1264.4000244140625</ele>
        <time>2026-09-03T08:22:13.000Z</time>
      </trkpt>
      <trkpt lat="42.2132413275539875030517578125" lon="1.7042885161936283111572265625">
        <ele>1264.4000244140625</ele>
        <time>2026-09-03T08:22:19.000Z</time>
      </trkpt>
      <trkpt lat="42.2132413275539875030517578125" lon="1.7042885161936283111572265625">
        <ele>1264.5999755859375</ele>
        <time>2026-09-03T08:22:20.000Z</time>
      </trkpt>
      <trkpt lat="42.2132413275539875030517578125" lon="1.7042885161936283111572265625">
        <ele>1264.5999755859375</ele>
        <time>2026-09-03T08:22:21.000Z</time>
      </trkpt>
      <trkpt lat="42.2132413275539875030517578125" lon="1.7042885161936283111572265625">
        <ele>1264.800048828125</ele>
        <time>2026-09-03T08:22:22.000Z</time>
      </trkpt>
      <trkpt lat="42.2132413275539875030517578125" lon="1.7042885161936283111572265625">
        <ele>1264.800048828125</ele>
        <time>2026-09-03T08:22:23.000Z</time>
      </trkpt>
      <trkpt lat="42.2132413275539875030517578125" lon="1.7042885161936283111572265625">
        <ele>1264.800048828125</ele>
        <time>2026-09-03T08:22:24.000Z</time>
      </trkpt>
      <trkpt lat="42.2132413275539875030517578125" lon="1.7042885161936283111572265625">
        <ele>1264.800048828125</ele>
        <time>2026-09-03T08:22:30.000Z</time>
      </trkpt>
      <trkpt lat="42.2132413275539875030517578125" lon="1.7042885161936283111572265625">
        <ele>1265.4000244140625</ele>
        <time>2026-09-03T08:22:34.000Z</time>
      </trkpt>
      <trkpt lat="42.2132413275539875030517578125" lon="1.7042885161936283111572265625">
        <ele>1265.4000244140625</ele>
        <time>2026-09-03T08:22:36.000Z</time>
      </trkpt>
      <trkpt lat="42.2132413275539875030517578125" lon="1.7042885161936283111572265625">
        <ele>1264.5999755859375</ele>
        <time>2026-09-03T08:22:42.000Z</time>
      </trkpt>
      <trkpt lat="42.2132413275539875030517578125" lon="1.7042885161936283111572265625">
        <ele>1264.800048828125</ele>
        <time>2026-09-03T08:22:48.000Z</time>
      </trkpt>
      <trkpt lat="42.2132413275539875030517578125" lon="1.7042885161936283111572265625">
        <ele>1264.800048828125</ele>
        <time>2026-09-03T08:22:52.000Z</time>
      </trkpt>
      <trkpt lat="42.2132413275539875030517578125" lon="1.7042885161936283111572265625">
        <ele>1264.800048828125</ele>
        <time>2026-09-03T08:22:58.000Z</time>
      </trkpt>
      <trkpt lat="42.2132413275539875030517578125" lon="1.7042885161936283111572265625">
        <ele>1264.5999755859375</ele>
        <time>2026-09-03T08:23:04.000Z</time>
      </trkpt>
      <trkpt lat="42.2132413275539875030517578125" lon="1.7042885161936283111572265625">
        <ele>1264.5999755859375</ele>
        <time>2026-09-03T08:23:10.000Z</time>
      </trkpt>
      <trkpt lat="42.2132413275539875030517578125" lon="1.7042885161936283111572265625">
        <ele>1265</ele>
        <time>2026-09-03T08:23:16.000Z</time>
      </trkpt>
      <trkpt lat="42.2132396511733531951904296875" lon="1.704315841197967529296875">
        <ele>1265.5999755859375</ele>
        <time>2026-09-03T08:23:21.000Z</time>
      </trkpt>
      <trkpt lat="42.2132396511733531951904296875" lon="1.704315841197967529296875">
        <ele>1265.5999755859375</ele>
        <time>2026-09-03T08:23:27.000Z</time>
      </trkpt>
      <trkpt lat="42.2132396511733531951904296875" lon="1.704315841197967529296875">
        <ele>1265.5999755859375</ele>
        <time>2026-09-03T08:23:28.000Z</time>
      </trkpt>
      <trkpt lat="42.2132396511733531951904296875" lon="1.704315841197967529296875">
        <ele>1265.5999755859375</ele>
        <time>2026-09-03T08:23:32.000Z</time>
      </trkpt>
      <trkpt lat="42.2132396511733531951904296875" lon="1.704315841197967529296875">
        <ele>1265.5999755859375</ele>
        <time>2026-09-03T08:23:35.000Z</time>
      </trkpt>
      <trkpt lat="42.2132396511733531951904296875" lon="1.704315841197967529296875">
        <ele>1265.5999755859375</ele>
        <time>2026-09-03T08:23:38.000Z</time>
      </trkpt>
      <trkpt lat="42.2132396511733531951904296875" lon="1.704315841197967529296875">
        <ele>1265.5999755859375</ele>
        <time>2026-09-03T08:23:40.000Z</time>
      </trkpt>
      <trkpt lat="42.2132396511733531951904296875" lon="1.704315841197967529296875">
        <ele>1266</ele>
        <time>2026-09-03T08:23:46.000Z</time>
      </trkpt>
      <trkpt lat="42.2132396511733531951904296875" lon="1.704315841197967529296875">
        <ele>1265.5999755859375</ele>
        <time>2026-09-03T08:23:52.000Z</time>
      </trkpt>
      <trkpt lat="42.2132396511733531951904296875" lon="1.704315841197967529296875">
        <ele>1265.199951171875</ele>
        <time>2026-09-03T08:23:58.000Z</time>
      </trkpt>
      <trkpt lat="42.2132396511733531951904296875" lon="1.704315841197967529296875">
        <ele>1265.4000244140625</ele>
        <time>2026-09-03T08:24:01.000Z</time>
      </trkpt>
      <trkpt lat="42.2132396511733531951904296875" lon="1.704315841197967529296875">
        <ele>1265.199951171875</ele>
        <time>2026-09-03T08:24:07.000Z</time>
      </trkpt>
      <trkpt lat="42.2132396511733531951904296875" lon="1.704315841197967529296875">
        <ele>1265.199951171875</ele>
        <time>2026-09-03T08:24:11.000Z</time>
      </trkpt>
      <trkpt lat="42.2132396511733531951904296875" lon="1.704315841197967529296875">
        <ele>1264.5999755859375</ele>
        <time>2026-09-03T08:24:17.000Z</time>
      </trkpt>
      <trkpt lat="42.2132396511733531951904296875" lon="1.704315841197967529296875">
        <ele>1264.4000244140625</ele>
        <time>2026-09-03T08:24:18.000Z</time>
      </trkpt>
      <trkpt lat="42.2132396511733531951904296875" lon="1.704315841197967529296875">
        <ele>1264</ele>
        <time>2026-09-03T08:24:22.000Z</time>
      </trkpt>
      <trkpt lat="42.2132396511733531951904296875" lon="1.704315841197967529296875">
        <ele>1264.800048828125</ele>
        <time>2026-09-03T08:24:28.000Z</time>
      </trkpt>
      <trkpt lat="42.21323202364146709442138671875" lon="1.704302765429019927978515625">
        <ele>1265</ele>
        <time>2026-09-03T08:24:30.000Z</time>
      </trkpt>
      <trkpt lat="42.21320318989455699920654296875" lon="1.7042784579098224639892578125">
        <ele>1264.800048828125</ele>
        <time>2026-09-03T08:24:33.000Z</time>
      </trkpt>
      <trkpt lat="42.21319111995398998260498046875" lon="1.70426546595990657806396484375">
        <ele>1264.4000244140625</ele>
        <time>2026-09-03T08:24:35.000Z</time>
      </trkpt>
      <trkpt lat="42.21314569003880023956298828125" lon="1.70425943098962306976318359375">
        <ele>1263.4000244140625</ele>
        <time>2026-09-03T08:24:39.000Z</time>
      </trkpt>
      <trkpt lat="42.21313655376434326171875" lon="1.70425347983837127685546875">
        <ele>1263.199951171875</ele>
        <time>2026-09-03T08:24:40.000Z</time>
      </trkpt>
      <trkpt lat="42.21313009969890117645263671875" lon="1.70424685813486576080322265625">
        <ele>1263</ele>
        <time>2026-09-03T08:24:41.000Z</time>
      </trkpt>
      <trkpt lat="42.21312104724347591400146484375" lon="1.7042382247745990753173828125">
        <ele>1262.800048828125</ele>
        <time>2026-09-03T08:24:43.000Z</time>
      </trkpt>
      <trkpt lat="42.21311576664447784423828125" lon="1.704245768487453460693359375">
        <ele>1262.5999755859375</ele>
        <time>2026-09-03T08:24:44.000Z</time>
      </trkpt>
      <trkpt lat="42.2130948118865489959716796875" lon="1.70424166135489940643310546875">
        <ele>1262.199951171875</ele>
        <time>2026-09-03T08:24:47.000Z</time>
      </trkpt>
      <trkpt lat="42.21308483742177486419677734375" lon="1.70424065552651882171630859375">
        <ele>1262.199951171875</ele>
        <time>2026-09-03T08:24:48.000Z</time>
      </trkpt>
      <trkpt lat="42.21301920711994171142578125" lon="1.70425155200064182281494140625">
        <ele>1261.5999755859375</ele>
        <time>2026-09-03T08:24:54.000Z</time>
      </trkpt>
      <trkpt lat="42.212994061410427093505859375" lon="1.70425616204738616943359375">
        <ele>1261</ele>
        <time>2026-09-03T08:24:56.000Z</time>
      </trkpt>
      <trkpt lat="42.21296933479607105255126953125" lon="1.70426345430314540863037109375">
        <ele>1259.800048828125</ele>
        <time>2026-09-03T08:24:59.000Z</time>
      </trkpt>
      <trkpt lat="42.2129493020474910736083984375" lon="1.70426596887409687042236328125">
        <ele>1259.5999755859375</ele>
        <time>2026-09-03T08:25:01.000Z</time>
      </trkpt>
      <trkpt lat="42.21289071254432201385498046875" lon="1.70425406657159328460693359375">
        <ele>1259.5999755859375</ele>
        <time>2026-09-03T08:25:07.000Z</time>
      </trkpt>
      <trkpt lat="42.2128443606197834014892578125" lon="1.7042435891926288604736328125">
        <ele>1259.4000244140625</ele>
        <time>2026-09-03T08:25:11.000Z</time>
      </trkpt>
      <trkpt lat="42.2127833403646945953369140625" lon="1.70425574295222759246826171875">
        <ele>1259.199951171875</ele>
        <time>2026-09-03T08:25:17.000Z</time>
      </trkpt>
      <trkpt lat="42.21276305615901947021484375" lon="1.7042583413422107696533203125">
        <ele>1259</ele>
        <time>2026-09-03T08:25:19.000Z</time>
      </trkpt>
      <trkpt lat="42.2126971744000911712646484375" lon="1.7042637057602405548095703125">
        <ele>1258.800048828125</ele>
        <time>2026-09-03T08:25:25.000Z</time>
      </trkpt>
      <trkpt lat="42.21265685744583606719970703125" lon="1.70425825752317905426025390625">
        <ele>1258.5999755859375</ele>
        <time>2026-09-03T08:25:28.000Z</time>
      </trkpt>
      <trkpt lat="42.21259566955268383026123046875" lon="1.70421064831316471099853515625">
        <ele>1258.5999755859375</ele>
        <time>2026-09-03T08:25:34.000Z</time>
      </trkpt>
      <trkpt lat="42.212568260729312896728515625" lon="1.7041535675525665283203125">
        <ele>1257.5999755859375</ele>
        <time>2026-09-03T08:25:38.000Z</time>
      </trkpt>
      <trkpt lat="42.2125476412475109100341796875" lon="1.7040799744427204132080078125">
        <ele>1256.5999755859375</ele>
        <time>2026-09-03T08:25:43.000Z</time>
      </trkpt>
      <trkpt lat="42.21252894960343837738037109375" lon="1.70400881208479404449462890625">
        <ele>1256.800048828125</ele>
        <time>2026-09-03T08:25:49.000Z</time>
      </trkpt>
      <trkpt lat="42.21251763403415679931640625" lon="1.70397587120532989501953125">
        <ele>1256.4000244140625</ele>
        <time>2026-09-03T08:25:52.000Z</time>
      </trkpt>
      <trkpt lat="42.21248636953532695770263671875" lon="1.7039153538644313812255859375">
        <ele>1256.4000244140625</ele>
        <time>2026-09-03T08:25:58.000Z</time>
      </trkpt>
      <trkpt lat="42.2124799154698848724365234375" lon="1.70388962142169475555419921875">
        <ele>1256.4000244140625</ele>
        <time>2026-09-03T08:26:00.000Z</time>
      </trkpt>
      <trkpt lat="42.21245887689292430877685546875" lon="1.7038021981716156005859375">
        <ele>1255.4000244140625</ele>
        <time>2026-09-03T08:26:06.000Z</time>
      </trkpt>
      <trkpt lat="42.21245183609426021575927734375" lon="1.70377864502370357513427734375">
        <ele>1255.199951171875</ele>
        <time>2026-09-03T08:26:08.000Z</time>
      </trkpt>
      <trkpt lat="42.212425768375396728515625" lon="1.70369784347712993621826171875">
        <ele>1254.5999755859375</ele>
        <time>2026-09-03T08:26:14.000Z</time>
      </trkpt>
      <trkpt lat="42.21242501400411128997802734375" lon="1.703682504594326019287109375">
        <ele>1254.4000244140625</ele>
        <time>2026-09-03T08:26:15.000Z</time>
      </trkpt>
      <trkpt lat="42.21242182888090610504150390625" lon="1.703665740787982940673828125">
        <ele>1254.4000244140625</ele>
        <time>2026-09-03T08:26:16.000Z</time>
      </trkpt>
      <trkpt lat="42.21241110004484653472900390625" lon="1.70357865281403064727783203125">
        <ele>1254.800048828125</ele>
        <time>2026-09-03T08:26:22.000Z</time>
      </trkpt>
      <trkpt lat="42.2123974375426769256591796875" lon="1.703540347516536712646484375">
        <ele>1254.5999755859375</ele>
        <time>2026-09-03T08:26:25.000Z</time>
      </trkpt>
      <trkpt lat="42.21238042227923870086669921875" lon="1.70345359481871128082275390625">
        <ele>1254.4000244140625</ele>
        <time>2026-09-03T08:26:31.000Z</time>
      </trkpt>
      <trkpt lat="42.21237354911863803863525390625" lon="1.7034322209656238555908203125">
        <ele>1254.199951171875</ele>
        <time>2026-09-03T08:26:33.000Z</time>
      </trkpt>
      <trkpt lat="42.212346978485584259033203125" lon="1.7033500783145427703857421875">
        <ele>1253.4000244140625</ele>
        <time>2026-09-03T08:26:39.000Z</time>
      </trkpt>
      <trkpt lat="42.2123439610004425048828125" lon="1.70333473943173885345458984375">
        <ele>1253.4000244140625</ele>
        <time>2026-09-03T08:26:40.000Z</time>
      </trkpt>
      <trkpt lat="42.212339937686920166015625" lon="1.70331780798733234405517578125">
        <ele>1253.199951171875</ele>
        <time>2026-09-03T08:26:41.000Z</time>
      </trkpt>
      <trkpt lat="42.2123183123767375946044921875" lon="1.70322443358600139617919921875">
        <ele>1253.199951171875</ele>
        <time>2026-09-03T08:26:47.000Z</time>
      </trkpt>
      <trkpt lat="42.212302386760711669921875" lon="1.70318269170820713043212890625">
        <ele>1253</ele>
        <time>2026-09-03T08:26:50.000Z</time>
      </trkpt>
      <trkpt lat="42.21228168345987796783447265625" lon="1.7031036503612995147705078125">
        <ele>1252.4000244140625</ele>
        <time>2026-09-03T08:26:56.000Z</time>
      </trkpt>
      <trkpt lat="42.21227514557540416717529296875" lon="1.70307540334761142730712890625">
        <ele>1252.4000244140625</ele>
        <time>2026-09-03T08:26:58.000Z</time>
      </trkpt>
      <trkpt lat="42.2122462280094623565673828125" lon="1.7029913328588008880615234375">
        <ele>1252.800048828125</ele>
        <time>2026-09-03T08:27:04.000Z</time>
      </trkpt>
      <trkpt lat="42.21223055385053157806396484375" lon="1.70294565148651599884033203125">
        <ele>1252.4000244140625</ele>
        <time>2026-09-03T08:27:07.000Z</time>
      </trkpt>
      <trkpt lat="42.21222401596605777740478515625" lon="1.7029323242604732513427734375">
        <ele>1252.4000244140625</ele>
        <time>2026-09-03T08:27:08.000Z</time>
      </trkpt>
      <trkpt lat="42.21220809035003185272216796875" lon="1.702850349247455596923828125">
        <ele>1251.800048828125</ele>
        <time>2026-09-03T08:27:14.000Z</time>
      </trkpt>
      <trkpt lat="42.212204821407794952392578125" lon="1.70283735729753971099853515625">
        <ele>1251.800048828125</ele>
        <time>2026-09-03T08:27:15.000Z</time>
      </trkpt>
      <trkpt lat="42.2122044861316680908203125" lon="1.70279033482074737548828125">
        <ele>1251.199951171875</ele>
        <time>2026-09-03T08:27:18.000Z</time>
      </trkpt>
      <trkpt lat="42.21220976673066616058349609375" lon="1.702698133885860443115234375">
        <ele>1250.4000244140625</ele>
        <time>2026-09-03T08:27:24.000Z</time>
      </trkpt>
      <trkpt lat="42.2122301347553730010986328125" lon="1.70259763486683368682861328125">
        <ele>1250.5999755859375</ele>
        <time>2026-09-03T08:27:30.000Z</time>
      </trkpt>
      <trkpt lat="42.21223139204084873199462890625" lon="1.70258053578436374664306640625">
        <ele>1250.4000244140625</ele>
        <time>2026-09-03T08:27:31.000Z</time>
      </trkpt>
      <trkpt lat="42.212242372334003448486328125" lon="1.7025346867740154266357421875">
        <ele>1250</ele>
        <time>2026-09-03T08:27:34.000Z</time>
      </trkpt>
      <trkpt lat="42.21226441673934459686279296875" lon="1.70246369205415248870849609375">
        <ele>1249.5999755859375</ele>
        <time>2026-09-03T08:27:39.000Z</time>
      </trkpt>
      <trkpt lat="42.21227112226188182830810546875" lon="1.702417843043804168701171875">
        <ele>1249.4000244140625</ele>
        <time>2026-09-03T08:27:43.000Z</time>
      </trkpt>
      <trkpt lat="42.2122804261744022369384765625" lon="1.70237048529088497161865234375">
        <ele>1249.199951171875</ele>
        <time>2026-09-03T08:27:46.000Z</time>
      </trkpt>
      <trkpt lat="42.21228201873600482940673828125" lon="1.70235455967485904693603515625">
        <ele>1249</ele>
        <time>2026-09-03T08:27:47.000Z</time>
      </trkpt>
      <trkpt lat="42.21228922717273235321044921875" lon="1.7022731713950634002685546875">
        <ele>1248.199951171875</ele>
        <time>2026-09-03T08:27:53.000Z</time>
      </trkpt>
      <trkpt lat="42.21229107119143009185791015625" lon="1.70226001180708408355712890625">
        <ele>1248.199951171875</ele>
        <time>2026-09-03T08:27:54.000Z</time>
      </trkpt>
      <trkpt lat="42.21227782778441905975341796875" lon="1.70215976424515247344970703125">
        <ele>1248.199951171875</ele>
        <time>2026-09-03T08:28:00.000Z</time>
      </trkpt>
      <trkpt lat="42.2122715413570404052734375" lon="1.70214618556201457977294921875">
        <ele>1248</ele>
        <time>2026-09-03T08:28:01.000Z</time>
      </trkpt>
      <trkpt lat="42.21226676367223262786865234375" lon="1.7021243087947368621826171875">
        <ele>1248.4000244140625</ele>
        <time>2026-09-03T08:28:07.000Z</time>
      </trkpt>
      <trkpt lat="42.21226676367223262786865234375" lon="1.70212456025183200836181640625">
        <ele>1248.4000244140625</ele>
        <time>2026-09-03T08:28:08.000Z</time>
      </trkpt>
      <trkpt lat="42.21226676367223262786865234375" lon="1.70212456025183200836181640625">
        <ele>1248</ele>
        <time>2026-09-03T08:28:12.000Z</time>
      </trkpt>
      <trkpt lat="42.21226676367223262786865234375" lon="1.70212456025183200836181640625">
        <ele>1247.800048828125</ele>
        <time>2026-09-03T08:28:18.000Z</time>
      </trkpt>
      <trkpt lat="42.21226676367223262786865234375" lon="1.70212456025183200836181640625">
        <ele>1247.800048828125</ele>
        <time>2026-09-03T08:28:24.000Z</time>
      </trkpt>
      <trkpt lat="42.21226676367223262786865234375" lon="1.70212456025183200836181640625">
        <ele>1247.800048828125</ele>
        <time>2026-09-03T08:28:25.000Z</time>
      </trkpt>
      <trkpt lat="42.21226676367223262786865234375" lon="1.70212456025183200836181640625">
        <ele>1247.800048828125</ele>
        <time>2026-09-03T08:28:28.000Z</time>
      </trkpt>
      <trkpt lat="42.21226676367223262786865234375" lon="1.70212456025183200836181640625">
        <ele>1247.4000244140625</ele>
        <time>2026-09-03T08:28:31.000Z</time>
      </trkpt>
      <trkpt lat="42.21226676367223262786865234375" lon="1.70212456025183200836181640625">
        <ele>1247.199951171875</ele>
        <time>2026-09-03T08:28:34.000Z</time>
      </trkpt>
      <trkpt lat="42.21226676367223262786865234375" lon="1.70212456025183200836181640625">
        <ele>1247.199951171875</ele>
        <time>2026-09-03T08:28:40.000Z</time>
      </trkpt>
      <trkpt lat="42.21226676367223262786865234375" lon="1.70212456025183200836181640625">
        <ele>1247</ele>
        <time>2026-09-03T08:28:44.000Z</time>
      </trkpt>
      <trkpt lat="42.21226676367223262786865234375" lon="1.70212456025183200836181640625">
        <ele>1246.800048828125</ele>
        <time>2026-09-03T08:28:49.000Z</time>
      </trkpt>
      <trkpt lat="42.21226676367223262786865234375" lon="1.70212456025183200836181640625">
        <ele>1246.800048828125</ele>
        <time>2026-09-03T08:28:55.000Z</time>
      </trkpt>
      <trkpt lat="42.21226676367223262786865234375" lon="1.70212456025183200836181640625">
        <ele>1246.5999755859375</ele>
        <time>2026-09-03T08:28:59.000Z</time>
      </trkpt>
      <trkpt lat="42.21226676367223262786865234375" lon="1.70212456025183200836181640625">
        <ele>1246.4000244140625</ele>
        <time>2026-09-03T08:29:04.000Z</time>
      </trkpt>
      <trkpt lat="42.21226676367223262786865234375" lon="1.70212456025183200836181640625">
        <ele>1246</ele>
        <time>2026-09-03T08:29:09.000Z</time>
      </trkpt>
      <trkpt lat="42.21226458437740802764892578125" lon="1.70211919583380222320556640625">
        <ele>1246</ele>
        <time>2026-09-03T08:29:10.000Z</time>
      </trkpt>
      <trkpt lat="42.21224698238074779510498046875" lon="1.70204333961009979248046875">
        <ele>1245.800048828125</ele>
        <time>2026-09-03T08:29:16.000Z</time>
      </trkpt>
      <trkpt lat="42.2122472338378429412841796875" lon="1.7020292580127716064453125">
        <ele>1245.800048828125</ele>
        <time>2026-09-03T08:29:17.000Z</time>
      </trkpt>
      <trkpt lat="42.21221194602549076080322265625" lon="1.7019648849964141845703125">
        <ele>1246</ele>
        <time>2026-09-03T08:29:23.000Z</time>
      </trkpt>
      <trkpt lat="42.21219518221914768218994140625" lon="1.70194367878139019012451171875">
        <ele>1246.199951171875</ele>
        <time>2026-09-03T08:29:25.000Z</time>
      </trkpt>
      <trkpt lat="42.21215779893100261688232421875" lon="1.70186220668256282806396484375">
        <ele>1246.199951171875</ele>
        <time>2026-09-03T08:29:31.000Z</time>
      </trkpt>
      <trkpt lat="42.21214539371430873870849609375" lon="1.701839156448841094970703125">
        <ele>1245.800048828125</ele>
        <time>2026-09-03T08:29:33.000Z</time>
      </trkpt>
      <trkpt lat="42.21210993826389312744140625" lon="1.7017524875700473785400390625">
        <ele>1246.5999755859375</ele>
        <time>2026-09-03T08:29:39.000Z</time>
      </trkpt>
      <trkpt lat="42.2120906598865985870361328125" lon="1.7017192952334880828857421875">
        <ele>1246.800048828125</ele>
        <time>2026-09-03T08:29:41.000Z</time>
      </trkpt>
      <trkpt lat="42.2120725549757480621337890625" lon="1.701690293848514556884765625">
        <ele>1247.199951171875</ele>
        <time>2026-09-03T08:29:43.000Z</time>
      </trkpt>
      <trkpt lat="42.212057970464229583740234375" lon="1.70162198133766651153564453125">
        <ele>1248.199951171875</ele>
        <time>2026-09-03T08:29:48.000Z</time>
      </trkpt>
      <trkpt lat="42.212053276598453521728515625" lon="1.70160991139709949493408203125">
        <ele>1248</ele>
        <time>2026-09-03T08:29:49.000Z</time>
      </trkpt>
      <trkpt lat="42.21204984001815319061279296875" lon="1.70158334076404571533203125">
        <ele>1247.800048828125</ele>
        <time>2026-09-03T08:29:51.000Z</time>
      </trkpt>
      <trkpt lat="42.21204967238008975982666015625" lon="1.70153237879276275634765625">
        <ele>1248.5999755859375</ele>
        <time>2026-09-03T08:29:54.000Z</time>
      </trkpt>
      <trkpt lat="42.21204682253301143646240234375" lon="1.70151360332965850830078125">
        <ele>1249</ele>
        <time>2026-09-03T08:29:55.000Z</time>
      </trkpt>
      <trkpt lat="42.21205419860780239105224609375" lon="1.70145115815103054046630859375">
        <ele>1249.4000244140625</ele>
        <time>2026-09-03T08:29:59.000Z</time>
      </trkpt>
      <trkpt lat="42.2120583057403564453125" lon="1.7014098353683948516845703125">
        <ele>1249</ele>
        <time>2026-09-03T08:30:02.000Z</time>
      </trkpt>
      <trkpt lat="42.21208152361214160919189453125" lon="1.70134051702916622161865234375">
        <ele>1249.800048828125</ele>
        <time>2026-09-03T08:30:07.000Z</time>
      </trkpt>
      <trkpt lat="42.212087810039520263671875" lon="1.70133129693567752838134765625">
        <ele>1250</ele>
        <time>2026-09-03T08:30:08.000Z</time>
      </trkpt>
      <trkpt lat="42.2121184878051280975341796875" lon="1.7012794129550457000732421875">
        <ele>1250.4000244140625</ele>
        <time>2026-09-03T08:30:12.000Z</time>
      </trkpt>
      <trkpt lat="42.21212603151798248291015625" lon="1.70126575045287609100341796875">
        <ele>1250.199951171875</ele>
        <time>2026-09-03T08:30:13.000Z</time>
      </trkpt>
      <trkpt lat="42.21217875368893146514892578125" lon="1.7012036405503749847412109375">
        <ele>1250</ele>
        <time>2026-09-03T08:30:19.000Z</time>
      </trkpt>
      <trkpt lat="42.21224212087690830230712890625" lon="1.70114723034203052520751953125">
        <ele>1250</ele>
        <time>2026-09-03T08:30:25.000Z</time>
      </trkpt>
      <trkpt lat="42.21230817027390003204345703125" lon="1.7011030577123165130615234375">
        <ele>1250</ele>
        <time>2026-09-03T08:30:31.000Z</time>
      </trkpt>
      <trkpt lat="42.21237204037606716156005859375" lon="1.701058633625507354736328125">
        <ele>1250.4000244140625</ele>
        <time>2026-09-03T08:30:37.000Z</time>
      </trkpt>
      <trkpt lat="42.21238075755536556243896484375" lon="1.701057292520999908447265625">
        <ele>1250.4000244140625</ele>
        <time>2026-09-03T08:30:38.000Z</time>
      </trkpt>
      <trkpt lat="42.2124319709837436676025390625" lon="1.70101848430931568145751953125">
        <ele>1250.800048828125</ele>
        <time>2026-09-03T08:30:43.000Z</time>
      </trkpt>
      <trkpt lat="42.21243926323950290679931640625" lon="1.70100708492100238800048828125">
        <ele>1250.800048828125</ele>
        <time>2026-09-03T08:30:44.000Z</time>
      </trkpt>
      <trkpt lat="42.2124458849430084228515625" lon="1.70098227448761463165283203125">
        <ele>1250.800048828125</ele>
        <time>2026-09-03T08:30:46.000Z</time>
      </trkpt>
      <trkpt lat="42.2124433703720569610595703125" lon="1.70092427171766757965087890625">
        <ele>1251</ele>
        <time>2026-09-03T08:30:50.000Z</time>
      </trkpt>
      <trkpt lat="42.2124420292675495147705078125" lon="1.700830645859241485595703125">
        <ele>1251.4000244140625</ele>
        <time>2026-09-03T08:30:56.000Z</time>
      </trkpt>
      <trkpt lat="42.21242601983249187469482421875" lon="1.70074976049363613128662109375">
        <ele>1251.199951171875</ele>
        <time>2026-09-03T08:31:01.000Z</time>
      </trkpt>
      <trkpt lat="42.21242032013833522796630859375" lon="1.70073584653437137603759765625">
        <ele>1251.199951171875</ele>
        <time>2026-09-03T08:31:02.000Z</time>
      </trkpt>
      <trkpt lat="42.21239886246621608734130859375" lon="1.700648255646228790283203125">
        <ele>1251.4000244140625</ele>
        <time>2026-09-03T08:31:08.000Z</time>
      </trkpt>
      <trkpt lat="42.2123944200575351715087890625" lon="1.70063786208629608154296875">
        <ele>1251.4000244140625</ele>
        <time>2026-09-03T08:31:09.000Z</time>
      </trkpt>
      <trkpt lat="42.2123702801764011383056640625" lon="1.70054398477077484130859375">
        <ele>1251.4000244140625</ele>
        <time>2026-09-03T08:31:15.000Z</time>
      </trkpt>
      <trkpt lat="42.2123598866164684295654296875" lon="1.70045337639749050140380859375">
        <ele>1251.199951171875</ele>
        <time>2026-09-03T08:31:21.000Z</time>
      </trkpt>
      <trkpt lat="42.21235946752130985260009765625" lon="1.70043678022921085357666015625">
        <ele>1251</ele>
        <time>2026-09-03T08:31:22.000Z</time>
      </trkpt>
      <trkpt lat="42.21233817748725414276123046875" lon="1.7003449983894824981689453125">
        <ele>1250</ele>
        <time>2026-09-03T08:31:28.000Z</time>
      </trkpt>
      <trkpt lat="42.2123370878398418426513671875" lon="1.7003168351948261260986328125">
        <ele>1250</ele>
        <time>2026-09-03T08:31:30.000Z</time>
      </trkpt>
      <trkpt lat="42.21232845447957515716552734375" lon="1.70024919323623180389404296875">
        <ele>1249.800048828125</ele>
        <time>2026-09-03T08:31:35.000Z</time>
      </trkpt>
      <trkpt lat="42.2123129479587078094482421875" lon="1.70019655488431453704833984375">
        <ele>1249.800048828125</ele>
        <time>2026-09-03T08:31:39.000Z</time>
      </trkpt>
      <trkpt lat="42.21229769289493560791015625" lon="1.70011173002421855926513671875">
        <ele>1248.5999755859375</ele>
        <time>2026-09-03T08:31:45.000Z</time>
      </trkpt>
      <trkpt lat="42.2122931666672229766845703125" lon="1.70009748078882694244384765625">
        <ele>1248.4000244140625</ele>
        <time>2026-09-03T08:31:46.000Z</time>
      </trkpt>
      <trkpt lat="42.21226206980645656585693359375" lon="1.70001165010035037994384765625">
        <ele>1248</ele>
        <time>2026-09-03T08:31:52.000Z</time>
      </trkpt>
      <trkpt lat="42.21224949695169925689697265625" lon="1.69998206198215484619140625">
        <ele>1247.5999755859375</ele>
        <time>2026-09-03T08:31:54.000Z</time>
      </trkpt>
      <trkpt lat="42.21222468651831150054931640625" lon="1.6998833231627941131591796875">
        <ele>1247</ele>
        <time>2026-09-03T08:32:00.000Z</time>
      </trkpt>
      <trkpt lat="42.2122247703373432159423828125" lon="1.69986647553741931915283203125">
        <ele>1247</ele>
        <time>2026-09-03T08:32:01.000Z</time>
      </trkpt>
      <trkpt lat="42.21222720108926296234130859375" lon="1.69981316663324832916259765625">
        <ele>1246.4000244140625</ele>
        <time>2026-09-03T08:32:04.000Z</time>
      </trkpt>
      <trkpt lat="42.21222938038408756256103515625" lon="1.69973320327699184417724609375">
        <ele>1245.800048828125</ele>
        <time>2026-09-03T08:32:10.000Z</time>
      </trkpt>
      <trkpt lat="42.21222485415637493133544921875" lon="1.69964435510337352752685546875">
        <ele>1245.800048828125</ele>
        <time>2026-09-03T08:32:16.000Z</time>
      </trkpt>
      <trkpt lat="42.21222518943250179290771484375" lon="1.69962088577449321746826171875">
        <ele>1245.5999755859375</ele>
        <time>2026-09-03T08:32:18.000Z</time>
      </trkpt>
      <trkpt lat="42.21221915446221828460693359375" lon="1.69952667318284511566162109375">
        <ele>1245.4000244140625</ele>
        <time>2026-09-03T08:32:24.000Z</time>
      </trkpt>
      <trkpt lat="42.21220993436872959136962890625" lon="1.699497587978839874267578125">
        <ele>1245.4000244140625</ele>
        <time>2026-09-03T08:32:26.000Z</time>
      </trkpt>
      <trkpt lat="42.2121962718665599822998046875" lon="1.699455343186855316162109375">
        <ele>1245.800048828125</ele>
        <time>2026-09-03T08:32:30.000Z</time>
      </trkpt>
      <trkpt lat="42.21216483972966670989990234375" lon="1.6993522457778453826904296875">
        <ele>1245.5999755859375</ele>
        <time>2026-09-03T08:32:36.000Z</time>
      </trkpt>
      <trkpt lat="42.21215981058776378631591796875" lon="1.699337325990200042724609375">
        <ele>1245.5999755859375</ele>
        <time>2026-09-03T08:32:37.000Z</time>
      </trkpt>
      <trkpt lat="42.21214237622916698455810546875" lon="1.69926230795681476593017578125">
        <ele>1245.4000244140625</ele>
        <time>2026-09-03T08:32:43.000Z</time>
      </trkpt>
      <trkpt lat="42.212129719555377960205078125" lon="1.69919860549271106719970703125">
        <ele>1245.5999755859375</ele>
        <time>2026-09-03T08:32:46.000Z</time>
      </trkpt>
      <trkpt lat="42.2121225111186504364013671875" lon="1.69910405762493610382080078125">
        <ele>1245.5999755859375</ele>
        <time>2026-09-03T08:32:52.000Z</time>
      </trkpt>
      <trkpt lat="42.212112285196781158447265625" lon="1.69904328882694244384765625">
        <ele>1245.199951171875</ele>
        <time>2026-09-03T08:32:57.000Z</time>
      </trkpt>
      <trkpt lat="42.21208982169628143310546875" lon="1.698943711817264556884765625">
        <ele>1244.5999755859375</ele>
        <time>2026-09-03T08:33:03.000Z</time>
      </trkpt>
      <trkpt lat="42.21208705566823482513427734375" lon="1.69892921112477779388427734375">
        <ele>1244.4000244140625</ele>
        <time>2026-09-03T08:33:04.000Z</time>
      </trkpt>
      <trkpt lat="42.21208470873534679412841796875" lon="1.6989098489284515380859375">
        <ele>1244.4000244140625</ele>
        <time>2026-09-03T08:33:05.000Z</time>
      </trkpt>
      <trkpt lat="42.2120658494532108306884765625" lon="1.69881437905132770538330078125">
        <ele>1243.800048828125</ele>
        <time>2026-09-03T08:33:11.000Z</time>
      </trkpt>
      <trkpt lat="42.21205855719745159149169921875" lon="1.698762662708759307861328125">
        <ele>1243.4000244140625</ele>
        <time>2026-09-03T08:33:15.000Z</time>
      </trkpt>
      <trkpt lat="42.2120500914752483367919921875" lon="1.69871480204164981842041015625">
        <ele>1242.800048828125</ele>
        <time>2026-09-03T08:33:18.000Z</time>
      </trkpt>
      <trkpt lat="42.212044894695281982421875" lon="1.698674820363521575927734375">
        <ele>1242.199951171875</ele>
        <time>2026-09-03T08:33:20.000Z</time>
      </trkpt>
      <trkpt lat="42.2120370157063007354736328125" lon="1.6985794343054294586181640625">
        <ele>1241.4000244140625</ele>
        <time>2026-09-03T08:33:26.000Z</time>
      </trkpt>
      <trkpt lat="42.212031818926334381103515625" lon="1.698526628315448760986328125">
        <ele>1241.199951171875</ele>
        <time>2026-09-03T08:33:29.000Z</time>
      </trkpt>
      <trkpt lat="42.212029807269573211669921875" lon="1.69845915399491786956787109375">
        <ele>1240.4000244140625</ele>
        <time>2026-09-03T08:33:35.000Z</time>
      </trkpt>
      <trkpt lat="42.2120301425457000732421875" lon="1.69845865108072757720947265625">
        <ele>1240.4000244140625</ele>
        <time>2026-09-03T08:33:37.000Z</time>
      </trkpt>
      <trkpt lat="42.2120225988328456878662109375" lon="1.69843375682830810546875">
        <ele>1240.4000244140625</ele>
        <time>2026-09-03T08:33:43.000Z</time>
      </trkpt>
      <trkpt lat="42.21201849170029163360595703125" lon="1.698402576148509979248046875">
        <ele>1240.199951171875</ele>
        <time>2026-09-03T08:33:45.000Z</time>
      </trkpt>
      <trkpt lat="42.2120138816535472869873046875" lon="1.6983708925545215606689453125">
        <ele>1240</ele>
        <time>2026-09-03T08:33:47.000Z</time>
      </trkpt>
      <trkpt lat="42.21199686639010906219482421875" lon="1.69828288257122039794921875">
        <ele>1239</ele>
        <time>2026-09-03T08:33:53.000Z</time>
      </trkpt>
      <trkpt lat="42.21198630519211292266845703125" lon="1.6982190124690532684326171875">
        <ele>1238.4000244140625</ele>
        <time>2026-09-03T08:33:57.000Z</time>
      </trkpt>
      <trkpt lat="42.21197725273668766021728515625" lon="1.6981744207441806793212890625">
        <ele>1238</ele>
        <time>2026-09-03T08:34:00.000Z</time>
      </trkpt>
      <trkpt lat="42.21197809092700481414794921875" lon="1.69808867387473583221435546875">
        <ele>1237.199951171875</ele>
        <time>2026-09-03T08:34:06.000Z</time>
      </trkpt>
      <trkpt lat="42.211975492537021636962890625" lon="1.69803821481764316558837890625">
        <ele>1237.199951171875</ele>
        <time>2026-09-03T08:34:08.000Z</time>
      </trkpt>
      <trkpt lat="42.2119672782719135284423828125" lon="1.69802807271480560302734375">
        <ele>1237</ele>
        <time>2026-09-03T08:34:09.000Z</time>
      </trkpt>
      <trkpt lat="42.211958058178424835205078125" lon="1.69801776297390460968017578125">
        <ele>1236.800048828125</ele>
        <time>2026-09-03T08:34:10.000Z</time>
      </trkpt>
      <trkpt lat="42.21194632351398468017578125" lon="1.69795355759561061859130859375">
        <ele>1236.4000244140625</ele>
        <time>2026-09-03T08:34:14.000Z</time>
      </trkpt>
      <trkpt lat="42.21193693578243255615234375" lon="1.6978704929351806640625">
        <ele>1235.800048828125</ele>
        <time>2026-09-03T08:34:19.000Z</time>
      </trkpt>
      <trkpt lat="42.2119521908462047576904296875" lon="1.69777569361031055450439453125">
        <ele>1235.5999755859375</ele>
        <time>2026-09-03T08:34:25.000Z</time>
      </trkpt>
      <trkpt lat="42.2119639255106449127197265625" lon="1.69775859452784061431884765625">
        <ele>1235.4000244140625</ele>
        <time>2026-09-03T08:34:27.000Z</time>
      </trkpt>
      <trkpt lat="42.21196602098643779754638671875" lon="1.69775582849979400634765625">
        <ele>1235.800048828125</ele>
        <time>2026-09-03T08:34:33.000Z</time>
      </trkpt>
      <trkpt lat="42.21196551807224750518798828125" lon="1.69774283654987812042236328125">
        <ele>1235.5999755859375</ele>
        <time>2026-09-03T08:34:39.000Z</time>
      </trkpt>
      <trkpt lat="42.21196719445288181304931640625" lon="1.6977040283381938934326171875">
        <ele>1235.5999755859375</ele>
        <time>2026-09-03T08:34:41.000Z</time>
      </trkpt>
      <trkpt lat="42.211985886096954345703125" lon="1.6976138390600681304931640625">
        <ele>1234.4000244140625</ele>
        <time>2026-09-03T08:34:46.000Z</time>
      </trkpt>
      <trkpt lat="42.21199736930429935455322265625" lon="1.69758425094187259674072265625">
        <ele>1233.800048828125</ele>
        <time>2026-09-03T08:34:48.000Z</time>
      </trkpt>
      <trkpt lat="42.2120101936161518096923828125" lon="1.69755457900464534759521484375">
        <ele>1233.4000244140625</ele>
        <time>2026-09-03T08:34:50.000Z</time>
      </trkpt>
      <trkpt lat="42.2120274603366851806640625" lon="1.6974599473178386688232421875">
        <ele>1232.5999755859375</ele>
        <time>2026-09-03T08:34:56.000Z</time>
      </trkpt>
      <trkpt lat="42.21203123219311237335205078125" lon="1.6974237374961376190185546875">
        <ele>1232.199951171875</ele>
        <time>2026-09-03T08:34:58.000Z</time>
      </trkpt>
      <trkpt lat="42.21203777007758617401123046875" lon="1.69734570197761058807373046875">
        <ele>1231.199951171875</ele>
        <time>2026-09-03T08:35:04.000Z</time>
      </trkpt>
      <trkpt lat="42.21202536486089229583740234375" lon="1.6972795687615871429443359375">
        <ele>1230.5999755859375</ele>
        <time>2026-09-03T08:35:08.000Z</time>
      </trkpt>
      <trkpt lat="42.21201471984386444091796875" lon="1.6972514055669307708740234375">
        <ele>1230</ele>
        <time>2026-09-03T08:35:11.000Z</time>
      </trkpt>
      <trkpt lat="42.21198680810630321502685546875" lon="1.69717638753354549407958984375">
        <ele>1228.800048828125</ele>
        <time>2026-09-03T08:35:16.000Z</time>
      </trkpt>
      <trkpt lat="42.211954705417156219482421875" lon="1.69712190516293048858642578125">
        <ele>1228.4000244140625</ele>
        <time>2026-09-03T08:35:19.000Z</time>
      </trkpt>
      <trkpt lat="42.21193157136440277099609375" lon="1.69708217494189739227294921875">
        <ele>1227.800048828125</ele>
        <time>2026-09-03T08:35:22.000Z</time>
      </trkpt>
      <trkpt lat="42.211883626878261566162109375" lon="1.69700942002236843109130859375">
        <ele>1227</ele>
        <time>2026-09-03T08:35:28.000Z</time>
      </trkpt>
      <trkpt lat="42.2118727304041385650634765625" lon="1.69700539670884609222412109375">
        <ele>1226.5999755859375</ele>
        <time>2026-09-03T08:35:30.000Z</time>
      </trkpt>
      <trkpt lat="42.21178832463920116424560546875" lon="1.69696767814457416534423828125">
        <ele>1226.5999755859375</ele>
        <time>2026-09-03T08:35:36.000Z</time>
      </trkpt>
      <trkpt lat="42.21177776344120502471923828125" lon="1.69695912860333919525146484375">
        <ele>1226.5999755859375</ele>
        <time>2026-09-03T08:35:37.000Z</time>
      </trkpt>
      <trkpt lat="42.2117097862064838409423828125" lon="1.69691495597362518310546875">
        <ele>1226.199951171875</ele>
        <time>2026-09-03T08:35:43.000Z</time>
      </trkpt>
      <trkpt lat="42.211669050157070159912109375" lon="1.69686877168715000152587890625">
        <ele>1226.5999755859375</ele>
        <time>2026-09-03T08:35:48.000Z</time>
      </trkpt>
      <trkpt lat="42.2116209380328655242919921875" lon="1.69678109697997570037841796875">
        <ele>1226.5999755859375</ele>
        <time>2026-09-03T08:35:54.000Z</time>
      </trkpt>
      <trkpt lat="42.2116182558238506317138671875" lon="1.69675192795693874359130859375">
        <ele>1227</ele>
        <time>2026-09-03T08:35:57.000Z</time>
      </trkpt>
      <trkpt lat="42.21162286587059497833251953125" lon="1.696647070348262786865234375">
        <ele>1227.199951171875</ele>
        <time>2026-09-03T08:36:03.000Z</time>
      </trkpt>
      <trkpt lat="42.211638204753398895263671875" lon="1.69660440646111965179443359375">
        <ele>1227.4000244140625</ele>
        <time>2026-09-03T08:36:06.000Z</time>
      </trkpt>
      <trkpt lat="42.211648933589458465576171875" lon="1.6965790092945098876953125">
        <ele>1227.199951171875</ele>
        <time>2026-09-03T08:36:08.000Z</time>
      </trkpt>
      <trkpt lat="42.21167868934571743011474609375" lon="1.6964839585125446319580078125">
        <ele>1227.199951171875</ele>
        <time>2026-09-03T08:36:14.000Z</time>
      </trkpt>
      <trkpt lat="42.2116841375827789306640625" lon="1.69642545282840728759765625">
        <ele>1227.800048828125</ele>
        <time>2026-09-03T08:36:17.000Z</time>
      </trkpt>
      <trkpt lat="42.21168355084955692291259765625" lon="1.6963344253599643707275390625">
        <ele>1228.199951171875</ele>
        <time>2026-09-03T08:36:23.000Z</time>
      </trkpt>
      <trkpt lat="42.2116806171834468841552734375" lon="1.69631472788751125335693359375">
        <ele>1228.4000244140625</ele>
        <time>2026-09-03T08:36:24.000Z</time>
      </trkpt>
      <trkpt lat="42.21166200935840606689453125" lon="1.69622554443776607513427734375">
        <ele>1228.199951171875</ele>
        <time>2026-09-03T08:36:30.000Z</time>
      </trkpt>
      <trkpt lat="42.211652956902980804443359375" lon="1.69618581421673297882080078125">
        <ele>1228</ele>
        <time>2026-09-03T08:36:32.000Z</time>
      </trkpt>
      <trkpt lat="42.21163577400147914886474609375" lon="1.6961486823856830596923828125">
        <ele>1228.199951171875</ele>
        <time>2026-09-03T08:36:35.000Z</time>
      </trkpt>
      <trkpt lat="42.21161213703453540802001953125" lon="1.696087159216403961181640625">
        <ele>1228.4000244140625</ele>
        <time>2026-09-03T08:36:39.000Z</time>
      </trkpt>
      <trkpt lat="42.21159621141850948333740234375" lon="1.69605706818401813507080078125">
        <ele>1228.4000244140625</ele>
        <time>2026-09-03T08:36:41.000Z</time>
      </trkpt>
      <trkpt lat="42.2115558944642543792724609375" lon="1.69596704654395580291748046875">
        <ele>1228</ele>
        <time>2026-09-03T08:36:47.000Z</time>
      </trkpt>
      <trkpt lat="42.21154726110398769378662109375" lon="1.69593393802642822265625">
        <ele>1228</ele>
        <time>2026-09-03T08:36:49.000Z</time>
      </trkpt>
      <trkpt lat="42.21150652505457401275634765625" lon="1.6958529688417911529541015625">
        <ele>1227.800048828125</ele>
        <time>2026-09-03T08:36:55.000Z</time>
      </trkpt>
      <trkpt lat="42.21147769130766391754150390625" lon="1.69576705433428287506103515625">
        <ele>1228</ele>
        <time>2026-09-03T08:37:01.000Z</time>
      </trkpt>
      <trkpt lat="42.2114717401564121246337890625" lon="1.69573654420673847198486328125">
        <ele>1228</ele>
        <time>2026-09-03T08:37:03.000Z</time>
      </trkpt>
      <trkpt lat="42.2114556469023227691650390625" lon="1.69564266689121723175048828125">
        <ele>1228</ele>
        <time>2026-09-03T08:37:09.000Z</time>
      </trkpt>
      <trkpt lat="42.21144382841885089874267578125" lon="1.69554711319506168365478515625">
        <ele>1227.800048828125</ele>
        <time>2026-09-03T08:37:15.000Z</time>
      </trkpt>
      <trkpt lat="42.21143058501183986663818359375" lon="1.69545491226017475128173828125">
        <ele>1227.199951171875</ele>
        <time>2026-09-03T08:37:21.000Z</time>
      </trkpt>
      <trkpt lat="42.21142723225057125091552734375" lon="1.69542037881910800933837890625">
        <ele>1227.4000244140625</ele>
        <time>2026-09-03T08:37:23.000Z</time>
      </trkpt>
      <trkpt lat="42.2114157490432262420654296875" lon="1.69532398693263530731201171875">
        <ele>1227.4000244140625</ele>
        <time>2026-09-03T08:37:29.000Z</time>
      </trkpt>
      <trkpt lat="42.211411893367767333984375" lon="1.69531409628689289093017578125">
        <ele>1227.5999755859375</ele>
        <time>2026-09-03T08:37:30.000Z</time>
      </trkpt>
      <trkpt lat="42.2114244662225246429443359375" lon="1.6952115856111049652099609375">
        <ele>1228</ele>
        <time>2026-09-03T08:37:36.000Z</time>
      </trkpt>
      <trkpt lat="42.2114574909210205078125" lon="1.69511779211461544036865234375">
        <ele>1227.4000244140625</ele>
        <time>2026-09-03T08:37:42.000Z</time>
      </trkpt>
      <trkpt lat="42.2114610113203525543212890625" lon="1.695099435746669769287109375">
        <ele>1227.4000244140625</ele>
        <time>2026-09-03T08:37:43.000Z</time>
      </trkpt>
      <trkpt lat="42.21149244345724582672119140625" lon="1.69501083903014659881591796875">
        <ele>1227.4000244140625</ele>
        <time>2026-09-03T08:37:49.000Z</time>
      </trkpt>
      <trkpt lat="42.21149965189397335052490234375" lon="1.69499759562313556671142578125">
        <ele>1227.4000244140625</ele>
        <time>2026-09-03T08:37:50.000Z</time>
      </trkpt>
      <trkpt lat="42.21151222474873065948486328125" lon="1.69494780711829662322998046875">
        <ele>1226.5999755859375</ele>
        <time>2026-09-03T08:37:53.000Z</time>
      </trkpt>
      <trkpt lat="42.211523540318012237548828125" lon="1.69490489177405834197998046875">
        <ele>1226.4000244140625</ele>
        <time>2026-09-03T08:37:56.000Z</time>
      </trkpt>
      <trkpt lat="42.21157022751867771148681640625" lon="1.694819815456867218017578125">
        <ele>1225.800048828125</ele>
        <time>2026-09-03T08:38:02.000Z</time>
      </trkpt>
      <trkpt lat="42.2115766815841197967529296875" lon="1.6948087513446807861328125">
        <ele>1225.800048828125</ele>
        <time>2026-09-03T08:38:03.000Z</time>
      </trkpt>
      <trkpt lat="42.2116256318986415863037109375" lon="1.69472484849393367767333984375">
        <ele>1225.800048828125</ele>
        <time>2026-09-03T08:38:09.000Z</time>
      </trkpt>
      <trkpt lat="42.211642898619174957275390625" lon="1.6947049833834171295166015625">
        <ele>1225.800048828125</ele>
        <time>2026-09-03T08:38:11.000Z</time>
      </trkpt>
      <trkpt lat="42.21166041679680347442626953125" lon="1.69468201696872711181640625">
        <ele>1225.800048828125</ele>
        <time>2026-09-03T08:38:13.000Z</time>
      </trkpt>
      <trkpt lat="42.211725376546382904052734375" lon="1.69461336918175220489501953125">
        <ele>1225.5999755859375</ele>
        <time>2026-09-03T08:38:19.000Z</time>
      </trkpt>
      <trkpt lat="42.21173577010631561279296875" lon="1.69460557401180267333984375">
        <ele>1225.5999755859375</ele>
        <time>2026-09-03T08:38:20.000Z</time>
      </trkpt>
      <trkpt lat="42.21180307678878307342529296875" lon="1.6945527680218219757080078125">
        <ele>1225.4000244140625</ele>
        <time>2026-09-03T08:38:26.000Z</time>
      </trkpt>
      <trkpt lat="42.21181112341582775115966796875" lon="1.6945376805961132049560546875">
        <ele>1225.199951171875</ele>
        <time>2026-09-03T08:38:27.000Z</time>
      </trkpt>
      <trkpt lat="42.21185973845422267913818359375" lon="1.694477498531341552734375">
        <ele>1225.199951171875</ele>
        <time>2026-09-03T08:38:33.000Z</time>
      </trkpt>
      <trkpt lat="42.21186493523418903350830078125" lon="1.69446433894336223602294921875">
        <ele>1225.199951171875</ele>
        <time>2026-09-03T08:38:34.000Z</time>
      </trkpt>
      <trkpt lat="42.2119042463600635528564453125" lon="1.694379933178424835205078125">
        <ele>1226</ele>
        <time>2026-09-03T08:38:40.000Z</time>
      </trkpt>
      <trkpt lat="42.2119505144655704498291015625" lon="1.69432586990296840667724609375">
        <ele>1226.5999755859375</ele>
        <time>2026-09-03T08:38:45.000Z</time>
      </trkpt>
      <trkpt lat="42.21199519000947475433349609375" lon="1.6942664422094821929931640625">
        <ele>1226.4000244140625</ele>
        <time>2026-09-03T08:38:51.000Z</time>
      </trkpt>
      <trkpt lat="42.21205956302583217620849609375" lon="1.6942267119884490966796875">
        <ele>1225.199951171875</ele>
        <time>2026-09-03T08:38:57.000Z</time>
      </trkpt>
      <trkpt lat="42.21208286471664905548095703125" lon="1.69421992264688014984130859375">
        <ele>1225.199951171875</ele>
        <time>2026-09-03T08:38:59.000Z</time>
      </trkpt>
      <trkpt lat="42.21214556135237216949462890625" lon="1.6941842995584011077880859375">
        <ele>1225.5999755859375</ele>
        <time>2026-09-03T08:39:05.000Z</time>
      </trkpt>
      <trkpt lat="42.212156541645526885986328125" lon="1.6941779293119907379150390625">
        <ele>1225.800048828125</ele>
        <time>2026-09-03T08:39:06.000Z</time>
      </trkpt>
      <trkpt lat="42.2122080065310001373291015625" lon="1.694138534367084503173828125">
        <ele>1226.199951171875</ele>
        <time>2026-09-03T08:39:12.000Z</time>
      </trkpt>
      <trkpt lat="42.21223373897373676300048828125" lon="1.69412218965590000152587890625">
        <ele>1226.4000244140625</ele>
        <time>2026-09-03T08:39:15.000Z</time>
      </trkpt>
      <trkpt lat="42.21226341091096401214599609375" lon="1.69409268535673618316650390625">
        <ele>1226.800048828125</ele>
        <time>2026-09-03T08:39:19.000Z</time>
      </trkpt>
      <trkpt lat="42.2122958488762378692626953125" lon="1.694075167179107666015625">
        <ele>1227.199951171875</ele>
        <time>2026-09-03T08:39:23.000Z</time>
      </trkpt>
      <trkpt lat="42.21234999597072601318359375" lon="1.69403292238712310791015625">
        <ele>1227.5999755859375</ele>
        <time>2026-09-03T08:39:29.000Z</time>
      </trkpt>
      <trkpt lat="42.21235879696905612945556640625" lon="1.69403166510164737701416015625">
        <ele>1227.800048828125</ele>
        <time>2026-09-03T08:39:30.000Z</time>
      </trkpt>
      <trkpt lat="42.2123924084007740020751953125" lon="1.69396813027560710906982421875">
        <ele>1228</ele>
        <time>2026-09-03T08:39:36.000Z</time>
      </trkpt>
      <trkpt lat="42.21242266707122325897216796875" lon="1.6938966326415538787841796875">
        <ele>1228.199951171875</ele>
        <time>2026-09-03T08:39:42.000Z</time>
      </trkpt>
      <trkpt lat="42.212439514696598052978515625" lon="1.693851538002490997314453125">
        <ele>1228.4000244140625</ele>
        <time>2026-09-03T08:39:45.000Z</time>
      </trkpt>
      <trkpt lat="42.21245921216905117034912109375" lon="1.69376872479915618896484375">
        <ele>1228.4000244140625</ele>
        <time>2026-09-03T08:39:51.000Z</time>
      </trkpt>
      <trkpt lat="42.212462984025478363037109375" lon="1.693756319582462310791015625">
        <ele>1228.5999755859375</ele>
        <time>2026-09-03T08:39:52.000Z</time>
      </trkpt>
      <trkpt lat="42.21247329376637935638427734375" lon="1.69371751137077808380126953125">
        <ele>1228.800048828125</ele>
        <time>2026-09-03T08:39:55.000Z</time>
      </trkpt>
      <trkpt lat="42.21249005757272243499755859375" lon="1.69367124326527118682861328125">
        <ele>1228.4000244140625</ele>
        <time>2026-09-03T08:39:58.000Z</time>
      </trkpt>
      <trkpt lat="42.21249206922948360443115234375" lon="1.69365900568664073944091796875">
        <ele>1228.4000244140625</ele>
        <time>2026-09-03T08:39:59.000Z</time>
      </trkpt>
      <trkpt lat="42.21252660267055034637451171875" lon="1.6936059482395648956298828125">
        <ele>1228.800048828125</ele>
        <time>2026-09-03T08:40:04.000Z</time>
      </trkpt>
      <trkpt lat="42.21253599040210247039794921875" lon="1.69359765015542507171630859375">
        <ele>1228.800048828125</ele>
        <time>2026-09-03T08:40:05.000Z</time>
      </trkpt>
      <trkpt lat="42.21259281970560550689697265625" lon="1.69354610145092010498046875">
        <ele>1228.199951171875</ele>
        <time>2026-09-03T08:40:11.000Z</time>
      </trkpt>
      <trkpt lat="42.21264612860977649688720703125" lon="1.69349622912704944610595703125">
        <ele>1228</ele>
        <time>2026-09-03T08:40:17.000Z</time>
      </trkpt>
      <trkpt lat="42.2126562707126140594482421875" lon="1.6934959776699542999267578125">
        <ele>1228</ele>
        <time>2026-09-03T08:40:18.000Z</time>
      </trkpt>
      <trkpt lat="42.21266674809157848358154296875" lon="1.69349119998514652252197265625">
        <ele>1227.800048828125</ele>
        <time>2026-09-03T08:40:19.000Z</time>
      </trkpt>
      <trkpt lat="42.21271603368222713470458984375" lon="1.69345415197312831878662109375">
        <ele>1226.800048828125</ele>
        <time>2026-09-03T08:40:25.000Z</time>
      </trkpt>
      <trkpt lat="42.21273355185985565185546875" lon="1.693441830575466156005859375">
        <ele>1226.800048828125</ele>
        <time>2026-09-03T08:40:27.000Z</time>
      </trkpt>
      <trkpt lat="42.21278049051761627197265625" lon="1.6934014298021793365478515625">
        <ele>1226.5999755859375</ele>
        <time>2026-09-03T08:40:33.000Z</time>
      </trkpt>
      <trkpt lat="42.212811671197414398193359375" lon="1.69337502680718898773193359375">
        <ele>1226.800048828125</ele>
        <time>2026-09-03T08:40:36.000Z</time>
      </trkpt>
      <trkpt lat="42.2128574363887310028076171875" lon="1.69334669597446918487548828125">
        <ele>1226.4000244140625</ele>
        <time>2026-09-03T08:40:41.000Z</time>
      </trkpt>
      <trkpt lat="42.2128752060234546661376953125" lon="1.69333009980618953704833984375">
        <ele>1225.5999755859375</ele>
        <time>2026-09-03T08:40:43.000Z</time>
      </trkpt>
      <trkpt lat="42.21292960457503795623779296875" lon="1.69328190386295318603515625">
        <ele>1225.4000244140625</ele>
        <time>2026-09-03T08:40:49.000Z</time>
      </trkpt>
      <trkpt lat="42.21294770948588848114013671875" lon="1.6932609491050243377685546875">
        <ele>1225.5999755859375</ele>
        <time>2026-09-03T08:40:51.000Z</time>
      </trkpt>
      <trkpt lat="42.2130052931606769561767578125" lon="1.69320588000118732452392578125">
        <ele>1225.4000244140625</ele>
        <time>2026-09-03T08:40:57.000Z</time>
      </trkpt>
      <trkpt lat="42.2130359709262847900390625" lon="1.69317771680653095245361328125">
        <ele>1225.199951171875</ele>
        <time>2026-09-03T08:41:00.000Z</time>
      </trkpt>
      <trkpt lat="42.2130871005356311798095703125" lon="1.6931498050689697265625">
        <ele>1225</ele>
        <time>2026-09-03T08:41:05.000Z</time>
      </trkpt>
      <trkpt lat="42.2131132520735263824462890625" lon="1.69313170015811920166015625">
        <ele>1225.199951171875</ele>
        <time>2026-09-03T08:41:08.000Z</time>
      </trkpt>
      <trkpt lat="42.2131293453276157379150390625" lon="1.6931147687137126922607421875">
        <ele>1225.4000244140625</ele>
        <time>2026-09-03T08:41:10.000Z</time>
      </trkpt>
      <trkpt lat="42.2131444327533245086669921875" lon="1.69309373013675212860107421875">
        <ele>1225.199951171875</ele>
        <time>2026-09-03T08:41:12.000Z</time>
      </trkpt>
      <trkpt lat="42.2131729312241077423095703125" lon="1.69302047230303287506103515625">
        <ele>1224.5999755859375</ele>
        <time>2026-09-03T08:41:18.000Z</time>
      </trkpt>
      <trkpt lat="42.2131756134331226348876953125" lon="1.69300639070570468902587890625">
        <ele>1224.5999755859375</ele>
        <time>2026-09-03T08:41:19.000Z</time>
      </trkpt>
      <trkpt lat="42.2132074646651744842529296875" lon="1.69293900020420551300048828125">
        <ele>1224.5999755859375</ele>
        <time>2026-09-03T08:41:25.000Z</time>
      </trkpt>
      <trkpt lat="42.21322263590991497039794921875" lon="1.69291670434176921844482421875">
        <ele>1224.4000244140625</ele>
        <time>2026-09-03T08:41:27.000Z</time>
      </trkpt>
      <trkpt lat="42.21323017962276935577392578125" lon="1.6929055564105510711669921875">
        <ele>1224.199951171875</ele>
        <time>2026-09-03T08:41:28.000Z</time>
      </trkpt>
      <trkpt lat="42.21327602863311767578125" lon="1.69283690862357616424560546875">
        <ele>1223.800048828125</ele>
        <time>2026-09-03T08:41:34.000Z</time>
      </trkpt>
      <trkpt lat="42.21331466920673847198486328125" lon="1.69279298745095729827880859375">
        <ele>1223.800048828125</ele>
        <time>2026-09-03T08:41:39.000Z</time>
      </trkpt>
      <trkpt lat="42.21333830617368221282958984375" lon="1.69276465661823749542236328125">
        <ele>1223.4000244140625</ele>
        <time>2026-09-03T08:41:42.000Z</time>
      </trkpt>
      <trkpt lat="42.2133888490498065948486328125" lon="1.69271319173276424407958984375">
        <ele>1222.4000244140625</ele>
        <time>2026-09-03T08:41:48.000Z</time>
      </trkpt>
      <trkpt lat="42.21341072581708431243896484375" lon="1.69268536381423473358154296875">
        <ele>1222.4000244140625</ele>
        <time>2026-09-03T08:41:51.000Z</time>
      </trkpt>
      <trkpt lat="42.21345850266516208648681640625" lon="1.69267228804528713226318359375">
        <ele>1221.800048828125</ele>
        <time>2026-09-03T08:41:56.000Z</time>
      </trkpt>
      <trkpt lat="42.21351130865514278411865234375" lon="1.6926517523825168609619140625">
        <ele>1221.5999755859375</ele>
        <time>2026-09-03T08:42:00.000Z</time>
      </trkpt>
      <trkpt lat="42.21356260590255260467529296875" lon="1.6926386766135692596435546875">
        <ele>1222.199951171875</ele>
        <time>2026-09-03T08:42:06.000Z</time>
      </trkpt>
      <trkpt lat="42.21358825452625751495361328125" lon="1.69264211319386959075927734375">
        <ele>1222.199951171875</ele>
        <time>2026-09-03T08:42:09.000Z</time>
      </trkpt>
      <trkpt lat="42.21364893950521945953369140625" lon="1.692670695483684539794921875">
        <ele>1223</ele>
        <time>2026-09-03T08:42:15.000Z</time>
      </trkpt>
      <trkpt lat="42.21364893950521945953369140625" lon="1.692670695483684539794921875">
        <ele>1223</ele>
        <time>2026-09-03T08:42:16.000Z</time>
      </trkpt>
      <trkpt lat="42.213674671947956085205078125" lon="1.6926899738609790802001953125">
        <ele>1223.199951171875</ele>
        <time>2026-09-03T08:42:18.000Z</time>
      </trkpt>
      <trkpt lat="42.2136959619820117950439453125" lon="1.69269181787967681884765625">
        <ele>1223.4000244140625</ele>
        <time>2026-09-03T08:42:22.000Z</time>
      </trkpt>
      <trkpt lat="42.2136959619820117950439453125" lon="1.69269181787967681884765625">
        <ele>1223.4000244140625</ele>
        <time>2026-09-03T08:42:23.000Z</time>
      </trkpt>
      <trkpt lat="42.21369872801005840301513671875" lon="1.69269223697483539581298828125">
        <ele>1223.4000244140625</ele>
        <time>2026-09-03T08:42:29.000Z</time>
      </trkpt>
      <trkpt lat="42.21369872801005840301513671875" lon="1.69269223697483539581298828125">
        <ele>1223.4000244140625</ele>
        <time>2026-09-03T08:42:32.000Z</time>
      </trkpt>
      <trkpt lat="42.21369872801005840301513671875" lon="1.69269223697483539581298828125">
        <ele>1223.4000244140625</ele>
        <time>2026-09-03T08:42:35.000Z</time>
      </trkpt>
      <trkpt lat="42.21369872801005840301513671875" lon="1.69269223697483539581298828125">
        <ele>1223.4000244140625</ele>
        <time>2026-09-03T08:42:37.000Z</time>
      </trkpt>
      <trkpt lat="42.21369872801005840301513671875" lon="1.69269223697483539581298828125">
        <ele>1223.4000244140625</ele>
        <time>2026-09-03T08:42:41.000Z</time>
      </trkpt>
      <trkpt lat="42.21369872801005840301513671875" lon="1.69269223697483539581298828125">
        <ele>1223.199951171875</ele>
        <time>2026-09-03T08:42:43.000Z</time>
      </trkpt>
      <trkpt lat="42.21369872801005840301513671875" lon="1.69269223697483539581298828125">
        <ele>1223.4000244140625</ele>
        <time>2026-09-03T08:42:49.000Z</time>
      </trkpt>
      <trkpt lat="42.21369872801005840301513671875" lon="1.69269223697483539581298828125">
        <ele>1224.199951171875</ele>
        <time>2026-09-03T08:42:55.000Z</time>
      </trkpt>
      <trkpt lat="42.21369872801005840301513671875" lon="1.69269223697483539581298828125">
        <ele>1224.199951171875</ele>
        <time>2026-09-03T08:42:57.000Z</time>
      </trkpt>
      <trkpt lat="42.21369872801005840301513671875" lon="1.69269223697483539581298828125">
        <ele>1224.199951171875</ele>
        <time>2026-09-03T08:43:03.000Z</time>
      </trkpt>
      <trkpt lat="42.21369872801005840301513671875" lon="1.69269223697483539581298828125">
        <ele>1224.199951171875</ele>
        <time>2026-09-03T08:43:09.000Z</time>
      </trkpt>
      <trkpt lat="42.21369872801005840301513671875" lon="1.69269223697483539581298828125">
        <ele>1223.800048828125</ele>
        <time>2026-09-03T08:43:15.000Z</time>
      </trkpt>
      <trkpt lat="42.21369872801005840301513671875" lon="1.69269223697483539581298828125">
        <ele>1224</ele>
        <time>2026-09-03T08:43:21.000Z</time>
      </trkpt>
      <trkpt lat="42.21369872801005840301513671875" lon="1.69269223697483539581298828125">
        <ele>1224.199951171875</ele>
        <time>2026-09-03T08:43:23.000Z</time>
      </trkpt>
      <trkpt lat="42.21369872801005840301513671875" lon="1.69269223697483539581298828125">
        <ele>1224</ele>
        <time>2026-09-03T08:43:29.000Z</time>
      </trkpt>
      <trkpt lat="42.21369872801005840301513671875" lon="1.69269223697483539581298828125">
        <ele>1224.199951171875</ele>
        <time>2026-09-03T08:43:32.000Z</time>
      </trkpt>
      <trkpt lat="42.21369872801005840301513671875" lon="1.69269223697483539581298828125">
        <ele>1224.199951171875</ele>
        <time>2026-09-03T08:43:38.000Z</time>
      </trkpt>
      <trkpt lat="42.21369872801005840301513671875" lon="1.69269223697483539581298828125">
        <ele>1224.4000244140625</ele>
        <time>2026-09-03T08:43:44.000Z</time>
      </trkpt>
      <trkpt lat="42.21370023675262928009033203125" lon="1.692702881991863250732421875">
        <ele>1224.4000244140625</ele>
        <time>2026-09-03T08:43:49.000Z</time>
      </trkpt>
      <trkpt lat="42.21371884457767009735107421875" lon="1.6927406005561351776123046875">
        <ele>1225.199951171875</ele>
        <time>2026-09-03T08:43:55.000Z</time>
      </trkpt>
      <trkpt lat="42.213744409382343292236328125" lon="1.6927758045494556427001953125">
        <ele>1225.5999755859375</ele>
        <time>2026-09-03T08:44:00.000Z</time>
      </trkpt>
      <trkpt lat="42.2137804515659809112548828125" lon="1.692817546427249908447265625">
        <ele>1226.199951171875</ele>
        <time>2026-09-03T08:44:06.000Z</time>
      </trkpt>
      <trkpt lat="42.21379545517265796661376953125" lon="1.692830957472324371337890625">
        <ele>1226.5999755859375</ele>
        <time>2026-09-03T08:44:08.000Z</time>
      </trkpt>
      <trkpt lat="42.21380266360938549041748046875" lon="1.69284160248935222625732421875">
        <ele>1226.800048828125</ele>
        <time>2026-09-03T08:44:09.000Z</time>
      </trkpt>
      <trkpt lat="42.213820852339267730712890625" lon="1.69287077151238918304443359375">
        <ele>1227.4000244140625</ele>
        <time>2026-09-03T08:44:13.000Z</time>
      </trkpt>
      <trkpt lat="42.21382462419569492340087890625" lon="1.6928770579397678375244140625">
        <ele>1227.800048828125</ele>
        <time>2026-09-03T08:44:14.000Z</time>
      </trkpt>
      <trkpt lat="42.21383702941238880157470703125" lon="1.69288217090070247650146484375">
        <ele>1228.199951171875</ele>
        <time>2026-09-03T08:44:16.000Z</time>
      </trkpt>
      <trkpt lat="42.2138558886945247650146484375" lon="1.69289859943091869354248046875">
        <ele>1228.5999755859375</ele>
        <time>2026-09-03T08:44:18.000Z</time>
      </trkpt>
      <trkpt lat="42.2138642705976963043212890625" lon="1.6929043829441070556640625">
        <ele>1228.800048828125</ele>
        <time>2026-09-03T08:44:19.000Z</time>
      </trkpt>
      <trkpt lat="42.21387273631989955902099609375" lon="1.69290773570537567138671875">
        <ele>1228.800048828125</ele>
        <time>2026-09-03T08:44:20.000Z</time>
      </trkpt>
      <trkpt lat="42.21388111822307109832763671875" lon="1.6929072327911853790283203125">
        <ele>1228.800048828125</ele>
        <time>2026-09-03T08:44:21.000Z</time>
      </trkpt>
      <trkpt lat="42.2138887457549571990966796875" lon="1.6929092444479465484619140625">
        <ele>1228.800048828125</ele>
        <time>2026-09-03T08:44:22.000Z</time>
      </trkpt>
      <trkpt lat="42.2138887457549571990966796875" lon="1.6929092444479465484619140625">
        <ele>1228.800048828125</ele>
        <time>2026-09-03T08:44:23.000Z</time>
      </trkpt>
      <trkpt lat="42.213908024132251739501953125" lon="1.69292324222624301910400390625">
        <ele>1229.199951171875</ele>
        <time>2026-09-03T08:44:26.000Z</time>
      </trkpt>
      <trkpt lat="42.21392638050019741058349609375" lon="1.69294017367064952850341796875">
        <ele>1229.5999755859375</ele>
        <time>2026-09-03T08:44:31.000Z</time>
      </trkpt>
      <trkpt lat="42.21395337022840976715087890625" lon="1.6929407604038715362548828125">
        <ele>1229.5999755859375</ele>
        <time>2026-09-03T08:44:34.000Z</time>
      </trkpt>
      <trkpt lat="42.21399880014359951019287109375" lon="1.69295961968600749969482421875">
        <ele>1229.5999755859375</ele>
        <time>2026-09-03T08:44:40.000Z</time>
      </trkpt>
      <trkpt lat="42.21401832997798919677734375" lon="1.69297604821622371673583984375">
        <ele>1229.4000244140625</ele>
        <time>2026-09-03T08:44:43.000Z</time>
      </trkpt>
      <trkpt lat="42.2140573896467685699462890625" lon="1.69298677705228328704833984375">
        <ele>1229</ele>
        <time>2026-09-03T08:44:49.000Z</time>
      </trkpt>
      <trkpt lat="42.2140573896467685699462890625" lon="1.6929860226809978485107421875">
        <ele>1228.800048828125</ele>
        <time>2026-09-03T08:44:50.000Z</time>
      </trkpt>
      <trkpt lat="42.2140905819833278656005859375" lon="1.69297621585428714752197265625">
        <ele>1228.4000244140625</ele>
        <time>2026-09-03T08:44:56.000Z</time>
      </trkpt>
      <trkpt lat="42.21410357393324375152587890625" lon="1.69293992221355438232421875">
        <ele>1228.4000244140625</ele>
        <time>2026-09-03T08:45:02.000Z</time>
      </trkpt>
      <trkpt lat="42.214104831218719482421875" lon="1.6929236613214015960693359375">
        <ele>1228.4000244140625</ele>
        <time>2026-09-03T08:45:03.000Z</time>
      </trkpt>
      <trkpt lat="42.214131653308868408203125" lon="1.69285400770604610443115234375">
        <ele>1228.5999755859375</ele>
        <time>2026-09-03T08:45:09.000Z</time>
      </trkpt>
      <trkpt lat="42.214143387973308563232421875" lon="1.6928386688232421875">
        <ele>1228.800048828125</ele>
        <time>2026-09-03T08:45:12.000Z</time>
      </trkpt>
      <trkpt lat="42.214168868958950042724609375" lon="1.6928254254162311553955078125">
        <ele>1229.199951171875</ele>
        <time>2026-09-03T08:45:18.000Z</time>
      </trkpt>
      <trkpt lat="42.21419108100235462188720703125" lon="1.69282919727265834808349609375">
        <ele>1229.5999755859375</ele>
        <time>2026-09-03T08:45:21.000Z</time>
      </trkpt>
      <trkpt lat="42.2142008878290653228759765625" lon="1.692830286920070648193359375">
        <ele>1229.800048828125</ele>
        <time>2026-09-03T08:45:22.000Z</time>
      </trkpt>
      <trkpt lat="42.214249335229396820068359375" lon="1.69284646399319171905517578125">
        <ele>1230.5999755859375</ele>
        <time>2026-09-03T08:45:28.000Z</time>
      </trkpt>
      <trkpt lat="42.2142568789422512054443359375" lon="1.692844368517398834228515625">
        <ele>1230.5999755859375</ele>
        <time>2026-09-03T08:45:29.000Z</time>
      </trkpt>
      <trkpt lat="42.21426467411220073699951171875" lon="1.6928418539464473724365234375">
        <ele>1230.800048828125</ele>
        <time>2026-09-03T08:45:31.000Z</time>
      </trkpt>
      <trkpt lat="42.21428814344108104705810546875" lon="1.6928224079310894012451171875">
        <ele>1231.5999755859375</ele>
        <time>2026-09-03T08:45:35.000Z</time>
      </trkpt>
      <trkpt lat="42.21430507488548755645751953125" lon="1.692818216979503631591796875">
        <ele>1232</ele>
        <time>2026-09-03T08:45:37.000Z</time>
      </trkpt>
      <trkpt lat="42.21431362442672252655029296875" lon="1.69281922280788421630859375">
        <ele>1232.199951171875</ele>
        <time>2026-09-03T08:45:38.000Z</time>
      </trkpt>
      <trkpt lat="42.21432820893824100494384765625" lon="1.69281461276113986968994140625">
        <ele>1232.4000244140625</ele>
        <time>2026-09-03T08:45:43.000Z</time>
      </trkpt>
      <trkpt lat="42.21432820893824100494384765625" lon="1.69281461276113986968994140625">
        <ele>1232.4000244140625</ele>
        <time>2026-09-03T08:45:46.000Z</time>
      </trkpt>
      <trkpt lat="42.2143287956714630126953125" lon="1.69281519949436187744140625">
        <ele>1232.199951171875</ele>
        <time>2026-09-03T08:45:51.000Z</time>
      </trkpt>
      <trkpt lat="42.21434799022972583770751953125" lon="1.69283539988100528717041015625">
        <ele>1232.199951171875</ele>
        <time>2026-09-03T08:45:54.000Z</time>
      </trkpt>
      <trkpt lat="42.21434824168682098388671875" lon="1.6928475536406040191650390625">
        <ele>1232.800048828125</ele>
        <time>2026-09-03T08:45:59.000Z</time>
      </trkpt>
      <trkpt lat="42.21432083286345005035400390625" lon="1.69281662441790103912353515625">
        <ele>1232.5999755859375</ele>
        <time>2026-09-03T08:46:05.000Z</time>
      </trkpt>
      <trkpt lat="42.21431295387446880340576171875" lon="1.6927380859851837158203125">
        <ele>1232.5999755859375</ele>
        <time>2026-09-03T08:46:11.000Z</time>
      </trkpt>
      <trkpt lat="42.21431412734091281890869140625" lon="1.69271319173276424407958984375">
        <ele>1233</ele>
        <time>2026-09-03T08:46:13.000Z</time>
      </trkpt>
      <trkpt lat="42.21431831829249858856201171875" lon="1.692701876163482666015625">
        <ele>1233.199951171875</ele>
        <time>2026-09-03T08:46:14.000Z</time>
      </trkpt>
      <trkpt lat="42.2143406979739665985107421875" lon="1.69267304241657257080078125">
        <ele>1234</ele>
        <time>2026-09-03T08:46:20.000Z</time>
      </trkpt>
      <trkpt lat="42.21434832550585269927978515625" lon="1.69266541488468647003173828125">
        <ele>1234.199951171875</ele>
        <time>2026-09-03T08:46:21.000Z</time>
      </trkpt>
      <trkpt lat="42.2143557853996753692626953125" lon="1.692656613886356353759765625">
        <ele>1234.199951171875</ele>
        <time>2026-09-03T08:46:23.000Z</time>
      </trkpt>
      <trkpt lat="42.21435318700969219207763671875" lon="1.6926413588225841522216796875">
        <ele>1234</ele>
        <time>2026-09-03T08:46:27.000Z</time>
      </trkpt>
      <trkpt lat="42.214351259171962738037109375" lon="1.69262618757784366607666015625">
        <ele>1233.800048828125</ele>
        <time>2026-09-03T08:46:33.000Z</time>
      </trkpt>
      <trkpt lat="42.21435318700969219207763671875" lon="1.6926413588225841522216796875">
        <ele>1233.800048828125</ele>
        <time>2026-09-03T08:46:34.000Z</time>
      </trkpt>
      <trkpt lat="42.21435318700969219207763671875" lon="1.6926413588225841522216796875">
        <ele>1233.800048828125</ele>
        <time>2026-09-03T08:46:39.000Z</time>
      </trkpt>
      <trkpt lat="42.21434195525944232940673828125" lon="1.692629791796207427978515625">
        <ele>1233.5999755859375</ele>
        <time>2026-09-03T08:46:41.000Z</time>
      </trkpt>
      <trkpt lat="42.214333824813365936279296875" lon="1.69263255782425403594970703125">
        <ele>1233.5999755859375</ele>
        <time>2026-09-03T08:46:42.000Z</time>
      </trkpt>
      <trkpt lat="42.21432653255760669708251953125" lon="1.69264144264161586761474609375">
        <ele>1233.5999755859375</ele>
        <time>2026-09-03T08:46:48.000Z</time>
      </trkpt>
      <trkpt lat="42.21432653255760669708251953125" lon="1.69264144264161586761474609375">
        <ele>1234</ele>
        <time>2026-09-03T08:46:50.000Z</time>
      </trkpt>
      <trkpt lat="42.21432653255760669708251953125" lon="1.69264144264161586761474609375">
        <ele>1235.199951171875</ele>
        <time>2026-09-03T08:46:54.000Z</time>
      </trkpt>
      <trkpt lat="42.21432653255760669708251953125" lon="1.69264144264161586761474609375">
        <ele>1234.199951171875</ele>
        <time>2026-09-03T08:47:00.000Z</time>
      </trkpt>
      <trkpt lat="42.2143380157649517059326171875" lon="1.69262635521590709686279296875">
        <ele>1234.5999755859375</ele>
        <time>2026-09-03T08:47:04.000Z</time>
      </trkpt>
      <trkpt lat="42.21434178762137889862060546875" lon="1.69262317009270191192626953125">
        <ele>1234.800048828125</ele>
        <time>2026-09-03T08:47:05.000Z</time>
      </trkpt>
      <trkpt lat="42.21434597857296466827392578125" lon="1.69262208044528961181640625">
        <ele>1234.800048828125</ele>
        <time>2026-09-03T08:47:06.000Z</time>
      </trkpt>
      <trkpt lat="42.21435100771486759185791015625" lon="1.69262534938752651214599609375">
        <ele>1235</ele>
        <time>2026-09-03T08:47:07.000Z</time>
      </trkpt>
      <trkpt lat="42.2143631614744663238525390625" lon="1.6926120221614837646484375">
        <ele>1235.199951171875</ele>
        <time>2026-09-03T08:47:10.000Z</time>
      </trkpt>
      <trkpt lat="42.21436995081603527069091796875" lon="1.6926051490008831024169921875">
        <ele>1235.4000244140625</ele>
        <time>2026-09-03T08:47:11.000Z</time>
      </trkpt>
      <trkpt lat="42.2143826074898242950439453125" lon="1.6925806738436222076416015625">
        <ele>1235.4000244140625</ele>
        <time>2026-09-03T08:47:17.000Z</time>
      </trkpt>
      <trkpt lat="42.2144144587218761444091796875" lon="1.692543961107730865478515625">
        <ele>1235.5999755859375</ele>
        <time>2026-09-03T08:47:23.000Z</time>
      </trkpt>
      <trkpt lat="42.21444019116461277008056640625" lon="1.69250783510506153106689453125">
        <ele>1235</ele>
        <time>2026-09-03T08:47:29.000Z</time>
      </trkpt>
      <trkpt lat="42.21445024944841861724853515625" lon="1.69249601662158966064453125">
        <ele>1235.199951171875</ele>
        <time>2026-09-03T08:47:31.000Z</time>
      </trkpt>
      <trkpt lat="42.21445477567613124847412109375" lon="1.6924938373267650604248046875">
        <ele>1235.199951171875</ele>
        <time>2026-09-03T08:47:37.000Z</time>
      </trkpt>
      <trkpt lat="42.21445477567613124847412109375" lon="1.6924938373267650604248046875">
        <ele>1235</ele>
        <time>2026-09-03T08:47:43.000Z</time>
      </trkpt>
      <trkpt lat="42.21445477567613124847412109375" lon="1.6924938373267650604248046875">
        <ele>1235.199951171875</ele>
        <time>2026-09-03T08:47:45.000Z</time>
      </trkpt>
      <trkpt lat="42.21445477567613124847412109375" lon="1.6924938373267650604248046875">
        <ele>1235.199951171875</ele>
        <time>2026-09-03T08:47:51.000Z</time>
      </trkpt>
      <trkpt lat="42.21446089446544647216796875" lon="1.692503727972507476806640625">
        <ele>1235</ele>
        <time>2026-09-03T08:47:54.000Z</time>
      </trkpt>
      <trkpt lat="42.21446215175092220306396484375" lon="1.6925072483718395233154296875">
        <ele>1234.4000244140625</ele>
        <time>2026-09-03T08:48:00.000Z</time>
      </trkpt>
      <trkpt lat="42.21445477567613124847412109375" lon="1.6924938373267650604248046875">
        <ele>1234.5999755859375</ele>
        <time>2026-09-03T08:48:02.000Z</time>
      </trkpt>
      <trkpt lat="42.21445477567613124847412109375" lon="1.6924938373267650604248046875">
        <ele>1234.5999755859375</ele>
        <time>2026-09-03T08:48:05.000Z</time>
      </trkpt>
      <trkpt lat="42.21445477567613124847412109375" lon="1.6924938373267650604248046875">
        <ele>1234.199951171875</ele>
        <time>2026-09-03T08:48:11.000Z</time>
      </trkpt>
      <trkpt lat="42.21445477567613124847412109375" lon="1.6924938373267650604248046875">
        <ele>1234.199951171875</ele>
        <time>2026-09-03T08:48:13.000Z</time>
      </trkpt>
      <trkpt lat="42.21445477567613124847412109375" lon="1.6924938373267650604248046875">
        <ele>1234</ele>
        <time>2026-09-03T08:48:19.000Z</time>
      </trkpt>
      <trkpt lat="42.21445477567613124847412109375" lon="1.6924938373267650604248046875">
        <ele>1234.199951171875</ele>
        <time>2026-09-03T08:48:21.000Z</time>
      </trkpt>
      <trkpt lat="42.21445477567613124847412109375" lon="1.6924938373267650604248046875">
        <ele>1234.199951171875</ele>
        <time>2026-09-03T08:48:22.000Z</time>
      </trkpt>
      <trkpt lat="42.21445477567613124847412109375" lon="1.6924938373267650604248046875">
        <ele>1234.199951171875</ele>
        <time>2026-09-03T08:48:24.000Z</time>
      </trkpt>
      <trkpt lat="42.21445477567613124847412109375" lon="1.6924938373267650604248046875">
        <ele>1234.199951171875</ele>
        <time>2026-09-03T08:48:30.000Z</time>
      </trkpt>
      <trkpt lat="42.21445477567613124847412109375" lon="1.6924938373267650604248046875">
        <ele>1234.4000244140625</ele>
        <time>2026-09-03T08:48:36.000Z</time>
      </trkpt>
      <trkpt lat="42.21445477567613124847412109375" lon="1.6924938373267650604248046875">
        <ele>1234.4000244140625</ele>
        <time>2026-09-03T08:48:42.000Z</time>
      </trkpt>
      <trkpt lat="42.21445477567613124847412109375" lon="1.6924938373267650604248046875">
        <ele>1234.5999755859375</ele>
        <time>2026-09-03T08:48:45.000Z</time>
      </trkpt>
      <trkpt lat="42.21445477567613124847412109375" lon="1.6924938373267650604248046875">
        <ele>1234.5999755859375</ele>
        <time>2026-09-03T08:48:50.000Z</time>
      </trkpt>
      <trkpt lat="42.21445477567613124847412109375" lon="1.6924938373267650604248046875">
        <ele>1234.4000244140625</ele>
        <time>2026-09-03T08:48:52.000Z</time>
      </trkpt>
      <trkpt lat="42.21445477567613124847412109375" lon="1.6924938373267650604248046875">
        <ele>1234.5999755859375</ele>
        <time>2026-09-03T08:48:58.000Z</time>
      </trkpt>
      <trkpt lat="42.21445477567613124847412109375" lon="1.6924938373267650604248046875">
        <ele>1234.5999755859375</ele>
        <time>2026-09-03T08:49:04.000Z</time>
      </trkpt>
      <trkpt lat="42.21445477567613124847412109375" lon="1.6924938373267650604248046875">
        <ele>1234.5999755859375</ele>
        <time>2026-09-03T08:49:10.000Z</time>
      </trkpt>
      <trkpt lat="42.21445477567613124847412109375" lon="1.6924938373267650604248046875">
        <ele>1234.5999755859375</ele>
        <time>2026-09-03T08:49:16.000Z</time>
      </trkpt>
      <trkpt lat="42.21445477567613124847412109375" lon="1.6924938373267650604248046875">
        <ele>1234.800048828125</ele>
        <time>2026-09-03T08:49:22.000Z</time>
      </trkpt>
      <trkpt lat="42.21445477567613124847412109375" lon="1.6924938373267650604248046875">
        <ele>1234.800048828125</ele>
        <time>2026-09-03T08:49:24.000Z</time>
      </trkpt>
      <trkpt lat="42.21445477567613124847412109375" lon="1.6924938373267650604248046875">
        <ele>1234.5999755859375</ele>
        <time>2026-09-03T08:49:30.000Z</time>
      </trkpt>
      <trkpt lat="42.21445477567613124847412109375" lon="1.6924938373267650604248046875">
        <ele>1234.800048828125</ele>
        <time>2026-09-03T08:49:36.000Z</time>
      </trkpt>
      <trkpt lat="42.21445477567613124847412109375" lon="1.6924938373267650604248046875">
        <ele>1234.800048828125</ele>
        <time>2026-09-03T08:49:41.000Z</time>
      </trkpt>
      <trkpt lat="42.21445477567613124847412109375" lon="1.6924938373267650604248046875">
        <ele>1234.800048828125</ele>
        <time>2026-09-03T08:49:44.000Z</time>
      </trkpt>
      <trkpt lat="42.21445477567613124847412109375" lon="1.6924938373267650604248046875">
        <ele>1234.5999755859375</ele>
        <time>2026-09-03T08:49:48.000Z</time>
      </trkpt>
      <trkpt lat="42.21445477567613124847412109375" lon="1.6924938373267650604248046875">
        <ele>1234.800048828125</ele>
        <time>2026-09-03T08:49:54.000Z</time>
      </trkpt>
      <trkpt lat="42.21445477567613124847412109375" lon="1.6924938373267650604248046875">
        <ele>1235</ele>
        <time>2026-09-03T08:50:00.000Z</time>
      </trkpt>
      <trkpt lat="42.21445477567613124847412109375" lon="1.6924938373267650604248046875">
        <ele>1234.800048828125</ele>
        <time>2026-09-03T08:50:06.000Z</time>
      </trkpt>
      <trkpt lat="42.21445477567613124847412109375" lon="1.6924938373267650604248046875">
        <ele>1234.5999755859375</ele>
        <time>2026-09-03T08:50:12.000Z</time>
      </trkpt>
      <trkpt lat="42.21445477567613124847412109375" lon="1.6924938373267650604248046875">
        <ele>1234.800048828125</ele>
        <time>2026-09-03T08:50:18.000Z</time>
      </trkpt>
      <trkpt lat="42.21445477567613124847412109375" lon="1.6924938373267650604248046875">
        <ele>1235</ele>
        <time>2026-09-03T08:50:23.000Z</time>
      </trkpt>
      <trkpt lat="42.21445477567613124847412109375" lon="1.6924938373267650604248046875">
        <ele>1234.800048828125</ele>
        <time>2026-09-03T08:50:29.000Z</time>
      </trkpt>
      <trkpt lat="42.21445477567613124847412109375" lon="1.6924938373267650604248046875">
        <ele>1234.800048828125</ele>
        <time>2026-09-03T08:50:35.000Z</time>
      </trkpt>
      <trkpt lat="42.21445477567613124847412109375" lon="1.6924938373267650604248046875">
        <ele>1234.800048828125</ele>
        <time>2026-09-03T08:50:41.000Z</time>
      </trkpt>
      <trkpt lat="42.21445477567613124847412109375" lon="1.6924938373267650604248046875">
        <ele>1234.800048828125</ele>
        <time>2026-09-03T08:50:47.000Z</time>
      </trkpt>
      <trkpt lat="42.21445477567613124847412109375" lon="1.6924938373267650604248046875">
        <ele>1234.800048828125</ele>
        <time>2026-09-03T08:50:53.000Z</time>
      </trkpt>
      <trkpt lat="42.21445477567613124847412109375" lon="1.6924938373267650604248046875">
        <ele>1234.800048828125</ele>
        <time>2026-09-03T08:50:54.000Z</time>
      </trkpt>
      <trkpt lat="42.21445477567613124847412109375" lon="1.6924938373267650604248046875">
        <ele>1234.800048828125</ele>
        <time>2026-09-03T08:51:00.000Z</time>
      </trkpt>
      <trkpt lat="42.21445477567613124847412109375" lon="1.6924938373267650604248046875">
        <ele>1234.800048828125</ele>
        <time>2026-09-03T08:51:04.000Z</time>
      </trkpt>
      <trkpt lat="42.21445477567613124847412109375" lon="1.6924938373267650604248046875">
        <ele>1234.800048828125</ele>
        <time>2026-09-03T08:51:07.000Z</time>
      </trkpt>
      <trkpt lat="42.21445477567613124847412109375" lon="1.6924938373267650604248046875">
        <ele>1234.800048828125</ele>
        <time>2026-09-03T08:51:09.000Z</time>
      </trkpt>
      <trkpt lat="42.21445477567613124847412109375" lon="1.6924938373267650604248046875">
        <ele>1234.5999755859375</ele>
        <time>2026-09-03T08:51:15.000Z</time>
      </trkpt>
      <trkpt lat="42.21445477567613124847412109375" lon="1.6924938373267650604248046875">
        <ele>1234.5999755859375</ele>
        <time>2026-09-03T08:51:20.000Z</time>
      </trkpt>
      <trkpt lat="42.21445477567613124847412109375" lon="1.6924938373267650604248046875">
        <ele>1234.800048828125</ele>
        <time>2026-09-03T08:51:26.000Z</time>
      </trkpt>
      <trkpt lat="42.21445477567613124847412109375" lon="1.6924938373267650604248046875">
        <ele>1234.5999755859375</ele>
        <time>2026-09-03T08:51:32.000Z</time>
      </trkpt>
      <trkpt lat="42.21445477567613124847412109375" lon="1.6924938373267650604248046875">
        <ele>1234.199951171875</ele>
        <time>2026-09-03T08:51:38.000Z</time>
      </trkpt>
      <trkpt lat="42.21445477567613124847412109375" lon="1.6924938373267650604248046875">
        <ele>1234.4000244140625</ele>
        <time>2026-09-03T08:51:44.000Z</time>
      </trkpt>
      <trkpt lat="42.21445477567613124847412109375" lon="1.6924938373267650604248046875">
        <ele>1234.199951171875</ele>
        <time>2026-09-03T08:51:45.000Z</time>
      </trkpt>
      <trkpt lat="42.21445477567613124847412109375" lon="1.6924938373267650604248046875">
        <ele>1234.4000244140625</ele>
        <time>2026-09-03T08:51:51.000Z</time>
      </trkpt>
      <trkpt lat="42.21445477567613124847412109375" lon="1.6924938373267650604248046875">
        <ele>1234.4000244140625</ele>
        <time>2026-09-03T08:51:57.000Z</time>
      </trkpt>
      <trkpt lat="42.21445477567613124847412109375" lon="1.6924938373267650604248046875">
        <ele>1234.4000244140625</ele>
        <time>2026-09-03T08:51:58.000Z</time>
      </trkpt>
      <trkpt lat="42.21445477567613124847412109375" lon="1.6924938373267650604248046875">
        <ele>1234.4000244140625</ele>
        <time>2026-09-03T08:51:59.000Z</time>
      </trkpt>
      <trkpt lat="42.21445477567613124847412109375" lon="1.6924938373267650604248046875">
        <ele>1234.4000244140625</ele>
        <time>2026-09-03T08:52:05.000Z</time>
      </trkpt>
      <trkpt lat="42.21445477567613124847412109375" lon="1.6924938373267650604248046875">
        <ele>1234.4000244140625</ele>
        <time>2026-09-03T08:52:08.000Z</time>
      </trkpt>
      <trkpt lat="42.21445477567613124847412109375" lon="1.6924938373267650604248046875">
        <ele>1234.800048828125</ele>
        <time>2026-09-03T08:52:11.000Z</time>
      </trkpt>
      <trkpt lat="42.21445477567613124847412109375" lon="1.6924938373267650604248046875">
        <ele>1234.5999755859375</ele>
        <time>2026-09-03T08:52:17.000Z</time>
      </trkpt>
      <trkpt lat="42.21446030773222446441650390625" lon="1.69250682927668094635009765625">
        <ele>1233.800048828125</ele>
        <time>2026-09-03T08:52:20.000Z</time>
      </trkpt>
      <trkpt lat="42.214472293853759765625" lon="1.69251236133277416229248046875">
        <ele>1235.199951171875</ele>
        <time>2026-09-03T08:52:26.000Z</time>
      </trkpt>
      <trkpt lat="42.214472293853759765625" lon="1.69251236133277416229248046875">
        <ele>1235.199951171875</ele>
        <time>2026-09-03T08:52:27.000Z</time>
      </trkpt>
      <trkpt lat="42.2144734673202037811279296875" lon="1.69250967912375926971435546875">
        <ele>1235.199951171875</ele>
        <time>2026-09-03T08:52:33.000Z</time>
      </trkpt>
      <trkpt lat="42.21447355113923549652099609375" lon="1.69250817038118839263916015625">
        <ele>1235.199951171875</ele>
        <time>2026-09-03T08:52:35.000Z</time>
      </trkpt>
      <trkpt lat="42.214472293853759765625" lon="1.69251236133277416229248046875">
        <ele>1234.199951171875</ele>
        <time>2026-09-03T08:52:41.000Z</time>
      </trkpt>
      <trkpt lat="42.214472293853759765625" lon="1.69251236133277416229248046875">
        <ele>1234</ele>
        <time>2026-09-03T08:52:44.000Z</time>
      </trkpt>
      <trkpt lat="42.2144694440066814422607421875" lon="1.69250347651541233062744140625">
        <ele>1235.199951171875</ele>
        <time>2026-09-03T08:52:50.000Z</time>
      </trkpt>
      <trkpt lat="42.214472293853759765625" lon="1.69251236133277416229248046875">
        <ele>1234.5999755859375</ele>
        <time>2026-09-03T08:52:55.000Z</time>
      </trkpt>
      <trkpt lat="42.214472293853759765625" lon="1.69251236133277416229248046875">
        <ele>1234.199951171875</ele>
        <time>2026-09-03T08:52:57.000Z</time>
      </trkpt>
      <trkpt lat="42.214472293853759765625" lon="1.69251236133277416229248046875">
        <ele>1234</ele>
        <time>2026-09-03T08:52:58.000Z</time>
      </trkpt>
      <trkpt lat="42.214472293853759765625" lon="1.69251236133277416229248046875">
        <ele>1234</ele>
        <time>2026-09-03T08:53:04.000Z</time>
      </trkpt>
      <trkpt lat="42.214472293853759765625" lon="1.69251236133277416229248046875">
        <ele>1234</ele>
        <time>2026-09-03T08:53:09.000Z</time>
      </trkpt>
      <trkpt lat="42.214472293853759765625" lon="1.69251236133277416229248046875">
        <ele>1234.199951171875</ele>
        <time>2026-09-03T08:53:14.000Z</time>
      </trkpt>
      <trkpt lat="42.214472293853759765625" lon="1.69251236133277416229248046875">
        <ele>1234.199951171875</ele>
        <time>2026-09-03T08:53:18.000Z</time>
      </trkpt>
      <trkpt lat="42.21445678733289241790771484375" lon="1.69252845458686351776123046875">
        <ele>1233.5999755859375</ele>
        <time>2026-09-03T08:53:23.000Z</time>
      </trkpt>
      <trkpt lat="42.2144285403192043304443359375" lon="1.6925515048205852508544921875">
        <ele>1233.800048828125</ele>
        <time>2026-09-03T08:53:29.000Z</time>
      </trkpt>
      <trkpt lat="42.21442527137696743011474609375" lon="1.69255376793444156646728515625">
        <ele>1234.4000244140625</ele>
        <time>2026-09-03T08:53:31.000Z</time>
      </trkpt>
      <trkpt lat="42.214423678815364837646484375" lon="1.6925588808953762054443359375">
        <ele>1233.800048828125</ele>
        <time>2026-09-03T08:53:37.000Z</time>
      </trkpt>
      <trkpt lat="42.214423678815364837646484375" lon="1.6925588808953762054443359375">
        <ele>1233.199951171875</ele>
        <time>2026-09-03T08:53:40.000Z</time>
      </trkpt>
      <trkpt lat="42.214423678815364837646484375" lon="1.6925588808953762054443359375">
        <ele>1233.800048828125</ele>
        <time>2026-09-03T08:53:46.000Z</time>
      </trkpt>
      <trkpt lat="42.214423678815364837646484375" lon="1.6925588808953762054443359375">
        <ele>1233.800048828125</ele>
        <time>2026-09-03T08:53:50.000Z</time>
      </trkpt>
      <trkpt lat="42.214423678815364837646484375" lon="1.6925588808953762054443359375">
        <ele>1233.800048828125</ele>
        <time>2026-09-03T08:53:51.000Z</time>
      </trkpt>
      <trkpt lat="42.21439786255359649658203125" lon="1.6925716213881969451904296875">
        <ele>1233.199951171875</ele>
        <time>2026-09-03T08:53:57.000Z</time>
      </trkpt>
      <trkpt lat="42.2143923304975032806396484375" lon="1.6925826855003833770751953125">
        <ele>1233.4000244140625</ele>
        <time>2026-09-03T08:54:00.000Z</time>
      </trkpt>
      <trkpt lat="42.2143722139298915863037109375" lon="1.69262342154979705810546875">
        <ele>1234.4000244140625</ele>
        <time>2026-09-03T08:54:06.000Z</time>
      </trkpt>
      <trkpt lat="42.21437531523406505584716796875" lon="1.692639179527759552001953125">
        <ele>1233.800048828125</ele>
        <time>2026-09-03T08:54:08.000Z</time>
      </trkpt>
      <trkpt lat="42.21439174376428127288818359375" lon="1.692676730453968048095703125">
        <ele>1234</ele>
        <time>2026-09-03T08:54:13.000Z</time>
      </trkpt>
      <trkpt lat="42.2143985331058502197265625" lon="1.69267128221690654754638671875">
        <ele>1234</ele>
        <time>2026-09-03T08:54:14.000Z</time>
      </trkpt>
      <trkpt lat="42.214441113173961639404296875" lon="1.69261998496949672698974609375">
        <ele>1234.4000244140625</ele>
        <time>2026-09-03T08:54:20.000Z</time>
      </trkpt>
      <trkpt lat="42.2144682705402374267578125" lon="1.69255142100155353546142578125">
        <ele>1235.199951171875</ele>
        <time>2026-09-03T08:54:26.000Z</time>
      </trkpt>
      <trkpt lat="42.214480675756931304931640625" lon="1.69254857115447521209716796875">
        <ele>1235.5999755859375</ele>
        <time>2026-09-03T08:54:28.000Z</time>
      </trkpt>
      <trkpt lat="42.21447874791920185089111328125" lon="1.6925498284399509429931640625">
        <ele>1236.199951171875</ele>
        <time>2026-09-03T08:54:31.000Z</time>
      </trkpt>
      <trkpt lat="42.21447874791920185089111328125" lon="1.6925498284399509429931640625">
        <ele>1236.5999755859375</ele>
        <time>2026-09-03T08:54:35.000Z</time>
      </trkpt>
      <trkpt lat="42.21447874791920185089111328125" lon="1.6925498284399509429931640625">
        <ele>1236.800048828125</ele>
        <time>2026-09-03T08:54:37.000Z</time>
      </trkpt>
      <trkpt lat="42.21447874791920185089111328125" lon="1.6925498284399509429931640625">
        <ele>1237.199951171875</ele>
        <time>2026-09-03T08:54:40.000Z</time>
      </trkpt>
      <trkpt lat="42.21447874791920185089111328125" lon="1.6925498284399509429931640625">
        <ele>1237.4000244140625</ele>
        <time>2026-09-03T08:54:43.000Z</time>
      </trkpt>
      <trkpt lat="42.21447874791920185089111328125" lon="1.6925498284399509429931640625">
        <ele>1236.800048828125</ele>
        <time>2026-09-03T08:54:47.000Z</time>
      </trkpt>
      <trkpt lat="42.21447874791920185089111328125" lon="1.6925498284399509429931640625">
        <ele>1236.800048828125</ele>
        <time>2026-09-03T08:54:48.000Z</time>
      </trkpt>
      <trkpt lat="42.21447874791920185089111328125" lon="1.6925498284399509429931640625">
        <ele>1236.5999755859375</ele>
        <time>2026-09-03T08:54:49.000Z</time>
      </trkpt>
      <trkpt lat="42.21447874791920185089111328125" lon="1.6925498284399509429931640625">
        <ele>1236.800048828125</ele>
        <time>2026-09-03T08:54:50.000Z</time>
      </trkpt>
      <trkpt lat="42.21450255252420902252197265625" lon="1.6925193183124065399169921875">
        <ele>1237.199951171875</ele>
        <time>2026-09-03T08:54:53.000Z</time>
      </trkpt>
      <trkpt lat="42.21452803350985050201416015625" lon="1.692497022449970245361328125">
        <ele>1238</ele>
        <time>2026-09-03T08:54:56.000Z</time>
      </trkpt>
      <trkpt lat="42.2145512513816356658935546875" lon="1.69247078709304332733154296875">
        <ele>1237.800048828125</ele>
        <time>2026-09-03T08:55:00.000Z</time>
      </trkpt>
      <trkpt lat="42.21456147730350494384765625" lon="1.6924559511244297027587890625">
        <ele>1238.4000244140625</ele>
        <time>2026-09-03T08:55:03.000Z</time>
      </trkpt>
      <trkpt lat="42.21457488834857940673828125" lon="1.69244715012609958648681640625">
        <ele>1239.199951171875</ele>
        <time>2026-09-03T08:55:06.000Z</time>
      </trkpt>
      <trkpt lat="42.21458503045141696929931640625" lon="1.69243524782359600067138671875">
        <ele>1239.4000244140625</ele>
        <time>2026-09-03T08:55:08.000Z</time>
      </trkpt>
      <trkpt lat="42.2146117687225341796875" lon="1.6924153827130794525146484375">
        <ele>1240.4000244140625</ele>
        <time>2026-09-03T08:55:13.000Z</time>
      </trkpt>
      <trkpt lat="42.21464638598263263702392578125" lon="1.6924103535711765289306640625">
        <ele>1241</ele>
        <time>2026-09-03T08:55:17.000Z</time>
      </trkpt>
      <trkpt lat="42.21466415561735630035400390625" lon="1.69239987619221210479736328125">
        <ele>1241.4000244140625</ele>
        <time>2026-09-03T08:55:20.000Z</time>
      </trkpt>
      <trkpt lat="42.2146746329963207244873046875" lon="1.69239300303161144256591796875">
        <ele>1241.800048828125</ele>
        <time>2026-09-03T08:55:22.000Z</time>
      </trkpt>
      <trkpt lat="42.21472081728279590606689453125" lon="1.69235813431441783905029296875">
        <ele>1242.4000244140625</ele>
        <time>2026-09-03T08:55:26.000Z</time>
      </trkpt>
      <trkpt lat="42.21477462910115718841552734375" lon="1.692318655550479888916015625">
        <ele>1243.4000244140625</ele>
        <time>2026-09-03T08:55:31.000Z</time>
      </trkpt>
      <trkpt lat="42.214783094823360443115234375" lon="1.69230851344764232635498046875">
        <ele>1243.5999755859375</ele>
        <time>2026-09-03T08:55:33.000Z</time>
      </trkpt>
      <trkpt lat="42.2147896327078342437744140625" lon="1.69229476712644100189208984375">
        <ele>1243.800048828125</ele>
        <time>2026-09-03T08:55:36.000Z</time>
      </trkpt>
      <trkpt lat="42.214794158935546875" lon="1.69228554703295230865478515625">
        <ele>1244</ele>
        <time>2026-09-03T08:55:37.000Z</time>
      </trkpt>
      <trkpt lat="42.214802205562591552734375" lon="1.69228118844330310821533203125">
        <ele>1244</ele>
        <time>2026-09-03T08:55:38.000Z</time>
      </trkpt>
      <trkpt lat="42.21481184475123882293701171875" lon="1.6922822780907154083251953125">
        <ele>1244.199951171875</ele>
        <time>2026-09-03T08:55:39.000Z</time>
      </trkpt>
      <trkpt lat="42.2148224897682666778564453125" lon="1.6922839544713497161865234375">
        <ele>1244.4000244140625</ele>
        <time>2026-09-03T08:55:40.000Z</time>
      </trkpt>
      <trkpt lat="42.2148303687572479248046875" lon="1.69228521175682544708251953125">
        <ele>1244.800048828125</ele>
        <time>2026-09-03T08:55:41.000Z</time>
      </trkpt>
      <trkpt lat="42.21486733295023441314697265625" lon="1.69230096973478794097900390625">
        <ele>1245.4000244140625</ele>
        <time>2026-09-03T08:55:45.000Z</time>
      </trkpt>
      <trkpt lat="42.2148821689188480377197265625" lon="1.692303232848644256591796875">
        <ele>1245.800048828125</ele>
        <time>2026-09-03T08:55:47.000Z</time>
      </trkpt>
      <trkpt lat="42.2149056382477283477783203125" lon="1.692302227020263671875">
        <ele>1247</ele>
        <time>2026-09-03T08:55:51.000Z</time>
      </trkpt>
      <trkpt lat="42.2149441950023174285888671875" lon="1.6923196613788604736328125">
        <ele>1248</ele>
        <time>2026-09-03T08:55:56.000Z</time>
      </trkpt>
      <trkpt lat="42.21494679339230060577392578125" lon="1.69232963584363460540771484375">
        <ele>1248.199951171875</ele>
        <time>2026-09-03T08:55:57.000Z</time>
      </trkpt>
      <trkpt lat="42.21496246755123138427734375" lon="1.69234388507902622222900390625">
        <ele>1249</ele>
        <time>2026-09-03T08:55:59.000Z</time>
      </trkpt>
      <trkpt lat="42.2149656526744365692138671875" lon="1.6923463158309459686279296875">
        <ele>1249.5999755859375</ele>
        <time>2026-09-03T08:56:02.000Z</time>
      </trkpt>
      <trkpt lat="42.2149700112640857696533203125" lon="1.69235193170607089996337890625">
        <ele>1249.199951171875</ele>
        <time>2026-09-03T08:56:08.000Z</time>
      </trkpt>
      <trkpt lat="42.2149913012981414794921875" lon="1.6923652589321136474609375">
        <ele>1249.5999755859375</ele>
        <time>2026-09-03T08:56:11.000Z</time>
      </trkpt>
      <trkpt lat="42.21499641425907611846923828125" lon="1.6923674382269382476806640625">
        <ele>1250</ele>
        <time>2026-09-03T08:56:12.000Z</time>
      </trkpt>
      <trkpt lat="42.21500244922935962677001953125" lon="1.6923704557120800018310546875">
        <ele>1250.199951171875</ele>
        <time>2026-09-03T08:56:13.000Z</time>
      </trkpt>
      <trkpt lat="42.21500446088612079620361328125" lon="1.69238227419555187225341796875">
        <ele>1250.800048828125</ele>
        <time>2026-09-03T08:56:15.000Z</time>
      </trkpt>
      <trkpt lat="42.21501317806541919708251953125" lon="1.69241177849471569061279296875">
        <ele>1251.4000244140625</ele>
        <time>2026-09-03T08:56:18.000Z</time>
      </trkpt>
      <trkpt lat="42.21501066349446773529052734375" lon="1.69242636300623416900634765625">
        <ele>1251.5999755859375</ele>
        <time>2026-09-03T08:56:20.000Z</time>
      </trkpt>
      <trkpt lat="42.21501083113253116607666015625" lon="1.69244044460356235504150390625">
        <ele>1252</ele>
        <time>2026-09-03T08:56:26.000Z</time>
      </trkpt>
      <trkpt lat="42.21501074731349945068359375" lon="1.692440696060657501220703125">
        <ele>1251.800048828125</ele>
        <time>2026-09-03T08:56:28.000Z</time>
      </trkpt>
      <trkpt lat="42.21500043757259845733642578125" lon="1.6924660094082355499267578125">
        <ele>1252.199951171875</ele>
        <time>2026-09-03T08:56:34.000Z</time>
      </trkpt>
      <trkpt lat="42.21499658189713954925537109375" lon="1.69246575795114040374755859375">
        <ele>1252.199951171875</ele>
        <time>2026-09-03T08:56:35.000Z</time>
      </trkpt>
      <trkpt lat="42.2149948216974735260009765625" lon="1.6924650035798549652099609375">
        <ele>1251.800048828125</ele>
        <time>2026-09-03T08:56:39.000Z</time>
      </trkpt>
      <trkpt lat="42.2149948216974735260009765625" lon="1.6924650035798549652099609375">
        <ele>1251.5999755859375</ele>
        <time>2026-09-03T08:56:45.000Z</time>
      </trkpt>
      <trkpt lat="42.215021811425685882568359375" lon="1.69244237244129180908203125">
        <ele>1251.5999755859375</ele>
        <time>2026-09-03T08:56:51.000Z</time>
      </trkpt>
      <trkpt lat="42.2150246612727642059326171875" lon="1.69244161807000637054443359375">
        <ele>1252.5999755859375</ele>
        <time>2026-09-03T08:56:55.000Z</time>
      </trkpt>
      <trkpt lat="42.21502424217760562896728515625" lon="1.69243759475648403167724609375">
        <ele>1253</ele>
        <time>2026-09-03T08:56:57.000Z</time>
      </trkpt>
      <trkpt lat="42.21505525521934032440185546875" lon="1.69243575073778629302978515625">
        <ele>1252.5999755859375</ele>
        <time>2026-09-03T08:57:01.000Z</time>
      </trkpt>
      <trkpt lat="42.215062715113162994384765625" lon="1.692439019680023193359375">
        <ele>1252.5999755859375</ele>
        <time>2026-09-03T08:57:02.000Z</time>
      </trkpt>
      <trkpt lat="42.2151148505508899688720703125" lon="1.69247313402593135833740234375">
        <ele>1253.199951171875</ele>
        <time>2026-09-03T08:57:08.000Z</time>
      </trkpt>
      <trkpt lat="42.21512013114988803863525390625" lon="1.69247724115848541259765625">
        <ele>1253.199951171875</ele>
        <time>2026-09-03T08:57:09.000Z</time>
      </trkpt>
      <trkpt lat="42.21512197516858577728271484375" lon="1.69247715733945369720458984375">
        <ele>1253.4000244140625</ele>
        <time>2026-09-03T08:57:15.000Z</time>
      </trkpt>
      <trkpt lat="42.21514695324003696441650390625" lon="1.69245578348636627197265625">
        <ele>1253.800048828125</ele>
        <time>2026-09-03T08:57:20.000Z</time>
      </trkpt>
      <trkpt lat="42.215157933533191680908203125" lon="1.6924495808780193328857421875">
        <ele>1254.199951171875</ele>
        <time>2026-09-03T08:57:21.000Z</time>
      </trkpt>
      <trkpt lat="42.2152085602283477783203125" lon="1.69241244904696941375732421875">
        <ele>1254.800048828125</ele>
        <time>2026-09-03T08:57:26.000Z</time>
      </trkpt>
      <trkpt lat="42.21521534956991672515869140625" lon="1.69239870272576808929443359375">
        <ele>1255</ele>
        <time>2026-09-03T08:57:27.000Z</time>
      </trkpt>
      <trkpt lat="42.21525876782834529876708984375" lon="1.69232963584363460540771484375">
        <ele>1255.800048828125</ele>
        <time>2026-09-03T08:57:33.000Z</time>
      </trkpt>
      <trkpt lat="42.21526798792183399200439453125" lon="1.692301221191883087158203125">
        <ele>1256.199951171875</ele>
        <time>2026-09-03T08:57:35.000Z</time>
      </trkpt>
      <trkpt lat="42.21528978087007999420166015625" lon="1.692233495414257049560546875">
        <ele>1256.4000244140625</ele>
        <time>2026-09-03T08:57:40.000Z</time>
      </trkpt>
      <trkpt lat="42.21532364375889301300048828125" lon="1.6921588964760303497314453125">
        <ele>1257.199951171875</ele>
        <time>2026-09-03T08:57:45.000Z</time>
      </trkpt>
      <trkpt lat="42.2153290919959545135498046875" lon="1.6921458207070827484130859375">
        <ele>1257.4000244140625</ele>
        <time>2026-09-03T08:57:46.000Z</time>
      </trkpt>
      <trkpt lat="42.21536337397992610931396484375" lon="1.69206191785633563995361328125">
        <ele>1258</ele>
        <time>2026-09-03T08:57:52.000Z</time>
      </trkpt>
      <trkpt lat="42.215370833873748779296875" lon="1.692032329738140106201171875">
        <ele>1258</ele>
        <time>2026-09-03T08:57:54.000Z</time>
      </trkpt>
      <trkpt lat="42.2154048644006252288818359375" lon="1.6919540427625179290771484375">
        <ele>1258.4000244140625</ele>
        <time>2026-09-03T08:57:59.000Z</time>
      </trkpt>
      <trkpt lat="42.2154199518263339996337890625" lon="1.6919288970530033111572265625">
        <ele>1258.800048828125</ele>
        <time>2026-09-03T08:58:01.000Z</time>
      </trkpt>
      <trkpt lat="42.21548491157591342926025390625" lon="1.691882126033306121826171875">
        <ele>1259.4000244140625</ele>
        <time>2026-09-03T08:58:07.000Z</time>
      </trkpt>
      <trkpt lat="42.21549354493618011474609375" lon="1.69187583960592746734619140625">
        <ele>1259.4000244140625</ele>
        <time>2026-09-03T08:58:08.000Z</time>
      </trkpt>
      <trkpt lat="42.215537466108798980712890625" lon="1.69179637916386127471923828125">
        <ele>1260</ele>
        <time>2026-09-03T08:58:14.000Z</time>
      </trkpt>
      <trkpt lat="42.21556001342833042144775390625" lon="1.691759414970874786376953125">
        <ele>1260.4000244140625</ele>
        <time>2026-09-03T08:58:19.000Z</time>
      </trkpt>
      <trkpt lat="42.2155584208667278289794921875" lon="1.69176167808473110198974609375">
        <ele>1260.5999755859375</ele>
        <time>2026-09-03T08:58:20.000Z</time>
      </trkpt>
      <trkpt lat="42.2155584208667278289794921875" lon="1.69176033698022365570068359375">
        <ele>1260.199951171875</ele>
        <time>2026-09-03T08:58:26.000Z</time>
      </trkpt>
      <trkpt lat="42.2155584208667278289794921875" lon="1.69176033698022365570068359375">
        <ele>1259.199951171875</ele>
        <time>2026-09-03T08:58:29.000Z</time>
      </trkpt>
      <trkpt lat="42.2155584208667278289794921875" lon="1.69176033698022365570068359375">
        <ele>1259.199951171875</ele>
        <time>2026-09-03T08:58:33.000Z</time>
      </trkpt>
      <trkpt lat="42.2155584208667278289794921875" lon="1.69176033698022365570068359375">
        <ele>1259.5999755859375</ele>
        <time>2026-09-03T08:58:35.000Z</time>
      </trkpt>
      <trkpt lat="42.2155584208667278289794921875" lon="1.69176033698022365570068359375">
        <ele>1260.199951171875</ele>
        <time>2026-09-03T08:58:37.000Z</time>
      </trkpt>
      <trkpt lat="42.2155584208667278289794921875" lon="1.69176033698022365570068359375">
        <ele>1260.4000244140625</ele>
        <time>2026-09-03T08:58:38.000Z</time>
      </trkpt>
      <trkpt lat="42.2155584208667278289794921875" lon="1.69176033698022365570068359375">
        <ele>1261</ele>
        <time>2026-09-03T08:58:42.000Z</time>
      </trkpt>
      <trkpt lat="42.2155584208667278289794921875" lon="1.69176033698022365570068359375">
        <ele>1260.800048828125</ele>
        <time>2026-09-03T08:58:45.000Z</time>
      </trkpt>
      <trkpt lat="42.2155584208667278289794921875" lon="1.69176033698022365570068359375">
        <ele>1260.800048828125</ele>
        <time>2026-09-03T08:58:51.000Z</time>
      </trkpt>
      <trkpt lat="42.2155584208667278289794921875" lon="1.69176033698022365570068359375">
        <ele>1260.800048828125</ele>
        <time>2026-09-03T08:58:57.000Z</time>
      </trkpt>
      <trkpt lat="42.2155584208667278289794921875" lon="1.69176033698022365570068359375">
        <ele>1260.800048828125</ele>
        <time>2026-09-03T08:59:00.000Z</time>
      </trkpt>
      <trkpt lat="42.2155584208667278289794921875" lon="1.69176033698022365570068359375">
        <ele>1260.5999755859375</ele>
        <time>2026-09-03T08:59:06.000Z</time>
      </trkpt>
      <trkpt lat="42.2155554033815860748291015625" lon="1.69174156151711940765380859375">
        <ele>1260.5999755859375</ele>
        <time>2026-09-03T08:59:09.000Z</time>
      </trkpt>
      <trkpt lat="42.2155701555311679840087890625" lon="1.69171339832246303558349609375">
        <ele>1260.199951171875</ele>
        <time>2026-09-03T08:59:11.000Z</time>
      </trkpt>
      <trkpt lat="42.21559689380228519439697265625" lon="1.691680960357189178466796875">
        <ele>1259</ele>
        <time>2026-09-03T08:59:14.000Z</time>
      </trkpt>
      <trkpt lat="42.21562840975821018218994140625" lon="1.69162656180560588836669921875">
        <ele>1258.800048828125</ele>
        <time>2026-09-03T08:59:18.000Z</time>
      </trkpt>
      <trkpt lat="42.21567057073116302490234375" lon="1.6915738396346569061279296875">
        <ele>1259.800048828125</ele>
        <time>2026-09-03T08:59:24.000Z</time>
      </trkpt>
      <trkpt lat="42.215678282082080841064453125" lon="1.69156453572213649749755859375">
        <ele>1260</ele>
        <time>2026-09-03T08:59:25.000Z</time>
      </trkpt>
      <trkpt lat="42.2156854905188083648681640625" lon="1.69155648909509181976318359375">
        <ele>1260.199951171875</ele>
        <time>2026-09-03T08:59:26.000Z</time>
      </trkpt>
      <trkpt lat="42.2157176770269870758056640625" lon="1.69149379245936870574951171875">
        <ele>1261</ele>
        <time>2026-09-03T08:59:32.000Z</time>
      </trkpt>
      <trkpt lat="42.21572329290211200714111328125" lon="1.69148608110845088958740234375">
        <ele>1261</ele>
        <time>2026-09-03T08:59:33.000Z</time>
      </trkpt>
      <trkpt lat="42.215733267366886138916015625" lon="1.69146202504634857177734375">
        <ele>1261.199951171875</ele>
        <time>2026-09-03T08:59:35.000Z</time>
      </trkpt>
      <trkpt lat="42.21576302312314510345458984375" lon="1.69139136560261249542236328125">
        <ele>1262</ele>
        <time>2026-09-03T08:59:41.000Z</time>
      </trkpt>
      <trkpt lat="42.2157652862370014190673828125" lon="1.6913823969662189483642578125">
        <ele>1262.199951171875</ele>
        <time>2026-09-03T08:59:42.000Z</time>
      </trkpt>
      <trkpt lat="42.2157877497375011444091796875" lon="1.691332943737506866455078125">
        <ele>1263</ele>
        <time>2026-09-03T08:59:48.000Z</time>
      </trkpt>
      <trkpt lat="42.21579303033649921417236328125" lon="1.69132431037724018096923828125">
        <ele>1263</ele>
        <time>2026-09-03T08:59:49.000Z</time>
      </trkpt>
      <trkpt lat="42.21580174751579761505126953125" lon="1.69130519963800907135009765625">
        <ele>1263.4000244140625</ele>
        <time>2026-09-03T08:59:51.000Z</time>
      </trkpt>
      <trkpt lat="42.21582052297890186309814453125" lon="1.69126597233116626739501953125">
        <ele>1264.4000244140625</ele>
        <time>2026-09-03T08:59:55.000Z</time>
      </trkpt>
      <trkpt lat="42.2158227860927581787109375" lon="1.6912523098289966583251953125">
        <ele>1264.5999755859375</ele>
        <time>2026-09-03T08:59:56.000Z</time>
      </trkpt>
      <trkpt lat="42.21585220657289028167724609375" lon="1.69118315912783145904541015625">
        <ele>1265</ele>
        <time>2026-09-03T09:00:02.000Z</time>
      </trkpt>
      <trkpt lat="42.21586762927472591400146484375" lon="1.69115264900028705596923828125">
        <ele>1265.5999755859375</ele>
        <time>2026-09-03T09:00:05.000Z</time>
      </trkpt>
      <trkpt lat="42.21589411608874797821044921875" lon="1.69109833426773548126220703125">
        <ele>1266.5999755859375</ele>
        <time>2026-09-03T09:00:10.000Z</time>
      </trkpt>
      <trkpt lat="42.21590719185769557952880859375" lon="1.6910684108734130859375">
        <ele>1267.199951171875</ele>
        <time>2026-09-03T09:00:13.000Z</time>
      </trkpt>
      <trkpt lat="42.21593284048140048980712890625" lon="1.691021807491779327392578125">
        <ele>1267.5999755859375</ele>
        <time>2026-09-03T09:00:18.000Z</time>
      </trkpt>
      <trkpt lat="42.2159473411738872528076171875" lon="1.69100336730480194091796875">
        <ele>1267.5999755859375</ele>
        <time>2026-09-03T09:00:20.000Z</time>
      </trkpt>
      <trkpt lat="42.21596251241862773895263671875" lon="1.69098936952650547027587890625">
        <ele>1267.5999755859375</ele>
        <time>2026-09-03T09:00:22.000Z</time>
      </trkpt>
      <trkpt lat="42.21601062454283237457275390625" lon="1.690928936004638671875">
        <ele>1268.800048828125</ele>
        <time>2026-09-03T09:00:28.000Z</time>
      </trkpt>
      <trkpt lat="42.21603560261428356170654296875" lon="1.6908714361488819122314453125">
        <ele>1269.5999755859375</ele>
        <time>2026-09-03T09:00:34.000Z</time>
      </trkpt>
      <trkpt lat="42.216050438582897186279296875" lon="1.69086481444537639617919921875">
        <ele>1269.800048828125</ele>
        <time>2026-09-03T09:00:36.000Z</time>
      </trkpt>
      <trkpt lat="42.21605722792446613311767578125" lon="1.69085919857025146484375">
        <ele>1270</ele>
        <time>2026-09-03T09:00:37.000Z</time>
      </trkpt>
      <trkpt lat="42.21606225706636905670166015625" lon="1.6908493079245090484619140625">
        <ele>1270.199951171875</ele>
        <time>2026-09-03T09:00:38.000Z</time>
      </trkpt>
      <trkpt lat="42.21606661565601825714111328125" lon="1.69084168039262294769287109375">
        <ele>1270.5999755859375</ele>
        <time>2026-09-03T09:00:39.000Z</time>
      </trkpt>
      <trkpt lat="42.21607700921595096588134765625" lon="1.6908301971852779388427734375">
        <ele>1271</ele>
        <time>2026-09-03T09:00:41.000Z</time>
      </trkpt>
      <trkpt lat="42.216100059449672698974609375" lon="1.6908090747892856597900390625">
        <ele>1271.4000244140625</ele>
        <time>2026-09-03T09:00:45.000Z</time>
      </trkpt>
      <trkpt lat="42.2161352634429931640625" lon="1.69076674617826938629150390625">
        <ele>1272</ele>
        <time>2026-09-03T09:00:51.000Z</time>
      </trkpt>
      <trkpt lat="42.21614255569875240325927734375" lon="1.69076104648411273956298828125">
        <ele>1272</ele>
        <time>2026-09-03T09:00:52.000Z</time>
      </trkpt>
      <trkpt lat="42.2161582298576831817626953125" lon="1.6907505691051483154296875">
        <ele>1272.4000244140625</ele>
        <time>2026-09-03T09:00:54.000Z</time>
      </trkpt>
      <trkpt lat="42.216161079704761505126953125" lon="1.690732799470424652099609375">
        <ele>1272.800048828125</ele>
        <time>2026-09-03T09:00:56.000Z</time>
      </trkpt>
      <trkpt lat="42.2161642648279666900634765625" lon="1.69069969095289707183837890625">
        <ele>1273</ele>
        <time>2026-09-03T09:00:59.000Z</time>
      </trkpt>
      <trkpt lat="42.21617884933948516845703125" lon="1.6906639002263545989990234375">
        <ele>1273.4000244140625</ele>
        <time>2026-09-03T09:01:02.000Z</time>
      </trkpt>
      <trkpt lat="42.2162034921348094940185546875" lon="1.69061654247343540191650390625">
        <ele>1274.199951171875</ele>
        <time>2026-09-03T09:01:07.000Z</time>
      </trkpt>
      <trkpt lat="42.2162189148366451263427734375" lon="1.69058502651751041412353515625">
        <ele>1274.5999755859375</ele>
        <time>2026-09-03T09:01:11.000Z</time>
      </trkpt>
      <trkpt lat="42.21624632366001605987548828125" lon="1.690549068152904510498046875">
        <ele>1275.199951171875</ele>
        <time>2026-09-03T09:01:16.000Z</time>
      </trkpt>
      <trkpt lat="42.21625939942896366119384765625" lon="1.69052786193788051605224609375">
        <ele>1275.4000244140625</ele>
        <time>2026-09-03T09:01:19.000Z</time>
      </trkpt>
      <trkpt lat="42.21628286875784397125244140625" lon="1.69045410118997097015380859375">
        <ele>1276</ele>
        <time>2026-09-03T09:01:25.000Z</time>
      </trkpt>
      <trkpt lat="42.216282784938812255859375" lon="1.6904422827064990997314453125">
        <ele>1276.199951171875</ele>
        <time>2026-09-03T09:01:26.000Z</time>
      </trkpt>
      <trkpt lat="42.216282784938812255859375" lon="1.6904422827064990997314453125">
        <ele>1276.4000244140625</ele>
        <time>2026-09-03T09:01:27.000Z</time>
      </trkpt>
      <trkpt lat="42.2163114510476589202880859375" lon="1.690396182239055633544921875">
        <ele>1276.5999755859375</ele>
        <time>2026-09-03T09:01:31.000Z</time>
      </trkpt>
      <trkpt lat="42.21632528118789196014404296875" lon="1.6903812624514102935791015625">
        <ele>1277.199951171875</ele>
        <time>2026-09-03T09:01:34.000Z</time>
      </trkpt>
      <trkpt lat="42.216342128813266754150390625" lon="1.6903708688914775848388671875">
        <ele>1277.199951171875</ele>
        <time>2026-09-03T09:01:35.000Z</time>
      </trkpt>
      <trkpt lat="42.2163959406316280364990234375" lon="1.69036424718797206878662109375">
        <ele>1277.800048828125</ele>
        <time>2026-09-03T09:01:41.000Z</time>
      </trkpt>
      <trkpt lat="42.21641379408538341522216796875" lon="1.6903581283986568450927734375">
        <ele>1278</ele>
        <time>2026-09-03T09:01:44.000Z</time>
      </trkpt>
      <trkpt lat="42.2164311446249485015869140625" lon="1.69035536237061023712158203125">
        <ele>1278.4000244140625</ele>
        <time>2026-09-03T09:01:46.000Z</time>
      </trkpt>
      <trkpt lat="42.21642963588237762451171875" lon="1.69036106206476688385009765625">
        <ele>1278.800048828125</ele>
        <time>2026-09-03T09:01:47.000Z</time>
      </trkpt>
      <trkpt lat="42.216433994472026824951171875" lon="1.69036223553121089935302734375">
        <ele>1279.4000244140625</ele>
        <time>2026-09-03T09:01:49.000Z</time>
      </trkpt>
      <trkpt lat="42.216433994472026824951171875" lon="1.69036223553121089935302734375">
        <ele>1279.800048828125</ele>
        <time>2026-09-03T09:01:55.000Z</time>
      </trkpt>
      <trkpt lat="42.2164412029087543487548828125" lon="1.69037145562469959259033203125">
        <ele>1279.5999755859375</ele>
        <time>2026-09-03T09:02:00.000Z</time>
      </trkpt>
      <trkpt lat="42.21647213213145732879638671875" lon="1.69038939289748668670654296875">
        <ele>1280</ele>
        <time>2026-09-03T09:02:04.000Z</time>
      </trkpt>
      <trkpt lat="42.2165116108953952789306640625" lon="1.6903991997241973876953125">
        <ele>1280</ele>
        <time>2026-09-03T09:02:08.000Z</time>
      </trkpt>
      <trkpt lat="42.21652912907302379608154296875" lon="1.690414287149906158447265625">
        <ele>1280.800048828125</ele>
        <time>2026-09-03T09:02:11.000Z</time>
      </trkpt>
      <trkpt lat="42.21653960645198822021484375" lon="1.69045242480933666229248046875">
        <ele>1281.800048828125</ele>
        <time>2026-09-03T09:02:14.000Z</time>
      </trkpt>
      <trkpt lat="42.21654740162193775177001953125" lon="1.69045879505574703216552734375">
        <ele>1282</ele>
        <time>2026-09-03T09:02:15.000Z</time>
      </trkpt>
      <trkpt lat="42.21657045185565948486328125" lon="1.69049014337360858917236328125">
        <ele>1282.5999755859375</ele>
        <time>2026-09-03T09:02:20.000Z</time>
      </trkpt>
      <trkpt lat="42.21658981405198574066162109375" lon="1.6905197314918041229248046875">
        <ele>1283</ele>
        <time>2026-09-03T09:02:22.000Z</time>
      </trkpt>
      <trkpt lat="42.216610014438629150390625" lon="1.690543703734874725341796875">
        <ele>1283.5999755859375</ele>
        <time>2026-09-03T09:02:25.000Z</time>
      </trkpt>
      <trkpt lat="42.2166178934276103973388671875" lon="1.69055837206542491912841796875">
        <ele>1284.199951171875</ele>
        <time>2026-09-03T09:02:27.000Z</time>
      </trkpt>
      <trkpt lat="42.21662518568336963653564453125" lon="1.690569184720516204833984375">
        <ele>1284.5999755859375</ele>
        <time>2026-09-03T09:02:29.000Z</time>
      </trkpt>
      <trkpt lat="42.216639183461666107177734375" lon="1.6905923187732696533203125">
        <ele>1285.4000244140625</ele>
        <time>2026-09-03T09:02:32.000Z</time>
      </trkpt>
      <trkpt lat="42.2166678495705127716064453125" lon="1.690622158348560333251953125">
        <ele>1286.199951171875</ele>
        <time>2026-09-03T09:02:37.000Z</time>
      </trkpt>
      <trkpt lat="42.2166775725781917572021484375" lon="1.690636575222015380859375">
        <ele>1286.4000244140625</ele>
        <time>2026-09-03T09:02:39.000Z</time>
      </trkpt>
      <trkpt lat="42.21670162864029407501220703125" lon="1.690665073692798614501953125">
        <ele>1287.4000244140625</ele>
        <time>2026-09-03T09:02:43.000Z</time>
      </trkpt>
      <trkpt lat="42.2167288698256015777587890625" lon="1.69070161879062652587890625">
        <ele>1288.199951171875</ele>
        <time>2026-09-03T09:02:48.000Z</time>
      </trkpt>
      <trkpt lat="42.216731719672679901123046875" lon="1.69071125797927379608154296875">
        <ele>1288.199951171875</ele>
        <time>2026-09-03T09:02:49.000Z</time>
      </trkpt>
      <trkpt lat="42.21674211323261260986328125" lon="1.69072684831917285919189453125">
        <ele>1288.4000244140625</ele>
        <time>2026-09-03T09:02:51.000Z</time>
      </trkpt>
      <trkpt lat="42.21677119843661785125732421875" lon="1.690757609903812408447265625">
        <ele>1289.4000244140625</ele>
        <time>2026-09-03T09:02:56.000Z</time>
      </trkpt>
      <trkpt lat="42.216775305569171905517578125" lon="1.6907614655792713165283203125">
        <ele>1289.5999755859375</ele>
        <time>2026-09-03T09:02:57.000Z</time>
      </trkpt>
      <trkpt lat="42.21678863279521465301513671875" lon="1.690776385366916656494140625">
        <ele>1290.199951171875</ele>
        <time>2026-09-03T09:03:01.000Z</time>
      </trkpt>
      <trkpt lat="42.2167945839464664459228515625" lon="1.690775044262409210205078125">
        <ele>1289.199951171875</ele>
        <time>2026-09-03T09:03:07.000Z</time>
      </trkpt>
      <trkpt lat="42.2168026305735111236572265625" lon="1.690791808068752288818359375">
        <ele>1289.5999755859375</ele>
        <time>2026-09-03T09:03:09.000Z</time>
      </trkpt>
      <trkpt lat="42.21681864000856876373291015625" lon="1.69084117747843265533447265625">
        <ele>1290.5999755859375</ele>
        <time>2026-09-03T09:03:15.000Z</time>
      </trkpt>
      <trkpt lat="42.21682316623628139495849609375" lon="1.690852828323841094970703125">
        <ele>1290.800048828125</ele>
        <time>2026-09-03T09:03:16.000Z</time>
      </trkpt>
      <trkpt lat="42.21683255396783351898193359375" lon="1.69087219052016735076904296875">
        <ele>1291.199951171875</ele>
        <time>2026-09-03T09:03:18.000Z</time>
      </trkpt>
      <trkpt lat="42.21684277988970279693603515625" lon="1.6909083165228366851806640625">
        <ele>1292</ele>
        <time>2026-09-03T09:03:21.000Z</time>
      </trkpt>
      <trkpt lat="42.2168532572686672210693359375" lon="1.6909210570156574249267578125">
        <ele>1292.4000244140625</ele>
        <time>2026-09-03T09:03:23.000Z</time>
      </trkpt>
      <trkpt lat="42.21686122007668018341064453125" lon="1.69093404896557331085205078125">
        <ele>1292.800048828125</ele>
        <time>2026-09-03T09:03:25.000Z</time>
      </trkpt>
      <trkpt lat="42.216872535645961761474609375" lon="1.69095232151448726654052734375">
        <ele>1293</ele>
        <time>2026-09-03T09:03:27.000Z</time>
      </trkpt>
      <trkpt lat="42.2169065661728382110595703125" lon="1.69098325073719024658203125">
        <ele>1293.5999755859375</ele>
        <time>2026-09-03T09:03:32.000Z</time>
      </trkpt>
      <trkpt lat="42.216932885348796844482421875" lon="1.6910327039659023284912109375">
        <ele>1294.199951171875</ele>
        <time>2026-09-03T09:03:37.000Z</time>
      </trkpt>
      <trkpt lat="42.21693162806332111358642578125" lon="1.691027171909809112548828125">
        <ele>1294.5999755859375</ele>
        <time>2026-09-03T09:03:38.000Z</time>
      </trkpt>
      <trkpt lat="42.2169317118823528289794921875" lon="1.69101409614086151123046875">
        <ele>1294.199951171875</ele>
        <time>2026-09-03T09:03:44.000Z</time>
      </trkpt>
      <trkpt lat="42.2169317118823528289794921875" lon="1.69101409614086151123046875">
        <ele>1294.199951171875</ele>
        <time>2026-09-03T09:03:46.000Z</time>
      </trkpt>
      <trkpt lat="42.2169317118823528289794921875" lon="1.69101409614086151123046875">
        <ele>1294.199951171875</ele>
        <time>2026-09-03T09:03:48.000Z</time>
      </trkpt>
      <trkpt lat="42.2169317118823528289794921875" lon="1.69101409614086151123046875">
        <ele>1294.4000244140625</ele>
        <time>2026-09-03T09:03:50.000Z</time>
      </trkpt>
      <trkpt lat="42.2169387526810169219970703125" lon="1.6910115815699100494384765625">
        <ele>1294.199951171875</ele>
        <time>2026-09-03T09:03:52.000Z</time>
      </trkpt>
      <trkpt lat="42.2169578634202480316162109375" lon="1.6910404153168201446533203125">
        <ele>1294.199951171875</ele>
        <time>2026-09-03T09:03:55.000Z</time>
      </trkpt>
      <trkpt lat="42.2169897146522998809814453125" lon="1.69107436202466487884521484375">
        <ele>1295.5999755859375</ele>
        <time>2026-09-03T09:04:00.000Z</time>
      </trkpt>
      <trkpt lat="42.2170024551451206207275390625" lon="1.6910756193101406097412109375">
        <ele>1296</ele>
        <time>2026-09-03T09:04:03.000Z</time>
      </trkpt>
      <trkpt lat="42.217011339962482452392578125" lon="1.69107620604336261749267578125">
        <ele>1296</ele>
        <time>2026-09-03T09:04:04.000Z</time>
      </trkpt>
      <trkpt lat="42.21704210154712200164794921875" lon="1.69109330512583255767822265625">
        <ele>1296.5999755859375</ele>
        <time>2026-09-03T09:04:08.000Z</time>
      </trkpt>
      <trkpt lat="42.21704763360321521759033203125" lon="1.6911074705421924591064453125">
        <ele>1297</ele>
        <time>2026-09-03T09:04:10.000Z</time>
      </trkpt>
      <trkpt lat="42.2170762158930301666259765625" lon="1.69112415052950382232666015625">
        <ele>1297.800048828125</ele>
        <time>2026-09-03T09:04:14.000Z</time>
      </trkpt>
      <trkpt lat="42.217095829546451568603515625" lon="1.6911352984607219696044921875">
        <ele>1297.800048828125</ele>
        <time>2026-09-03T09:04:17.000Z</time>
      </trkpt>
      <trkpt lat="42.217128686606884002685546875" lon="1.6911540739238262176513671875">
        <ele>1298.5999755859375</ele>
        <time>2026-09-03T09:04:23.000Z</time>
      </trkpt>
      <trkpt lat="42.21714570187032222747802734375" lon="1.69115097261965274810791015625">
        <ele>1298.800048828125</ele>
        <time>2026-09-03T09:04:24.000Z</time>
      </trkpt>
      <trkpt lat="42.2171529941260814666748046875" lon="1.69115382246673107147216796875">
        <ele>1299</ele>
        <time>2026-09-03T09:04:25.000Z</time>
      </trkpt>
      <trkpt lat="42.2171771340072154998779296875" lon="1.69118382968008518218994140625">
        <ele>1299.4000244140625</ele>
        <time>2026-09-03T09:04:31.000Z</time>
      </trkpt>
      <trkpt lat="42.21718828193843364715576171875" lon="1.6911959834396839141845703125">
        <ele>1299.5999755859375</ele>
        <time>2026-09-03T09:04:32.000Z</time>
      </trkpt>
      <trkpt lat="42.217199765145778656005859375" lon="1.691205203533172607421875">
        <ele>1299.800048828125</ele>
        <time>2026-09-03T09:04:34.000Z</time>
      </trkpt>
      <trkpt lat="42.21723505295813083648681640625" lon="1.6912368871271610260009765625">
        <ele>1301</ele>
        <time>2026-09-03T09:04:39.000Z</time>
      </trkpt>
      <trkpt lat="42.21724729053676128387451171875" lon="1.691253148019313812255859375">
        <ele>1301.199951171875</ele>
        <time>2026-09-03T09:04:42.000Z</time>
      </trkpt>
      <trkpt lat="42.2172787226736545562744140625" lon="1.6912637092173099517822265625">
        <ele>1301.199951171875</ele>
        <time>2026-09-03T09:04:48.000Z</time>
      </trkpt>
      <trkpt lat="42.21727880649268627166748046875" lon="1.691263876855373382568359375">
        <ele>1301.199951171875</ele>
        <time>2026-09-03T09:04:54.000Z</time>
      </trkpt>
      <trkpt lat="42.21727880649268627166748046875" lon="1.691263876855373382568359375">
        <ele>1301.199951171875</ele>
        <time>2026-09-03T09:04:59.000Z</time>
      </trkpt>
      <trkpt lat="42.21727880649268627166748046875" lon="1.691263876855373382568359375">
        <ele>1301.199951171875</ele>
        <time>2026-09-03T09:05:00.000Z</time>
      </trkpt>
      <trkpt lat="42.21727880649268627166748046875" lon="1.691263876855373382568359375">
        <ele>1301</ele>
        <time>2026-09-03T09:05:02.000Z</time>
      </trkpt>
      <trkpt lat="42.21727880649268627166748046875" lon="1.691263876855373382568359375">
        <ele>1301</ele>
        <time>2026-09-03T09:05:05.000Z</time>
      </trkpt>
      <trkpt lat="42.21727880649268627166748046875" lon="1.691263876855373382568359375">
        <ele>1301.199951171875</ele>
        <time>2026-09-03T09:05:11.000Z</time>
      </trkpt>
      <trkpt lat="42.21727880649268627166748046875" lon="1.691263876855373382568359375">
        <ele>1301.199951171875</ele>
        <time>2026-09-03T09:05:14.000Z</time>
      </trkpt>
      <trkpt lat="42.2172926366329193115234375" lon="1.6912757791578769683837890625">
        <ele>1300.800048828125</ele>
        <time>2026-09-03T09:05:20.000Z</time>
      </trkpt>
      <trkpt lat="42.21730160526931285858154296875" lon="1.69128608889877796173095703125">
        <ele>1301</ele>
        <time>2026-09-03T09:05:21.000Z</time>
      </trkpt>
      <trkpt lat="42.21735223196446895599365234375" lon="1.69130980968475341796875">
        <ele>1301.4000244140625</ele>
        <time>2026-09-03T09:05:27.000Z</time>
      </trkpt>
      <trkpt lat="42.2173732705414295196533203125" lon="1.6913203708827495574951171875">
        <ele>1301.5999755859375</ele>
        <time>2026-09-03T09:05:29.000Z</time>
      </trkpt>
      <trkpt lat="42.2174104861915111541748046875" lon="1.6913367994129657745361328125">
        <ele>1302</ele>
        <time>2026-09-03T09:05:32.000Z</time>
      </trkpt>
      <trkpt lat="42.2174212150275707244873046875" lon="1.691340990364551544189453125">
        <ele>1302</ele>
        <time>2026-09-03T09:05:33.000Z</time>
      </trkpt>
      <trkpt lat="42.21745935268700122833251953125" lon="1.6913545690476894378662109375">
        <ele>1302.199951171875</ele>
        <time>2026-09-03T09:05:37.000Z</time>
      </trkpt>
      <trkpt lat="42.2175100632011890411376953125" lon="1.6913686506450176239013671875">
        <ele>1302.800048828125</ele>
        <time>2026-09-03T09:05:43.000Z</time>
      </trkpt>
      <trkpt lat="42.2175274975597858428955078125" lon="1.6913746856153011322021484375">
        <ele>1303</ele>
        <time>2026-09-03T09:05:45.000Z</time>
      </trkpt>
      <trkpt lat="42.217541746795177459716796875" lon="1.69138046912848949432373046875">
        <ele>1303.4000244140625</ele>
        <time>2026-09-03T09:05:47.000Z</time>
      </trkpt>
      <trkpt lat="42.21757669933140277862548828125" lon="1.6913937963545322418212890625">
        <ele>1303.800048828125</ele>
        <time>2026-09-03T09:05:52.000Z</time>
      </trkpt>
      <trkpt lat="42.2176413238048553466796875" lon="1.6914001666009426116943359375">
        <ele>1302.800048828125</ele>
        <time>2026-09-03T09:05:58.000Z</time>
      </trkpt>
      <trkpt lat="42.217662446200847625732421875" lon="1.6914050281047821044921875">
        <ele>1302.5999755859375</ele>
        <time>2026-09-03T09:06:01.000Z</time>
      </trkpt>
      <trkpt lat="42.21766948699951171875" lon="1.69140444137156009674072265625">
        <ele>1302.800048828125</ele>
        <time>2026-09-03T09:06:07.000Z</time>
      </trkpt>
      <trkpt lat="42.21766948699951171875" lon="1.69140444137156009674072265625">
        <ele>1302.5999755859375</ele>
        <time>2026-09-03T09:06:08.000Z</time>
      </trkpt>
      <trkpt lat="42.21766948699951171875" lon="1.69140444137156009674072265625">
        <ele>1302.5999755859375</ele>
        <time>2026-09-03T09:06:11.000Z</time>
      </trkpt>
      <trkpt lat="42.21766948699951171875" lon="1.69140444137156009674072265625">
        <ele>1302.800048828125</ele>
        <time>2026-09-03T09:06:17.000Z</time>
      </trkpt>
      <trkpt lat="42.21766948699951171875" lon="1.69140444137156009674072265625">
        <ele>1302.4000244140625</ele>
        <time>2026-09-03T09:06:23.000Z</time>
      </trkpt>
      <trkpt lat="42.21766948699951171875" lon="1.69140444137156009674072265625">
        <ele>1302.5999755859375</ele>
        <time>2026-09-03T09:06:26.000Z</time>
      </trkpt>
      <trkpt lat="42.217669822275638580322265625" lon="1.69140527956187725067138671875">
        <ele>1302.5999755859375</ele>
        <time>2026-09-03T09:06:30.000Z</time>
      </trkpt>
      <trkpt lat="42.2177110612392425537109375" lon="1.69141382910311222076416015625">
        <ele>1302.5999755859375</ele>
        <time>2026-09-03T09:06:36.000Z</time>
      </trkpt>
      <trkpt lat="42.21775171346962451934814453125" lon="1.69141952879726886749267578125">
        <ele>1302.5999755859375</ele>
        <time>2026-09-03T09:06:39.000Z</time>
      </trkpt>
      <trkpt lat="42.21777610480785369873046875" lon="1.6914360411465167999267578125">
        <ele>1302.800048828125</ele>
        <time>2026-09-03T09:06:45.000Z</time>
      </trkpt>
      <trkpt lat="42.21780066378414630889892578125" lon="1.69143922626972198486328125">
        <ele>1302.800048828125</ele>
        <time>2026-09-03T09:06:48.000Z</time>
      </trkpt>
      <trkpt lat="42.21784374676644802093505859375" lon="1.69144132174551486968994140625">
        <ele>1303.199951171875</ele>
        <time>2026-09-03T09:06:52.000Z</time>
      </trkpt>
      <trkpt lat="42.21786185167729854583740234375" lon="1.6914377175271511077880859375">
        <ele>1303.199951171875</ele>
        <time>2026-09-03T09:06:54.000Z</time>
      </trkpt>
      <trkpt lat="42.21791449002921581268310546875" lon="1.69142237864434719085693359375">
        <ele>1303</ele>
        <time>2026-09-03T09:07:00.000Z</time>
      </trkpt>
      <trkpt lat="42.21791784279048442840576171875" lon="1.6914236359298229217529296875">
        <ele>1302.800048828125</ele>
        <time>2026-09-03T09:07:04.000Z</time>
      </trkpt>
      <trkpt lat="42.21794935874640941619873046875" lon="1.691421456634998321533203125">
        <ele>1302.800048828125</ele>
        <time>2026-09-03T09:07:10.000Z</time>
      </trkpt>
      <trkpt lat="42.2179606743156909942626953125" lon="1.691430844366550445556640625">
        <ele>1302.800048828125</ele>
        <time>2026-09-03T09:07:11.000Z</time>
      </trkpt>
      <trkpt lat="42.217994369566440582275390625" lon="1.69145942665636539459228515625">
        <ele>1304</ele>
        <time>2026-09-03T09:07:16.000Z</time>
      </trkpt>
      <trkpt lat="42.218004427850246429443359375" lon="1.6914625279605388641357421875">
        <ele>1304.4000244140625</ele>
        <time>2026-09-03T09:07:17.000Z</time>
      </trkpt>
      <trkpt lat="42.21802714280784130096435546875" lon="1.69145724736154079437255859375">
        <ele>1304.5999755859375</ele>
        <time>2026-09-03T09:07:19.000Z</time>
      </trkpt>
      <trkpt lat="42.2180776856839656829833984375" lon="1.691479794681072235107421875">
        <ele>1305</ele>
        <time>2026-09-03T09:07:24.000Z</time>
      </trkpt>
      <trkpt lat="42.2180879116058349609375" lon="1.69148088432848453521728515625">
        <ele>1305.199951171875</ele>
        <time>2026-09-03T09:07:25.000Z</time>
      </trkpt>
      <trkpt lat="42.218092270195484161376953125" lon="1.6914853267371654510498046875">
        <ele>1305.5999755859375</ele>
        <time>2026-09-03T09:07:26.000Z</time>
      </trkpt>
      <trkpt lat="42.21809671260416507720947265625" lon="1.6914866678416728973388671875">
        <ele>1306.800048828125</ele>
        <time>2026-09-03T09:07:29.000Z</time>
      </trkpt>
      <trkpt lat="42.2180964611470699310302734375" lon="1.69148809276521205902099609375">
        <ele>1307</ele>
        <time>2026-09-03T09:07:35.000Z</time>
      </trkpt>
      <trkpt lat="42.21810593269765377044677734375" lon="1.6915064491331577301025390625">
        <ele>1307.199951171875</ele>
        <time>2026-09-03T09:07:41.000Z</time>
      </trkpt>
      <trkpt lat="42.218133509159088134765625" lon="1.691527068614959716796875">
        <ele>1307.800048828125</ele>
        <time>2026-09-03T09:07:46.000Z</time>
      </trkpt>
      <trkpt lat="42.21817801706492900848388671875" lon="1.6915265657007694244384765625">
        <ele>1308</ele>
        <time>2026-09-03T09:07:51.000Z</time>
      </trkpt>
      <trkpt lat="42.21822478808462619781494140625" lon="1.69152648188173770904541015625">
        <ele>1309</ele>
        <time>2026-09-03T09:07:57.000Z</time>
      </trkpt>
      <trkpt lat="42.2182285599410533905029296875" lon="1.69152664951980113983154296875">
        <ele>1309.199951171875</ele>
        <time>2026-09-03T09:07:58.000Z</time>
      </trkpt>
      <trkpt lat="42.2182429768145084381103515625" lon="1.69153117574751377105712890625">
        <ele>1309.5999755859375</ele>
        <time>2026-09-03T09:08:02.000Z</time>
      </trkpt>
      <trkpt lat="42.21824289299547672271728515625" lon="1.69153117574751377105712890625">
        <ele>1309.4000244140625</ele>
        <time>2026-09-03T09:08:04.000Z</time>
      </trkpt>
      <trkpt lat="42.21824289299547672271728515625" lon="1.69153117574751377105712890625">
        <ele>1308.5999755859375</ele>
        <time>2026-09-03T09:08:10.000Z</time>
      </trkpt>
      <trkpt lat="42.21824289299547672271728515625" lon="1.69153117574751377105712890625">
        <ele>1308.4000244140625</ele>
        <time>2026-09-03T09:08:16.000Z</time>
      </trkpt>
      <trkpt lat="42.21824289299547672271728515625" lon="1.69153117574751377105712890625">
        <ele>1308.4000244140625</ele>
        <time>2026-09-03T09:08:19.000Z</time>
      </trkpt>
      <trkpt lat="42.21824289299547672271728515625" lon="1.69153117574751377105712890625">
        <ele>1308</ele>
        <time>2026-09-03T09:08:23.000Z</time>
      </trkpt>
      <trkpt lat="42.21824289299547672271728515625" lon="1.69153117574751377105712890625">
        <ele>1308</ele>
        <time>2026-09-03T09:08:24.000Z</time>
      </trkpt>
      <trkpt lat="42.21824289299547672271728515625" lon="1.69153117574751377105712890625">
        <ele>1308</ele>
        <time>2026-09-03T09:08:25.000Z</time>
      </trkpt>
      <trkpt lat="42.21824289299547672271728515625" lon="1.69153117574751377105712890625">
        <ele>1308.199951171875</ele>
        <time>2026-09-03T09:08:28.000Z</time>
      </trkpt>
      <trkpt lat="42.2182640992105007171630859375" lon="1.6915631107985973358154296875">
        <ele>1309</ele>
        <time>2026-09-03T09:08:32.000Z</time>
      </trkpt>
      <trkpt lat="42.218273319303989410400390625" lon="1.69156906194984912872314453125">
        <ele>1309.4000244140625</ele>
        <time>2026-09-03T09:08:33.000Z</time>
      </trkpt>
      <trkpt lat="42.21827943809330463409423828125" lon="1.69159370474517345428466796875">
        <ele>1310</ele>
        <time>2026-09-03T09:08:35.000Z</time>
      </trkpt>
      <trkpt lat="42.218278683722019195556640625" lon="1.69161499477922916412353515625">
        <ele>1310.4000244140625</ele>
        <time>2026-09-03T09:08:36.000Z</time>
      </trkpt>
      <trkpt lat="42.2182738222181797027587890625" lon="1.6916211135685443878173828125">
        <ele>1310.5999755859375</ele>
        <time>2026-09-03T09:08:37.000Z</time>
      </trkpt>
      <trkpt lat="42.2182743251323699951171875" lon="1.69162572361528873443603515625">
        <ele>1310.5999755859375</ele>
        <time>2026-09-03T09:08:43.000Z</time>
      </trkpt>
      <trkpt lat="42.2182743251323699951171875" lon="1.69162572361528873443603515625">
        <ele>1310.199951171875</ele>
        <time>2026-09-03T09:08:46.000Z</time>
      </trkpt>
      <trkpt lat="42.2182743251323699951171875" lon="1.69162572361528873443603515625">
        <ele>1310</ele>
        <time>2026-09-03T09:08:48.000Z</time>
      </trkpt>
      <trkpt lat="42.2182743251323699951171875" lon="1.69162572361528873443603515625">
        <ele>1310.199951171875</ele>
        <time>2026-09-03T09:08:49.000Z</time>
      </trkpt>
      <trkpt lat="42.2182743251323699951171875" lon="1.69162572361528873443603515625">
        <ele>1310</ele>
        <time>2026-09-03T09:08:55.000Z</time>
      </trkpt>
      <trkpt lat="42.2182822041213512420654296875" lon="1.69167165644466876983642578125">
        <ele>1310.800048828125</ele>
        <time>2026-09-03T09:09:00.000Z</time>
      </trkpt>
      <trkpt lat="42.218286059796810150146484375" lon="1.69169462285935878753662109375">
        <ele>1311.5999755859375</ele>
        <time>2026-09-03T09:09:02.000Z</time>
      </trkpt>
      <trkpt lat="42.2182689607143402099609375" lon="1.6917082853615283966064453125">
        <ele>1312.199951171875</ele>
        <time>2026-09-03T09:09:04.000Z</time>
      </trkpt>
      <trkpt lat="42.21825362183153629302978515625" lon="1.6917096264660358428955078125">
        <ele>1312.4000244140625</ele>
        <time>2026-09-03T09:09:06.000Z</time>
      </trkpt>
      <trkpt lat="42.21824775449931621551513671875" lon="1.69171239249408245086669921875">
        <ele>1312.5999755859375</ele>
        <time>2026-09-03T09:09:07.000Z</time>
      </trkpt>
      <trkpt lat="42.2182099521160125732421875" lon="1.691707782447338104248046875">
        <ele>1313.5999755859375</ele>
        <time>2026-09-03T09:09:12.000Z</time>
      </trkpt>
      <trkpt lat="42.21820659935474395751953125" lon="1.69171909801661968231201171875">
        <ele>1313.5999755859375</ele>
        <time>2026-09-03T09:09:13.000Z</time>
      </trkpt>
      <trkpt lat="42.218178771436214447021484375" lon="1.69174223206937313079833984375">
        <ele>1314.199951171875</ele>
        <time>2026-09-03T09:09:18.000Z</time>
      </trkpt>
      <trkpt lat="42.2181343473494052886962890625" lon="1.6917605884373188018798828125">
        <ele>1314.5999755859375</ele>
        <time>2026-09-03T09:09:23.000Z</time>
      </trkpt>
      <trkpt lat="42.21812873147428035736083984375" lon="1.69176201336085796356201171875">
        <ele>1314.800048828125</ele>
        <time>2026-09-03T09:09:24.000Z</time>
      </trkpt>
      <trkpt lat="42.218104340136051177978515625" lon="1.69176536612212657928466796875">
        <ele>1315.4000244140625</ele>
        <time>2026-09-03T09:09:27.000Z</time>
      </trkpt>
      <trkpt lat="42.21808313392102718353271484375" lon="1.691776849329471588134765625">
        <ele>1315.800048828125</ele>
        <time>2026-09-03T09:09:29.000Z</time>
      </trkpt>
      <trkpt lat="42.2180639393627643585205078125" lon="1.69178481213748455047607421875">
        <ele>1316.199951171875</ele>
        <time>2026-09-03T09:09:31.000Z</time>
      </trkpt>
      <trkpt lat="42.21802395768463611602783203125" lon="1.69181766919791698455810546875">
        <ele>1316.199951171875</ele>
        <time>2026-09-03T09:09:36.000Z</time>
      </trkpt>
      <trkpt lat="42.21801607869565486907958984375" lon="1.69181565754115581512451171875">
        <ele>1316.199951171875</ele>
        <time>2026-09-03T09:09:37.000Z</time>
      </trkpt>
      <trkpt lat="42.21800920553505420684814453125" lon="1.69181666336953639984130859375">
        <ele>1316.199951171875</ele>
        <time>2026-09-03T09:09:38.000Z</time>
      </trkpt>
      <trkpt lat="42.21799126826226711273193359375" lon="1.6918289847671985626220703125">
        <ele>1316.800048828125</ele>
        <time>2026-09-03T09:09:41.000Z</time>
      </trkpt>
      <trkpt lat="42.2179593332111835479736328125" lon="1.69185362756252288818359375">
        <ele>1316.800048828125</ele>
        <time>2026-09-03T09:09:47.000Z</time>
      </trkpt>
      <trkpt lat="42.21795505844056606292724609375" lon="1.69185941107571125030517578125">
        <ele>1317</ele>
        <time>2026-09-03T09:09:48.000Z</time>
      </trkpt>
      <trkpt lat="42.2179241292178630828857421875" lon="1.6918933577835559844970703125">
        <ele>1318</ele>
        <time>2026-09-03T09:09:54.000Z</time>
      </trkpt>
      <trkpt lat="42.21792505122721195220947265625" lon="1.69189520180225372314453125">
        <ele>1318</ele>
        <time>2026-09-03T09:09:56.000Z</time>
      </trkpt>
      <trkpt lat="42.2179251350462436676025390625" lon="1.69189562089741230010986328125">
        <ele>1317.5999755859375</ele>
        <time>2026-09-03T09:10:02.000Z</time>
      </trkpt>
      <trkpt lat="42.21791164018213748931884765625" lon="1.6919280588626861572265625">
        <ele>1318.5999755859375</ele>
        <time>2026-09-03T09:10:08.000Z</time>
      </trkpt>
      <trkpt lat="42.21791029907763004302978515625" lon="1.69193753041326999664306640625">
        <ele>1319</ele>
        <time>2026-09-03T09:10:09.000Z</time>
      </trkpt>
      <trkpt lat="42.21790728159248828887939453125" lon="1.69200307689607143402099609375">
        <ele>1320</ele>
        <time>2026-09-03T09:10:14.000Z</time>
      </trkpt>
      <trkpt lat="42.21790694631636142730712890625" lon="1.69201330281794071197509765625">
        <ele>1320.199951171875</ele>
        <time>2026-09-03T09:10:15.000Z</time>
      </trkpt>
      <trkpt lat="42.2179056890308856964111328125" lon="1.69204498641192913055419921875">
        <ele>1321</ele>
        <time>2026-09-03T09:10:21.000Z</time>
      </trkpt>
      <trkpt lat="42.2179113887250423431396484375" lon="1.69204850681126117706298828125">
        <ele>1319.5999755859375</ele>
        <time>2026-09-03T09:10:27.000Z</time>
      </trkpt>
      <trkpt lat="42.2179113887250423431396484375" lon="1.69204850681126117706298828125">
        <ele>1319.4000244140625</ele>
        <time>2026-09-03T09:10:31.000Z</time>
      </trkpt>
      <trkpt lat="42.2179113887250423431396484375" lon="1.69204850681126117706298828125">
        <ele>1319.5999755859375</ele>
        <time>2026-09-03T09:10:32.000Z</time>
      </trkpt>
      <trkpt lat="42.2179113887250423431396484375" lon="1.69204850681126117706298828125">
        <ele>1319.5999755859375</ele>
        <time>2026-09-03T09:10:33.000Z</time>
      </trkpt>
      <trkpt lat="42.21793242730200290679931640625" lon="1.69204699806869029998779296875">
        <ele>1319.800048828125</ele>
        <time>2026-09-03T09:10:36.000Z</time>
      </trkpt>
      <trkpt lat="42.21794282086193561553955078125" lon="1.69205018319189548492431640625">
        <ele>1319.800048828125</ele>
        <time>2026-09-03T09:10:37.000Z</time>
      </trkpt>
      <trkpt lat="42.2179543040692806243896484375" lon="1.69209812767803668975830078125">
        <ele>1321.199951171875</ele>
        <time>2026-09-03T09:10:42.000Z</time>
      </trkpt>
      <trkpt lat="42.21794935874640941619873046875" lon="1.69212310574948787689208984375">
        <ele>1321.199951171875</ele>
        <time>2026-09-03T09:10:45.000Z</time>
      </trkpt>
      <trkpt lat="42.21793946810066699981689453125" lon="1.69216803275048732757568359375">
        <ele>1322.199951171875</ele>
        <time>2026-09-03T09:10:49.000Z</time>
      </trkpt>
      <trkpt lat="42.21793946810066699981689453125" lon="1.69216803275048732757568359375">
        <ele>1322.4000244140625</ele>
        <time>2026-09-03T09:10:50.000Z</time>
      </trkpt>
      <trkpt lat="42.21794265322387218475341796875" lon="1.6921910829842090606689453125">
        <ele>1322.5999755859375</ele>
        <time>2026-09-03T09:10:51.000Z</time>
      </trkpt>
      <trkpt lat="42.21794382669031620025634765625" lon="1.69223056174814701080322265625">
        <ele>1323</ele>
        <time>2026-09-03T09:10:53.000Z</time>
      </trkpt>
      <trkpt lat="42.21793544478714466094970703125" lon="1.69227817095816135406494140625">
        <ele>1323.4000244140625</ele>
        <time>2026-09-03T09:10:56.000Z</time>
      </trkpt>
      <trkpt lat="42.21793234348297119140625" lon="1.69230868108570575714111328125">
        <ele>1323.800048828125</ele>
        <time>2026-09-03T09:10:58.000Z</time>
      </trkpt>
      <trkpt lat="42.21790929324924945831298828125" lon="1.69238780625164508819580078125">
        <ele>1324.4000244140625</ele>
        <time>2026-09-03T09:11:04.000Z</time>
      </trkpt>
      <trkpt lat="42.2179080359637737274169921875" lon="1.692401804029941558837890625">
        <ele>1324.199951171875</ele>
        <time>2026-09-03T09:11:06.000Z</time>
      </trkpt>
      <trkpt lat="42.21792505122721195220947265625" lon="1.692450083792209625244140625">
        <ele>1324.199951171875</ele>
        <time>2026-09-03T09:11:12.000Z</time>
      </trkpt>
      <trkpt lat="42.2179442457854747772216796875" lon="1.69245687313377857208251953125">
        <ele>1324.4000244140625</ele>
        <time>2026-09-03T09:11:13.000Z</time>
      </trkpt>
      <trkpt lat="42.21795623190701007843017578125" lon="1.69245670549571514129638671875">
        <ele>1324.4000244140625</ele>
        <time>2026-09-03T09:11:14.000Z</time>
      </trkpt>
      <trkpt lat="42.21796813420951366424560546875" lon="1.6924599744379520416259765625">
        <ele>1324.5999755859375</ele>
        <time>2026-09-03T09:11:15.000Z</time>
      </trkpt>
      <trkpt lat="42.2180163301527500152587890625" lon="1.692439354956150054931640625">
        <ele>1325.4000244140625</ele>
        <time>2026-09-03T09:11:21.000Z</time>
      </trkpt>
      <trkpt lat="42.2180263884365558624267578125" lon="1.69243474490940570831298828125">
        <ele>1325.5999755859375</ele>
        <time>2026-09-03T09:11:22.000Z</time>
      </trkpt>
      <trkpt lat="42.218042649328708648681640625" lon="1.6924274526536464691162109375">
        <ele>1325.800048828125</ele>
        <time>2026-09-03T09:11:23.000Z</time>
      </trkpt>
      <trkpt lat="42.21809084527194499969482421875" lon="1.692404486238956451416015625">
        <ele>1326.800048828125</ele>
        <time>2026-09-03T09:11:29.000Z</time>
      </trkpt>
      <trkpt lat="42.218102999031543731689453125" lon="1.692374311387538909912109375">
        <ele>1327</ele>
        <time>2026-09-03T09:11:33.000Z</time>
      </trkpt>
      <trkpt lat="42.21812102012336254119873046875" lon="1.6923644207417964935302734375">
        <ele>1327.4000244140625</ele>
        <time>2026-09-03T09:11:36.000Z</time>
      </trkpt>
      <trkpt lat="42.2181638516485691070556640625" lon="1.692348159849643707275390625">
        <ele>1327.5999755859375</ele>
        <time>2026-09-03T09:11:40.000Z</time>
      </trkpt>
      <trkpt lat="42.21817164681851863861083984375" lon="1.69234153814613819122314453125">
        <ele>1327.800048828125</ele>
        <time>2026-09-03T09:11:41.000Z</time>
      </trkpt>
      <trkpt lat="42.2182302363216876983642578125" lon="1.69233064167201519012451171875">
        <ele>1328.800048828125</ele>
        <time>2026-09-03T09:11:47.000Z</time>
      </trkpt>
      <trkpt lat="42.2182480059564113616943359375" lon="1.69233399443328380584716796875">
        <ele>1328.800048828125</ele>
        <time>2026-09-03T09:11:48.000Z</time>
      </trkpt>
      <trkpt lat="42.21825680695474147796630859375" lon="1.6923345811665058135986328125">
        <ele>1329</ele>
        <time>2026-09-03T09:11:49.000Z</time>
      </trkpt>
      <trkpt lat="42.2182892449200153350830078125" lon="1.692330725491046905517578125">
        <ele>1330</ele>
        <time>2026-09-03T09:11:54.000Z</time>
      </trkpt>
      <trkpt lat="42.21832419745624065399169921875" lon="1.69232728891074657440185546875">
        <ele>1330.5999755859375</ele>
        <time>2026-09-03T09:11:58.000Z</time>
      </trkpt>
      <trkpt lat="42.2183727286756038665771484375" lon="1.69235461391508579254150390625">
        <ele>1330.800048828125</ele>
        <time>2026-09-03T09:12:04.000Z</time>
      </trkpt>
      <trkpt lat="42.2183847986161708831787109375" lon="1.6923751495778560638427734375">
        <ele>1331.199951171875</ele>
        <time>2026-09-03T09:12:06.000Z</time>
      </trkpt>
      <trkpt lat="42.2183894924819469451904296875" lon="1.6923905722796916961669921875">
        <ele>1332</ele>
        <time>2026-09-03T09:12:12.000Z</time>
      </trkpt>
      <trkpt lat="42.2183894924819469451904296875" lon="1.6923905722796916961669921875">
        <ele>1332</ele>
        <time>2026-09-03T09:12:13.000Z</time>
      </trkpt>
      <trkpt lat="42.21838924102485179901123046875" lon="1.692390404641628265380859375">
        <ele>1332.199951171875</ele>
        <time>2026-09-03T09:12:17.000Z</time>
      </trkpt>
      <trkpt lat="42.2184075973927974700927734375" lon="1.69239451177418231964111328125">
        <ele>1332.199951171875</ele>
        <time>2026-09-03T09:12:20.000Z</time>
      </trkpt>
      <trkpt lat="42.21841556020081043243408203125" lon="1.6923996247351169586181640625">
        <ele>1332.4000244140625</ele>
        <time>2026-09-03T09:12:21.000Z</time>
      </trkpt>
      <trkpt lat="42.21844590269029140472412109375" lon="1.69244178570806980133056640625">
        <ele>1333</ele>
        <time>2026-09-03T09:12:27.000Z</time>
      </trkpt>
      <trkpt lat="42.21846115775406360626220703125" lon="1.692478917539119720458984375">
        <ele>1333.199951171875</ele>
        <time>2026-09-03T09:12:29.000Z</time>
      </trkpt>
      <trkpt lat="42.2184672765433788299560546875" lon="1.69248486869037151336669921875">
        <ele>1333.4000244140625</ele>
        <time>2026-09-03T09:12:30.000Z</time>
      </trkpt>
      <trkpt lat="42.21849267370998859405517578125" lon="1.69252912513911724090576171875">
        <ele>1334.199951171875</ele>
        <time>2026-09-03T09:12:36.000Z</time>
      </trkpt>
      <trkpt lat="42.21854187548160552978515625" lon="1.69257690198719501495361328125">
        <ele>1335.199951171875</ele>
        <time>2026-09-03T09:12:42.000Z</time>
      </trkpt>
      <trkpt lat="42.2185665182769298553466796875" lon="1.6925940848886966705322265625">
        <ele>1335.4000244140625</ele>
        <time>2026-09-03T09:12:45.000Z</time>
      </trkpt>
      <trkpt lat="42.21862292848527431488037109375" lon="1.69258813373744487762451171875">
        <ele>1336.4000244140625</ele>
        <time>2026-09-03T09:12:51.000Z</time>
      </trkpt>
      <trkpt lat="42.2186417877674102783203125" lon="1.69257975183427333831787109375">
        <ele>1337</ele>
        <time>2026-09-03T09:12:53.000Z</time>
      </trkpt>
      <trkpt lat="42.21867456100881099700927734375" lon="1.69255695305764675140380859375">
        <ele>1337.800048828125</ele>
        <time>2026-09-03T09:12:56.000Z</time>
      </trkpt>
      <trkpt lat="42.21870691515505313873291015625" lon="1.69254639185965061187744140625">
        <ele>1338.800048828125</ele>
        <time>2026-09-03T09:12:59.000Z</time>
      </trkpt>
      <trkpt lat="42.2187168896198272705078125" lon="1.692544631659984588623046875">
        <ele>1339</ele>
        <time>2026-09-03T09:13:00.000Z</time>
      </trkpt>
      <trkpt lat="42.21877044998109340667724609375" lon="1.692528538405895233154296875">
        <ele>1339.199951171875</ele>
        <time>2026-09-03T09:13:05.000Z</time>
      </trkpt>
      <trkpt lat="42.21883465535938739776611328125" lon="1.69252627529203891754150390625">
        <ele>1339</ele>
        <time>2026-09-03T09:13:11.000Z</time>
      </trkpt>
      <trkpt lat="42.21884437836706638336181640625" lon="1.69252543710172176361083984375">
        <ele>1339.199951171875</ele>
        <time>2026-09-03T09:13:12.000Z</time>
      </trkpt>
      <trkpt lat="42.2188910655677318572998046875" lon="1.6925099305808544158935546875">
        <ele>1340</ele>
        <time>2026-09-03T09:13:17.000Z</time>
      </trkpt>
      <trkpt lat="42.2189195640385150909423828125" lon="1.69250280596315860748291015625">
        <ele>1340.5999755859375</ele>
        <time>2026-09-03T09:13:20.000Z</time>
      </trkpt>
      <trkpt lat="42.21893942914903163909912109375" lon="1.6924965195357799530029296875">
        <ele>1341.199951171875</ele>
        <time>2026-09-03T09:13:22.000Z</time>
      </trkpt>
      <trkpt lat="42.21897714771330356597900390625" lon="1.6924958489835262298583984375">
        <ele>1341.5999755859375</ele>
        <time>2026-09-03T09:13:26.000Z</time>
      </trkpt>
      <trkpt lat="42.21903649158775806427001953125" lon="1.69248956255614757537841796875">
        <ele>1342</ele>
        <time>2026-09-03T09:13:32.000Z</time>
      </trkpt>
      <trkpt lat="42.21908108331263065338134765625" lon="1.6924878023564815521240234375">
        <ele>1342.199951171875</ele>
        <time>2026-09-03T09:13:36.000Z</time>
      </trkpt>
      <trkpt lat="42.21909197978675365447998046875" lon="1.69249023310840129852294921875">
        <ele>1342.199951171875</ele>
        <time>2026-09-03T09:13:37.000Z</time>
      </trkpt>
      <trkpt lat="42.21910220570862293243408203125" lon="1.69249224476516246795654296875">
        <ele>1342.4000244140625</ele>
        <time>2026-09-03T09:13:38.000Z</time>
      </trkpt>
      <trkpt lat="42.2191572748124599456787109375" lon="1.69249207712709903717041015625">
        <ele>1342.800048828125</ele>
        <time>2026-09-03T09:13:44.000Z</time>
      </trkpt>
      <trkpt lat="42.21918485127389430999755859375" lon="1.69248201884329319000244140625">
        <ele>1343.4000244140625</ele>
        <time>2026-09-03T09:13:47.000Z</time>
      </trkpt>
      <trkpt lat="42.2192420996725559234619140625" lon="1.69245318509638309478759765625">
        <ele>1344.199951171875</ele>
        <time>2026-09-03T09:13:53.000Z</time>
      </trkpt>
      <trkpt lat="42.21925039775669574737548828125" lon="1.69245117343962192535400390625">
        <ele>1344.4000244140625</ele>
        <time>2026-09-03T09:13:54.000Z</time>
      </trkpt>
      <trkpt lat="42.21929666586220264434814453125" lon="1.69241848401725292205810546875">
        <ele>1344.5999755859375</ele>
        <time>2026-09-03T09:13:59.000Z</time>
      </trkpt>
      <trkpt lat="42.21934511326253414154052734375" lon="1.69236048124730587005615234375">
        <ele>1344.5999755859375</ele>
        <time>2026-09-03T09:14:05.000Z</time>
      </trkpt>
      <trkpt lat="42.21935869194567203521728515625" lon="1.69235729612410068511962890625">
        <ele>1344.5999755859375</ele>
        <time>2026-09-03T09:14:06.000Z</time>
      </trkpt>
      <trkpt lat="42.21939750015735626220703125" lon="1.69229694642126560211181640625">
        <ele>1345.199951171875</ele>
        <time>2026-09-03T09:14:12.000Z</time>
      </trkpt>
      <trkpt lat="42.2194063849747180938720703125" lon="1.692269705235958099365234375">
        <ele>1345.4000244140625</ele>
        <time>2026-09-03T09:14:14.000Z</time>
      </trkpt>
      <trkpt lat="42.21942138858139514923095703125" lon="1.69219803996384143829345703125">
        <ele>1345.199951171875</ele>
        <time>2026-09-03T09:14:19.000Z</time>
      </trkpt>
      <trkpt lat="42.21945491619408130645751953125" lon="1.69213123619556427001953125">
        <ele>1345.199951171875</ele>
        <time>2026-09-03T09:14:25.000Z</time>
      </trkpt>
      <trkpt lat="42.21946547739207744598388671875" lon="1.6921002231538295745849609375">
        <ele>1345.5999755859375</ele>
        <time>2026-09-03T09:14:28.000Z</time>
      </trkpt>
      <trkpt lat="42.21947117708623409271240234375" lon="1.69208773411810398101806640625">
        <ele>1345.5999755859375</ele>
        <time>2026-09-03T09:14:29.000Z</time>
      </trkpt>
      <trkpt lat="42.21947587095201015472412109375" lon="1.69207616709172725677490234375">
        <ele>1345.5999755859375</ele>
        <time>2026-09-03T09:14:30.000Z</time>
      </trkpt>
      <trkpt lat="42.219506800174713134765625" lon="1.692001484334468841552734375">
        <ele>1345.800048828125</ele>
        <time>2026-09-03T09:14:36.000Z</time>
      </trkpt>
      <trkpt lat="42.21951710991561412811279296875" lon="1.69196334667503833770751953125">
        <ele>1346</ele>
        <time>2026-09-03T09:14:39.000Z</time>
      </trkpt>
      <trkpt lat="42.21952700056135654449462890625" lon="1.69187667779624462127685546875">
        <ele>1346</ele>
        <time>2026-09-03T09:14:45.000Z</time>
      </trkpt>
      <trkpt lat="42.2195284254848957061767578125" lon="1.69186159037053585052490234375">
        <ele>1346.199951171875</ele>
        <time>2026-09-03T09:14:46.000Z</time>
      </trkpt>
      <trkpt lat="42.21953722648322582244873046875" lon="1.691836528480052947998046875">
        <ele>1346.5999755859375</ele>
        <time>2026-09-03T09:14:48.000Z</time>
      </trkpt>
      <trkpt lat="42.2195472009479999542236328125" lon="1.69181565754115581512451171875">
        <ele>1346.800048828125</ele>
        <time>2026-09-03T09:14:50.000Z</time>
      </trkpt>
      <trkpt lat="42.2195629589259624481201171875" lon="1.69177743606269359588623046875">
        <ele>1347.5999755859375</ele>
        <time>2026-09-03T09:14:53.000Z</time>
      </trkpt>
      <trkpt lat="42.2195673175156116485595703125" lon="1.6917709819972515106201171875">
        <ele>1347.800048828125</ele>
        <time>2026-09-03T09:14:54.000Z</time>
      </trkpt>
      <trkpt lat="42.2195939719676971435546875" lon="1.69170870445668697357177734375">
        <ele>1348.800048828125</ele>
        <time>2026-09-03T09:14:59.000Z</time>
      </trkpt>
      <trkpt lat="42.21958458423614501953125" lon="1.69162186793982982635498046875">
        <ele>1348.199951171875</ele>
        <time>2026-09-03T09:15:05.000Z</time>
      </trkpt>
      <trkpt lat="42.219584919512271881103515625" lon="1.6916087083518505096435546875">
        <ele>1348.4000244140625</ele>
        <time>2026-09-03T09:15:06.000Z</time>
      </trkpt>
      <trkpt lat="42.21958793699741363525390625" lon="1.691581048071384429931640625">
        <ele>1349</ele>
        <time>2026-09-03T09:15:08.000Z</time>
      </trkpt>
      <trkpt lat="42.21958366222679615020751953125" lon="1.691513992846012115478515625">
        <ele>1349.4000244140625</ele>
        <time>2026-09-03T09:15:13.000Z</time>
      </trkpt>
      <trkpt lat="42.21958617679774761199951171875" lon="1.69145020656287670135498046875">
        <ele>1349.800048828125</ele>
        <time>2026-09-03T09:15:19.000Z</time>
      </trkpt>
      <trkpt lat="42.21958450041711330413818359375" lon="1.69143117964267730712890625">
        <ele>1350</ele>
        <time>2026-09-03T09:15:21.000Z</time>
      </trkpt>
      <trkpt lat="42.21958382986485958099365234375" lon="1.69136001728475093841552734375">
        <ele>1350.5999755859375</ele>
        <time>2026-09-03T09:15:26.000Z</time>
      </trkpt>
      <trkpt lat="42.21959304995834827423095703125" lon="1.6912999190390110015869140625">
        <ele>1351</ele>
        <time>2026-09-03T09:15:30.000Z</time>
      </trkpt>
      <trkpt lat="42.21958483569324016571044921875" lon="1.69125817716121673583984375">
        <ele>1351.199951171875</ele>
        <time>2026-09-03T09:15:33.000Z</time>
      </trkpt>
      <trkpt lat="42.21956572495400905609130859375" lon="1.69117729179561138153076171875">
        <ele>1351.199951171875</ele>
        <time>2026-09-03T09:15:39.000Z</time>
      </trkpt>
      <trkpt lat="42.21956622786819934844970703125" lon="1.69115893542766571044921875">
        <ele>1351.199951171875</ele>
        <time>2026-09-03T09:15:40.000Z</time>
      </trkpt>
      <trkpt lat="42.21954661421477794647216796875" lon="1.6910699196159839630126953125">
        <ele>1351.199951171875</ele>
        <time>2026-09-03T09:15:46.000Z</time>
      </trkpt>
      <trkpt lat="42.21952599473297595977783203125" lon="1.6909810714423656463623046875">
        <ele>1351.199951171875</ele>
        <time>2026-09-03T09:15:52.000Z</time>
      </trkpt>
      <trkpt lat="42.2195073030889034271240234375" lon="1.69088979251682758331298828125">
        <ele>1351.199951171875</ele>
        <time>2026-09-03T09:15:58.000Z</time>
      </trkpt>
      <trkpt lat="42.21948509104549884796142578125" lon="1.69082609005272388458251953125">
        <ele>1352</ele>
        <time>2026-09-03T09:16:04.000Z</time>
      </trkpt>
      <trkpt lat="42.21948173828423023223876953125" lon="1.6908177919685840606689453125">
        <ele>1352</ele>
        <time>2026-09-03T09:16:05.000Z</time>
      </trkpt>
      <trkpt lat="42.2194774635136127471923828125" lon="1.69079306535422801971435546875">
        <ele>1352.199951171875</ele>
        <time>2026-09-03T09:16:07.000Z</time>
      </trkpt>
      <trkpt lat="42.21945189870893955230712890625" lon="1.6907027922570705413818359375">
        <ele>1352.199951171875</ele>
        <time>2026-09-03T09:16:13.000Z</time>
      </trkpt>
      <trkpt lat="42.2194311954081058502197265625" lon="1.6906236670911312103271484375">
        <ele>1351.800048828125</ele>
        <time>2026-09-03T09:16:19.000Z</time>
      </trkpt>
      <trkpt lat="42.21940747462213039398193359375" lon="1.69054814614355564117431640625">
        <ele>1353.199951171875</ele>
        <time>2026-09-03T09:16:25.000Z</time>
      </trkpt>
      <trkpt lat="42.21938367001712322235107421875" lon="1.69046952389180660247802734375">
        <ele>1353.5999755859375</ele>
        <time>2026-09-03T09:16:31.000Z</time>
      </trkpt>
      <trkpt lat="42.2193748690187931060791015625" lon="1.69044756330549716949462890625">
        <ele>1353.5999755859375</ele>
        <time>2026-09-03T09:16:33.000Z</time>
      </trkpt>
      <trkpt lat="42.2193527407944202423095703125" lon="1.69036910869181156158447265625">
        <ele>1354</ele>
        <time>2026-09-03T09:16:39.000Z</time>
      </trkpt>
      <trkpt lat="42.21934444271028041839599609375" lon="1.6903480701148509979248046875">
        <ele>1354.4000244140625</ele>
        <time>2026-09-03T09:16:41.000Z</time>
      </trkpt>
      <trkpt lat="42.2193069756031036376953125" lon="1.69030305929481983184814453125">
        <ele>1354.5999755859375</ele>
        <time>2026-09-03T09:16:45.000Z</time>
      </trkpt>
      <trkpt lat="42.21929431892931461334228515625" lon="1.690294928848743438720703125">
        <ele>1354.5999755859375</ele>
        <time>2026-09-03T09:16:51.000Z</time>
      </trkpt>
      <trkpt lat="42.21929431892931461334228515625" lon="1.690294928848743438720703125">
        <ele>1354.5999755859375</ele>
        <time>2026-09-03T09:16:52.000Z</time>
      </trkpt>
      <trkpt lat="42.21929431892931461334228515625" lon="1.690294928848743438720703125">
        <ele>1354.199951171875</ele>
        <time>2026-09-03T09:16:56.000Z</time>
      </trkpt>
      <trkpt lat="42.21929431892931461334228515625" lon="1.690294928848743438720703125">
        <ele>1354</ele>
        <time>2026-09-03T09:16:58.000Z</time>
      </trkpt>
      <trkpt lat="42.21929431892931461334228515625" lon="1.690294928848743438720703125">
        <ele>1354</ele>
        <time>2026-09-03T09:17:04.000Z</time>
      </trkpt>
      <trkpt lat="42.21929431892931461334228515625" lon="1.690294928848743438720703125">
        <ele>1353.4000244140625</ele>
        <time>2026-09-03T09:17:10.000Z</time>
      </trkpt>
      <trkpt lat="42.21929431892931461334228515625" lon="1.690294928848743438720703125">
        <ele>1353.4000244140625</ele>
        <time>2026-09-03T09:17:12.000Z</time>
      </trkpt>
      <trkpt lat="42.21929431892931461334228515625" lon="1.690294928848743438720703125">
        <ele>1353.5999755859375</ele>
        <time>2026-09-03T09:17:15.000Z</time>
      </trkpt>
      <trkpt lat="42.21929431892931461334228515625" lon="1.690294928848743438720703125">
        <ele>1353.5999755859375</ele>
        <time>2026-09-03T09:17:17.000Z</time>
      </trkpt>
      <trkpt lat="42.21929431892931461334228515625" lon="1.690294928848743438720703125">
        <ele>1353.199951171875</ele>
        <time>2026-09-03T09:17:22.000Z</time>
      </trkpt>
      <trkpt lat="42.21929431892931461334228515625" lon="1.690294928848743438720703125">
        <ele>1353</ele>
        <time>2026-09-03T09:17:27.000Z</time>
      </trkpt>
      <trkpt lat="42.21929431892931461334228515625" lon="1.690294928848743438720703125">
        <ele>1352.800048828125</ele>
        <time>2026-09-03T09:17:31.000Z</time>
      </trkpt>
      <trkpt lat="42.21929431892931461334228515625" lon="1.690294928848743438720703125">
        <ele>1352.800048828125</ele>
        <time>2026-09-03T09:17:37.000Z</time>
      </trkpt>
      <trkpt lat="42.21929431892931461334228515625" lon="1.690294928848743438720703125">
        <ele>1352.4000244140625</ele>
        <time>2026-09-03T09:17:41.000Z</time>
      </trkpt>
      <trkpt lat="42.21929431892931461334228515625" lon="1.690294928848743438720703125">
        <ele>1352.4000244140625</ele>
        <time>2026-09-03T09:17:47.000Z</time>
      </trkpt>
      <trkpt lat="42.21929431892931461334228515625" lon="1.690294928848743438720703125">
        <ele>1352.199951171875</ele>
        <time>2026-09-03T09:17:49.000Z</time>
      </trkpt>
      <trkpt lat="42.21929431892931461334228515625" lon="1.690294928848743438720703125">
        <ele>1352.199951171875</ele>
        <time>2026-09-03T09:17:55.000Z</time>
      </trkpt>
      <trkpt lat="42.21929431892931461334228515625" lon="1.690294928848743438720703125">
        <ele>1352.199951171875</ele>
        <time>2026-09-03T09:17:57.000Z</time>
      </trkpt>
      <trkpt lat="42.21929431892931461334228515625" lon="1.690294928848743438720703125">
        <ele>1352</ele>
        <time>2026-09-03T09:18:03.000Z</time>
      </trkpt>
      <trkpt lat="42.21929431892931461334228515625" lon="1.69029501266777515411376953125">
        <ele>1351.800048828125</ele>
        <time>2026-09-03T09:18:08.000Z</time>
      </trkpt>
      <trkpt lat="42.21929431892931461334228515625" lon="1.69029501266777515411376953125">
        <ele>1351.800048828125</ele>
        <time>2026-09-03T09:18:14.000Z</time>
      </trkpt>
      <trkpt lat="42.21929431892931461334228515625" lon="1.69029501266777515411376953125">
        <ele>1351.5999755859375</ele>
        <time>2026-09-03T09:18:20.000Z</time>
      </trkpt>
      <trkpt lat="42.21929431892931461334228515625" lon="1.690294928848743438720703125">
        <ele>1351.5999755859375</ele>
        <time>2026-09-03T09:18:22.000Z</time>
      </trkpt>
      <trkpt lat="42.21929431892931461334228515625" lon="1.690294928848743438720703125">
        <ele>1351.800048828125</ele>
        <time>2026-09-03T09:18:28.000Z</time>
      </trkpt>
      <trkpt lat="42.21929431892931461334228515625" lon="1.690294928848743438720703125">
        <ele>1351.5999755859375</ele>
        <time>2026-09-03T09:18:31.000Z</time>
      </trkpt>
      <trkpt lat="42.21929431892931461334228515625" lon="1.690294928848743438720703125">
        <ele>1351.5999755859375</ele>
        <time>2026-09-03T09:18:32.000Z</time>
      </trkpt>
      <trkpt lat="42.219323404133319854736328125" lon="1.69026131741702556610107421875">
        <ele>1352</ele>
        <time>2026-09-03T09:18:35.000Z</time>
      </trkpt>
      <trkpt lat="42.21933052875101566314697265625" lon="1.69024891220033168792724609375">
        <ele>1352</ele>
        <time>2026-09-03T09:18:36.000Z</time>
      </trkpt>
      <trkpt lat="42.21934410743415355682373046875" lon="1.69017515145242214202880859375">
        <ele>1353</ele>
        <time>2026-09-03T09:18:42.000Z</time>
      </trkpt>
      <trkpt lat="42.219347544014453887939453125" lon="1.69014371931552886962890625">
        <ele>1353.199951171875</ele>
        <time>2026-09-03T09:18:44.000Z</time>
      </trkpt>
      <trkpt lat="42.21934276632964611053466796875" lon="1.690085716545581817626953125">
        <ele>1353.199951171875</ele>
        <time>2026-09-03T09:18:48.000Z</time>
      </trkpt>
      <trkpt lat="42.21933924593031406402587890625" lon="1.69003911316394805908203125">
        <ele>1354</ele>
        <time>2026-09-03T09:18:51.000Z</time>
      </trkpt>
      <trkpt lat="42.219336144626140594482421875" lon="1.69002561829984188079833984375">
        <ele>1354.199951171875</ele>
        <time>2026-09-03T09:18:52.000Z</time>
      </trkpt>
      <trkpt lat="42.21933656372129917144775390625" lon="1.6899782605469226837158203125">
        <ele>1354.4000244140625</ele>
        <time>2026-09-03T09:18:55.000Z</time>
      </trkpt>
      <trkpt lat="42.21934653818607330322265625" lon="1.6898681223392486572265625">
        <ele>1354.4000244140625</ele>
        <time>2026-09-03T09:19:01.000Z</time>
      </trkpt>
      <trkpt lat="42.21935047768056392669677734375" lon="1.689851693809032440185546875">
        <ele>1354.199951171875</ele>
        <time>2026-09-03T09:19:02.000Z</time>
      </trkpt>
      <trkpt lat="42.21938350237905979156494140625" lon="1.68976929970085620880126953125">
        <ele>1354.199951171875</ele>
        <time>2026-09-03T09:19:08.000Z</time>
      </trkpt>
      <trkpt lat="42.219389788806438446044921875" lon="1.68974407017230987548828125">
        <ele>1354.4000244140625</ele>
        <time>2026-09-03T09:19:10.000Z</time>
      </trkpt>
      <trkpt lat="42.21942239440977573394775390625" lon="1.689672656357288360595703125">
        <ele>1354.4000244140625</ele>
        <time>2026-09-03T09:19:16.000Z</time>
      </trkpt>
      <trkpt lat="42.21944720484316349029541015625" lon="1.68964306823909282684326171875">
        <ele>1354.5999755859375</ele>
        <time>2026-09-03T09:19:19.000Z</time>
      </trkpt>
      <trkpt lat="42.2194895334541797637939453125" lon="1.68960149399936199188232421875">
        <ele>1355.4000244140625</ele>
        <time>2026-09-03T09:19:24.000Z</time>
      </trkpt>
      <trkpt lat="42.21950185485184192657470703125" lon="1.6895876638591289520263671875">
        <ele>1356</ele>
        <time>2026-09-03T09:19:26.000Z</time>
      </trkpt>
      <trkpt lat="42.2195176966488361358642578125" lon="1.68958037160336971282958984375">
        <ele>1356.5999755859375</ele>
        <time>2026-09-03T09:19:28.000Z</time>
      </trkpt>
      <trkpt lat="42.2195659764111042022705078125" lon="1.689532510936260223388671875">
        <ele>1356.4000244140625</ele>
        <time>2026-09-03T09:19:34.000Z</time>
      </trkpt>
      <trkpt lat="42.2196206264197826385498046875" lon="1.6894847340881824493408203125">
        <ele>1357.4000244140625</ele>
        <time>2026-09-03T09:19:40.000Z</time>
      </trkpt>
      <trkpt lat="42.2196290083229541778564453125" lon="1.68947341851890087127685546875">
        <ele>1357.4000244140625</ele>
        <time>2026-09-03T09:19:41.000Z</time>
      </trkpt>
      <trkpt lat="42.2196836583316326141357421875" lon="1.6894183494150638580322265625">
        <ele>1357.199951171875</ele>
        <time>2026-09-03T09:19:47.000Z</time>
      </trkpt>
      <trkpt lat="42.219718359410762786865234375" lon="1.68938540853559970855712890625">
        <ele>1357.800048828125</ele>
        <time>2026-09-03T09:19:51.000Z</time>
      </trkpt>
      <trkpt lat="42.219727076590061187744140625" lon="1.68937484733760356903076171875">
        <ele>1357.800048828125</ele>
        <time>2026-09-03T09:19:52.000Z</time>
      </trkpt>
      <trkpt lat="42.21975951455533504486083984375" lon="1.689338386058807373046875">
        <ele>1358.800048828125</ele>
        <time>2026-09-03T09:19:56.000Z</time>
      </trkpt>
      <trkpt lat="42.21979002468287944793701171875" lon="1.689313240349292755126953125">
        <ele>1359</ele>
        <time>2026-09-03T09:19:59.000Z</time>
      </trkpt>
      <trkpt lat="42.21985640935599803924560546875" lon="1.6892460174858570098876953125">
        <ele>1358.800048828125</ele>
        <time>2026-09-03T09:20:05.000Z</time>
      </trkpt>
      <trkpt lat="42.21988038159906864166259765625" lon="1.68923034332692623138427734375">
        <ele>1358.5999755859375</ele>
        <time>2026-09-03T09:20:07.000Z</time>
      </trkpt>
      <trkpt lat="42.21993637271225452423095703125" lon="1.68917451985180377960205078125">
        <ele>1359</ele>
        <time>2026-09-03T09:20:13.000Z</time>
      </trkpt>
      <trkpt lat="42.21996151842176914215087890625" lon="1.6891439259052276611328125">
        <ele>1359</ele>
        <time>2026-09-03T09:20:16.000Z</time>
      </trkpt>
      <trkpt lat="42.22001633606851100921630859375" lon="1.68907896615564823150634765625">
        <ele>1359.199951171875</ele>
        <time>2026-09-03T09:20:22.000Z</time>
      </trkpt>
      <trkpt lat="42.22003863193094730377197265625" lon="1.68904158286750316619873046875">
        <ele>1359.800048828125</ele>
        <time>2026-09-03T09:20:25.000Z</time>
      </trkpt>
      <trkpt lat="42.22007668577134609222412109375" lon="1.6889945603907108306884765625">
        <ele>1360.5999755859375</ele>
        <time>2026-09-03T09:20:30.000Z</time>
      </trkpt>
      <trkpt lat="42.22009747289121150970458984375" lon="1.6889454424381256103515625">
        <ele>1360.5999755859375</ele>
        <time>2026-09-03T09:20:34.000Z</time>
      </trkpt>
      <trkpt lat="42.2201449982821941375732421875" lon="1.68888014741241931915283203125">
        <ele>1359.800048828125</ele>
        <time>2026-09-03T09:20:40.000Z</time>
      </trkpt>
      <trkpt lat="42.22015094943344593048095703125" lon="1.6888664849102497100830078125">
        <ele>1359.800048828125</ele>
        <time>2026-09-03T09:20:41.000Z</time>
      </trkpt>
      <trkpt lat="42.2201942838728427886962890625" lon="1.68879264034330844879150390625">
        <ele>1360.5999755859375</ele>
        <time>2026-09-03T09:20:47.000Z</time>
      </trkpt>
      <trkpt lat="42.2202028334140777587890625" lon="1.68878593482077121734619140625">
        <ele>1360.800048828125</ele>
        <time>2026-09-03T09:20:49.000Z</time>
      </trkpt>
      <trkpt lat="42.22021247260272502899169921875" lon="1.688762716948986053466796875">
        <ele>1361</ele>
        <time>2026-09-03T09:20:51.000Z</time>
      </trkpt>
      <trkpt lat="42.2202482633292675018310546875" lon="1.688682921230792999267578125">
        <ele>1361.199951171875</ele>
        <time>2026-09-03T09:20:57.000Z</time>
      </trkpt>
      <trkpt lat="42.22026159055531024932861328125" lon="1.688643358647823333740234375">
        <ele>1361.800048828125</ele>
        <time>2026-09-03T09:21:01.000Z</time>
      </trkpt>
      <trkpt lat="42.22026343457400798797607421875" lon="1.68862986378371715545654296875">
        <ele>1362</ele>
        <time>2026-09-03T09:21:02.000Z</time>
      </trkpt>
      <trkpt lat="42.2202864848077297210693359375" lon="1.68854646384716033935546875">
        <ele>1362</ele>
        <time>2026-09-03T09:21:08.000Z</time>
      </trkpt>
      <trkpt lat="42.2202982194721698760986328125" lon="1.6885332204401493072509765625">
        <ele>1362</ele>
        <time>2026-09-03T09:21:09.000Z</time>
      </trkpt>
      <trkpt lat="42.22030132077634334564208984375" lon="1.6885224916040897369384765625">
        <ele>1362</ele>
        <time>2026-09-03T09:21:10.000Z</time>
      </trkpt>
      <trkpt lat="42.2203106246888637542724609375" lon="1.68846574611961841583251953125">
        <ele>1362.800048828125</ele>
        <time>2026-09-03T09:21:16.000Z</time>
      </trkpt>
      <trkpt lat="42.22032562829554080963134765625" lon="1.68842501007020473480224609375">
        <ele>1363</ele>
        <time>2026-09-03T09:21:19.000Z</time>
      </trkpt>
      <trkpt lat="42.220372147858142852783203125" lon="1.68834395706653594970703125">
        <ele>1364</ele>
        <time>2026-09-03T09:21:25.000Z</time>
      </trkpt>
      <trkpt lat="42.22038396634161472320556640625" lon="1.68831772170960903167724609375">
        <ele>1364.199951171875</ele>
        <time>2026-09-03T09:21:26.000Z</time>
      </trkpt>
      <trkpt lat="42.22041212953627109527587890625" lon="1.68825267814099788665771484375">
        <ele>1364.199951171875</ele>
        <time>2026-09-03T09:21:32.000Z</time>
      </trkpt>
      <trkpt lat="42.22040290944278240203857421875" lon="1.68822870589792728424072265625">
        <ele>1364.199951171875</ele>
        <time>2026-09-03T09:21:33.000Z</time>
      </trkpt>
      <trkpt lat="42.22039469517767429351806640625" lon="1.68821395374834537506103515625">
        <ele>1364.199951171875</ele>
        <time>2026-09-03T09:21:34.000Z</time>
      </trkpt>
      <trkpt lat="42.22035580314695835113525390625" lon="1.6881188191473484039306640625">
        <ele>1365.199951171875</ele>
        <time>2026-09-03T09:21:40.000Z</time>
      </trkpt>
      <trkpt lat="42.22035446204245090484619140625" lon="1.6881000436842441558837890625">
        <ele>1366</ele>
        <time>2026-09-03T09:21:42.000Z</time>
      </trkpt>
      <trkpt lat="42.22036535851657390594482421875" lon="1.687998957931995391845703125">
        <ele>1366.199951171875</ele>
        <time>2026-09-03T09:21:47.000Z</time>
      </trkpt>
      <trkpt lat="42.220365442335605621337890625" lon="1.68798261322081089019775390625">
        <ele>1366.4000244140625</ele>
        <time>2026-09-03T09:21:48.000Z</time>
      </trkpt>
      <trkpt lat="42.2203624248504638671875" lon="1.6879062540829181671142578125">
        <ele>1366.800048828125</ele>
        <time>2026-09-03T09:21:53.000Z</time>
      </trkpt>
      <trkpt lat="42.2203706391155719757080078125" lon="1.6878184117376804351806640625">
        <ele>1367.4000244140625</ele>
        <time>2026-09-03T09:21:59.000Z</time>
      </trkpt>
      <trkpt lat="42.220370471477508544921875" lon="1.68780541978776454925537109375">
        <ele>1367.4000244140625</ele>
        <time>2026-09-03T09:22:00.000Z</time>
      </trkpt>
      <trkpt lat="42.22037005238234996795654296875" lon="1.687737442553043365478515625">
        <ele>1367.4000244140625</ele>
        <time>2026-09-03T09:22:05.000Z</time>
      </trkpt>
      <trkpt lat="42.22036980092525482177734375" lon="1.68765488080680370330810546875">
        <ele>1367</ele>
        <time>2026-09-03T09:22:11.000Z</time>
      </trkpt>
      <trkpt lat="42.2203746624290943145751953125" lon="1.68763987720012664794921875">
        <ele>1367.4000244140625</ele>
        <time>2026-09-03T09:22:13.000Z</time>
      </trkpt>
      <trkpt lat="42.2203766740858554840087890625" lon="1.6876108758151531219482421875">
        <ele>1368</ele>
        <time>2026-09-03T09:22:15.000Z</time>
      </trkpt>
      <trkpt lat="42.2203798592090606689453125" lon="1.6875984705984592437744140625">
        <ele>1368.4000244140625</ele>
        <time>2026-09-03T09:22:16.000Z</time>
      </trkpt>
      <trkpt lat="42.220388241112232208251953125" lon="1.6875575669109821319580078125">
        <ele>1369</ele>
        <time>2026-09-03T09:22:19.000Z</time>
      </trkpt>
      <trkpt lat="42.2203914262354373931884765625" lon="1.6874824650585651397705078125">
        <ele>1368.800048828125</ele>
        <time>2026-09-03T09:22:25.000Z</time>
      </trkpt>
      <trkpt lat="42.2203934378921985626220703125" lon="1.6874729096889495849609375">
        <ele>1369</ele>
        <time>2026-09-03T09:22:26.000Z</time>
      </trkpt>
      <trkpt lat="42.22039796411991119384765625" lon="1.6874180920422077178955078125">
        <ele>1369.5999755859375</ele>
        <time>2026-09-03T09:22:30.000Z</time>
      </trkpt>
      <trkpt lat="42.2204001434147357940673828125" lon="1.6873882524669170379638671875">
        <ele>1369.5999755859375</ele>
        <time>2026-09-03T09:22:32.000Z</time>
      </trkpt>
      <trkpt lat="42.22040592692792415618896484375" lon="1.687306948006153106689453125">
        <ele>1370</ele>
        <time>2026-09-03T09:22:38.000Z</time>
      </trkpt>
      <trkpt lat="42.2204071842133998870849609375" lon="1.68724936433136463165283203125">
        <ele>1370.5999755859375</ele>
        <time>2026-09-03T09:22:42.000Z</time>
      </trkpt>
      <trkpt lat="42.2204081900417804718017578125" lon="1.68723276816308498382568359375">
        <ele>1370.5999755859375</ele>
        <time>2026-09-03T09:22:43.000Z</time>
      </trkpt>
      <trkpt lat="42.22042470239102840423583984375" lon="1.68716286309063434600830078125">
        <ele>1370.5999755859375</ele>
        <time>2026-09-03T09:22:48.000Z</time>
      </trkpt>
      <trkpt lat="42.22045135684311389923095703125" lon="1.6870854981243610382080078125">
        <ele>1371.4000244140625</ele>
        <time>2026-09-03T09:22:54.000Z</time>
      </trkpt>
      <trkpt lat="42.22047113813459873199462890625" lon="1.68703914619982242584228515625">
        <ele>1371.5999755859375</ele>
        <time>2026-09-03T09:22:58.000Z</time>
      </trkpt>
      <trkpt lat="42.220483459532260894775390625" lon="1.6870211251080036163330078125">
        <ele>1372</ele>
        <time>2026-09-03T09:23:00.000Z</time>
      </trkpt>
      <trkpt lat="42.220514304935932159423828125" lon="1.6869557462632656097412109375">
        <ele>1372.199951171875</ele>
        <time>2026-09-03T09:23:05.000Z</time>
      </trkpt>
      <trkpt lat="42.2205436415970325469970703125" lon="1.68689128942787647247314453125">
        <ele>1372.5999755859375</ele>
        <time>2026-09-03T09:23:11.000Z</time>
      </trkpt>
      <trkpt lat="42.220554538071155548095703125" lon="1.6868736036121845245361328125">
        <ele>1372.5999755859375</ele>
        <time>2026-09-03T09:23:12.000Z</time>
      </trkpt>
      <trkpt lat="42.22056786529719829559326171875" lon="1.6868479549884796142578125">
        <ele>1372.800048828125</ele>
        <time>2026-09-03T09:23:15.000Z</time>
      </trkpt>
      <trkpt lat="42.22061061300337314605712890625" lon="1.68679154478013515472412109375">
        <ele>1373</ele>
        <time>2026-09-03T09:23:21.000Z</time>
      </trkpt>
      <trkpt lat="42.22064514644443988800048828125" lon="1.68673739768564701080322265625">
        <ele>1373</ele>
        <time>2026-09-03T09:23:27.000Z</time>
      </trkpt>
      <trkpt lat="42.220676243305206298828125" lon="1.68670420534908771514892578125">
        <ele>1373.5999755859375</ele>
        <time>2026-09-03T09:23:32.000Z</time>
      </trkpt>
      <trkpt lat="42.22067934460937976837158203125" lon="1.68670118786394596099853515625">
        <ele>1373.5999755859375</ele>
        <time>2026-09-03T09:23:33.000Z</time>
      </trkpt>
      <trkpt lat="42.22071538679301738739013671875" lon="1.68666087090969085693359375">
        <ele>1374.199951171875</ele>
        <time>2026-09-03T09:23:38.000Z</time>
      </trkpt>
      <trkpt lat="42.22076148726046085357666015625" lon="1.68660630472004413604736328125">
        <ele>1374.5999755859375</ele>
        <time>2026-09-03T09:23:44.000Z</time>
      </trkpt>
      <trkpt lat="42.22076810896396636962890625" lon="1.68660194613039493560791015625">
        <ele>1374.800048828125</ele>
        <time>2026-09-03T09:23:45.000Z</time>
      </trkpt>
      <trkpt lat="42.22077305428683757781982421875" lon="1.6865958273410797119140625">
        <ele>1374.800048828125</ele>
        <time>2026-09-03T09:23:46.000Z</time>
      </trkpt>
      <trkpt lat="42.22081714309751987457275390625" lon="1.686551906168460845947265625">
        <ele>1374.800048828125</ele>
        <time>2026-09-03T09:23:52.000Z</time>
      </trkpt>
      <trkpt lat="42.220823429524898529052734375" lon="1.68654478155076503753662109375">
        <ele>1375</ele>
        <time>2026-09-03T09:23:53.000Z</time>
      </trkpt>
      <trkpt lat="42.22086072899401187896728515625" lon="1.686483509838581085205078125">
        <ele>1375</ele>
        <time>2026-09-03T09:23:59.000Z</time>
      </trkpt>
      <trkpt lat="42.22089358605444431304931640625" lon="1.68643548153340816497802734375">
        <ele>1374.5999755859375</ele>
        <time>2026-09-03T09:24:05.000Z</time>
      </trkpt>
      <trkpt lat="42.2209154628217220306396484375" lon="1.68640606105327606201171875">
        <ele>1374.800048828125</ele>
        <time>2026-09-03T09:24:08.000Z</time>
      </trkpt>
      <trkpt lat="42.22094236873090267181396484375" lon="1.68637789785861968994140625">
        <ele>1375.199951171875</ele>
        <time>2026-09-03T09:24:14.000Z</time>
      </trkpt>
      <trkpt lat="42.22094370983541011810302734375" lon="1.68637563474476337432861328125">
        <ele>1375.199951171875</ele>
        <time>2026-09-03T09:24:16.000Z</time>
      </trkpt>
      <trkpt lat="42.220950163900852203369140625" lon="1.68636708520352840423583984375">
        <ele>1375.199951171875</ele>
        <time>2026-09-03T09:24:22.000Z</time>
      </trkpt>
      <trkpt lat="42.2209684364497661590576171875" lon="1.68634898029267787933349609375">
        <ele>1375.199951171875</ele>
        <time>2026-09-03T09:24:24.000Z</time>
      </trkpt>
      <trkpt lat="42.22101344726979732513427734375" lon="1.68628427200019359588623046875">
        <ele>1375.5999755859375</ele>
        <time>2026-09-03T09:24:30.000Z</time>
      </trkpt>
      <trkpt lat="42.22102920524775981903076171875" lon="1.68627086095511913299560546875">
        <ele>1375.800048828125</ele>
        <time>2026-09-03T09:24:32.000Z</time>
      </trkpt>
      <trkpt lat="42.22103473730385303497314453125" lon="1.68626516126096248626708984375">
        <ele>1375.800048828125</ele>
        <time>2026-09-03T09:24:33.000Z</time>
      </trkpt>
      <trkpt lat="42.22106776200234889984130859375" lon="1.68620363809168338775634765625">
        <ele>1376</ele>
        <time>2026-09-03T09:24:39.000Z</time>
      </trkpt>
      <trkpt lat="42.22108167596161365509033203125" lon="1.68618117459118366241455078125">
        <ele>1375.800048828125</ele>
        <time>2026-09-03T09:24:41.000Z</time>
      </trkpt>
      <trkpt lat="42.221126519143581390380859375" lon="1.6861237585544586181640625">
        <ele>1376</ele>
        <time>2026-09-03T09:24:47.000Z</time>
      </trkpt>
      <trkpt lat="42.22113850526511669158935546875" lon="1.68610389344394207000732421875">
        <ele>1376</ele>
        <time>2026-09-03T09:24:49.000Z</time>
      </trkpt>
      <trkpt lat="42.22115912474691867828369140625" lon="1.6860593855381011962890625">
        <ele>1376.4000244140625</ele>
        <time>2026-09-03T09:24:54.000Z</time>
      </trkpt>
      <trkpt lat="42.22116599790751934051513671875" lon="1.68604530394077301025390625">
        <ele>1376.5999755859375</ele>
        <time>2026-09-03T09:24:56.000Z</time>
      </trkpt>
      <trkpt lat="42.2211753018200397491455078125" lon="1.68600800447165966033935546875">
        <ele>1376.800048828125</ele>
        <time>2026-09-03T09:24:59.000Z</time>
      </trkpt>
      <trkpt lat="42.22120019607245922088623046875" lon="1.6859499178826808929443359375">
        <ele>1377.199951171875</ele>
        <time>2026-09-03T09:25:04.000Z</time>
      </trkpt>
      <trkpt lat="42.22121193073689937591552734375" lon="1.685915552079677581787109375">
        <ele>1377.4000244140625</ele>
        <time>2026-09-03T09:25:07.000Z</time>
      </trkpt>
      <trkpt lat="42.2212138585746288299560546875" lon="1.685830056667327880859375">
        <ele>1377.5999755859375</ele>
        <time>2026-09-03T09:25:13.000Z</time>
      </trkpt>
      <trkpt lat="42.221234142780303955078125" lon="1.685731150209903717041015625">
        <ele>1377.800048828125</ele>
        <time>2026-09-03T09:25:19.000Z</time>
      </trkpt>
      <trkpt lat="42.22123791463673114776611328125" lon="1.68571329675614833831787109375">
        <ele>1378</ele>
        <time>2026-09-03T09:25:20.000Z</time>
      </trkpt>
      <trkpt lat="42.22124193795025348663330078125" lon="1.68569661676883697509765625">
        <ele>1378</ele>
        <time>2026-09-03T09:25:21.000Z</time>
      </trkpt>
      <trkpt lat="42.221259288489818572998046875" lon="1.685619167983531951904296875">
        <ele>1378.4000244140625</ele>
        <time>2026-09-03T09:25:27.000Z</time>
      </trkpt>
      <trkpt lat="42.22127010114490985870361328125" lon="1.685580275952816009521484375">
        <ele>1378.800048828125</ele>
        <time>2026-09-03T09:25:30.000Z</time>
      </trkpt>
      <trkpt lat="42.221307568252086639404296875" lon="1.68550894595682621002197265625">
        <ele>1378.4000244140625</ele>
        <time>2026-09-03T09:25:36.000Z</time>
      </trkpt>
      <trkpt lat="42.22132558934390544891357421875" lon="1.6854677908122539520263671875">
        <ele>1379</ele>
        <time>2026-09-03T09:25:39.000Z</time>
      </trkpt>
      <trkpt lat="42.2213566862046718597412109375" lon="1.68540291488170623779296875">
        <ele>1378.5999755859375</ele>
        <time>2026-09-03T09:25:44.000Z</time>
      </trkpt>
      <trkpt lat="42.221392057836055755615234375" lon="1.68535195291042327880859375">
        <ele>1378.4000244140625</ele>
        <time>2026-09-03T09:25:49.000Z</time>
      </trkpt>
      <trkpt lat="42.22143338061869144439697265625" lon="1.6852842271327972412109375">
        <ele>1378.5999755859375</ele>
        <time>2026-09-03T09:25:55.000Z</time>
      </trkpt>
      <trkpt lat="42.2214500606060028076171875" lon="1.68526570312678813934326171875">
        <ele>1378.800048828125</ele>
        <time>2026-09-03T09:25:57.000Z</time>
      </trkpt>
      <trkpt lat="42.22145534120500087738037109375" lon="1.68528783135116100311279296875">
        <ele>1379.199951171875</ele>
        <time>2026-09-03T09:25:59.000Z</time>
      </trkpt>
      <trkpt lat="42.2214344702661037445068359375" lon="1.6853256337344646453857421875">
        <ele>1379.199951171875</ele>
        <time>2026-09-03T09:26:02.000Z</time>
      </trkpt>
      <trkpt lat="42.22142315469682216644287109375" lon="1.68531783856451511383056640625">
        <ele>1379</ele>
        <time>2026-09-03T09:26:04.000Z</time>
      </trkpt>
      <trkpt lat="42.22142600454390048980712890625" lon="1.6852773539721965789794921875">
        <ele>1378.5999755859375</ele>
        <time>2026-09-03T09:26:07.000Z</time>
      </trkpt>
      <trkpt lat="42.22142784856259822845458984375" lon="1.6852622665464878082275390625">
        <ele>1378.4000244140625</ele>
        <time>2026-09-03T09:26:08.000Z</time>
      </trkpt>
      <trkpt lat="42.22145341336727142333984375" lon="1.68518020771443843841552734375">
        <ele>1378.5999755859375</ele>
        <time>2026-09-03T09:26:14.000Z</time>
      </trkpt>
      <trkpt lat="42.22148694097995758056640625" lon="1.68509102426469326019287109375">
        <ele>1378.4000244140625</ele>
        <time>2026-09-03T09:26:20.000Z</time>
      </trkpt>
      <trkpt lat="42.22150035202503204345703125" lon="1.68506872840225696563720703125">
        <ele>1378</ele>
        <time>2026-09-03T09:26:22.000Z</time>
      </trkpt>
      <trkpt lat="42.22151133231818675994873046875" lon="1.68504073284566402435302734375">
        <ele>1377.5999755859375</ele>
        <time>2026-09-03T09:26:24.000Z</time>
      </trkpt>
      <trkpt lat="42.221542932093143463134765625" lon="1.68497979640960693359375">
        <ele>1377.5999755859375</ele>
        <time>2026-09-03T09:26:30.000Z</time>
      </trkpt>
      <trkpt lat="42.22155810333788394927978515625" lon="1.684939227998256683349609375">
        <ele>1377.800048828125</ele>
        <time>2026-09-03T09:26:33.000Z</time>
      </trkpt>
      <trkpt lat="42.2215977497398853302001953125" lon="1.68487317860126495361328125">
        <ele>1377</ele>
        <time>2026-09-03T09:26:39.000Z</time>
      </trkpt>
      <trkpt lat="42.22161392681300640106201171875" lon="1.68485297821462154388427734375">
        <ele>1377.199951171875</ele>
        <time>2026-09-03T09:26:41.000Z</time>
      </trkpt>
      <trkpt lat="42.22165055572986602783203125" lon="1.6848009265959262847900390625">
        <ele>1376.800048828125</ele>
        <time>2026-09-03T09:26:46.000Z</time>
      </trkpt>
      <trkpt lat="42.2216768749058246612548828125" lon="1.68476312421262264251708984375">
        <ele>1376.5999755859375</ele>
        <time>2026-09-03T09:26:50.000Z</time>
      </trkpt>
      <trkpt lat="42.2217130847275257110595703125" lon="1.68469841592013835906982421875">
        <ele>1376.5999755859375</ele>
        <time>2026-09-03T09:26:56.000Z</time>
      </trkpt>
      <trkpt lat="42.22173194400966167449951171875" lon="1.684658266603946685791015625">
        <ele>1377.199951171875</ele>
        <time>2026-09-03T09:26:59.000Z</time>
      </trkpt>
      <trkpt lat="42.22178357653319835662841796875" lon="1.6845836676657199859619140625">
        <ele>1377.199951171875</ele>
        <time>2026-09-03T09:27:05.000Z</time>
      </trkpt>
      <trkpt lat="42.2218005917966365814208984375" lon="1.68455877341330051422119140625">
        <ele>1377</ele>
        <time>2026-09-03T09:27:07.000Z</time>
      </trkpt>
      <trkpt lat="42.22183990292251110076904296875" lon="1.68449540622532367706298828125">
        <ele>1376.800048828125</ele>
        <time>2026-09-03T09:27:13.000Z</time>
      </trkpt>
      <trkpt lat="42.221849374473094940185546875" lon="1.68448501266539096832275390625">
        <ele>1377</ele>
        <time>2026-09-03T09:27:15.000Z</time>
      </trkpt>
      <trkpt lat="42.2218823991715908050537109375" lon="1.68442667461931705474853515625">
        <ele>1377.199951171875</ele>
        <time>2026-09-03T09:27:21.000Z</time>
      </trkpt>
      <trkpt lat="42.22189002670347690582275390625" lon="1.68441510759294033050537109375">
        <ele>1377.199951171875</ele>
        <time>2026-09-03T09:27:22.000Z</time>
      </trkpt>
      <trkpt lat="42.221933193504810333251953125" lon="1.684341765940189361572265625">
        <ele>1377.4000244140625</ele>
        <time>2026-09-03T09:27:28.000Z</time>
      </trkpt>
      <trkpt lat="42.22195423208177089691162109375" lon="1.68430664576590061187744140625">
        <ele>1377</ele>
        <time>2026-09-03T09:27:31.000Z</time>
      </trkpt>
      <trkpt lat="42.2219960577785968780517578125" lon="1.6842447035014629364013671875">
        <ele>1376.5999755859375</ele>
        <time>2026-09-03T09:27:37.000Z</time>
      </trkpt>
      <trkpt lat="42.22202070057392120361328125" lon="1.68421310372650623321533203125">
        <ele>1376.800048828125</ele>
        <time>2026-09-03T09:27:40.000Z</time>
      </trkpt>
      <trkpt lat="42.22204073332250118255615234375" lon="1.6841769777238368988037109375">
        <ele>1376.5999755859375</ele>
        <time>2026-09-03T09:27:43.000Z</time>
      </trkpt>
      <trkpt lat="42.2220669686794281005859375" lon="1.6841431148350238800048828125">
        <ele>1376.5999755859375</ele>
        <time>2026-09-03T09:27:47.000Z</time>
      </trkpt>
      <trkpt lat="42.22210460342466831207275390625" lon="1.6840800829231739044189453125">
        <ele>1376.4000244140625</ele>
        <time>2026-09-03T09:27:53.000Z</time>
      </trkpt>
      <trkpt lat="42.2221259772777557373046875" lon="1.684048734605312347412109375">
        <ele>1377.4000244140625</ele>
        <time>2026-09-03T09:27:57.000Z</time>
      </trkpt>
      <trkpt lat="42.22214701585471630096435546875" lon="1.68402266688644886016845703125">
        <ele>1377.800048828125</ele>
        <time>2026-09-03T09:28:00.000Z</time>
      </trkpt>
      <trkpt lat="42.22217358648777008056640625" lon="1.683995760977268218994140625">
        <ele>1378</ele>
        <time>2026-09-03T09:28:04.000Z</time>
      </trkpt>
      <trkpt lat="42.22218188457190990447998046875" lon="1.68399265967309474945068359375">
        <ele>1378.5999755859375</ele>
        <time>2026-09-03T09:28:06.000Z</time>
      </trkpt>
      <trkpt lat="42.2221831418573856353759765625" lon="1.68399601243436336517333984375">
        <ele>1379</ele>
        <time>2026-09-03T09:28:07.000Z</time>
      </trkpt>
      <trkpt lat="42.22218473441898822784423828125" lon="1.6839902289211750030517578125">
        <ele>1379.199951171875</ele>
        <time>2026-09-03T09:28:08.000Z</time>
      </trkpt>
      <trkpt lat="42.22218791954219341278076171875" lon="1.68397556059062480926513671875">
        <ele>1379.199951171875</ele>
        <time>2026-09-03T09:28:10.000Z</time>
      </trkpt>
      <trkpt lat="42.2221982292830944061279296875" lon="1.6839613951742649078369140625">
        <ele>1378.800048828125</ele>
        <time>2026-09-03T09:28:13.000Z</time>
      </trkpt>
      <trkpt lat="42.22219906747341156005859375" lon="1.68396181426942348480224609375">
        <ele>1378.800048828125</ele>
        <time>2026-09-03T09:28:17.000Z</time>
      </trkpt>
      <trkpt lat="42.2222166694700717926025390625" lon="1.68393683619797229766845703125">
        <ele>1379.4000244140625</ele>
        <time>2026-09-03T09:28:21.000Z</time>
      </trkpt>
      <trkpt lat="42.22224391065537929534912109375" lon="1.68389475904405117034912109375">
        <ele>1379</ele>
        <time>2026-09-03T09:28:25.000Z</time>
      </trkpt>
      <trkpt lat="42.2222652845084667205810546875" lon="1.68387011624872684478759765625">
        <ele>1379</ele>
        <time>2026-09-03T09:28:30.000Z</time>
      </trkpt>
      <trkpt lat="42.22228531725704669952392578125" lon="1.68385033495724201202392578125">
        <ele>1379.199951171875</ele>
        <time>2026-09-03T09:28:34.000Z</time>
      </trkpt>
      <trkpt lat="42.2222981415688991546630859375" lon="1.683814711868762969970703125">
        <ele>1378.800048828125</ele>
        <time>2026-09-03T09:28:39.000Z</time>
      </trkpt>
      <trkpt lat="42.22231096588075160980224609375" lon="1.68376634828746318817138671875">
        <ele>1379.199951171875</ele>
        <time>2026-09-03T09:28:44.000Z</time>
      </trkpt>
      <trkpt lat="42.22234415821731090545654296875" lon="1.68371370993554592132568359375">
        <ele>1379.4000244140625</ele>
        <time>2026-09-03T09:28:50.000Z</time>
      </trkpt>
      <trkpt lat="42.2223620116710662841796875" lon="1.68367900885641574859619140625">
        <ele>1379.5999755859375</ele>
        <time>2026-09-03T09:28:53.000Z</time>
      </trkpt>
      <trkpt lat="42.2223866544663906097412109375" lon="1.6836234368383884429931640625">
        <ele>1379.4000244140625</ele>
        <time>2026-09-03T09:28:58.000Z</time>
      </trkpt>
      <trkpt lat="42.2224017418920993804931640625" lon="1.683572642505168914794921875">
        <ele>1379.5999755859375</ele>
        <time>2026-09-03T09:29:04.000Z</time>
      </trkpt>
      <trkpt lat="42.22240970470011234283447265625" lon="1.6835617460310459136962890625">
        <ele>1380</ele>
        <time>2026-09-03T09:29:06.000Z</time>
      </trkpt>
      <trkpt lat="42.222428061068058013916015625" lon="1.68351841159164905548095703125">
        <ele>1380.5999755859375</ele>
        <time>2026-09-03T09:29:11.000Z</time>
      </trkpt>
      <trkpt lat="42.2224406339228153228759765625" lon="1.6834576427936553955078125">
        <ele>1381</ele>
        <time>2026-09-03T09:29:17.000Z</time>
      </trkpt>
      <trkpt lat="42.22244507633149623870849609375" lon="1.6834376938641071319580078125">
        <ele>1381.199951171875</ele>
        <time>2026-09-03T09:29:19.000Z</time>
      </trkpt>
      <trkpt lat="42.22245396114885807037353515625" lon="1.68339402414858341217041015625">
        <ele>1381.800048828125</ele>
        <time>2026-09-03T09:29:25.000Z</time>
      </trkpt>
      <trkpt lat="42.22245798446238040924072265625" lon="1.68336636386811733245849609375">
        <ele>1381.199951171875</ele>
        <time>2026-09-03T09:29:31.000Z</time>
      </trkpt>
      <trkpt lat="42.2224597446620464324951171875" lon="1.6833324171602725982666015625">
        <ele>1381.4000244140625</ele>
        <time>2026-09-03T09:29:35.000Z</time>
      </trkpt>
      <trkpt lat="42.22246200777590274810791015625" lon="1.68330970220267772674560546875">
        <ele>1381.5999755859375</ele>
        <time>2026-09-03T09:29:38.000Z</time>
      </trkpt>
      <trkpt lat="42.22245429642498493194580078125" lon="1.6832613386213779449462890625">
        <ele>1382.4000244140625</ele>
        <time>2026-09-03T09:29:43.000Z</time>
      </trkpt>
      <trkpt lat="42.222452871501445770263671875" lon="1.68325044214725494384765625">
        <ele>1382.5999755859375</ele>
        <time>2026-09-03T09:29:44.000Z</time>
      </trkpt>
      <trkpt lat="42.22245194949209690093994140625" lon="1.68319973163306713104248046875">
        <ele>1383.5999755859375</ele>
        <time>2026-09-03T09:29:49.000Z</time>
      </trkpt>
      <trkpt lat="42.22244876436889171600341796875" lon="1.6831832192838191986083984375">
        <ele>1383.800048828125</ele>
        <time>2026-09-03T09:29:51.000Z</time>
      </trkpt>
      <trkpt lat="42.22245077602565288543701171875" lon="1.68313083238899707794189453125">
        <ele>1383.4000244140625</ele>
        <time>2026-09-03T09:29:57.000Z</time>
      </trkpt>
      <trkpt lat="42.222446165978908538818359375" lon="1.68309395201504230499267578125">
        <ele>1383.4000244140625</ele>
        <time>2026-09-03T09:30:01.000Z</time>
      </trkpt>
      <trkpt lat="42.22244407050311565399169921875" lon="1.683074422180652618408203125">
        <ele>1383.800048828125</ele>
        <time>2026-09-03T09:30:03.000Z</time>
      </trkpt>
      <trkpt lat="42.22242898307740688323974609375" lon="1.6830397211015224456787109375">
        <ele>1384.4000244140625</ele>
        <time>2026-09-03T09:30:08.000Z</time>
      </trkpt>
      <trkpt lat="42.22242563031613826751708984375" lon="1.683040894567966461181640625">
        <ele>1384.4000244140625</ele>
        <time>2026-09-03T09:30:09.000Z</time>
      </trkpt>
      <trkpt lat="42.222425378859043121337890625" lon="1.68304860591888427734375">
        <ele>1384</ele>
        <time>2026-09-03T09:30:15.000Z</time>
      </trkpt>
      <trkpt lat="42.2224148176610469818115234375" lon="1.68298699893057346343994140625">
        <ele>1383.5999755859375</ele>
        <time>2026-09-03T09:30:19.000Z</time>
      </trkpt>
      <trkpt lat="42.22240316681563854217529296875" lon="1.68290552683174610137939453125">
        <ele>1384.4000244140625</ele>
        <time>2026-09-03T09:30:25.000Z</time>
      </trkpt>
      <trkpt lat="42.22239780239760875701904296875" lon="1.6828895173966884613037109375">
        <ele>1384.5999755859375</ele>
        <time>2026-09-03T09:30:26.000Z</time>
      </trkpt>
      <trkpt lat="42.22239880822598934173583984375" lon="1.682875938713550567626953125">
        <ele>1384.5999755859375</ele>
        <time>2026-09-03T09:30:27.000Z</time>
      </trkpt>
      <trkpt lat="42.2223883308470249176025390625" lon="1.68280561454594135284423828125">
        <ele>1383.800048828125</ele>
        <time>2026-09-03T09:30:33.000Z</time>
      </trkpt>
      <trkpt lat="42.222379110753536224365234375" lon="1.68274861760437488555908203125">
        <ele>1384.199951171875</ele>
        <time>2026-09-03T09:30:39.000Z</time>
      </trkpt>
      <trkpt lat="42.2223781049251556396484375" lon="1.68273822404444217681884765625">
        <ele>1384.4000244140625</ele>
        <time>2026-09-03T09:30:40.000Z</time>
      </trkpt>
      <trkpt lat="42.2223527915775775909423828125" lon="1.68267083354294300079345703125">
        <ele>1384.5999755859375</ele>
        <time>2026-09-03T09:30:46.000Z</time>
      </trkpt>
      <trkpt lat="42.2223514504730701446533203125" lon="1.68265021406114101409912109375">
        <ele>1384.5999755859375</ele>
        <time>2026-09-03T09:30:48.000Z</time>
      </trkpt>
      <trkpt lat="42.22235589288175106048583984375" lon="1.6826337017118930816650390625">
        <ele>1384.4000244140625</ele>
        <time>2026-09-03T09:30:49.000Z</time>
      </trkpt>
      <trkpt lat="42.22236444242298603057861328125" lon="1.68260268867015838623046875">
        <ele>1384.5999755859375</ele>
        <time>2026-09-03T09:30:53.000Z</time>
      </trkpt>
      <trkpt lat="42.22236712463200092315673828125" lon="1.6825998388230800628662109375">
        <ele>1384.800048828125</ele>
        <time>2026-09-03T09:30:54.000Z</time>
      </trkpt>
      <trkpt lat="42.2223702259361743927001953125" lon="1.68259120546281337738037109375">
        <ele>1385.5999755859375</ele>
        <time>2026-09-03T09:30:59.000Z</time>
      </trkpt>
      <trkpt lat="42.2223702259361743927001953125" lon="1.68259120546281337738037109375">
        <ele>1385.800048828125</ele>
        <time>2026-09-03T09:31:00.000Z</time>
      </trkpt>
      <trkpt lat="42.2223702259361743927001953125" lon="1.68259120546281337738037109375">
        <ele>1386.199951171875</ele>
        <time>2026-09-03T09:31:01.000Z</time>
      </trkpt>
      <trkpt lat="42.2223708964884281158447265625" lon="1.68257796205580234527587890625">
        <ele>1386.800048828125</ele>
        <time>2026-09-03T09:31:03.000Z</time>
      </trkpt>
      <trkpt lat="42.2223645262420177459716796875" lon="1.6825130023062229156494140625">
        <ele>1387.5999755859375</ele>
        <time>2026-09-03T09:31:07.000Z</time>
      </trkpt>
      <trkpt lat="42.22236226312816143035888671875" lon="1.682440750300884246826171875">
        <ele>1387.4000244140625</ele>
        <time>2026-09-03T09:31:12.000Z</time>
      </trkpt>
      <trkpt lat="42.22236335277557373046875" lon="1.68238501064479351043701171875">
        <ele>1388</ele>
        <time>2026-09-03T09:31:16.000Z</time>
      </trkpt>
      <trkpt lat="42.22236461006104946136474609375" lon="1.68237495236098766326904296875">
        <ele>1388</ele>
        <time>2026-09-03T09:31:17.000Z</time>
      </trkpt>
      <trkpt lat="42.22237743437290191650390625" lon="1.6822850145399570465087890625">
        <ele>1388.199951171875</ele>
        <time>2026-09-03T09:31:23.000Z</time>
      </trkpt>
      <trkpt lat="42.2223906777799129486083984375" lon="1.68222072534263134002685546875">
        <ele>1388.5999755859375</ele>
        <time>2026-09-03T09:31:28.000Z</time>
      </trkpt>
      <trkpt lat="42.222399227321147918701171875" lon="1.68218954466283321380615234375">
        <ele>1389</ele>
        <time>2026-09-03T09:31:31.000Z</time>
      </trkpt>
      <trkpt lat="42.22240626811981201171875" lon="1.6821783967316150665283203125">
        <ele>1389</ele>
        <time>2026-09-03T09:31:32.000Z</time>
      </trkpt>
      <trkpt lat="42.22243267111480236053466796875" lon="1.68212282471358776092529296875">
        <ele>1389.199951171875</ele>
        <time>2026-09-03T09:31:37.000Z</time>
      </trkpt>
      <trkpt lat="42.22243065945804119110107421875" lon="1.6821053065359592437744140625">
        <ele>1389.199951171875</ele>
        <time>2026-09-03T09:31:38.000Z</time>
      </trkpt>
      <trkpt lat="42.2224376164376735687255859375" lon="1.682059206068515777587890625">
        <ele>1388.5999755859375</ele>
        <time>2026-09-03T09:31:42.000Z</time>
      </trkpt>
      <trkpt lat="42.22246284596621990203857421875" lon="1.6820077411830425262451171875">
        <ele>1388.800048828125</ele>
        <time>2026-09-03T09:31:47.000Z</time>
      </trkpt>
      <trkpt lat="42.22251095809042453765869140625" lon="1.6819400154054164886474609375">
        <ele>1389</ele>
        <time>2026-09-03T09:31:53.000Z</time>
      </trkpt>
      <trkpt lat="42.22254951484501361846923828125" lon="1.6818759776651859283447265625">
        <ele>1389.199951171875</ele>
        <time>2026-09-03T09:31:58.000Z</time>
      </trkpt>
      <trkpt lat="42.2226002253592014312744140625" lon="1.68181219138205051422119140625">
        <ele>1388.800048828125</ele>
        <time>2026-09-03T09:32:04.000Z</time>
      </trkpt>
      <trkpt lat="42.22261036746203899383544921875" lon="1.68179861269891262054443359375">
        <ele>1388.5999755859375</ele>
        <time>2026-09-03T09:32:07.000Z</time>
      </trkpt>
      <trkpt lat="42.22260667942464351654052734375" lon="1.68180204927921295166015625">
        <ele>1388.5999755859375</ele>
        <time>2026-09-03T09:32:08.000Z</time>
      </trkpt>
      <trkpt lat="42.22260500304400920867919921875" lon="1.68180246837437152862548828125">
        <ele>1389.199951171875</ele>
        <time>2026-09-03T09:32:12.000Z</time>
      </trkpt>
      <trkpt lat="42.22260500304400920867919921875" lon="1.68180246837437152862548828125">
        <ele>1389.4000244140625</ele>
        <time>2026-09-03T09:32:13.000Z</time>
      </trkpt>
      <trkpt lat="42.22260500304400920867919921875" lon="1.68180246837437152862548828125">
        <ele>1388.5999755859375</ele>
        <time>2026-09-03T09:32:19.000Z</time>
      </trkpt>
      <trkpt lat="42.2226122952997684478759765625" lon="1.6817988641560077667236328125">
        <ele>1389</ele>
        <time>2026-09-03T09:32:25.000Z</time>
      </trkpt>
      <trkpt lat="42.2226116247475147247314453125" lon="1.68181546032428741455078125">
        <ele>1389.199951171875</ele>
        <time>2026-09-03T09:32:26.000Z</time>
      </trkpt>
      <trkpt lat="42.2225737385451793670654296875" lon="1.68185510672628879547119140625">
        <ele>1388.4000244140625</ele>
        <time>2026-09-03T09:32:31.000Z</time>
      </trkpt>
      <trkpt lat="42.22253392450511455535888671875" lon="1.681932471692562103271484375">
        <ele>1388.4000244140625</ele>
        <time>2026-09-03T09:32:37.000Z</time>
      </trkpt>
      <trkpt lat="42.22251950763165950775146484375" lon="1.6819577850401401519775390625">
        <ele>1388.4000244140625</ele>
        <time>2026-09-03T09:32:39.000Z</time>
      </trkpt>
      <trkpt lat="42.22249905578792095184326171875" lon="1.6819983534514904022216796875">
        <ele>1387.800048828125</ele>
        <time>2026-09-03T09:32:42.000Z</time>
      </trkpt>
      <trkpt lat="42.22248631529510021209716796875" lon="1.68201017193496227264404296875">
        <ele>1386.800048828125</ele>
        <time>2026-09-03T09:32:46.000Z</time>
      </trkpt>
      <trkpt lat="42.2224872373044490814208984375" lon="1.68200866319239139556884765625">
        <ele>1386.5999755859375</ele>
        <time>2026-09-03T09:32:47.000Z</time>
      </trkpt>
      <trkpt lat="42.22248715348541736602783203125" lon="1.68200866319239139556884765625">
        <ele>1386.800048828125</ele>
        <time>2026-09-03T09:32:53.000Z</time>
      </trkpt>
      <trkpt lat="42.22248715348541736602783203125" lon="1.68200866319239139556884765625">
        <ele>1386.800048828125</ele>
        <time>2026-09-03T09:32:59.000Z</time>
      </trkpt>
      <trkpt lat="42.2224798612296581268310546875" lon="1.68200966902077198028564453125">
        <ele>1387.5999755859375</ele>
        <time>2026-09-03T09:33:05.000Z</time>
      </trkpt>
      <trkpt lat="42.22246988676488399505615234375" lon="1.682015620172023773193359375">
        <ele>1387.5999755859375</ele>
        <time>2026-09-03T09:33:06.000Z</time>
      </trkpt>
      <trkpt lat="42.2224537096917629241943359375" lon="1.68202760629355907440185546875">
        <ele>1387.4000244140625</ele>
        <time>2026-09-03T09:33:08.000Z</time>
      </trkpt>
      <trkpt lat="42.2224292345345020294189453125" lon="1.68205174617469310760498046875">
        <ele>1387.800048828125</ele>
        <time>2026-09-03T09:33:11.000Z</time>
      </trkpt>
      <trkpt lat="42.222382463514804840087890625" lon="1.6820640675723552703857421875">
        <ele>1388</ele>
        <time>2026-09-03T09:33:15.000Z</time>
      </trkpt>
      <trkpt lat="42.22236561588943004608154296875" lon="1.6820895485579967498779296875">
        <ele>1387.4000244140625</ele>
        <time>2026-09-03T09:33:17.000Z</time>
      </trkpt>
      <trkpt lat="42.222355306148529052734375" lon="1.68211678974330425262451171875">
        <ele>1386.199951171875</ele>
        <time>2026-09-03T09:33:19.000Z</time>
      </trkpt>
      <trkpt lat="42.22235069610178470611572265625" lon="1.6821237467229366302490234375">
        <ele>1385.800048828125</ele>
        <time>2026-09-03T09:33:20.000Z</time>
      </trkpt>
      <trkpt lat="42.2223454155027866363525390625" lon="1.68212768621742725372314453125">
        <ele>1385</ele>
        <time>2026-09-03T09:33:22.000Z</time>
      </trkpt>
      <trkpt lat="42.22234432585537433624267578125" lon="1.68212768621742725372314453125">
        <ele>1384.5999755859375</ele>
        <time>2026-09-03T09:33:27.000Z</time>
      </trkpt>
      <trkpt lat="42.22234432585537433624267578125" lon="1.68212768621742725372314453125">
        <ele>1384.4000244140625</ele>
        <time>2026-09-03T09:33:33.000Z</time>
      </trkpt>
      <trkpt lat="42.22234432585537433624267578125" lon="1.68212768621742725372314453125">
        <ele>1384.5999755859375</ele>
        <time>2026-09-03T09:33:38.000Z</time>
      </trkpt>
      <trkpt lat="42.22234432585537433624267578125" lon="1.68212768621742725372314453125">
        <ele>1384.4000244140625</ele>
        <time>2026-09-03T09:33:41.000Z</time>
      </trkpt>
      <trkpt lat="42.22234432585537433624267578125" lon="1.68212768621742725372314453125">
        <ele>1384</ele>
        <time>2026-09-03T09:33:46.000Z</time>
      </trkpt>
      <trkpt lat="42.22234524786472320556640625" lon="1.68211695738136768341064453125">
        <ele>1384</ele>
        <time>2026-09-03T09:33:48.000Z</time>
      </trkpt>
      <trkpt lat="42.2223822958767414093017578125" lon="1.68207102455198764801025390625">
        <ele>1383.5999755859375</ele>
        <time>2026-09-03T09:33:54.000Z</time>
      </trkpt>
      <trkpt lat="42.22242898307740688323974609375" lon="1.682041771709918975830078125">
        <ele>1385</ele>
        <time>2026-09-03T09:33:58.000Z</time>
      </trkpt>
      <trkpt lat="42.22244448959827423095703125" lon="1.68203146196901798248291015625">
        <ele>1385.5999755859375</ele>
        <time>2026-09-03T09:34:00.000Z</time>
      </trkpt>
      <trkpt lat="42.22246997058391571044921875" lon="1.6820127703249454498291015625">
        <ele>1386</ele>
        <time>2026-09-03T09:34:03.000Z</time>
      </trkpt>
      <trkpt lat="42.222513221204280853271484375" lon="1.681951917707920074462890625">
        <ele>1386.5999755859375</ele>
        <time>2026-09-03T09:34:08.000Z</time>
      </trkpt>
      <trkpt lat="42.22252151928842067718505859375" lon="1.6819343157112598419189453125">
        <ele>1387.199951171875</ele>
        <time>2026-09-03T09:34:09.000Z</time>
      </trkpt>
      <trkpt lat="42.22254549153149127960205078125" lon="1.681891568005084991455078125">
        <ele>1388.199951171875</ele>
        <time>2026-09-03T09:34:12.000Z</time>
      </trkpt>
      <trkpt lat="42.2225658595561981201171875" lon="1.68185058049857616424560546875">
        <ele>1387.5999755859375</ele>
        <time>2026-09-03T09:34:15.000Z</time>
      </trkpt>
      <trkpt lat="42.222601734101772308349609375" lon="1.68180531822144985198974609375">
        <ele>1387.4000244140625</ele>
        <time>2026-09-03T09:34:18.000Z</time>
      </trkpt>
      <trkpt lat="42.22262629307806491851806640625" lon="1.68176692910492420196533203125">
        <ele>1387.5999755859375</ele>
        <time>2026-09-03T09:34:21.000Z</time>
      </trkpt>
      <trkpt lat="42.22263433970510959625244140625" lon="1.68176055885851383209228515625">
        <ele>1387.5999755859375</ele>
        <time>2026-09-03T09:34:22.000Z</time>
      </trkpt>
      <trkpt lat="42.22264993004500865936279296875" lon="1.68174060992896556854248046875">
        <ele>1387.800048828125</ele>
        <time>2026-09-03T09:34:24.000Z</time>
      </trkpt>
      <trkpt lat="42.22271396778523921966552734375" lon="1.68168193660676479339599609375">
        <ele>1389</ele>
        <time>2026-09-03T09:34:30.000Z</time>
      </trkpt>
      <trkpt lat="42.2227252833545207977294921875" lon="1.68167355470359325408935546875">
        <ele>1389.199951171875</ele>
        <time>2026-09-03T09:34:31.000Z</time>
      </trkpt>
      <trkpt lat="42.22279124893248081207275390625" lon="1.68161622248589992523193359375">
        <ele>1388.800048828125</ele>
        <time>2026-09-03T09:34:37.000Z</time>
      </trkpt>
      <trkpt lat="42.22280248068273067474365234375" lon="1.681605242192745208740234375">
        <ele>1388.5999755859375</ele>
        <time>2026-09-03T09:34:38.000Z</time>
      </trkpt>
      <trkpt lat="42.22287087701261043548583984375" lon="1.6815521009266376495361328125">
        <ele>1389.4000244140625</ele>
        <time>2026-09-03T09:34:44.000Z</time>
      </trkpt>
      <trkpt lat="42.22288127057254314422607421875" lon="1.681543886661529541015625">
        <ele>1389.5999755859375</ele>
        <time>2026-09-03T09:34:45.000Z</time>
      </trkpt>
      <trkpt lat="42.222941704094409942626953125" lon="1.6815004684031009674072265625">
        <ele>1389.800048828125</ele>
        <time>2026-09-03T09:34:51.000Z</time>
      </trkpt>
      <trkpt lat="42.22296617925167083740234375" lon="1.6814743168652057647705078125">
        <ele>1390.4000244140625</ele>
        <time>2026-09-03T09:34:54.000Z</time>
      </trkpt>
      <trkpt lat="42.222994677722454071044921875" lon="1.6814491711556911468505859375">
        <ele>1390.199951171875</ele>
        <time>2026-09-03T09:34:57.000Z</time>
      </trkpt>
      <trkpt lat="42.223026193678379058837890625" lon="1.681418828666210174560546875">
        <ele>1389.199951171875</ele>
        <time>2026-09-03T09:35:00.000Z</time>
      </trkpt>
      <trkpt lat="42.22307573072612285614013671875" lon="1.68137549422681331634521484375">
        <ele>1389.800048828125</ele>
        <time>2026-09-03T09:35:05.000Z</time>
      </trkpt>
      <trkpt lat="42.2231286205351352691650390625" lon="1.68133626691997051239013671875">
        <ele>1390.199951171875</ele>
        <time>2026-09-03T09:35:10.000Z</time>
      </trkpt>
      <trkpt lat="42.2231624834239482879638671875" lon="1.681299470365047454833984375">
        <ele>1390</ele>
        <time>2026-09-03T09:35:15.000Z</time>
      </trkpt>
      <trkpt lat="42.22316172905266284942626953125" lon="1.68129972182214260101318359375">
        <ele>1390</ele>
        <time>2026-09-03T09:35:20.000Z</time>
      </trkpt>
      <trkpt lat="42.2231881320476531982421875" lon="1.68127943761646747589111328125">
        <ele>1390.199951171875</ele>
        <time>2026-09-03T09:35:23.000Z</time>
      </trkpt>
      <trkpt lat="42.22321570850908756256103515625" lon="1.68125680647790431976318359375">
        <ele>1390.4000244140625</ele>
        <time>2026-09-03T09:35:26.000Z</time>
      </trkpt>
      <trkpt lat="42.2232258506119251251220703125" lon="1.6812510229647159576416015625">
        <ele>1390.4000244140625</ele>
        <time>2026-09-03T09:35:27.000Z</time>
      </trkpt>
      <trkpt lat="42.22323440015316009521484375" lon="1.68124280869960784912109375">
        <ele>1390.5999755859375</ele>
        <time>2026-09-03T09:35:28.000Z</time>
      </trkpt>
      <trkpt lat="42.22328661940991878509521484375" lon="1.681202910840511322021484375">
        <ele>1390.800048828125</ele>
        <time>2026-09-03T09:35:33.000Z</time>
      </trkpt>
      <trkpt lat="42.22333624027669429779052734375" lon="1.681162007153034210205078125">
        <ele>1391.199951171875</ele>
        <time>2026-09-03T09:35:38.000Z</time>
      </trkpt>
      <trkpt lat="42.2233579494059085845947265625" lon="1.68114733882248401641845703125">
        <ele>1391.5999755859375</ele>
        <time>2026-09-03T09:35:40.000Z</time>
      </trkpt>
      <trkpt lat="42.2233797423541545867919921875" lon="1.681132502853870391845703125">
        <ele>1391.5999755859375</ele>
        <time>2026-09-03T09:35:42.000Z</time>
      </trkpt>
      <trkpt lat="42.22340782172977924346923828125" lon="1.681117750704288482666015625">
        <ele>1392</ele>
        <time>2026-09-03T09:35:45.000Z</time>
      </trkpt>
      <trkpt lat="42.22343212924897670745849609375" lon="1.68109721504151821136474609375">
        <ele>1392.199951171875</ele>
        <time>2026-09-03T09:35:48.000Z</time>
      </trkpt>
      <trkpt lat="42.2234414331614971160888671875" lon="1.68108782730996608734130859375">
        <ele>1392.199951171875</ele>
        <time>2026-09-03T09:35:49.000Z</time>
      </trkpt>
      <trkpt lat="42.22345165908336639404296875" lon="1.6810793615877628326416015625">
        <ele>1392.4000244140625</ele>
        <time>2026-09-03T09:35:50.000Z</time>
      </trkpt>
      <trkpt lat="42.223482839763164520263671875" lon="1.6810515336692333221435546875">
        <ele>1392.5999755859375</ele>
        <time>2026-09-03T09:35:53.000Z</time>
      </trkpt>
      <trkpt lat="42.22354209981858730316162109375" lon="1.68100685812532901763916015625">
        <ele>1393</ele>
        <time>2026-09-03T09:35:59.000Z</time>
      </trkpt>
      <trkpt lat="42.2235527448356151580810546875" lon="1.6809985600411891937255859375">
        <ele>1393.199951171875</ele>
        <time>2026-09-03T09:36:00.000Z</time>
      </trkpt>
      <trkpt lat="42.223567664623260498046875" lon="1.68098171241581439971923828125">
        <ele>1393.4000244140625</ele>
        <time>2026-09-03T09:36:02.000Z</time>
      </trkpt>
      <trkpt lat="42.2236130945384502410888671875" lon="1.6809439100325107574462890625">
        <ele>1394</ele>
        <time>2026-09-03T09:36:07.000Z</time>
      </trkpt>
      <trkpt lat="42.223665229976177215576171875" lon="1.680903173983097076416015625">
        <ele>1394.199951171875</ele>
        <time>2026-09-03T09:36:13.000Z</time>
      </trkpt>
      <trkpt lat="42.22368375398218631744384765625" lon="1.68088850565254688262939453125">
        <ele>1394.5999755859375</ele>
        <time>2026-09-03T09:36:15.000Z</time>
      </trkpt>
      <trkpt lat="42.2237056307494640350341796875" lon="1.68087190948426723480224609375">
        <ele>1394.800048828125</ele>
        <time>2026-09-03T09:36:17.000Z</time>
      </trkpt>
      <trkpt lat="42.22376958467066287994384765625" lon="1.68081943877041339874267578125">
        <ele>1395.199951171875</ele>
        <time>2026-09-03T09:36:23.000Z</time>
      </trkpt>
      <trkpt lat="42.22382507286965847015380859375" lon="1.68076663278043270111083984375">
        <ele>1395.4000244140625</ele>
        <time>2026-09-03T09:36:28.000Z</time>
      </trkpt>
      <trkpt lat="42.22384753637015819549560546875" lon="1.6807484440505504608154296875">
        <ele>1395.5999755859375</ele>
        <time>2026-09-03T09:36:30.000Z</time>
      </trkpt>
      <trkpt lat="42.2239081375300884246826171875" lon="1.680697984993457794189453125">
        <ele>1396.5999755859375</ele>
        <time>2026-09-03T09:36:36.000Z</time>
      </trkpt>
      <trkpt lat="42.2239185310900211334228515625" lon="1.6806897707283496856689453125">
        <ele>1397</ele>
        <time>2026-09-03T09:36:37.000Z</time>
      </trkpt>
      <trkpt lat="42.22398818470537662506103515625" lon="1.680639646947383880615234375">
        <ele>1397.4000244140625</ele>
        <time>2026-09-03T09:36:43.000Z</time>
      </trkpt>
      <trkpt lat="42.2240117378532886505126953125" lon="1.68062866665422916412353515625">
        <ele>1397.5999755859375</ele>
        <time>2026-09-03T09:36:45.000Z</time>
      </trkpt>
      <trkpt lat="42.22401936538517475128173828125" lon="1.68061978183686733245849609375">
        <ele>1397.800048828125</ele>
        <time>2026-09-03T09:36:46.000Z</time>
      </trkpt>
      <trkpt lat="42.22408541478216648101806640625" lon="1.68056152760982513427734375">
        <ele>1398</ele>
        <time>2026-09-03T09:36:52.000Z</time>
      </trkpt>
      <trkpt lat="42.22414911724627017974853515625" lon="1.6805045306682586669921875">
        <ele>1398.5999755859375</ele>
        <time>2026-09-03T09:36:58.000Z</time>
      </trkpt>
      <trkpt lat="42.2241689823567867279052734375" lon="1.68048215098679065704345703125">
        <ele>1398.800048828125</ele>
        <time>2026-09-03T09:37:00.000Z</time>
      </trkpt>
      <trkpt lat="42.2241773642599582672119140625" lon="1.68047661893069744110107421875">
        <ele>1399</ele>
        <time>2026-09-03T09:37:01.000Z</time>
      </trkpt>
      <trkpt lat="42.22423008643090724945068359375" lon="1.68043202720582485198974609375">
        <ele>1400</ele>
        <time>2026-09-03T09:37:06.000Z</time>
      </trkpt>
      <trkpt lat="42.2242891788482666015625" lon="1.68038475327193737030029296875">
        <ele>1400.4000244140625</ele>
        <time>2026-09-03T09:37:12.000Z</time>
      </trkpt>
      <trkpt lat="42.22433972172439098358154296875" lon="1.6803498007357120513916015625">
        <ele>1401</ele>
        <time>2026-09-03T09:37:17.000Z</time>
      </trkpt>
      <trkpt lat="42.2243575751781463623046875" lon="1.68033395893871784210205078125">
        <ele>1401</ele>
        <time>2026-09-03T09:37:19.000Z</time>
      </trkpt>
      <trkpt lat="42.2244100458920001983642578125" lon="1.68028123676776885986328125">
        <ele>1401.4000244140625</ele>
        <time>2026-09-03T09:37:25.000Z</time>
      </trkpt>
      <trkpt lat="42.22442127764225006103515625" lon="1.68024293147027492523193359375">
        <ele>1401.800048828125</ele>
        <time>2026-09-03T09:37:28.000Z</time>
      </trkpt>
      <trkpt lat="42.22442739643156528472900390625" lon="1.68022952042520046234130859375">
        <ele>1402</ele>
        <time>2026-09-03T09:37:29.000Z</time>
      </trkpt>
      <trkpt lat="42.22443628124892711639404296875" lon="1.68014804832637310028076171875">
        <ele>1402</ele>
        <time>2026-09-03T09:37:35.000Z</time>
      </trkpt>
      <trkpt lat="42.2244325093924999237060546875" lon="1.6801251657307147979736328125">
        <ele>1401.800048828125</ele>
        <time>2026-09-03T09:37:37.000Z</time>
      </trkpt>
      <trkpt lat="42.22439370118081569671630859375" lon="1.68006272055208683013916015625">
        <ele>1401.4000244140625</ele>
        <time>2026-09-03T09:37:43.000Z</time>
      </trkpt>
      <trkpt lat="42.22436905838549137115478515625" lon="1.6800322942435741424560546875">
        <ele>1401.199951171875</ele>
        <time>2026-09-03T09:37:46.000Z</time>
      </trkpt>
      <trkpt lat="42.2243602573871612548828125" lon="1.6800249181687831878662109375">
        <ele>1401</ele>
        <time>2026-09-03T09:37:47.000Z</time>
      </trkpt>
      <trkpt lat="42.2243154980242252349853515625" lon="1.679955013096332550048828125">
        <ele>1400.199951171875</ele>
        <time>2026-09-03T09:37:53.000Z</time>
      </trkpt>
      <trkpt lat="42.224300242960453033447265625" lon="1.67993581853806972503662109375">
        <ele>1399.800048828125</ele>
        <time>2026-09-03T09:37:55.000Z</time>
      </trkpt>
      <trkpt lat="42.2242595069110393524169921875" lon="1.67989055626094341278076171875">
        <ele>1399</ele>
        <time>2026-09-03T09:38:00.000Z</time>
      </trkpt>
      <trkpt lat="42.2242377139627933502197265625" lon="1.6798649914562702178955078125">
        <ele>1398.800048828125</ele>
        <time>2026-09-03T09:38:03.000Z</time>
      </trkpt>
      <trkpt lat="42.2241966426372528076171875" lon="1.679818890988826751708984375">
        <ele>1398.5999755859375</ele>
        <time>2026-09-03T09:38:08.000Z</time>
      </trkpt>
      <trkpt lat="42.22413922660052776336669921875" lon="1.67974211275577545166015625">
        <ele>1398.199951171875</ele>
        <time>2026-09-03T09:38:14.000Z</time>
      </trkpt>
      <trkpt lat="42.224109806120395660400390625" lon="1.67970632202923297882080078125">
        <ele>1397.800048828125</ele>
        <time>2026-09-03T09:38:17.000Z</time>
      </trkpt>
      <trkpt lat="42.22409999929368495941162109375" lon="1.67969140224158763885498046875">
        <ele>1397.5999755859375</ele>
        <time>2026-09-03T09:38:18.000Z</time>
      </trkpt>
      <trkpt lat="42.2240412421524524688720703125" lon="1.67964966036379337310791015625">
        <ele>1397.4000244140625</ele>
        <time>2026-09-03T09:38:23.000Z</time>
      </trkpt>
      <trkpt lat="42.2239874303340911865234375" lon="1.67956936173141002655029296875">
        <ele>1396.4000244140625</ele>
        <time>2026-09-03T09:38:29.000Z</time>
      </trkpt>
      <trkpt lat="42.22397427074611186981201171875" lon="1.679558716714382171630859375">
        <ele>1396</ele>
        <time>2026-09-03T09:38:31.000Z</time>
      </trkpt>
      <trkpt lat="42.22390520386397838592529296875" lon="1.67950314469635486602783203125">
        <ele>1395.4000244140625</ele>
        <time>2026-09-03T09:38:36.000Z</time>
      </trkpt>
      <trkpt lat="42.22388508729636669158935546875" lon="1.67946425266563892364501953125">
        <ele>1395</ele>
        <time>2026-09-03T09:38:39.000Z</time>
      </trkpt>
      <trkpt lat="42.22384770400822162628173828125" lon="1.6793868876993656158447265625">
        <ele>1394.199951171875</ele>
        <time>2026-09-03T09:38:44.000Z</time>
      </trkpt>
      <trkpt lat="42.223838903009891510009765625" lon="1.679360233247280120849609375">
        <ele>1393.5999755859375</ele>
        <time>2026-09-03T09:38:46.000Z</time>
      </trkpt>
      <trkpt lat="42.22380529157817363739013671875" lon="1.67928320355713367462158203125">
        <ele>1393.4000244140625</ele>
        <time>2026-09-03T09:38:52.000Z</time>
      </trkpt>
      <trkpt lat="42.22379925660789012908935546875" lon="1.6792487539350986480712890625">
        <ele>1393.5999755859375</ele>
        <time>2026-09-03T09:38:54.000Z</time>
      </trkpt>
      <trkpt lat="42.2237441875040531158447265625" lon="1.6791733168065547943115234375">
        <ele>1392.800048828125</ele>
        <time>2026-09-03T09:39:00.000Z</time>
      </trkpt>
      <trkpt lat="42.22373588941991329193115234375" lon="1.6791676171123981475830078125">
        <ele>1392.4000244140625</ele>
        <time>2026-09-03T09:39:01.000Z</time>
      </trkpt>
      <trkpt lat="42.22370370291173458099365234375" lon="1.6791545413434505462646484375">
        <ele>1391.5999755859375</ele>
        <time>2026-09-03T09:39:04.000Z</time>
      </trkpt>
      <trkpt lat="42.22364972345530986785888671875" lon="1.6791475005447864532470703125">
        <ele>1391</ele>
        <time>2026-09-03T09:39:08.000Z</time>
      </trkpt>
      <trkpt lat="42.22357512451708316802978515625" lon="1.67912327684462070465087890625">
        <ele>1390.4000244140625</ele>
        <time>2026-09-03T09:39:14.000Z</time>
      </trkpt>
      <trkpt lat="42.2235366515815258026123046875" lon="1.67910969816148281097412109375">
        <ele>1389.199951171875</ele>
        <time>2026-09-03T09:39:17.000Z</time>
      </trkpt>
      <trkpt lat="42.22346330992877483367919921875" lon="1.6790713928639888763427734375">
        <ele>1388.4000244140625</ele>
        <time>2026-09-03T09:39:23.000Z</time>
      </trkpt>
      <trkpt lat="42.223453335464000701904296875" lon="1.67906560935080051422119140625">
        <ele>1388.4000244140625</ele>
        <time>2026-09-03T09:39:24.000Z</time>
      </trkpt>
      <trkpt lat="42.22343397326767444610595703125" lon="1.67905546724796295166015625">
        <ele>1388.199951171875</ele>
        <time>2026-09-03T09:39:26.000Z</time>
      </trkpt>
      <trkpt lat="42.22336909733712673187255859375" lon="1.6790150664746761322021484375">
        <ele>1387.199951171875</ele>
        <time>2026-09-03T09:39:32.000Z</time>
      </trkpt>
      <trkpt lat="42.22335635684430599212646484375" lon="1.6790137253701686859130859375">
        <ele>1387</ele>
        <time>2026-09-03T09:39:33.000Z</time>
      </trkpt>
      <trkpt lat="42.2232955880463123321533203125" lon="1.67899453081190586090087890625">
        <ele>1385.800048828125</ele>
        <time>2026-09-03T09:39:38.000Z</time>
      </trkpt>
      <trkpt lat="42.2232737950980663299560546875" lon="1.6789845563471317291259765625">
        <ele>1385.800048828125</ele>
        <time>2026-09-03T09:39:40.000Z</time>
      </trkpt>
      <trkpt lat="42.22321839071810245513916015625" lon="1.67896485887467861175537109375">
        <ele>1384.800048828125</ele>
        <time>2026-09-03T09:39:45.000Z</time>
      </trkpt>
      <trkpt lat="42.22319140098989009857177734375" lon="1.67895630933344364166259765625">
        <ele>1384.4000244140625</ele>
        <time>2026-09-03T09:39:47.000Z</time>
      </trkpt>
      <trkpt lat="42.22312803380191326141357421875" lon="1.67891733348369598388671875">
        <ele>1384</ele>
        <time>2026-09-03T09:39:53.000Z</time>
      </trkpt>
      <trkpt lat="42.22311948426067829132080078125" lon="1.67890618555247783660888671875">
        <ele>1383.800048828125</ele>
        <time>2026-09-03T09:39:54.000Z</time>
      </trkpt>
      <trkpt lat="42.2231085039675235748291015625" lon="1.67889319360256195068359375">
        <ele>1383.5999755859375</ele>
        <time>2026-09-03T09:39:55.000Z</time>
      </trkpt>
      <trkpt lat="42.223044969141483306884765625" lon="1.678829826414585113525390625">
        <ele>1382.5999755859375</ele>
        <time>2026-09-03T09:40:01.000Z</time>
      </trkpt>
      <trkpt lat="42.223033569753170013427734375" lon="1.67881867848336696624755859375">
        <ele>1382.199951171875</ele>
        <time>2026-09-03T09:40:02.000Z</time>
      </trkpt>
      <trkpt lat="42.22302426584064960479736328125" lon="1.6788112185895442962646484375">
        <ele>1381.5999755859375</ele>
        <time>2026-09-03T09:40:03.000Z</time>
      </trkpt>
      <trkpt lat="42.22299023531377315521240234375" lon="1.6788004897534847259521484375">
        <ele>1380.5999755859375</ele>
        <time>2026-09-03T09:40:06.000Z</time>
      </trkpt>
      <trkpt lat="42.22294832579791545867919921875" lon="1.67876578867435455322265625">
        <ele>1379.800048828125</ele>
        <time>2026-09-03T09:40:10.000Z</time>
      </trkpt>
      <trkpt lat="42.2229378484189510345458984375" lon="1.67876050807535648345947265625">
        <ele>1379.5999755859375</ele>
        <time>2026-09-03T09:40:11.000Z</time>
      </trkpt>
      <trkpt lat="42.22290515899658203125" lon="1.67873837985098361968994140625">
        <ele>1379</ele>
        <time>2026-09-03T09:40:14.000Z</time>
      </trkpt>
      <trkpt lat="42.22287339158356189727783203125" lon="1.6787128150463104248046875">
        <ele>1378.4000244140625</ele>
        <time>2026-09-03T09:40:17.000Z</time>
      </trkpt>
      <trkpt lat="42.22284673713147640228271484375" lon="1.67869278229773044586181640625">
        <ele>1378</ele>
        <time>2026-09-03T09:40:20.000Z</time>
      </trkpt>
      <trkpt lat="42.22281253896653652191162109375" lon="1.67866227217018604278564453125">
        <ele>1377.4000244140625</ele>
        <time>2026-09-03T09:40:24.000Z</time>
      </trkpt>
      <trkpt lat="42.2227839566767215728759765625" lon="1.67865506373345851898193359375">
        <ele>1376.5999755859375</ele>
        <time>2026-09-03T09:40:27.000Z</time>
      </trkpt>
      <trkpt lat="42.22276073880493640899658203125" lon="1.6786576621234416961669921875">
        <ele>1376.199951171875</ele>
        <time>2026-09-03T09:40:29.000Z</time>
      </trkpt>
      <trkpt lat="42.2227061726152896881103515625" lon="1.6786388866603374481201171875">
        <ele>1375.199951171875</ele>
        <time>2026-09-03T09:40:34.000Z</time>
      </trkpt>
      <trkpt lat="42.22267842851579189300537109375" lon="1.67863142676651477813720703125">
        <ele>1375.4000244140625</ele>
        <time>2026-09-03T09:40:36.000Z</time>
      </trkpt>
      <trkpt lat="42.22260366193950176239013671875" lon="1.67860326357185840606689453125">
        <ele>1375.4000244140625</ele>
        <time>2026-09-03T09:40:42.000Z</time>
      </trkpt>
      <trkpt lat="42.22259326837956905364990234375" lon="1.67859471403062343597412109375">
        <ele>1375.199951171875</ele>
        <time>2026-09-03T09:40:43.000Z</time>
      </trkpt>
      <trkpt lat="42.222582958638668060302734375" lon="1.678577698767185211181640625">
        <ele>1375</ele>
        <time>2026-09-03T09:40:44.000Z</time>
      </trkpt>
      <trkpt lat="42.2225355170667171478271484375" lon="1.67854727245867252349853515625">
        <ele>1374.199951171875</ele>
        <time>2026-09-03T09:40:48.000Z</time>
      </trkpt>
      <trkpt lat="42.22252621315419673919677734375" lon="1.67853922583162784576416015625">
        <ele>1374.199951171875</ele>
        <time>2026-09-03T09:40:49.000Z</time>
      </trkpt>
      <trkpt lat="42.22246334888041019439697265625" lon="1.67849899269640445709228515625">
        <ele>1373.5999755859375</ele>
        <time>2026-09-03T09:40:55.000Z</time>
      </trkpt>
      <trkpt lat="42.22244574688374996185302734375" lon="1.67845825664699077606201171875">
        <ele>1373.4000244140625</ele>
        <time>2026-09-03T09:40:58.000Z</time>
      </trkpt>
      <trkpt lat="42.2224423103034496307373046875" lon="1.678433530032634735107421875">
        <ele>1373.199951171875</ele>
        <time>2026-09-03T09:41:00.000Z</time>
      </trkpt>
      <trkpt lat="42.2224423103034496307373046875" lon="1.67841366492211818695068359375">
        <ele>1373</ele>
        <time>2026-09-03T09:41:01.000Z</time>
      </trkpt>
      <trkpt lat="42.222457565367221832275390625" lon="1.67841366492211818695068359375">
        <ele>1372.4000244140625</ele>
        <time>2026-09-03T09:41:04.000Z</time>
      </trkpt>
      <trkpt lat="42.22245655953884124755859375" lon="1.678415425121784210205078125">
        <ele>1372.199951171875</ele>
        <time>2026-09-03T09:41:08.000Z</time>
      </trkpt>
      <trkpt lat="42.222457565367221832275390625" lon="1.6784296743571758270263671875">
        <ele>1372.4000244140625</ele>
        <time>2026-09-03T09:41:10.000Z</time>
      </trkpt>
      <trkpt lat="42.22245882265269756317138671875" lon="1.67842741124331951141357421875">
        <ele>1372.4000244140625</ele>
        <time>2026-09-03T09:41:11.000Z</time>
      </trkpt>
      <trkpt lat="42.22245655953884124755859375" lon="1.67841550894081592559814453125">
        <ele>1372.4000244140625</ele>
        <time>2026-09-03T09:41:17.000Z</time>
      </trkpt>
      <trkpt lat="42.22245655953884124755859375" lon="1.67841550894081592559814453125">
        <ele>1372.199951171875</ele>
        <time>2026-09-03T09:41:20.000Z</time>
      </trkpt>
      <trkpt lat="42.22245655953884124755859375" lon="1.67841550894081592559814453125">
        <ele>1372.199951171875</ele>
        <time>2026-09-03T09:41:22.000Z</time>
      </trkpt>
      <trkpt lat="42.22245655953884124755859375" lon="1.67841550894081592559814453125">
        <ele>1372</ele>
        <time>2026-09-03T09:41:25.000Z</time>
      </trkpt>
      <trkpt lat="42.22245655953884124755859375" lon="1.67841550894081592559814453125">
        <ele>1371.5999755859375</ele>
        <time>2026-09-03T09:41:27.000Z</time>
      </trkpt>
      <trkpt lat="42.22246468998491764068603515625" lon="1.67841785587370395660400390625">
        <ele>1371.4000244140625</ele>
        <time>2026-09-03T09:41:33.000Z</time>
      </trkpt>
      <trkpt lat="42.22247960977256298065185546875" lon="1.67840762995183467864990234375">
        <ele>1371</ele>
        <time>2026-09-03T09:41:36.000Z</time>
      </trkpt>
      <trkpt lat="42.222534008324146270751953125" lon="1.6783726774156093597412109375">
        <ele>1371.800048828125</ele>
        <time>2026-09-03T09:41:42.000Z</time>
      </trkpt>
      <trkpt lat="42.222546078264713287353515625" lon="1.678367815911769866943359375">
        <ele>1372</ele>
        <time>2026-09-03T09:41:43.000Z</time>
      </trkpt>
      <trkpt lat="42.22262847237288951873779296875" lon="1.678320877254009246826171875">
        <ele>1371.199951171875</ele>
        <time>2026-09-03T09:41:49.000Z</time>
      </trkpt>
      <trkpt lat="42.222639620304107666015625" lon="1.67831274680793285369873046875">
        <ele>1371</ele>
        <time>2026-09-03T09:41:50.000Z</time>
      </trkpt>
      <trkpt lat="42.22269871272146701812744140625" lon="1.67826421558856964111328125">
        <ele>1370.4000244140625</ele>
        <time>2026-09-03T09:41:56.000Z</time>
      </trkpt>
      <trkpt lat="42.2227125428617000579833984375" lon="1.6782546602189540863037109375">
        <ele>1370.199951171875</ele>
        <time>2026-09-03T09:41:57.000Z</time>
      </trkpt>
      <trkpt lat="42.22272302024066448211669921875" lon="1.67824535630643367767333984375">
        <ele>1370</ele>
        <time>2026-09-03T09:41:58.000Z</time>
      </trkpt>
      <trkpt lat="42.22280398942530155181884765625" lon="1.67820545844733715057373046875">
        <ele>1369</ele>
        <time>2026-09-03T09:42:04.000Z</time>
      </trkpt>
      <trkpt lat="42.22281538881361484527587890625" lon="1.6781983338296413421630859375">
        <ele>1368.800048828125</ele>
        <time>2026-09-03T09:42:05.000Z</time>
      </trkpt>
      <trkpt lat="42.2228848747909069061279296875" lon="1.67817545123398303985595703125">
        <ele>1368.800048828125</ele>
        <time>2026-09-03T09:42:11.000Z</time>
      </trkpt>
      <trkpt lat="42.22289753146469593048095703125" lon="1.67817159555852413177490234375">
        <ele>1368.800048828125</ele>
        <time>2026-09-03T09:42:12.000Z</time>
      </trkpt>
      <trkpt lat="42.222953774034976959228515625" lon="1.67812750674784183502197265625">
        <ele>1368.5999755859375</ele>
        <time>2026-09-03T09:42:17.000Z</time>
      </trkpt>
      <trkpt lat="42.22301370464265346527099609375" lon="1.67807972989976406097412109375">
        <ele>1368</ele>
        <time>2026-09-03T09:42:23.000Z</time>
      </trkpt>
      <trkpt lat="42.2230404429137706756591796875" lon="1.67806170880794525146484375">
        <ele>1367.800048828125</ele>
        <time>2026-09-03T09:42:25.000Z</time>
      </trkpt>
      <trkpt lat="42.22307371906936168670654296875" lon="1.678031198680400848388671875">
        <ele>1366.4000244140625</ele>
        <time>2026-09-03T09:42:28.000Z</time>
      </trkpt>
      <trkpt lat="42.22309316508471965789794921875" lon="1.67801703326404094696044921875">
        <ele>1365.4000244140625</ele>
        <time>2026-09-03T09:42:30.000Z</time>
      </trkpt>
      <trkpt lat="42.22312635742127895355224609375" lon="1.67799465358257293701171875">
        <ele>1365</ele>
        <time>2026-09-03T09:42:33.000Z</time>
      </trkpt>
      <trkpt lat="42.223194502294063568115234375" lon="1.67796523310244083404541015625">
        <ele>1364.199951171875</ele>
        <time>2026-09-03T09:42:39.000Z</time>
      </trkpt>
      <trkpt lat="42.2232162952423095703125" lon="1.6779532469809055328369140625">
        <ele>1364.199951171875</ele>
        <time>2026-09-03T09:42:41.000Z</time>
      </trkpt>
      <trkpt lat="42.22328343428671360015869140625" lon="1.6779163666069507598876953125">
        <ele>1363.800048828125</ele>
        <time>2026-09-03T09:42:47.000Z</time>
      </trkpt>
      <trkpt lat="42.2233276069164276123046875" lon="1.6779006086289882659912109375">
        <ele>1364.199951171875</ele>
        <time>2026-09-03T09:42:51.000Z</time>
      </trkpt>
      <trkpt lat="42.22333976067602634429931640625" lon="1.67789348401129245758056640625">
        <ele>1364.199951171875</ele>
        <time>2026-09-03T09:42:52.000Z</time>
      </trkpt>
      <trkpt lat="42.223407067358493804931640625" lon="1.67788191698491573333740234375">
        <ele>1363.800048828125</ele>
        <time>2026-09-03T09:42:58.000Z</time>
      </trkpt>
      <trkpt lat="42.2234348952770233154296875" lon="1.6778704337775707244873046875">
        <ele>1363.800048828125</ele>
        <time>2026-09-03T09:43:01.000Z</time>
      </trkpt>
      <trkpt lat="42.223495580255985260009765625" lon="1.67784855701029300689697265625">
        <ele>1363.199951171875</ele>
        <time>2026-09-03T09:43:07.000Z</time>
      </trkpt>
      <trkpt lat="42.22352483309805393218994140625" lon="1.67783363722264766693115234375">
        <ele>1363</ele>
        <time>2026-09-03T09:43:10.000Z</time>
      </trkpt>
      <trkpt lat="42.223611585795879364013671875" lon="1.67779105715453624725341796875">
        <ele>1362.4000244140625</ele>
        <time>2026-09-03T09:43:16.000Z</time>
      </trkpt>
      <trkpt lat="42.223627679049968719482421875" lon="1.67778854258358478546142578125">
        <ele>1362.199951171875</ele>
        <time>2026-09-03T09:43:17.000Z</time>
      </trkpt>
      <trkpt lat="42.2236392460763454437255859375" lon="1.67777965776622295379638671875">
        <ele>1362</ele>
        <time>2026-09-03T09:43:18.000Z</time>
      </trkpt>
      <trkpt lat="42.22371627576649188995361328125" lon="1.6777255944907665252685546875">
        <ele>1361.800048828125</ele>
        <time>2026-09-03T09:43:24.000Z</time>
      </trkpt>
      <trkpt lat="42.22378827631473541259765625" lon="1.6776679269969463348388671875">
        <ele>1362</ele>
        <time>2026-09-03T09:43:30.000Z</time>
      </trkpt>
      <trkpt lat="42.223832197487354278564453125" lon="1.67761118151247501373291015625">
        <ele>1362</ele>
        <time>2026-09-03T09:43:35.000Z</time>
      </trkpt>
      <trkpt lat="42.2238880209624767303466796875" lon="1.677540354430675506591796875">
        <ele>1361.800048828125</ele>
        <time>2026-09-03T09:43:41.000Z</time>
      </trkpt>
      <trkpt lat="42.22392749972641468048095703125" lon="1.67750556953251361846923828125">
        <ele>1362</ele>
        <time>2026-09-03T09:43:45.000Z</time>
      </trkpt>
      <trkpt lat="42.22399204038083553314208984375" lon="1.6774476505815982818603515625">
        <ele>1361.5999755859375</ele>
        <time>2026-09-03T09:43:51.000Z</time>
      </trkpt>
      <trkpt lat="42.22402171231806278228759765625" lon="1.677408255636692047119140625">
        <ele>1361.199951171875</ele>
        <time>2026-09-03T09:43:54.000Z</time>
      </trkpt>
      <trkpt lat="42.2240331955254077911376953125" lon="1.67739794589579105377197265625">
        <ele>1361</ele>
        <time>2026-09-03T09:43:55.000Z</time>
      </trkpt>
      <trkpt lat="42.224082648754119873046875" lon="1.6773517616093158721923828125">
        <ele>1360.4000244140625</ele>
        <time>2026-09-03T09:44:00.000Z</time>
      </trkpt>
      <trkpt lat="42.2241136617958545684814453125" lon="1.677329801023006439208984375">
        <ele>1360</ele>
        <time>2026-09-03T09:44:03.000Z</time>
      </trkpt>
      <trkpt lat="42.22413704730570316314697265625" lon="1.67731069028377532958984375">
        <ele>1359.800048828125</ele>
        <time>2026-09-03T09:44:05.000Z</time>
      </trkpt>
      <trkpt lat="42.22420946694910526275634765625" lon="1.67726484127342700958251953125">
        <ele>1359.5999755859375</ele>
        <time>2026-09-03T09:44:11.000Z</time>
      </trkpt>
      <trkpt lat="42.22427048720419406890869140625" lon="1.67721454985439777374267578125">
        <ele>1359.199951171875</ele>
        <time>2026-09-03T09:44:16.000Z</time>
      </trkpt>
      <trkpt lat="42.22430384717881679534912109375" lon="1.6771807707846164703369140625">
        <ele>1358.800048828125</ele>
        <time>2026-09-03T09:44:19.000Z</time>
      </trkpt>
      <trkpt lat="42.22435019910335540771484375" lon="1.6771459020674228668212890625">
        <ele>1358.5999755859375</ele>
        <time>2026-09-03T09:44:23.000Z</time>
      </trkpt>
      <trkpt lat="42.224410884082317352294921875" lon="1.6771301440894603729248046875">
        <ele>1358.4000244140625</ele>
        <time>2026-09-03T09:44:29.000Z</time>
      </trkpt>
      <trkpt lat="42.224431335926055908203125" lon="1.67711765505373477935791015625">
        <ele>1358.199951171875</ele>
        <time>2026-09-03T09:44:30.000Z</time>
      </trkpt>
      <trkpt lat="42.2245029173791408538818359375" lon="1.67706392705440521240234375">
        <ele>1357.800048828125</ele>
        <time>2026-09-03T09:44:36.000Z</time>
      </trkpt>
      <trkpt lat="42.22451507113873958587646484375" lon="1.677058897912502288818359375">
        <ele>1357.800048828125</ele>
        <time>2026-09-03T09:44:38.000Z</time>
      </trkpt>
      <trkpt lat="42.224528230726718902587890625" lon="1.6770525276660919189453125">
        <ele>1357.800048828125</ele>
        <time>2026-09-03T09:44:39.000Z</time>
      </trkpt>
      <trkpt lat="42.22459268756210803985595703125" lon="1.6769921779632568359375">
        <ele>1357.5999755859375</ele>
        <time>2026-09-03T09:44:45.000Z</time>
      </trkpt>
      <trkpt lat="42.224633507430553436279296875" lon="1.67694767005741596221923828125">
        <ele>1358</ele>
        <time>2026-09-03T09:44:48.000Z</time>
      </trkpt>
      <trkpt lat="42.22468757070600986480712890625" lon="1.67690576054155826568603515625">
        <ele>1357.4000244140625</ele>
        <time>2026-09-03T09:44:54.000Z</time>
      </trkpt>
      <trkpt lat="42.2247359342873096466064453125" lon="1.6768639348447322845458984375">
        <ele>1357.199951171875</ele>
        <time>2026-09-03T09:44:59.000Z</time>
      </trkpt>
      <trkpt lat="42.2247925959527492523193359375" lon="1.67679880745708942413330078125">
        <ele>1357.5999755859375</ele>
        <time>2026-09-03T09:45:05.000Z</time>
      </trkpt>
      <trkpt lat="42.2248033247888088226318359375" lon="1.67678908444941043853759765625">
        <ele>1357.800048828125</ele>
        <time>2026-09-03T09:45:06.000Z</time>
      </trkpt>
      <trkpt lat="42.22484146244823932647705078125" lon="1.676728315651416778564453125">
        <ele>1359</ele>
        <time>2026-09-03T09:45:12.000Z</time>
      </trkpt>
      <trkpt lat="42.22486945800483226776123046875" lon="1.67670560069382190704345703125">
        <ele>1359.4000244140625</ele>
        <time>2026-09-03T09:45:15.000Z</time>
      </trkpt>
      <trkpt lat="42.2248894907534122467041015625" lon="1.67669420130550861358642578125">
        <ele>1359.5999755859375</ele>
        <time>2026-09-03T09:45:17.000Z</time>
      </trkpt>
      <trkpt lat="42.22489812411367893218994140625" lon="1.6767011582851409912109375">
        <ele>1359.5999755859375</ele>
        <time>2026-09-03T09:45:18.000Z</time>
      </trkpt>
      <trkpt lat="42.224900387227535247802734375" lon="1.6767003200948238372802734375">
        <ele>1359.5999755859375</ele>
        <time>2026-09-03T09:45:19.000Z</time>
      </trkpt>
      <trkpt lat="42.22490139305591583251953125" lon="1.6766979731619358062744140625">
        <ele>1359.5999755859375</ele>
        <time>2026-09-03T09:45:20.000Z</time>
      </trkpt>
      <trkpt lat="42.22490281797945499420166015625" lon="1.6766966320574283599853515625">
        <ele>1359.5999755859375</ele>
        <time>2026-09-03T09:45:21.000Z</time>
      </trkpt>
      <trkpt lat="42.22490281797945499420166015625" lon="1.6766966320574283599853515625">
        <ele>1359.4000244140625</ele>
        <time>2026-09-03T09:45:27.000Z</time>
      </trkpt>
      <trkpt lat="42.22490281797945499420166015625" lon="1.6766966320574283599853515625">
        <ele>1359.4000244140625</ele>
        <time>2026-09-03T09:45:28.000Z</time>
      </trkpt>
      <trkpt lat="42.22490566782653331756591796875" lon="1.67669654823839664459228515625">
        <ele>1359.5999755859375</ele>
        <time>2026-09-03T09:45:34.000Z</time>
      </trkpt>
      <trkpt lat="42.224940955638885498046875" lon="1.67666804976761341094970703125">
        <ele>1360</ele>
        <time>2026-09-03T09:45:36.000Z</time>
      </trkpt>
      <trkpt lat="42.22498931922018527984619140625" lon="1.676618345081806182861328125">
        <ele>1360.800048828125</ele>
        <time>2026-09-03T09:45:42.000Z</time>
      </trkpt>
      <trkpt lat="42.225021757185459136962890625" lon="1.67659680359065532684326171875">
        <ele>1361</ele>
        <time>2026-09-03T09:45:45.000Z</time>
      </trkpt>
      <trkpt lat="42.22509141080081462860107421875" lon="1.67653846554458141326904296875">
        <ele>1361.5999755859375</ele>
        <time>2026-09-03T09:45:51.000Z</time>
      </trkpt>
      <trkpt lat="42.2251174785196781158447265625" lon="1.676512397825717926025390625">
        <ele>1362</ele>
        <time>2026-09-03T09:45:55.000Z</time>
      </trkpt>
      <trkpt lat="42.22512996755540370941162109375" lon="1.6764874197542667388916015625">
        <ele>1362.4000244140625</ele>
        <time>2026-09-03T09:45:57.000Z</time>
      </trkpt>
      <trkpt lat="42.22514815628528594970703125" lon="1.67643033899366855621337890625">
        <ele>1363</ele>
        <time>2026-09-03T09:46:01.000Z</time>
      </trkpt>
      <trkpt lat="42.22515754401683807373046875" lon="1.67638574726879596710205078125">
        <ele>1363</ele>
        <time>2026-09-03T09:46:04.000Z</time>
      </trkpt>
      <trkpt lat="42.22516165114939212799072265625" lon="1.67637367732822895050048828125">
        <ele>1363.199951171875</ele>
        <time>2026-09-03T09:46:05.000Z</time>
      </trkpt>
      <trkpt lat="42.2251863777637481689453125" lon="1.676325984299182891845703125">
        <ele>1363.5999755859375</ele>
        <time>2026-09-03T09:46:10.000Z</time>
      </trkpt>
      <trkpt lat="42.22522325813770294189453125" lon="1.67629756964743137359619140625">
        <ele>1363.5999755859375</ele>
        <time>2026-09-03T09:46:14.000Z</time>
      </trkpt>
      <trkpt lat="42.22527556121349334716796875" lon="1.67628206312656402587890625">
        <ele>1364.199951171875</ele>
        <time>2026-09-03T09:46:18.000Z</time>
      </trkpt>
      <trkpt lat="42.22529408521950244903564453125" lon="1.67629052884876728057861328125">
        <ele>1364.5999755859375</ele>
        <time>2026-09-03T09:46:20.000Z</time>
      </trkpt>
      <trkpt lat="42.22534663975238800048828125" lon="1.67631114833056926727294921875">
        <ele>1365</ele>
        <time>2026-09-03T09:46:26.000Z</time>
      </trkpt>
      <trkpt lat="42.2253642417490482330322265625" lon="1.6763164289295673370361328125">
        <ele>1365.199951171875</ele>
        <time>2026-09-03T09:46:29.000Z</time>
      </trkpt>
      <trkpt lat="42.22536499612033367156982421875" lon="1.676318943500518798828125">
        <ele>1365.199951171875</ele>
        <time>2026-09-03T09:46:35.000Z</time>
      </trkpt>
      <trkpt lat="42.22536499612033367156982421875" lon="1.676318943500518798828125">
        <ele>1365</ele>
        <time>2026-09-03T09:46:36.000Z</time>
      </trkpt>
      <trkpt lat="42.22536499612033367156982421875" lon="1.676318943500518798828125">
        <ele>1365</ele>
        <time>2026-09-03T09:46:37.000Z</time>
      </trkpt>
      <trkpt lat="42.22537488676607608795166015625" lon="1.67631961405277252197265625">
        <ele>1365</ele>
        <time>2026-09-03T09:46:39.000Z</time>
      </trkpt>
      <trkpt lat="42.2253955900669097900390625" lon="1.6763202846050262451171875">
        <ele>1365.4000244140625</ele>
        <time>2026-09-03T09:46:41.000Z</time>
      </trkpt>
      <trkpt lat="42.22543959505856037139892578125" lon="1.6763110645115375518798828125">
        <ele>1366.199951171875</ele>
        <time>2026-09-03T09:46:44.000Z</time>
      </trkpt>
      <trkpt lat="42.22548569552600383758544921875" lon="1.67628466151654720306396484375">
        <ele>1367</ele>
        <time>2026-09-03T09:46:49.000Z</time>
      </trkpt>
      <trkpt lat="42.2255003638565540313720703125" lon="1.6762624494731426239013671875">
        <ele>1367.4000244140625</ele>
        <time>2026-09-03T09:46:52.000Z</time>
      </trkpt>
      <trkpt lat="42.22554487176239490509033203125" lon="1.67622062377631664276123046875">
        <ele>1367.199951171875</ele>
        <time>2026-09-03T09:46:57.000Z</time>
      </trkpt>
      <trkpt lat="42.2255912236869335174560546875" lon="1.6761511377990245819091796875">
        <ele>1367.5999755859375</ele>
        <time>2026-09-03T09:47:02.000Z</time>
      </trkpt>
      <trkpt lat="42.2256197221577167510986328125" lon="1.67610797099769115447998046875">
        <ele>1368</ele>
        <time>2026-09-03T09:47:07.000Z</time>
      </trkpt>
      <trkpt lat="42.22563690505921840667724609375" lon="1.67609020136296749114990234375">
        <ele>1368.4000244140625</ele>
        <time>2026-09-03T09:47:10.000Z</time>
      </trkpt>
      <trkpt lat="42.2256676666438579559326171875" lon="1.67606891132891178131103515625">
        <ele>1368.800048828125</ele>
        <time>2026-09-03T09:47:15.000Z</time>
      </trkpt>
      <trkpt lat="42.22572089172899723052978515625" lon="1.6760394908487796783447265625">
        <ele>1369.199951171875</ele>
        <time>2026-09-03T09:47:21.000Z</time>
      </trkpt>
      <trkpt lat="42.22572759725153446197509765625" lon="1.67603722773492336273193359375">
        <ele>1369.4000244140625</ele>
        <time>2026-09-03T09:47:22.000Z</time>
      </trkpt>
      <trkpt lat="42.22574771381914615631103515625" lon="1.67602784000337123870849609375">
        <ele>1369.4000244140625</ele>
        <time>2026-09-03T09:47:24.000Z</time>
      </trkpt>
      <trkpt lat="42.22579783760011196136474609375" lon="1.67598928324878215789794921875">
        <ele>1369.4000244140625</ele>
        <time>2026-09-03T09:47:30.000Z</time>
      </trkpt>
      <trkpt lat="42.22582197748124599456787109375" lon="1.6759794764220714569091796875">
        <ele>1369.5999755859375</ele>
        <time>2026-09-03T09:47:32.000Z</time>
      </trkpt>
      <trkpt lat="42.22583203576505184173583984375" lon="1.6759600304067134857177734375">
        <ele>1370.4000244140625</ele>
        <time>2026-09-03T09:47:36.000Z</time>
      </trkpt>
      <trkpt lat="42.22583840601146221160888671875" lon="1.675923652946949005126953125">
        <ele>1371</ele>
        <time>2026-09-03T09:47:39.000Z</time>
      </trkpt>
      <trkpt lat="42.225841172039508819580078125" lon="1.67590982280671596527099609375">
        <ele>1371</ele>
        <time>2026-09-03T09:47:40.000Z</time>
      </trkpt>
      <trkpt lat="42.22586807794868946075439453125" lon="1.67585399933159351348876953125">
        <ele>1371.4000244140625</ele>
        <time>2026-09-03T09:47:45.000Z</time>
      </trkpt>
      <trkpt lat="42.22588417120277881622314453125" lon="1.67584125883877277374267578125">
        <ele>1371.800048828125</ele>
        <time>2026-09-03T09:47:47.000Z</time>
      </trkpt>
      <trkpt lat="42.22589313983917236328125" lon="1.67583622969686985015869140625">
        <ele>1372</ele>
        <time>2026-09-03T09:47:49.000Z</time>
      </trkpt>
      <trkpt lat="42.22590797580778598785400390625" lon="1.67582684196531772613525390625">
        <ele>1372.199951171875</ele>
        <time>2026-09-03T09:47:53.000Z</time>
      </trkpt>
      <trkpt lat="42.2259077243506908416748046875" lon="1.6758294403553009033203125">
        <ele>1372.4000244140625</ele>
        <time>2026-09-03T09:47:54.000Z</time>
      </trkpt>
      <trkpt lat="42.22591015510261058807373046875" lon="1.67582784779369831085205078125">
        <ele>1372.5999755859375</ele>
        <time>2026-09-03T09:47:56.000Z</time>
      </trkpt>
      <trkpt lat="42.2259107418358325958251953125" lon="1.67582868598401546478271484375">
        <ele>1373</ele>
        <time>2026-09-03T09:48:00.000Z</time>
      </trkpt>
      <trkpt lat="42.2259107418358325958251953125" lon="1.67582868598401546478271484375">
        <ele>1373</ele>
        <time>2026-09-03T09:48:01.000Z</time>
      </trkpt>
      <trkpt lat="42.22592893056571483612060546875" lon="1.67581192217767238616943359375">
        <ele>1372.800048828125</ele>
        <time>2026-09-03T09:48:06.000Z</time>
      </trkpt>
      <trkpt lat="42.225949801504611968994140625" lon="1.67579096741974353790283203125">
        <ele>1373</ele>
        <time>2026-09-03T09:48:08.000Z</time>
      </trkpt>
      <trkpt lat="42.22597201354801654815673828125" lon="1.67574453167617321014404296875">
        <ele>1373.199951171875</ele>
        <time>2026-09-03T09:48:11.000Z</time>
      </trkpt>
      <trkpt lat="42.22600243985652923583984375" lon="1.675694994628429412841796875">
        <ele>1373.4000244140625</ele>
        <time>2026-09-03T09:48:16.000Z</time>
      </trkpt>
      <trkpt lat="42.22602431662380695343017578125" lon="1.675679571926593780517578125">
        <ele>1373.199951171875</ele>
        <time>2026-09-03T09:48:20.000Z</time>
      </trkpt>
      <trkpt lat="42.22605566494166851043701171875" lon="1.67565199546515941619873046875">
        <ele>1373.5999755859375</ele>
        <time>2026-09-03T09:48:24.000Z</time>
      </trkpt>
      <trkpt lat="42.22605331800878047943115234375" lon="1.67565534822642803192138671875">
        <ele>1374</ele>
        <time>2026-09-03T09:48:25.000Z</time>
      </trkpt>
      <trkpt lat="42.22605398856103420257568359375" lon="1.6756582818925380706787109375">
        <ele>1374.800048828125</ele>
        <time>2026-09-03T09:48:27.000Z</time>
      </trkpt>
      <trkpt lat="42.22605482675135135650634765625" lon="1.67565886862576007843017578125">
        <ele>1374.5999755859375</ele>
        <time>2026-09-03T09:48:33.000Z</time>
      </trkpt>
      <trkpt lat="42.22605482675135135650634765625" lon="1.67565886862576007843017578125">
        <ele>1374.4000244140625</ele>
        <time>2026-09-03T09:48:37.000Z</time>
      </trkpt>
      <trkpt lat="42.22605482675135135650634765625" lon="1.67565886862576007843017578125">
        <ele>1374.199951171875</ele>
        <time>2026-09-03T09:48:39.000Z</time>
      </trkpt>
      <trkpt lat="42.22605482675135135650634765625" lon="1.67565886862576007843017578125">
        <ele>1374.199951171875</ele>
        <time>2026-09-03T09:48:40.000Z</time>
      </trkpt>
      <trkpt lat="42.22605482675135135650634765625" lon="1.67565886862576007843017578125">
        <ele>1374.199951171875</ele>
        <time>2026-09-03T09:48:46.000Z</time>
      </trkpt>
      <trkpt lat="42.22606488503515720367431640625" lon="1.6756524145603179931640625">
        <ele>1374.5999755859375</ele>
        <time>2026-09-03T09:48:50.000Z</time>
      </trkpt>
      <trkpt lat="42.22609187476336956024169921875" lon="1.675642691552639007568359375">
        <ele>1375.199951171875</ele>
        <time>2026-09-03T09:48:56.000Z</time>
      </trkpt>
      <trkpt lat="42.22609757445752620697021484375" lon="1.67562467046082019805908203125">
        <ele>1375.199951171875</ele>
        <time>2026-09-03T09:48:58.000Z</time>
      </trkpt>
      <trkpt lat="42.22612171433866024017333984375" lon="1.67562684975564479827880859375">
        <ele>1376</ele>
        <time>2026-09-03T09:49:01.000Z</time>
      </trkpt>
      <trkpt lat="42.2261243127286434173583984375" lon="1.67562467046082019805908203125">
        <ele>1376</ele>
        <time>2026-09-03T09:49:04.000Z</time>
      </trkpt>
      <trkpt lat="42.2261243127286434173583984375" lon="1.67562467046082019805908203125">
        <ele>1375.5999755859375</ele>
        <time>2026-09-03T09:49:07.000Z</time>
      </trkpt>
      <trkpt lat="42.22614903934299945831298828125" lon="1.67563120834529399871826171875">
        <ele>1376.199951171875</ele>
        <time>2026-09-03T09:49:11.000Z</time>
      </trkpt>
      <trkpt lat="42.22618558444082736968994140625" lon="1.67563154362142086029052734375">
        <ele>1376.199951171875</ele>
        <time>2026-09-03T09:49:14.000Z</time>
      </trkpt>
      <trkpt lat="42.2262543998658657073974609375" lon="1.67564378120005130767822265625">
        <ele>1376.5999755859375</ele>
        <time>2026-09-03T09:49:19.000Z</time>
      </trkpt>
      <trkpt lat="42.22626554779708385467529296875" lon="1.675637327134609222412109375">
        <ele>1377.199951171875</ele>
        <time>2026-09-03T09:49:20.000Z</time>
      </trkpt>
      <trkpt lat="42.2262771986424922943115234375" lon="1.675614528357982635498046875">
        <ele>1377.800048828125</ele>
        <time>2026-09-03T09:49:22.000Z</time>
      </trkpt>
      <trkpt lat="42.22629010677337646484375" lon="1.675608493387699127197265625">
        <ele>1378.199951171875</ele>
        <time>2026-09-03T09:49:23.000Z</time>
      </trkpt>
      <trkpt lat="42.22630108706653118133544921875" lon="1.6755972616374492645263671875">
        <ele>1378.4000244140625</ele>
        <time>2026-09-03T09:49:24.000Z</time>
      </trkpt>
      <trkpt lat="42.22634098492562770843505859375" lon="1.6755342297255992889404296875">
        <ele>1379.199951171875</ele>
        <time>2026-09-03T09:49:30.000Z</time>
      </trkpt>
      <trkpt lat="42.226347438991069793701171875" lon="1.67552526108920574188232421875">
        <ele>1379.4000244140625</ele>
        <time>2026-09-03T09:49:31.000Z</time>
      </trkpt>
      <trkpt lat="42.2263610176742076873779296875" lon="1.67549542151391506195068359375">
        <ele>1380.199951171875</ele>
        <time>2026-09-03T09:49:34.000Z</time>
      </trkpt>
      <trkpt lat="42.22636462189257144927978515625" lon="1.675482094287872314453125">
        <ele>1380.5999755859375</ele>
        <time>2026-09-03T09:49:35.000Z</time>
      </trkpt>
      <trkpt lat="42.22638197243213653564453125" lon="1.675459630787372589111328125">
        <ele>1381</ele>
        <time>2026-09-03T09:49:37.000Z</time>
      </trkpt>
      <trkpt lat="42.2263898514211177825927734375" lon="1.6754497401416301727294921875">
        <ele>1381.4000244140625</ele>
        <time>2026-09-03T09:49:38.000Z</time>
      </trkpt>
      <trkpt lat="42.2263942100107669830322265625" lon="1.67543842457234859466552734375">
        <ele>1381.5999755859375</ele>
        <time>2026-09-03T09:49:39.000Z</time>
      </trkpt>
      <trkpt lat="42.22642430104315280914306640625" lon="1.6754002869129180908203125">
        <ele>1382.4000244140625</ele>
        <time>2026-09-03T09:49:43.000Z</time>
      </trkpt>
      <trkpt lat="42.22642865963280200958251953125" lon="1.6753917373716831207275390625">
        <ele>1382.800048828125</ele>
        <time>2026-09-03T09:49:44.000Z</time>
      </trkpt>
      <trkpt lat="42.22643502987921237945556640625" lon="1.67538058944046497344970703125">
        <ele>1383.199951171875</ele>
        <time>2026-09-03T09:49:45.000Z</time>
      </trkpt>
      <trkpt lat="42.226448692381381988525390625" lon="1.67537338100373744964599609375">
        <ele>1383.800048828125</ele>
        <time>2026-09-03T09:49:47.000Z</time>
      </trkpt>
      <trkpt lat="42.2265014983713626861572265625" lon="1.6753546893596649169921875">
        <ele>1383.5999755859375</ele>
        <time>2026-09-03T09:49:51.000Z</time>
      </trkpt>
      <trkpt lat="42.22653125412762165069580078125" lon="1.67534186504781246185302734375">
        <ele>1382.800048828125</ele>
        <time>2026-09-03T09:49:54.000Z</time>
      </trkpt>
      <trkpt lat="42.22654650919139385223388671875" lon="1.67531705461442470550537109375">
        <ele>1383</ele>
        <time>2026-09-03T09:49:57.000Z</time>
      </trkpt>
      <trkpt lat="42.22655656747519969940185546875" lon="1.67530783452093601226806640625">
        <ele>1383.4000244140625</ele>
        <time>2026-09-03T09:49:58.000Z</time>
      </trkpt>
      <trkpt lat="42.22659629769623279571533203125" lon="1.67528872378170490264892578125">
        <ele>1383.800048828125</ele>
        <time>2026-09-03T09:50:03.000Z</time>
      </trkpt>
      <trkpt lat="42.22660191357135772705078125" lon="1.67528587393462657928466796875">
        <ele>1384</ele>
        <time>2026-09-03T09:50:04.000Z</time>
      </trkpt>
      <trkpt lat="42.2266020812094211578369140625" lon="1.67527045123279094696044921875">
        <ele>1384.5999755859375</ele>
        <time>2026-09-03T09:50:06.000Z</time>
      </trkpt>
      <trkpt lat="42.22661138512194156646728515625" lon="1.67524865828454494476318359375">
        <ele>1385.199951171875</ele>
        <time>2026-09-03T09:50:08.000Z</time>
      </trkpt>
      <trkpt lat="42.22661155276000499725341796875" lon="1.6752428747713565826416015625">
        <ele>1385.5999755859375</ele>
        <time>2026-09-03T09:50:09.000Z</time>
      </trkpt>
      <trkpt lat="42.2266299091279506683349609375" lon="1.67523239739239215850830078125">
        <ele>1386.199951171875</ele>
        <time>2026-09-03T09:50:11.000Z</time>
      </trkpt>
      <trkpt lat="42.22664482891559600830078125" lon="1.6752100177109241485595703125">
        <ele>1386.5999755859375</ele>
        <time>2026-09-03T09:50:14.000Z</time>
      </trkpt>
      <trkpt lat="42.2266590781509876251220703125" lon="1.6751443035900592803955078125">
        <ele>1386.199951171875</ele>
        <time>2026-09-03T09:50:19.000Z</time>
      </trkpt>
      <trkpt lat="42.2266724891960620880126953125" lon="1.6751121170818805694580078125">
        <ele>1386.800048828125</ele>
        <time>2026-09-03T09:50:23.000Z</time>
      </trkpt>
      <trkpt lat="42.22667835652828216552734375" lon="1.67509342543780803680419921875">
        <ele>1387</ele>
        <time>2026-09-03T09:50:25.000Z</time>
      </trkpt>
      <trkpt lat="42.2266758419573307037353515625" lon="1.6750876419246196746826171875">
        <ele>1386.5999755859375</ele>
        <time>2026-09-03T09:50:31.000Z</time>
      </trkpt>
      <trkpt lat="42.2266723215579986572265625" lon="1.67506660334765911102294921875">
        <ele>1386.800048828125</ele>
        <time>2026-09-03T09:50:33.000Z</time>
      </trkpt>
      <trkpt lat="42.2266580723226070404052734375" lon="1.67502804659307003021240234375">
        <ele>1387.4000244140625</ele>
        <time>2026-09-03T09:50:37.000Z</time>
      </trkpt>
      <trkpt lat="42.226645834743976593017578125" lon="1.6749924235045909881591796875">
        <ele>1387.800048828125</ele>
        <time>2026-09-03T09:50:41.000Z</time>
      </trkpt>
      <trkpt lat="42.22663619555532932281494140625" lon="1.67500893585383892059326171875">
        <ele>1388.5999755859375</ele>
        <time>2026-09-03T09:50:45.000Z</time>
      </trkpt>
      <trkpt lat="42.2266352735459804534912109375" lon="1.67500893585383892059326171875">
        <ele>1389</ele>
        <time>2026-09-03T09:50:46.000Z</time>
      </trkpt>
      <trkpt lat="42.22663569264113903045654296875" lon="1.67500893585383892059326171875">
        <ele>1389.4000244140625</ele>
        <time>2026-09-03T09:50:51.000Z</time>
      </trkpt>
      <trkpt lat="42.22662630490958690643310546875" lon="1.6749887354671955108642578125">
        <ele>1389.199951171875</ele>
        <time>2026-09-03T09:50:53.000Z</time>
      </trkpt>
      <trkpt lat="42.22661440260708332061767578125" lon="1.6749709658324718475341796875">
        <ele>1389.199951171875</ele>
        <time>2026-09-03T09:50:55.000Z</time>
      </trkpt>
      <trkpt lat="42.2266213595867156982421875" lon="1.6749107837677001953125">
        <ele>1390</ele>
        <time>2026-09-03T09:50:59.000Z</time>
      </trkpt>
      <trkpt lat="42.22663016058504581451416015625" lon="1.6749069280922412872314453125">
        <ele>1390.199951171875</ele>
        <time>2026-09-03T09:51:00.000Z</time>
      </trkpt>
      <trkpt lat="42.22664617002010345458984375" lon="1.674885638058185577392578125">
        <ele>1391</ele>
        <time>2026-09-03T09:51:04.000Z</time>
      </trkpt>
      <trkpt lat="42.2266738303005695343017578125" lon="1.6748640127480030059814453125">
        <ele>1391.800048828125</ele>
        <time>2026-09-03T09:51:08.000Z</time>
      </trkpt>
      <trkpt lat="42.22668698988854885101318359375" lon="1.67485135607421398162841796875">
        <ele>1392</ele>
        <time>2026-09-03T09:51:10.000Z</time>
      </trkpt>
      <trkpt lat="42.226718924939632415771484375" lon="1.6748190857470035552978515625">
        <ele>1392.800048828125</ele>
        <time>2026-09-03T09:51:15.000Z</time>
      </trkpt>
      <trkpt lat="42.22673107869923114776611328125" lon="1.67480173520743846893310546875">
        <ele>1393.199951171875</ele>
        <time>2026-09-03T09:51:17.000Z</time>
      </trkpt>
      <trkpt lat="42.22676091827452182769775390625" lon="1.674756221473217010498046875">
        <ele>1393.5999755859375</ele>
        <time>2026-09-03T09:51:22.000Z</time>
      </trkpt>
      <trkpt lat="42.22676209174096584320068359375" lon="1.67474624700844287872314453125">
        <ele>1393.5999755859375</ele>
        <time>2026-09-03T09:51:28.000Z</time>
      </trkpt>
      <trkpt lat="42.2267925180494785308837890625" lon="1.67471758089959621429443359375">
        <ele>1394.199951171875</ele>
        <time>2026-09-03T09:51:32.000Z</time>
      </trkpt>
      <trkpt lat="42.2268022410571575164794921875" lon="1.6747114621102809906005859375">
        <ele>1394.5999755859375</ele>
        <time>2026-09-03T09:51:33.000Z</time>
      </trkpt>
      <trkpt lat="42.226833589375019073486328125" lon="1.67468572966754436492919921875">
        <ele>1395.4000244140625</ele>
        <time>2026-09-03T09:51:36.000Z</time>
      </trkpt>
      <trkpt lat="42.2268703021109104156494140625" lon="1.67466192506253719329833984375">
        <ele>1396.199951171875</ele>
        <time>2026-09-03T09:51:40.000Z</time>
      </trkpt>
      <trkpt lat="42.22689955495297908782958984375" lon="1.67464801110327243804931640625">
        <ele>1396.4000244140625</ele>
        <time>2026-09-03T09:51:43.000Z</time>
      </trkpt>
      <trkpt lat="42.22692067734897136688232421875" lon="1.67463493533432483673095703125">
        <ele>1396.5999755859375</ele>
        <time>2026-09-03T09:51:45.000Z</time>
      </trkpt>
      <trkpt lat="42.226962335407733917236328125" lon="1.6746132262051105499267578125">
        <ele>1397.4000244140625</ele>
        <time>2026-09-03T09:51:50.000Z</time>
      </trkpt>
      <trkpt lat="42.22697817720472812652587890625" lon="1.6746085323393344879150390625">
        <ele>1397.800048828125</ele>
        <time>2026-09-03T09:51:52.000Z</time>
      </trkpt>
      <trkpt lat="42.226980440318584442138671875" lon="1.6746102087199687957763671875">
        <ele>1398.5999755859375</ele>
        <time>2026-09-03T09:51:55.000Z</time>
      </trkpt>
      <trkpt lat="42.226980440318584442138671875" lon="1.67461012490093708038330078125">
        <ele>1398.5999755859375</ele>
        <time>2026-09-03T09:51:58.000Z</time>
      </trkpt>
      <trkpt lat="42.2270131297409534454345703125" lon="1.67459771968424320220947265625">
        <ele>1398.4000244140625</ele>
        <time>2026-09-03T09:52:02.000Z</time>
      </trkpt>
      <trkpt lat="42.22703685052692890167236328125" lon="1.6745902597904205322265625">
        <ele>1398.5999755859375</ele>
        <time>2026-09-03T09:52:04.000Z</time>
      </trkpt>
      <trkpt lat="42.22708445973694324493408203125" lon="1.674571819603443145751953125">
        <ele>1399.5999755859375</ele>
        <time>2026-09-03T09:52:08.000Z</time>
      </trkpt>
      <trkpt lat="42.22710491158068180084228515625" lon="1.6745619289577007293701171875">
        <ele>1399.800048828125</ele>
        <time>2026-09-03T09:52:10.000Z</time>
      </trkpt>
      <trkpt lat="42.227135002613067626953125" lon="1.6745233722031116485595703125">
        <ele>1399.800048828125</ele>
        <time>2026-09-03T09:52:16.000Z</time>
      </trkpt>
      <trkpt lat="42.22714464180171489715576171875" lon="1.674492694437503814697265625">
        <ele>1400.800048828125</ele>
        <time>2026-09-03T09:52:20.000Z</time>
      </trkpt>
      <trkpt lat="42.22715042531490325927734375" lon="1.674468219280242919921875">
        <ele>1401.199951171875</ele>
        <time>2026-09-03T09:52:22.000Z</time>
      </trkpt>
      <trkpt lat="42.22716023214161396026611328125" lon="1.67443913407623767852783203125">
        <ele>1401.800048828125</ele>
        <time>2026-09-03T09:52:25.000Z</time>
      </trkpt>
      <trkpt lat="42.22718353383243083953857421875" lon="1.67444013990461826324462890625">
        <ele>1402.4000244140625</ele>
        <time>2026-09-03T09:52:28.000Z</time>
      </trkpt>
      <trkpt lat="42.2271847911179065704345703125" lon="1.67444919236004352569580078125">
        <ele>1402.5999755859375</ele>
        <time>2026-09-03T09:52:29.000Z</time>
      </trkpt>
      <trkpt lat="42.227213792502880096435546875" lon="1.67445279657840728759765625">
        <ele>1403</ele>
        <time>2026-09-03T09:52:32.000Z</time>
      </trkpt>
      <trkpt lat="42.227221839129924774169921875" lon="1.6744482703506946563720703125">
        <ele>1403.4000244140625</ele>
        <time>2026-09-03T09:52:34.000Z</time>
      </trkpt>
      <trkpt lat="42.2272223420441150665283203125" lon="1.67444701306521892547607421875">
        <ele>1403.199951171875</ele>
        <time>2026-09-03T09:52:39.000Z</time>
      </trkpt>
      <trkpt lat="42.2272223420441150665283203125" lon="1.67444701306521892547607421875">
        <ele>1403</ele>
        <time>2026-09-03T09:52:40.000Z</time>
      </trkpt>
      <trkpt lat="42.2272223420441150665283203125" lon="1.67444701306521892547607421875">
        <ele>1402.4000244140625</ele>
        <time>2026-09-03T09:52:44.000Z</time>
      </trkpt>
      <trkpt lat="42.2272223420441150665283203125" lon="1.67444701306521892547607421875">
        <ele>1402.199951171875</ele>
        <time>2026-09-03T09:52:50.000Z</time>
      </trkpt>
      <trkpt lat="42.2272223420441150665283203125" lon="1.67444701306521892547607421875">
        <ele>1402.800048828125</ele>
        <time>2026-09-03T09:52:54.000Z</time>
      </trkpt>
      <trkpt lat="42.2272223420441150665283203125" lon="1.67444701306521892547607421875">
        <ele>1403</ele>
        <time>2026-09-03T09:52:55.000Z</time>
      </trkpt>
      <trkpt lat="42.2272223420441150665283203125" lon="1.67444701306521892547607421875">
        <ele>1403.199951171875</ele>
        <time>2026-09-03T09:52:56.000Z</time>
      </trkpt>
      <trkpt lat="42.22722410224378108978271484375" lon="1.67444248683750629425048828125">
        <ele>1403.199951171875</ele>
        <time>2026-09-03T09:52:59.000Z</time>
      </trkpt>
      <trkpt lat="42.2272223420441150665283203125" lon="1.67444701306521892547607421875">
        <ele>1403.4000244140625</ele>
        <time>2026-09-03T09:53:03.000Z</time>
      </trkpt>
      <trkpt lat="42.22723365761339664459228515625" lon="1.674439720809459686279296875">
        <ele>1403.5999755859375</ele>
        <time>2026-09-03T09:53:07.000Z</time>
      </trkpt>
      <trkpt lat="42.2272558696568012237548828125" lon="1.674429662525653839111328125">
        <ele>1403.800048828125</ele>
        <time>2026-09-03T09:53:09.000Z</time>
      </trkpt>
      <trkpt lat="42.2272511757910251617431640625" lon="1.674420274794101715087890625">
        <ele>1404</ele>
        <time>2026-09-03T09:53:10.000Z</time>
      </trkpt>
      <trkpt lat="42.227273471653461456298828125" lon="1.67439605109393596649169921875">
        <ele>1404.5999755859375</ele>
        <time>2026-09-03T09:53:13.000Z</time>
      </trkpt>
      <trkpt lat="42.2273152135312557220458984375" lon="1.67436269111931324005126953125">
        <ele>1404.199951171875</ele>
        <time>2026-09-03T09:53:18.000Z</time>
      </trkpt>
      <trkpt lat="42.22733172588050365447998046875" lon="1.6743466816842555999755859375">
        <ele>1404.199951171875</ele>
        <time>2026-09-03T09:53:20.000Z</time>
      </trkpt>
      <trkpt lat="42.22738754935562610626220703125" lon="1.6743059456348419189453125">
        <ele>1404.800048828125</ele>
        <time>2026-09-03T09:53:26.000Z</time>
      </trkpt>
      <trkpt lat="42.22739626653492450714111328125" lon="1.6743004135787487030029296875">
        <ele>1405</ele>
        <time>2026-09-03T09:53:27.000Z</time>
      </trkpt>
      <trkpt lat="42.22742258571088314056396484375" lon="1.67427618987858295440673828125">
        <ele>1406.199951171875</ele>
        <time>2026-09-03T09:53:32.000Z</time>
      </trkpt>
      <trkpt lat="42.22744655795395374298095703125" lon="1.6742715798318386077880859375">
        <ele>1406.4000244140625</ele>
        <time>2026-09-03T09:53:34.000Z</time>
      </trkpt>
      <trkpt lat="42.2274805046617984771728515625" lon="1.67423956096172332763671875">
        <ele>1407.199951171875</ele>
        <time>2026-09-03T09:53:39.000Z</time>
      </trkpt>
      <trkpt lat="42.22749919630587100982666015625" lon="1.67421684600412845611572265625">
        <ele>1407.800048828125</ele>
        <time>2026-09-03T09:53:42.000Z</time>
      </trkpt>
      <trkpt lat="42.22752392292022705078125" lon="1.67419404722750186920166015625">
        <ele>1408.4000244140625</ele>
        <time>2026-09-03T09:53:46.000Z</time>
      </trkpt>
      <trkpt lat="42.2275344841182231903076171875" lon="1.6741777025163173675537109375">
        <ele>1409</ele>
        <time>2026-09-03T09:53:49.000Z</time>
      </trkpt>
      <trkpt lat="42.227531969547271728515625" lon="1.67417879216372966766357421875">
        <ele>1409.199951171875</ele>
        <time>2026-09-03T09:53:51.000Z</time>
      </trkpt>
      <trkpt lat="42.2275292873382568359375" lon="1.67418113909661769866943359375">
        <ele>1409.4000244140625</ele>
        <time>2026-09-03T09:53:56.000Z</time>
      </trkpt>
      <trkpt lat="42.22752400673925876617431640625" lon="1.67418264783918857574462890625">
        <ele>1409.4000244140625</ele>
        <time>2026-09-03T09:53:58.000Z</time>
      </trkpt>
      <trkpt lat="42.227531634271144866943359375" lon="1.67417091317474842071533203125">
        <ele>1409.5999755859375</ele>
        <time>2026-09-03T09:54:00.000Z</time>
      </trkpt>
      <trkpt lat="42.22754227928817272186279296875" lon="1.67415699921548366546630859375">
        <ele>1409.800048828125</ele>
        <time>2026-09-03T09:54:02.000Z</time>
      </trkpt>
      <trkpt lat="42.22755468450486660003662109375" lon="1.67414023540914058685302734375">
        <ele>1410.199951171875</ele>
        <time>2026-09-03T09:54:04.000Z</time>
      </trkpt>
      <trkpt lat="42.2275683470070362091064453125" lon="1.67412699200212955474853515625">
        <ele>1410.5999755859375</ele>
        <time>2026-09-03T09:54:06.000Z</time>
      </trkpt>
      <trkpt lat="42.2275881282985210418701171875" lon="1.67409698478877544403076171875">
        <ele>1411.800048828125</ele>
        <time>2026-09-03T09:54:11.000Z</time>
      </trkpt>
      <trkpt lat="42.2275841049849987030029296875" lon="1.674090363085269927978515625">
        <ele>1412.800048828125</ele>
        <time>2026-09-03T09:54:13.000Z</time>
      </trkpt>
      <trkpt lat="42.22758628427982330322265625" lon="1.674093045294284820556640625">
        <ele>1412.800048828125</ele>
        <time>2026-09-03T09:54:17.000Z</time>
      </trkpt>
      <trkpt lat="42.22758628427982330322265625" lon="1.674093045294284820556640625">
        <ele>1411.5999755859375</ele>
        <time>2026-09-03T09:54:19.000Z</time>
      </trkpt>
      <trkpt lat="42.22758628427982330322265625" lon="1.674093045294284820556640625">
        <ele>1412.199951171875</ele>
        <time>2026-09-03T09:54:23.000Z</time>
      </trkpt>
      <trkpt lat="42.22758628427982330322265625" lon="1.674093045294284820556640625">
        <ele>1412.199951171875</ele>
        <time>2026-09-03T09:54:25.000Z</time>
      </trkpt>
      <trkpt lat="42.22758628427982330322265625" lon="1.674093045294284820556640625">
        <ele>1412.199951171875</ele>
        <time>2026-09-03T09:54:28.000Z</time>
      </trkpt>
      <trkpt lat="42.22758628427982330322265625" lon="1.674093045294284820556640625">
        <ele>1412.199951171875</ele>
        <time>2026-09-03T09:54:34.000Z</time>
      </trkpt>
      <trkpt lat="42.22758628427982330322265625" lon="1.674093045294284820556640625">
        <ele>1412.800048828125</ele>
        <time>2026-09-03T09:54:38.000Z</time>
      </trkpt>
      <trkpt lat="42.22758628427982330322265625" lon="1.674093045294284820556640625">
        <ele>1413.5999755859375</ele>
        <time>2026-09-03T09:54:41.000Z</time>
      </trkpt>
      <trkpt lat="42.22759139724075794219970703125" lon="1.67408525012433528900146484375">
        <ele>1413.800048828125</ele>
        <time>2026-09-03T09:54:42.000Z</time>
      </trkpt>
      <trkpt lat="42.22760464064776897430419921875" lon="1.67406312189996242523193359375">
        <ele>1413</ele>
        <time>2026-09-03T09:54:48.000Z</time>
      </trkpt>
      <trkpt lat="42.22762140445411205291748046875" lon="1.67405180633068084716796875">
        <ele>1412.5999755859375</ele>
        <time>2026-09-03T09:54:51.000Z</time>
      </trkpt>
      <trkpt lat="42.22762810997664928436279296875" lon="1.67404267005622386932373046875">
        <ele>1412.800048828125</ele>
        <time>2026-09-03T09:54:52.000Z</time>
      </trkpt>
      <trkpt lat="42.22765224985778331756591796875" lon="1.67402205057442188262939453125">
        <ele>1413.5999755859375</ele>
        <time>2026-09-03T09:54:55.000Z</time>
      </trkpt>
      <trkpt lat="42.22767890430986881256103515625" lon="1.67397444136440753936767578125">
        <ele>1414</ele>
        <time>2026-09-03T09:54:59.000Z</time>
      </trkpt>
      <trkpt lat="42.227719388902187347412109375" lon="1.673918701708316802978515625">
        <ele>1414.4000244140625</ele>
        <time>2026-09-03T09:55:05.000Z</time>
      </trkpt>
      <trkpt lat="42.22773456014692783355712890625" lon="1.673904955387115478515625">
        <ele>1415</ele>
        <time>2026-09-03T09:55:07.000Z</time>
      </trkpt>
      <trkpt lat="42.227741181850433349609375" lon="1.6738984175026416778564453125">
        <ele>1415.4000244140625</ele>
        <time>2026-09-03T09:55:08.000Z</time>
      </trkpt>
      <trkpt lat="42.22776465117931365966796875" lon="1.67386514134705066680908203125">
        <ele>1416</ele>
        <time>2026-09-03T09:55:11.000Z</time>
      </trkpt>
      <trkpt lat="42.2277916409075260162353515625" lon="1.67382809333503246307373046875">
        <ele>1417</ele>
        <time>2026-09-03T09:55:16.000Z</time>
      </trkpt>
      <trkpt lat="42.22782374359667301177978515625" lon="1.673781573772430419921875">
        <ele>1417.5999755859375</ele>
        <time>2026-09-03T09:55:22.000Z</time>
      </trkpt>
      <trkpt lat="42.22783572971820831298828125" lon="1.67375936172902584075927734375">
        <ele>1418.199951171875</ele>
        <time>2026-09-03T09:55:25.000Z</time>
      </trkpt>
      <trkpt lat="42.2278469614684581756591796875" lon="1.67374276556074619293212890625">
        <ele>1418.5999755859375</ele>
        <time>2026-09-03T09:55:27.000Z</time>
      </trkpt>
      <trkpt lat="42.2278546728193759918212890625" lon="1.67372533120214939117431640625">
        <ele>1419</ele>
        <time>2026-09-03T09:55:29.000Z</time>
      </trkpt>
      <trkpt lat="42.22786380909383296966552734375" lon="1.67370739392936229705810546875">
        <ele>1419.4000244140625</ele>
        <time>2026-09-03T09:55:31.000Z</time>
      </trkpt>
      <trkpt lat="42.2278680838644504547119140625" lon="1.6736992634832859039306640625">
        <ele>1419.5999755859375</ele>
        <time>2026-09-03T09:55:32.000Z</time>
      </trkpt>
      <trkpt lat="42.22789180465042591094970703125" lon="1.67367705143988132476806640625">
        <ele>1420</ele>
        <time>2026-09-03T09:55:36.000Z</time>
      </trkpt>
      <trkpt lat="42.22790353931486606597900390625" lon="1.67365542612969875335693359375">
        <ele>1420.199951171875</ele>
        <time>2026-09-03T09:55:39.000Z</time>
      </trkpt>
      <trkpt lat="42.22790756262838840484619140625" lon="1.67364855296909809112548828125">
        <ele>1420.4000244140625</ele>
        <time>2026-09-03T09:55:40.000Z</time>
      </trkpt>
      <trkpt lat="42.2279136814177036285400390625" lon="1.67364276945590972900390625">
        <ele>1420.4000244140625</ele>
        <time>2026-09-03T09:55:41.000Z</time>
      </trkpt>
      <trkpt lat="42.227939665317535400390625" lon="1.67359675280749797821044921875">
        <ele>1421</ele>
        <time>2026-09-03T09:55:47.000Z</time>
      </trkpt>
      <trkpt lat="42.2279451973736286163330078125" lon="1.673589460551738739013671875">
        <ele>1421.199951171875</ele>
        <time>2026-09-03T09:55:48.000Z</time>
      </trkpt>
      <trkpt lat="42.2279502265155315399169921875" lon="1.67358149774372577667236328125">
        <ele>1421.4000244140625</ele>
        <time>2026-09-03T09:55:49.000Z</time>
      </trkpt>
      <trkpt lat="42.2279874421656131744384765625" lon="1.673527099192142486572265625">
        <ele>1422.4000244140625</ele>
        <time>2026-09-03T09:55:55.000Z</time>
      </trkpt>
      <trkpt lat="42.2280008532106876373291015625" lon="1.67351142503321170806884765625">
        <ele>1422.5999755859375</ele>
        <time>2026-09-03T09:55:57.000Z</time>
      </trkpt>
      <trkpt lat="42.2280085645616054534912109375" lon="1.673507653176784515380859375">
        <ele>1422.800048828125</ele>
        <time>2026-09-03T09:55:58.000Z</time>
      </trkpt>
      <trkpt lat="42.2280501388013362884521484375" lon="1.673504970967769622802734375">
        <ele>1423.199951171875</ele>
        <time>2026-09-03T09:56:04.000Z</time>
      </trkpt>
      <trkpt lat="42.22807000391185283660888671875" lon="1.6735111735761165618896484375">
        <ele>1423</ele>
        <time>2026-09-03T09:56:07.000Z</time>
      </trkpt>
      <trkpt lat="42.228122055530548095703125" lon="1.673535145819187164306640625">
        <ele>1423.199951171875</ele>
        <time>2026-09-03T09:56:13.000Z</time>
      </trkpt>
      <trkpt lat="42.22814627923071384429931640625" lon="1.6735443659126758575439453125">
        <ele>1423.4000244140625</ele>
        <time>2026-09-03T09:56:16.000Z</time>
      </trkpt>
      <trkpt lat="42.22816237248480319976806640625" lon="1.67354310862720012664794921875">
        <ele>1423.5999755859375</ele>
        <time>2026-09-03T09:56:18.000Z</time>
      </trkpt>
      <trkpt lat="42.22820579074323177337646484375" lon="1.673545874655246734619140625">
        <ele>1424.4000244140625</ele>
        <time>2026-09-03T09:56:24.000Z</time>
      </trkpt>
      <trkpt lat="42.22821651957929134368896484375" lon="1.67354763485491275787353515625">
        <ele>1424.4000244140625</ele>
        <time>2026-09-03T09:56:25.000Z</time>
      </trkpt>
      <trkpt lat="42.2282382287085056304931640625" lon="1.67354864068329334259033203125">
        <ele>1424.800048828125</ele>
        <time>2026-09-03T09:56:28.000Z</time>
      </trkpt>
      <trkpt lat="42.228275947272777557373046875" lon="1.6735457070171833038330078125">
        <ele>1425.4000244140625</ele>
        <time>2026-09-03T09:56:33.000Z</time>
      </trkpt>
      <trkpt lat="42.22829380072653293609619140625" lon="1.673539169132709503173828125">
        <ele>1425.800048828125</ele>
        <time>2026-09-03T09:56:35.000Z</time>
      </trkpt>
      <trkpt lat="42.2283180244266986846923828125" lon="1.67353623546659946441650390625">
        <ele>1426.199951171875</ele>
        <time>2026-09-03T09:56:38.000Z</time>
      </trkpt>
      <trkpt lat="42.22834191285073757171630859375" lon="1.67353455908596515655517578125">
        <ele>1426.5999755859375</ele>
        <time>2026-09-03T09:56:41.000Z</time>
      </trkpt>
      <trkpt lat="42.22834610380232334136962890625" lon="1.673535816371440887451171875">
        <ele>1426.800048828125</ele>
        <time>2026-09-03T09:56:47.000Z</time>
      </trkpt>
      <trkpt lat="42.22834610380232334136962890625" lon="1.673535816371440887451171875">
        <ele>1426.800048828125</ele>
        <time>2026-09-03T09:56:48.000Z</time>
      </trkpt>
      <trkpt lat="42.22837577573955059051513671875" lon="1.67353254742920398712158203125">
        <ele>1426.800048828125</ele>
        <time>2026-09-03T09:56:53.000Z</time>
      </trkpt>
      <trkpt lat="42.22839119844138622283935546875" lon="1.6735292784869670867919921875">
        <ele>1427.199951171875</ele>
        <time>2026-09-03T09:56:55.000Z</time>
      </trkpt>
      <trkpt lat="42.22840477712452411651611328125" lon="1.67352818883955478668212890625">
        <ele>1428.199951171875</ele>
        <time>2026-09-03T09:56:58.000Z</time>
      </trkpt>
      <trkpt lat="42.228438556194305419921875" lon="1.67352098040282726287841796875">
        <ele>1428.5999755859375</ele>
        <time>2026-09-03T09:57:02.000Z</time>
      </trkpt>
      <trkpt lat="42.22848641686141490936279296875" lon="1.6735146939754486083984375">
        <ele>1428.800048828125</ele>
        <time>2026-09-03T09:57:08.000Z</time>
      </trkpt>
      <trkpt lat="42.22852162085473537445068359375" lon="1.67349734343588352203369140625">
        <ele>1429</ele>
        <time>2026-09-03T09:57:12.000Z</time>
      </trkpt>
      <trkpt lat="42.228528745472431182861328125" lon="1.67349365539848804473876953125">
        <ele>1429.199951171875</ele>
        <time>2026-09-03T09:57:13.000Z</time>
      </trkpt>
      <trkpt lat="42.228536121547222137451171875" lon="1.67348912917077541351318359375">
        <ele>1429.199951171875</ele>
        <time>2026-09-03T09:57:14.000Z</time>
      </trkpt>
      <trkpt lat="42.2285731695592403411865234375" lon="1.67346063069999217987060546875">
        <ele>1430</ele>
        <time>2026-09-03T09:57:20.000Z</time>
      </trkpt>
      <trkpt lat="42.2285874187946319580078125" lon="1.67345157824456691741943359375">
        <ele>1430.4000244140625</ele>
        <time>2026-09-03T09:57:22.000Z</time>
      </trkpt>
      <trkpt lat="42.22859370522201061248779296875" lon="1.67344671674072742462158203125">
        <ele>1430.5999755859375</ele>
        <time>2026-09-03T09:57:23.000Z</time>
      </trkpt>
      <trkpt lat="42.22861482761800289154052734375" lon="1.67343598790466785430908203125">
        <ele>1431.5999755859375</ele>
        <time>2026-09-03T09:57:27.000Z</time>
      </trkpt>
      <trkpt lat="42.22861700691282749176025390625" lon="1.67343087494373321533203125">
        <ele>1432.199951171875</ele>
        <time>2026-09-03T09:57:29.000Z</time>
      </trkpt>
      <trkpt lat="42.2286167554557323455810546875" lon="1.673430539667606353759765625">
        <ele>1432.5999755859375</ele>
        <time>2026-09-03T09:57:31.000Z</time>
      </trkpt>
      <trkpt lat="42.2286167554557323455810546875" lon="1.673430539667606353759765625">
        <ele>1433.199951171875</ele>
        <time>2026-09-03T09:57:37.000Z</time>
      </trkpt>
      <trkpt lat="42.2286167554557323455810546875" lon="1.673430539667606353759765625">
        <ele>1433.5999755859375</ele>
        <time>2026-09-03T09:57:38.000Z</time>
      </trkpt>
      <trkpt lat="42.22862161695957183837890625" lon="1.6734186373651027679443359375">
        <ele>1433.800048828125</ele>
        <time>2026-09-03T09:57:39.000Z</time>
      </trkpt>
      <trkpt lat="42.228637374937534332275390625" lon="1.67340598069131374359130859375">
        <ele>1434.4000244140625</ele>
        <time>2026-09-03T09:57:42.000Z</time>
      </trkpt>
      <trkpt lat="42.22864064387977123260498046875" lon="1.67340271174907684326171875">
        <ele>1434.4000244140625</ele>
        <time>2026-09-03T09:57:43.000Z</time>
      </trkpt>
      <trkpt lat="42.22865439020097255706787109375" lon="1.6734012030065059661865234375">
        <ele>1434.800048828125</ele>
        <time>2026-09-03T09:57:47.000Z</time>
      </trkpt>
      <trkpt lat="42.2286544740200042724609375" lon="1.673401035368442535400390625">
        <ele>1434.800048828125</ele>
        <time>2026-09-03T09:57:49.000Z</time>
      </trkpt>
      <trkpt lat="42.2286544740200042724609375" lon="1.673401035368442535400390625">
        <ele>1434.800048828125</ele>
        <time>2026-09-03T09:57:55.000Z</time>
      </trkpt>
      <trkpt lat="42.2286544740200042724609375" lon="1.673401035368442535400390625">
        <ele>1434.800048828125</ele>
        <time>2026-09-03T09:57:56.000Z</time>
      </trkpt>
      <trkpt lat="42.2286544740200042724609375" lon="1.673401035368442535400390625">
        <ele>1435</ele>
        <time>2026-09-03T09:58:01.000Z</time>
      </trkpt>
      <trkpt lat="42.2286544740200042724609375" lon="1.673401035368442535400390625">
        <ele>1434.800048828125</ele>
        <time>2026-09-03T09:58:04.000Z</time>
      </trkpt>
      <trkpt lat="42.2286544740200042724609375" lon="1.673401035368442535400390625">
        <ele>1434.800048828125</ele>
        <time>2026-09-03T09:58:09.000Z</time>
      </trkpt>
      <trkpt lat="42.2286544740200042724609375" lon="1.673401035368442535400390625">
        <ele>1434.800048828125</ele>
        <time>2026-09-03T09:58:10.000Z</time>
      </trkpt>
      <trkpt lat="42.2286774404346942901611328125" lon="1.6733981855213642120361328125">
        <ele>1435</ele>
        <time>2026-09-03T09:58:16.000Z</time>
      </trkpt>
      <trkpt lat="42.2286898456513881683349609375" lon="1.6733663342893123626708984375">
        <ele>1435.199951171875</ele>
        <time>2026-09-03T09:58:19.000Z</time>
      </trkpt>
      <trkpt lat="42.22868858836591243743896484375" lon="1.67328829877078533172607421875">
        <ele>1435.800048828125</ele>
        <time>2026-09-03T09:58:23.000Z</time>
      </trkpt>
      <trkpt lat="42.2286841459572315216064453125" lon="1.67325560934841632843017578125">
        <ele>1436</ele>
        <time>2026-09-03T09:58:25.000Z</time>
      </trkpt>
      <trkpt lat="42.22869160585105419158935546875" lon="1.67315586470067501068115234375">
        <ele>1436.199951171875</ele>
        <time>2026-09-03T09:58:31.000Z</time>
      </trkpt>
      <trkpt lat="42.22869026474654674530029296875" lon="1.673143543303012847900390625">
        <ele>1436.199951171875</ele>
        <time>2026-09-03T09:58:32.000Z</time>
      </trkpt>
      <trkpt lat="42.2286982275545597076416015625" lon="1.673058383166790008544921875">
        <ele>1436.5999755859375</ele>
        <time>2026-09-03T09:58:38.000Z</time>
      </trkpt>
      <trkpt lat="42.228703089058399200439453125" lon="1.67299023829400539398193359375">
        <ele>1437</ele>
        <time>2026-09-03T09:58:43.000Z</time>
      </trkpt>
      <trkpt lat="42.22870116122066974639892578125" lon="1.6729831136763095855712890625">
        <ele>1437.4000244140625</ele>
        <time>2026-09-03T09:58:45.000Z</time>
      </trkpt>
      <trkpt lat="42.22870166413486003875732421875" lon="1.672983281314373016357421875">
        <ele>1437</ele>
        <time>2026-09-03T09:58:51.000Z</time>
      </trkpt>
      <trkpt lat="42.22870166413486003875732421875" lon="1.672983281314373016357421875">
        <ele>1437.199951171875</ele>
        <time>2026-09-03T09:58:54.000Z</time>
      </trkpt>
      <trkpt lat="42.22870166413486003875732421875" lon="1.672983281314373016357421875">
        <ele>1437.4000244140625</ele>
        <time>2026-09-03T09:58:56.000Z</time>
      </trkpt>
      <trkpt lat="42.22870149649679660797119140625" lon="1.6729747317731380462646484375">
        <ele>1436.800048828125</ele>
        <time>2026-09-03T09:59:02.000Z</time>
      </trkpt>
      <trkpt lat="42.22871608100831508636474609375" lon="1.67292553000152111053466796875">
        <ele>1438</ele>
        <time>2026-09-03T09:59:08.000Z</time>
      </trkpt>
      <trkpt lat="42.22871591337025165557861328125" lon="1.67292536236345767974853515625">
        <ele>1438</ele>
        <time>2026-09-03T09:59:10.000Z</time>
      </trkpt>
      <trkpt lat="42.22871591337025165557861328125" lon="1.67292536236345767974853515625">
        <ele>1437.5999755859375</ele>
        <time>2026-09-03T09:59:12.000Z</time>
      </trkpt>
      <trkpt lat="42.22869864664971828460693359375" lon="1.6729073412716388702392578125">
        <ele>1437</ele>
        <time>2026-09-03T09:59:18.000Z</time>
      </trkpt>
      <trkpt lat="42.2286945395171642303466796875" lon="1.67289032600820064544677734375">
        <ele>1436.800048828125</ele>
        <time>2026-09-03T09:59:20.000Z</time>
      </trkpt>
      <trkpt lat="42.22869378514587879180908203125" lon="1.6728808544576168060302734375">
        <ele>1437</ele>
        <time>2026-09-03T09:59:26.000Z</time>
      </trkpt>
      <trkpt lat="42.22869378514587879180908203125" lon="1.6728808544576168060302734375">
        <ele>1436.800048828125</ele>
        <time>2026-09-03T09:59:28.000Z</time>
      </trkpt>
      <trkpt lat="42.22869378514587879180908203125" lon="1.6728808544576168060302734375">
        <ele>1436.5999755859375</ele>
        <time>2026-09-03T09:59:34.000Z</time>
      </trkpt>
      <trkpt lat="42.22869378514587879180908203125" lon="1.6728808544576168060302734375">
        <ele>1436.5999755859375</ele>
        <time>2026-09-03T09:59:40.000Z</time>
      </trkpt>
      <trkpt lat="42.22869378514587879180908203125" lon="1.6728808544576168060302734375">
        <ele>1436.800048828125</ele>
        <time>2026-09-03T09:59:42.000Z</time>
      </trkpt>
      <trkpt lat="42.22869378514587879180908203125" lon="1.6728808544576168060302734375">
        <ele>1437</ele>
        <time>2026-09-03T09:59:48.000Z</time>
      </trkpt>
      <trkpt lat="42.22869378514587879180908203125" lon="1.6728808544576168060302734375">
        <ele>1436.800048828125</ele>
        <time>2026-09-03T09:59:54.000Z</time>
      </trkpt>
      <trkpt lat="42.22869378514587879180908203125" lon="1.6728808544576168060302734375">
        <ele>1437</ele>
        <time>2026-09-03T10:00:00.000Z</time>
      </trkpt>
      <trkpt lat="42.22869378514587879180908203125" lon="1.6728808544576168060302734375">
        <ele>1437</ele>
        <time>2026-09-03T10:00:06.000Z</time>
      </trkpt>
      <trkpt lat="42.22869378514587879180908203125" lon="1.6728808544576168060302734375">
        <ele>1437</ele>
        <time>2026-09-03T10:00:07.000Z</time>
      </trkpt>
      <trkpt lat="42.22869378514587879180908203125" lon="1.6728808544576168060302734375">
        <ele>1436.800048828125</ele>
        <time>2026-09-03T10:00:13.000Z</time>
      </trkpt>
      <trkpt lat="42.22869378514587879180908203125" lon="1.6728808544576168060302734375">
        <ele>1436.800048828125</ele>
        <time>2026-09-03T10:00:19.000Z</time>
      </trkpt>
      <trkpt lat="42.22869378514587879180908203125" lon="1.6728808544576168060302734375">
        <ele>1436.800048828125</ele>
        <time>2026-09-03T10:00:25.000Z</time>
      </trkpt>
      <trkpt lat="42.228735946118831634521484375" lon="1.67288244701921939849853515625">
        <ele>1437.4000244140625</ele>
        <time>2026-09-03T10:00:30.000Z</time>
      </trkpt>
      <trkpt lat="42.2287398017942905426025390625" lon="1.6728640906512737274169921875">
        <ele>1437.5999755859375</ele>
        <time>2026-09-03T10:00:31.000Z</time>
      </trkpt>
      <trkpt lat="42.2287545539438724517822265625" lon="1.67281488887965679168701171875">
        <ele>1438</ele>
        <time>2026-09-03T10:00:34.000Z</time>
      </trkpt>
      <trkpt lat="42.22875648178160190582275390625" lon="1.67280281893908977508544921875">
        <ele>1438</ele>
        <time>2026-09-03T10:00:35.000Z</time>
      </trkpt>
      <trkpt lat="42.2287912666797637939453125" lon="1.67270441539585590362548828125">
        <ele>1438.199951171875</ele>
        <time>2026-09-03T10:00:41.000Z</time>
      </trkpt>
      <trkpt lat="42.22879889421164989471435546875" lon="1.67268899269402027130126953125">
        <ele>1438</ele>
        <time>2026-09-03T10:00:42.000Z</time>
      </trkpt>
      <trkpt lat="42.22884885035455226898193359375" lon="1.67261020280420780181884765625">
        <ele>1436.5999755859375</ele>
        <time>2026-09-03T10:00:48.000Z</time>
      </trkpt>
      <trkpt lat="42.22885807044804096221923828125" lon="1.672600395977497100830078125">
        <ele>1436.4000244140625</ele>
        <time>2026-09-03T10:00:49.000Z</time>
      </trkpt>
      <trkpt lat="42.228907607495784759521484375" lon="1.672523953020572662353515625">
        <ele>1436</ele>
        <time>2026-09-03T10:00:55.000Z</time>
      </trkpt>
      <trkpt lat="42.22892428748309612274169921875" lon="1.672495789825916290283203125">
        <ele>1436</ele>
        <time>2026-09-03T10:00:57.000Z</time>
      </trkpt>
      <trkpt lat="42.22896317951381206512451171875" lon="1.67243099771440029144287109375">
        <ele>1436</ele>
        <time>2026-09-03T10:01:02.000Z</time>
      </trkpt>
      <trkpt lat="42.2289751656353473663330078125" lon="1.67240283451974391937255859375">
        <ele>1436</ele>
        <time>2026-09-03T10:01:04.000Z</time>
      </trkpt>
      <trkpt lat="42.2289962880313396453857421875" lon="1.6723782755434513092041015625">
        <ele>1435.800048828125</ele>
        <time>2026-09-03T10:01:06.000Z</time>
      </trkpt>
      <trkpt lat="42.2290408797562122344970703125" lon="1.67230904102325439453125">
        <ele>1435.800048828125</ele>
        <time>2026-09-03T10:01:12.000Z</time>
      </trkpt>
      <trkpt lat="42.22908454947173595428466796875" lon="1.67223603464663028717041015625">
        <ele>1435.800048828125</ele>
        <time>2026-09-03T10:01:18.000Z</time>
      </trkpt>
      <trkpt lat="42.22910986281931400299072265625" lon="1.67218993417918682098388671875">
        <ele>1436.199951171875</ele>
        <time>2026-09-03T10:01:22.000Z</time>
      </trkpt>
      <trkpt lat="42.2291381098330020904541015625" lon="1.6721279919147491455078125">
        <ele>1436</ele>
        <time>2026-09-03T10:01:27.000Z</time>
      </trkpt>
      <trkpt lat="42.2291605733335018157958984375" lon="1.6720932908356189727783203125">
        <ele>1435.800048828125</ele>
        <time>2026-09-03T10:01:30.000Z</time>
      </trkpt>
      <trkpt lat="42.22917440347373485565185546875" lon="1.672074012458324432373046875">
        <ele>1435.5999755859375</ele>
        <time>2026-09-03T10:01:32.000Z</time>
      </trkpt>
      <trkpt lat="42.22918563522398471832275390625" lon="1.6720329411327838897705078125">
        <ele>1434.5999755859375</ele>
        <time>2026-09-03T10:01:35.000Z</time>
      </trkpt>
      <trkpt lat="42.2292142175137996673583984375" lon="1.67198793031275272369384765625">
        <ele>1435</ele>
        <time>2026-09-03T10:01:39.000Z</time>
      </trkpt>
      <trkpt lat="42.22922754473984241485595703125" lon="1.6719615273177623748779296875">
        <ele>1435.5999755859375</ele>
        <time>2026-09-03T10:01:42.000Z</time>
      </trkpt>
      <trkpt lat="42.22926534712314605712890625" lon="1.6718911193311214447021484375">
        <ele>1435.5999755859375</ele>
        <time>2026-09-03T10:01:47.000Z</time>
      </trkpt>
      <trkpt lat="42.22929887473583221435546875" lon="1.671844013035297393798828125">
        <ele>1435.800048828125</ele>
        <time>2026-09-03T10:01:50.000Z</time>
      </trkpt>
      <trkpt lat="42.22932301461696624755859375" lon="1.67181174270808696746826171875">
        <ele>1436.199951171875</ele>
        <time>2026-09-03T10:01:54.000Z</time>
      </trkpt>
      <trkpt lat="42.22936986945569515228271484375" lon="1.67173228226602077484130859375">
        <ele>1435.5999755859375</ele>
        <time>2026-09-03T10:02:00.000Z</time>
      </trkpt>
      <trkpt lat="42.22938613034784793853759765625" lon="1.671716608107089996337890625">
        <ele>1435.800048828125</ele>
        <time>2026-09-03T10:02:03.000Z</time>
      </trkpt>
      <trkpt lat="42.2294076718389987945556640625" lon="1.67168584652245044708251953125">
        <ele>1435.4000244140625</ele>
        <time>2026-09-03T10:02:09.000Z</time>
      </trkpt>
      <trkpt lat="42.22941596992313861846923828125" lon="1.6716731898486614227294921875">
        <ele>1435.199951171875</ele>
        <time>2026-09-03T10:02:10.000Z</time>
      </trkpt>
      <trkpt lat="42.229468524456024169921875" lon="1.67158928699791431427001953125">
        <ele>1435.5999755859375</ele>
        <time>2026-09-03T10:02:16.000Z</time>
      </trkpt>
      <trkpt lat="42.2294981963932514190673828125" lon="1.67154201306402683258056640625">
        <ele>1435.5999755859375</ele>
        <time>2026-09-03T10:02:20.000Z</time>
      </trkpt>
      <trkpt lat="42.22955460660159587860107421875" lon="1.671470515429973602294921875">
        <ele>1435</ele>
        <time>2026-09-03T10:02:26.000Z</time>
      </trkpt>
      <trkpt lat="42.2295893914997577667236328125" lon="1.6714190505445003509521484375">
        <ele>1435.5999755859375</ele>
        <time>2026-09-03T10:02:30.000Z</time>
      </trkpt>
      <trkpt lat="42.2296115197241306304931640625" lon="1.6713650710880756378173828125">
        <ele>1436.800048828125</ele>
        <time>2026-09-03T10:02:34.000Z</time>
      </trkpt>
      <trkpt lat="42.22963389940559864044189453125" lon="1.67133062146604061126708984375">
        <ele>1438</ele>
        <time>2026-09-03T10:02:37.000Z</time>
      </trkpt>
      <trkpt lat="42.2296500764787197113037109375" lon="1.6713030450046062469482421875">
        <ele>1438</ele>
        <time>2026-09-03T10:02:39.000Z</time>
      </trkpt>
      <trkpt lat="42.22969123162329196929931640625" lon="1.6712463833391666412353515625">
        <ele>1437.199951171875</ele>
        <time>2026-09-03T10:02:44.000Z</time>
      </trkpt>
      <trkpt lat="42.2297198139131069183349609375" lon="1.6712021268904209136962890625">
        <ele>1436.800048828125</ele>
        <time>2026-09-03T10:02:48.000Z</time>
      </trkpt>
      <trkpt lat="42.22976264543831348419189453125" lon="1.6711253486573696136474609375">
        <ele>1437.199951171875</ele>
        <time>2026-09-03T10:02:54.000Z</time>
      </trkpt>
      <trkpt lat="42.22979550249874591827392578125" lon="1.6710733808577060699462890625">
        <ele>1437.5999755859375</ele>
        <time>2026-09-03T10:02:58.000Z</time>
      </trkpt>
      <trkpt lat="42.22982768900692462921142578125" lon="1.6709882207214832305908203125">
        <ele>1437</ele>
        <time>2026-09-03T10:03:04.000Z</time>
      </trkpt>
      <trkpt lat="42.2298626415431499481201171875" lon="1.67088990099728107452392578125">
        <ele>1436.4000244140625</ele>
        <time>2026-09-03T10:03:10.000Z</time>
      </trkpt>
      <trkpt lat="42.22987957298755645751953125" lon="1.67078328318893909454345703125">
        <ele>1436.5999755859375</ele>
        <time>2026-09-03T10:03:16.000Z</time>
      </trkpt>
      <trkpt lat="42.2298824228346347808837890625" lon="1.67074455879628658294677734375">
        <ele>1436.4000244140625</ele>
        <time>2026-09-03T10:03:18.000Z</time>
      </trkpt>
      <trkpt lat="42.22990932874381542205810546875" lon="1.67065202258527278900146484375">
        <ele>1436.5999755859375</ele>
        <time>2026-09-03T10:03:24.000Z</time>
      </trkpt>
      <trkpt lat="42.22991217859089374542236328125" lon="1.67063534259796142578125">
        <ele>1436.4000244140625</ele>
        <time>2026-09-03T10:03:25.000Z</time>
      </trkpt>
      <trkpt lat="42.22992961294949054718017578125" lon="1.67056082747876644134521484375">
        <ele>1436.4000244140625</ele>
        <time>2026-09-03T10:03:30.000Z</time>
      </trkpt>
      <trkpt lat="42.2299612127244472503662109375" lon="1.67050315998494625091552734375">
        <ele>1436.199951171875</ele>
        <time>2026-09-03T10:03:34.000Z</time>
      </trkpt>
      <trkpt lat="42.2299853526055812835693359375" lon="1.67045085690915584564208984375">
        <ele>1435.5999755859375</ele>
        <time>2026-09-03T10:03:38.000Z</time>
      </trkpt>
      <trkpt lat="42.2299875319004058837890625" lon="1.6704433970153331756591796875">
        <ele>1435.199951171875</ele>
        <time>2026-09-03T10:03:40.000Z</time>
      </trkpt>
      <trkpt lat="42.22998811863362789154052734375" lon="1.67044230736792087554931640625">
        <ele>1434.5999755859375</ele>
        <time>2026-09-03T10:03:44.000Z</time>
      </trkpt>
      <trkpt lat="42.2300084866583347320556640625" lon="1.6704055108129978179931640625">
        <ele>1434.5999755859375</ele>
        <time>2026-09-03T10:03:49.000Z</time>
      </trkpt>
      <trkpt lat="42.23005299456417560577392578125" lon="1.67033619247376918792724609375">
        <ele>1435.4000244140625</ele>
        <time>2026-09-03T10:03:54.000Z</time>
      </trkpt>
      <trkpt lat="42.23008266650140285491943359375" lon="1.67029201984405517578125">
        <ele>1435.4000244140625</ele>
        <time>2026-09-03T10:03:57.000Z</time>
      </trkpt>
      <trkpt lat="42.23011217080056667327880859375" lon="1.67024265043437480926513671875">
        <ele>1434.5999755859375</ele>
        <time>2026-09-03T10:04:01.000Z</time>
      </trkpt>
      <trkpt lat="42.23014117218554019927978515625" lon="1.6701969690620899200439453125">
        <ele>1434.5999755859375</ele>
        <time>2026-09-03T10:04:05.000Z</time>
      </trkpt>
      <trkpt lat="42.23018559627234935760498046875" lon="1.67012907564640045166015625">
        <ele>1435.199951171875</ele>
        <time>2026-09-03T10:04:11.000Z</time>
      </trkpt>
      <trkpt lat="42.23019984550774097442626953125" lon="1.67010233737528324127197265625">
        <ele>1435.199951171875</ele>
        <time>2026-09-03T10:04:13.000Z</time>
      </trkpt>
      <trkpt lat="42.23024435341358184814453125" lon="1.67002187110483646392822265625">
        <ele>1434</ele>
        <time>2026-09-03T10:04:19.000Z</time>
      </trkpt>
      <trkpt lat="42.230260111391544342041015625" lon="1.66999303735792636871337890625">
        <ele>1433</ele>
        <time>2026-09-03T10:04:21.000Z</time>
      </trkpt>
      <trkpt lat="42.23027578555047512054443359375" lon="1.66996738873422145843505859375">
        <ele>1432.4000244140625</ele>
        <time>2026-09-03T10:04:23.000Z</time>
      </trkpt>
      <trkpt lat="42.23032289184629917144775390625" lon="1.66989438235759735107421875">
        <ele>1432.800048828125</ele>
        <time>2026-09-03T10:04:29.000Z</time>
      </trkpt>
      <trkpt lat="42.23035742528736591339111328125" lon="1.66983109898865222930908203125">
        <ele>1432.4000244140625</ele>
        <time>2026-09-03T10:04:34.000Z</time>
      </trkpt>
      <trkpt lat="42.2303967364132404327392578125" lon="1.6697520576417446136474609375">
        <ele>1432.4000244140625</ele>
        <time>2026-09-03T10:04:40.000Z</time>
      </trkpt>
      <trkpt lat="42.23045079968869686126708984375" lon="1.66966597549617290496826171875">
        <ele>1432.800048828125</ele>
        <time>2026-09-03T10:04:46.000Z</time>
      </trkpt>
      <trkpt lat="42.23045918159186840057373046875" lon="1.66965306736528873443603515625">
        <ele>1432.800048828125</ele>
        <time>2026-09-03T10:04:47.000Z</time>
      </trkpt>
      <trkpt lat="42.2305130772292613983154296875" lon="1.669585593044757843017578125">
        <ele>1432.4000244140625</ele>
        <time>2026-09-03T10:04:53.000Z</time>
      </trkpt>
      <trkpt lat="42.2305657155811786651611328125" lon="1.6695374809205532073974609375">
        <ele>1433.199951171875</ele>
        <time>2026-09-03T10:04:58.000Z</time>
      </trkpt>
      <trkpt lat="42.230624891817569732666015625" lon="1.669475622475147247314453125">
        <ele>1432.199951171875</ele>
        <time>2026-09-03T10:05:04.000Z</time>
      </trkpt>
      <trkpt lat="42.2306354530155658721923828125" lon="1.6694653965532779693603515625">
        <ele>1431.800048828125</ele>
        <time>2026-09-03T10:05:05.000Z</time>
      </trkpt>
      <trkpt lat="42.23068666644394397735595703125" lon="1.6694080643355846405029296875">
        <ele>1432.4000244140625</ele>
        <time>2026-09-03T10:05:10.000Z</time>
      </trkpt>
      <trkpt lat="42.23074450157582759857177734375" lon="1.66934721171855926513671875">
        <ele>1432.5999755859375</ele>
        <time>2026-09-03T10:05:16.000Z</time>
      </trkpt>
      <trkpt lat="42.23077316768467426300048828125" lon="1.6693155281245708465576171875">
        <ele>1432.5999755859375</ele>
        <time>2026-09-03T10:05:19.000Z</time>
      </trkpt>
      <trkpt lat="42.230834104120731353759765625" lon="1.66926406323909759521484375">
        <ele>1432.4000244140625</ele>
        <time>2026-09-03T10:05:25.000Z</time>
      </trkpt>
      <trkpt lat="42.230875678360462188720703125" lon="1.66921704076230525970458984375">
        <ele>1432.5999755859375</ele>
        <time>2026-09-03T10:05:29.000Z</time>
      </trkpt>
      <trkpt lat="42.2309244610369205474853515625" lon="1.669146716594696044921875">
        <ele>1432.199951171875</ele>
        <time>2026-09-03T10:05:35.000Z</time>
      </trkpt>
      <trkpt lat="42.2309429012238979339599609375" lon="1.66912316344678401947021484375">
        <ele>1432.5999755859375</ele>
        <time>2026-09-03T10:05:37.000Z</time>
      </trkpt>
      <trkpt lat="42.23096025176346302032470703125" lon="1.66909776628017425537109375">
        <ele>1432.800048828125</ele>
        <time>2026-09-03T10:05:39.000Z</time>
      </trkpt>
      <trkpt lat="42.2310186736285686492919921875" lon="1.66902534663677215576171875">
        <ele>1432.5999755859375</ele>
        <time>2026-09-03T10:05:45.000Z</time>
      </trkpt>
      <trkpt lat="42.23106938414275646209716796875" lon="1.66897329501807689666748046875">
        <ele>1432</ele>
        <time>2026-09-03T10:05:50.000Z</time>
      </trkpt>
      <trkpt lat="42.2311289794743061065673828125" lon="1.6689091734588146209716796875">
        <ele>1432.199951171875</ele>
        <time>2026-09-03T10:05:56.000Z</time>
      </trkpt>
      <trkpt lat="42.23117331974208354949951171875" lon="1.6688608936965465545654296875">
        <ele>1432.199951171875</ele>
        <time>2026-09-03T10:06:01.000Z</time>
      </trkpt>
      <trkpt lat="42.23122478462755680084228515625" lon="1.66880766861140727996826171875">
        <ele>1431.800048828125</ele>
        <time>2026-09-03T10:06:06.000Z</time>
      </trkpt>
      <trkpt lat="42.23126987926661968231201171875" lon="1.66875083930790424346923828125">
        <ele>1432.199951171875</ele>
        <time>2026-09-03T10:06:11.000Z</time>
      </trkpt>
      <trkpt lat="42.2312805242836475372314453125" lon="1.668723933398723602294921875">
        <ele>1433</ele>
        <time>2026-09-03T10:06:13.000Z</time>
      </trkpt>
      <trkpt lat="42.2313163988292217254638671875" lon="1.6686731390655040740966796875">
        <ele>1432.800048828125</ele>
        <time>2026-09-03T10:06:17.000Z</time>
      </trkpt>
      <trkpt lat="42.23136962391436100006103515625" lon="1.668595857918262481689453125">
        <ele>1432.199951171875</ele>
        <time>2026-09-03T10:06:23.000Z</time>
      </trkpt>
      <trkpt lat="42.23137624561786651611328125" lon="1.66858269833028316497802734375">
        <ele>1432.199951171875</ele>
        <time>2026-09-03T10:06:24.000Z</time>
      </trkpt>
      <trkpt lat="42.2314290516078472137451171875" lon="1.6685061715543270111083984375">
        <ele>1432.199951171875</ele>
        <time>2026-09-03T10:06:30.000Z</time>
      </trkpt>
      <trkpt lat="42.2314491681754589080810546875" lon="1.6684642620384693145751953125">
        <ele>1432.4000244140625</ele>
        <time>2026-09-03T10:06:33.000Z</time>
      </trkpt>
      <trkpt lat="42.23148613236844539642333984375" lon="1.66841103695333003997802734375">
        <ele>1432.5999755859375</ele>
        <time>2026-09-03T10:06:37.000Z</time>
      </trkpt>
      <trkpt lat="42.23151630721986293792724609375" lon="1.6683549620211124420166015625">
        <ele>1431.800048828125</ele>
        <time>2026-09-03T10:06:41.000Z</time>
      </trkpt>
      <trkpt lat="42.2315631620585918426513671875" lon="1.66827357374131679534912109375">
        <ele>1431.5999755859375</ele>
        <time>2026-09-03T10:06:47.000Z</time>
      </trkpt>
      <trkpt lat="42.2315762378275394439697265625" lon="1.66824641637504100799560546875">
        <ele>1431.5999755859375</ele>
        <time>2026-09-03T10:06:49.000Z</time>
      </trkpt>
      <trkpt lat="42.2316265292465686798095703125" lon="1.66816812939941883087158203125">
        <ele>1431</ele>
        <time>2026-09-03T10:06:55.000Z</time>
      </trkpt>
      <trkpt lat="42.23167824558913707733154296875" lon="1.66808657348155975341796875">
        <ele>1431</ele>
        <time>2026-09-03T10:07:01.000Z</time>
      </trkpt>
      <trkpt lat="42.23168495111167430877685546875" lon="1.6680693067610263824462890625">
        <ele>1430.800048828125</ele>
        <time>2026-09-03T10:07:02.000Z</time>
      </trkpt>
      <trkpt lat="42.23169165663421154022216796875" lon="1.66805665008723735809326171875">
        <ele>1430.800048828125</ele>
        <time>2026-09-03T10:07:03.000Z</time>
      </trkpt>
      <trkpt lat="42.23175418563187122344970703125" lon="1.667978279292583465576171875">
        <ele>1430.5999755859375</ele>
        <time>2026-09-03T10:07:09.000Z</time>
      </trkpt>
      <trkpt lat="42.23177245818078517913818359375" lon="1.667949445545673370361328125">
        <ele>1430.4000244140625</ele>
        <time>2026-09-03T10:07:11.000Z</time>
      </trkpt>
      <trkpt lat="42.23181746900081634521484375" lon="1.667870320379734039306640625">
        <ele>1430.4000244140625</ele>
        <time>2026-09-03T10:07:17.000Z</time>
      </trkpt>
      <trkpt lat="42.23189047537744045257568359375" lon="1.66779915802180767059326171875">
        <ele>1430</ele>
        <time>2026-09-03T10:07:23.000Z</time>
      </trkpt>
      <trkpt lat="42.231911011040210723876953125" lon="1.66777183301746845245361328125">
        <ele>1429.5999755859375</ele>
        <time>2026-09-03T10:07:25.000Z</time>
      </trkpt>
      <trkpt lat="42.23194763995707035064697265625" lon="1.66774065233767032623291015625">
        <ele>1428.5999755859375</ele>
        <time>2026-09-03T10:07:28.000Z</time>
      </trkpt>
      <trkpt lat="42.23197278566658496856689453125" lon="1.6676951386034488677978515625">
        <ele>1428</ele>
        <time>2026-09-03T10:07:31.000Z</time>
      </trkpt>
      <trkpt lat="42.232016958296298980712890625" lon="1.66762297041714191436767578125">
        <ele>1428.5999755859375</ele>
        <time>2026-09-03T10:07:37.000Z</time>
      </trkpt>
      <trkpt lat="42.232042439281940460205078125" lon="1.6675844974815845489501953125">
        <ele>1429.4000244140625</ele>
        <time>2026-09-03T10:07:40.000Z</time>
      </trkpt>
      <trkpt lat="42.2320570237934589385986328125" lon="1.66756211780011653900146484375">
        <ele>1429.800048828125</ele>
        <time>2026-09-03T10:07:42.000Z</time>
      </trkpt>
      <trkpt lat="42.2321083210408687591552734375" lon="1.66749606840312480926513671875">
        <ele>1429.5999755859375</ele>
        <time>2026-09-03T10:07:47.000Z</time>
      </trkpt>
      <trkpt lat="42.23211611621081829071044921875" lon="1.66748299263417720794677734375">
        <ele>1429.4000244140625</ele>
        <time>2026-09-03T10:07:48.000Z</time>
      </trkpt>
      <trkpt lat="42.23215919919312000274658203125" lon="1.6674212180078029632568359375">
        <ele>1429.5999755859375</ele>
        <time>2026-09-03T10:07:53.000Z</time>
      </trkpt>
      <trkpt lat="42.2321797348558902740478515625" lon="1.66739934124052524566650390625">
        <ele>1430</ele>
        <time>2026-09-03T10:07:55.000Z</time>
      </trkpt>
      <trkpt lat="42.2322327084839344024658203125" lon="1.66732859797775745391845703125">
        <ele>1429.4000244140625</ele>
        <time>2026-09-03T10:08:01.000Z</time>
      </trkpt>
      <trkpt lat="42.23224301822483539581298828125" lon="1.66730068624019622802734375">
        <ele>1429.4000244140625</ele>
        <time>2026-09-03T10:08:03.000Z</time>
      </trkpt>
      <trkpt lat="42.232289873063564300537109375" lon="1.667215526103973388671875">
        <ele>1429.800048828125</ele>
        <time>2026-09-03T10:08:09.000Z</time>
      </trkpt>
      <trkpt lat="42.23230688832700252532958984375" lon="1.66718937456607818603515625">
        <ele>1429.5999755859375</ele>
        <time>2026-09-03T10:08:11.000Z</time>
      </trkpt>
      <trkpt lat="42.23234510980546474456787109375" lon="1.6671379096806049346923828125">
        <ele>1429.4000244140625</ele>
        <time>2026-09-03T10:08:15.000Z</time>
      </trkpt>
      <trkpt lat="42.2323547489941120147705078125" lon="1.66712542064487934112548828125">
        <ele>1429.4000244140625</ele>
        <time>2026-09-03T10:08:16.000Z</time>
      </trkpt>
      <trkpt lat="42.23237561993300914764404296875" lon="1.667087115347385406494140625">
        <ele>1428.5999755859375</ele>
        <time>2026-09-03T10:08:19.000Z</time>
      </trkpt>
      <trkpt lat="42.2324140928685665130615234375" lon="1.667036823928356170654296875">
        <ele>1428.4000244140625</ele>
        <time>2026-09-03T10:08:23.000Z</time>
      </trkpt>
      <trkpt lat="42.232444100081920623779296875" lon="1.66698695160448551177978515625">
        <ele>1429.800048828125</ele>
        <time>2026-09-03T10:08:27.000Z</time>
      </trkpt>
      <trkpt lat="42.23246463574469089508056640625" lon="1.66696281172335147857666015625">
        <ele>1429.5999755859375</ele>
        <time>2026-09-03T10:08:29.000Z</time>
      </trkpt>
      <trkpt lat="42.2325069643557071685791015625" lon="1.66691821999847888946533203125">
        <ele>1428.5999755859375</ele>
        <time>2026-09-03T10:08:33.000Z</time>
      </trkpt>
      <trkpt lat="42.23252750001847743988037109375" lon="1.6668837703764438629150390625">
        <ele>1429.199951171875</ele>
        <time>2026-09-03T10:08:36.000Z</time>
      </trkpt>
      <trkpt lat="42.232575528323650360107421875" lon="1.666824929416179656982421875">
        <ele>1429.199951171875</ele>
        <time>2026-09-03T10:08:42.000Z</time>
      </trkpt>
      <trkpt lat="42.23257527686655521392822265625" lon="1.6668244265019893646240234375">
        <ele>1428.800048828125</ele>
        <time>2026-09-03T10:08:43.000Z</time>
      </trkpt>
      <trkpt lat="42.232587598264217376708984375" lon="1.6667999513447284698486328125">
        <ele>1427.5999755859375</ele>
        <time>2026-09-03T10:08:48.000Z</time>
      </trkpt>
      <trkpt lat="42.23258986137807369232177734375" lon="1.6667957603931427001953125">
        <ele>1427.5999755859375</ele>
        <time>2026-09-03T10:08:49.000Z</time>
      </trkpt>
      <trkpt lat="42.23258986137807369232177734375" lon="1.6667957603931427001953125">
        <ele>1427.5999755859375</ele>
        <time>2026-09-03T10:08:51.000Z</time>
      </trkpt>
      <trkpt lat="42.23261299543082714080810546875" lon="1.6667385958135128021240234375">
        <ele>1428.800048828125</ele>
        <time>2026-09-03T10:08:56.000Z</time>
      </trkpt>
      <trkpt lat="42.23266647197306156158447265625" lon="1.66665419004857540130615234375">
        <ele>1428.800048828125</ele>
        <time>2026-09-03T10:09:02.000Z</time>
      </trkpt>
      <trkpt lat="42.23267619498074054718017578125" lon="1.6666400246322154998779296875">
        <ele>1428.800048828125</ele>
        <time>2026-09-03T10:09:03.000Z</time>
      </trkpt>
      <trkpt lat="42.23270687274634838104248046875" lon="1.6665810160338878631591796875">
        <ele>1428.800048828125</ele>
        <time>2026-09-03T10:09:07.000Z</time>
      </trkpt>
      <trkpt lat="42.2327517159283161163330078125" lon="1.66650515981018543243408203125">
        <ele>1428.4000244140625</ele>
        <time>2026-09-03T10:09:12.000Z</time>
      </trkpt>
      <trkpt lat="42.23279647529125213623046875" lon="1.6664231009781360626220703125">
        <ele>1428.199951171875</ele>
        <time>2026-09-03T10:09:18.000Z</time>
      </trkpt>
      <trkpt lat="42.23284919746220111846923828125" lon="1.66634171269834041595458984375">
        <ele>1428.199951171875</ele>
        <time>2026-09-03T10:09:24.000Z</time>
      </trkpt>
      <trkpt lat="42.23285405896604061126708984375" lon="1.66632796637713909149169921875">
        <ele>1428.199951171875</ele>
        <time>2026-09-03T10:09:25.000Z</time>
      </trkpt>
      <trkpt lat="42.23288725130259990692138671875" lon="1.6662749089300632476806640625">
        <ele>1427.5999755859375</ele>
        <time>2026-09-03T10:09:29.000Z</time>
      </trkpt>
      <trkpt lat="42.23291390575468540191650390625" lon="1.66623006574809551239013671875">
        <ele>1427.5999755859375</ele>
        <time>2026-09-03T10:09:32.000Z</time>
      </trkpt>
      <trkpt lat="42.23295849747955799102783203125" lon="1.666144989430904388427734375">
        <ele>1427.199951171875</ele>
        <time>2026-09-03T10:09:38.000Z</time>
      </trkpt>
      <trkpt lat="42.23297081887722015380859375" lon="1.66611783206462860107421875">
        <ele>1427.199951171875</ele>
        <time>2026-09-03T10:09:40.000Z</time>
      </trkpt>
      <trkpt lat="42.2330229543149471282958984375" lon="1.66602621786296367645263671875">
        <ele>1426.800048828125</ele>
        <time>2026-09-03T10:09:46.000Z</time>
      </trkpt>
      <trkpt lat="42.23303695209324359893798828125" lon="1.66600157506763935089111328125">
        <ele>1427</ele>
        <time>2026-09-03T10:09:48.000Z</time>
      </trkpt>
      <trkpt lat="42.233062684535980224609375" lon="1.66594457812607288360595703125">
        <ele>1426.4000244140625</ele>
        <time>2026-09-03T10:09:52.000Z</time>
      </trkpt>
      <trkpt lat="42.23309562541544437408447265625" lon="1.66590568609535694122314453125">
        <ele>1426.199951171875</ele>
        <time>2026-09-03T10:09:55.000Z</time>
      </trkpt>
      <trkpt lat="42.2331406362354755401611328125" lon="1.66584282182157039642333984375">
        <ele>1425.4000244140625</ele>
        <time>2026-09-03T10:10:00.000Z</time>
      </trkpt>
      <trkpt lat="42.23315815441310405731201171875" lon="1.66579839773476123809814453125">
        <ele>1425.5999755859375</ele>
        <time>2026-09-03T10:10:03.000Z</time>
      </trkpt>
      <trkpt lat="42.23320526070892810821533203125" lon="1.66571508161723613739013671875">
        <ele>1424.199951171875</ele>
        <time>2026-09-03T10:10:09.000Z</time>
      </trkpt>
      <trkpt lat="42.23321892321109771728515625" lon="1.66568960063159465789794921875">
        <ele>1423.4000244140625</ele>
        <time>2026-09-03T10:10:11.000Z</time>
      </trkpt>
      <trkpt lat="42.23326728679239749908447265625" lon="1.66560041718184947967529296875">
        <ele>1423.5999755859375</ele>
        <time>2026-09-03T10:10:17.000Z</time>
      </trkpt>
      <trkpt lat="42.23328338004648685455322265625" lon="1.6655691526830196380615234375">
        <ele>1423.4000244140625</ele>
        <time>2026-09-03T10:10:19.000Z</time>
      </trkpt>
      <trkpt lat="42.23331171087920665740966796875" lon="1.66551559232175350189208984375">
        <ele>1423</ele>
        <time>2026-09-03T10:10:23.000Z</time>
      </trkpt>
      <trkpt lat="42.2333367727696895599365234375" lon="1.665483154356479644775390625">
        <ele>1422</ele>
        <time>2026-09-03T10:10:26.000Z</time>
      </trkpt>
      <trkpt lat="42.233384884893894195556640625" lon="1.665404699742794036865234375">
        <ele>1421.800048828125</ele>
        <time>2026-09-03T10:10:32.000Z</time>
      </trkpt>
      <trkpt lat="42.2334048338234424591064453125" lon="1.665363796055316925048828125">
        <ele>1421.5999755859375</ele>
        <time>2026-09-03T10:10:35.000Z</time>
      </trkpt>
      <trkpt lat="42.2334568016231060028076171875" lon="1.66529397480189800262451171875">
        <ele>1421.5999755859375</ele>
        <time>2026-09-03T10:10:41.000Z</time>
      </trkpt>
      <trkpt lat="42.2335060872137546539306640625" lon="1.66522222571074962615966796875">
        <ele>1421.199951171875</ele>
        <time>2026-09-03T10:10:47.000Z</time>
      </trkpt>
      <trkpt lat="42.233514972031116485595703125" lon="1.66520998813211917877197265625">
        <ele>1421</ele>
        <time>2026-09-03T10:10:48.000Z</time>
      </trkpt>
      <trkpt lat="42.23356132395565509796142578125" lon="1.665126420557498931884765625">
        <ele>1420.199951171875</ele>
        <time>2026-09-03T10:10:54.000Z</time>
      </trkpt>
      <trkpt lat="42.2335897386074066162109375" lon="1.66508409194648265838623046875">
        <ele>1420.199951171875</ele>
        <time>2026-09-03T10:10:57.000Z</time>
      </trkpt>
      <trkpt lat="42.23361379466950893402099609375" lon="1.66501955129206180572509765625">
        <ele>1420</ele>
        <time>2026-09-03T10:11:01.000Z</time>
      </trkpt>
      <trkpt lat="42.233638353645801544189453125" lon="1.664960794150829315185546875">
        <ele>1419.4000244140625</ele>
        <time>2026-09-03T10:11:05.000Z</time>
      </trkpt>
      <trkpt lat="42.23364648409187793731689453125" lon="1.6649247519671916961669921875">
        <ele>1419</ele>
        <time>2026-09-03T10:11:07.000Z</time>
      </trkpt>
      <trkpt lat="42.2336710430681705474853515625" lon="1.664882004261016845703125">
        <ele>1418.4000244140625</ele>
        <time>2026-09-03T10:11:10.000Z</time>
      </trkpt>
      <trkpt lat="42.23367699421942234039306640625" lon="1.66486599482595920562744140625">
        <ele>1418.4000244140625</ele>
        <time>2026-09-03T10:11:11.000Z</time>
      </trkpt>
      <trkpt lat="42.23371303640305995941162109375" lon="1.66478636674582958221435546875">
        <ele>1418.4000244140625</ele>
        <time>2026-09-03T10:11:17.000Z</time>
      </trkpt>
      <trkpt lat="42.233722507953643798828125" lon="1.6647735424339771270751953125">
        <ele>1418.4000244140625</ele>
        <time>2026-09-03T10:11:18.000Z</time>
      </trkpt>
      <trkpt lat="42.23373902030289173126220703125" lon="1.66473221965134143829345703125">
        <ele>1417.800048828125</ele>
        <time>2026-09-03T10:11:21.000Z</time>
      </trkpt>
      <trkpt lat="42.23374455235898494720458984375" lon="1.6646739654242992401123046875">
        <ele>1417.800048828125</ele>
        <time>2026-09-03T10:11:24.000Z</time>
      </trkpt>
      <trkpt lat="42.2337756492197513580322265625" lon="1.664567850530147552490234375">
        <ele>1418.800048828125</ele>
        <time>2026-09-03T10:11:30.000Z</time>
      </trkpt>
      <trkpt lat="42.2337810136377811431884765625" lon="1.6645505838096141815185546875">
        <ele>1418.800048828125</ele>
        <time>2026-09-03T10:11:31.000Z</time>
      </trkpt>
      <trkpt lat="42.23380892537534236907958984375" lon="1.6644493304193019866943359375">
        <ele>1418.4000244140625</ele>
        <time>2026-09-03T10:11:37.000Z</time>
      </trkpt>
      <trkpt lat="42.2338323108851909637451171875" lon="1.664391495287418365478515625">
        <ele>1417.800048828125</ele>
        <time>2026-09-03T10:11:41.000Z</time>
      </trkpt>
      <trkpt lat="42.2338514216244220733642578125" lon="1.66433525271713733673095703125">
        <ele>1417.5999755859375</ele>
        <time>2026-09-03T10:11:45.000Z</time>
      </trkpt>
      <trkpt lat="42.23388453014194965362548828125" lon="1.66425864212214946746826171875">
        <ele>1417.4000244140625</ele>
        <time>2026-09-03T10:11:51.000Z</time>
      </trkpt>
      <trkpt lat="42.233927361667156219482421875" lon="1.66416920721530914306640625">
        <ele>1417.199951171875</ele>
        <time>2026-09-03T10:11:57.000Z</time>
      </trkpt>
      <trkpt lat="42.23393046297132968902587890625" lon="1.66415252722799777984619140625">
        <ele>1417</ele>
        <time>2026-09-03T10:11:58.000Z</time>
      </trkpt>
      <trkpt lat="42.233937084674835205078125" lon="1.6641390323638916015625">
        <ele>1416.800048828125</ele>
        <time>2026-09-03T10:11:59.000Z</time>
      </trkpt>
      <trkpt lat="42.233985029160976409912109375" lon="1.6640597395598888397216796875">
        <ele>1416.4000244140625</ele>
        <time>2026-09-03T10:12:05.000Z</time>
      </trkpt>
      <trkpt lat="42.2339912317693233489990234375" lon="1.66404641233384609222412109375">
        <ele>1416.5999755859375</ele>
        <time>2026-09-03T10:12:06.000Z</time>
      </trkpt>
      <trkpt lat="42.2340364940464496612548828125" lon="1.6639859788119792938232421875">
        <ele>1416.4000244140625</ele>
        <time>2026-09-03T10:12:12.000Z</time>
      </trkpt>
      <trkpt lat="42.234047390520572662353515625" lon="1.663973070681095123291015625">
        <ele>1416.4000244140625</ele>
        <time>2026-09-03T10:12:13.000Z</time>
      </trkpt>
      <trkpt lat="42.23407831974327564239501953125" lon="1.66391230188310146331787109375">
        <ele>1416.5999755859375</ele>
        <time>2026-09-03T10:12:18.000Z</time>
      </trkpt>
      <trkpt lat="42.23411746323108673095703125" lon="1.6638414748013019561767578125">
        <ele>1416.800048828125</ele>
        <time>2026-09-03T10:12:24.000Z</time>
      </trkpt>
      <trkpt lat="42.23413749597966670989990234375" lon="1.66381540708243846893310546875">
        <ele>1417</ele>
        <time>2026-09-03T10:12:26.000Z</time>
      </trkpt>
      <trkpt lat="42.23418342880904674530029296875" lon="1.66374399326741695404052734375">
        <ele>1416.800048828125</ele>
        <time>2026-09-03T10:12:32.000Z</time>
      </trkpt>
      <trkpt lat="42.23423891700804233551025390625" lon="1.66369118727743625640869140625">
        <ele>1416.199951171875</ele>
        <time>2026-09-03T10:12:38.000Z</time>
      </trkpt>
      <trkpt lat="42.23424931056797504425048828125" lon="1.66368129663169384002685546875">
        <ele>1416.199951171875</ele>
        <time>2026-09-03T10:12:39.000Z</time>
      </trkpt>
      <trkpt lat="42.2342892922461032867431640625" lon="1.663619689643383026123046875">
        <ele>1416.800048828125</ele>
        <time>2026-09-03T10:12:45.000Z</time>
      </trkpt>
      <trkpt lat="42.23429541103541851043701171875" lon="1.66360032744705677032470703125">
        <ele>1416</ele>
        <time>2026-09-03T10:12:51.000Z</time>
      </trkpt>
      <trkpt lat="42.23429541103541851043701171875" lon="1.66360032744705677032470703125">
        <ele>1415.800048828125</ele>
        <time>2026-09-03T10:12:52.000Z</time>
      </trkpt>
      <trkpt lat="42.2342956624925136566162109375" lon="1.66358842514455318450927734375">
        <ele>1415.800048828125</ele>
        <time>2026-09-03T10:12:58.000Z</time>
      </trkpt>
      <trkpt lat="42.2342993505299091339111328125" lon="1.6635638661682605743408203125">
        <ele>1415.800048828125</ele>
        <time>2026-09-03T10:13:00.000Z</time>
      </trkpt>
      <trkpt lat="42.2343020327389240264892578125" lon="1.6635263152420520782470703125">
        <ele>1417.199951171875</ele>
        <time>2026-09-03T10:13:02.000Z</time>
      </trkpt>
      <trkpt lat="42.23430664278566837310791015625" lon="1.66347459889948368072509765625">
        <ele>1417.5999755859375</ele>
        <time>2026-09-03T10:13:06.000Z</time>
      </trkpt>
      <trkpt lat="42.23429423756897449493408203125" lon="1.66345984674990177154541015625">
        <ele>1417.199951171875</ele>
        <time>2026-09-03T10:13:08.000Z</time>
      </trkpt>
      <trkpt lat="42.23426288925111293792724609375" lon="1.66342891752719879150390625">
        <ele>1416.800048828125</ele>
        <time>2026-09-03T10:13:12.000Z</time>
      </trkpt>
      <trkpt lat="42.23424579016864299774169921875" lon="1.66341877542436122894287109375">
        <ele>1416.199951171875</ele>
        <time>2026-09-03T10:13:17.000Z</time>
      </trkpt>
      <trkpt lat="42.23424662835896015167236328125" lon="1.66342380456626415252685546875">
        <ele>1415.800048828125</ele>
        <time>2026-09-03T10:13:18.000Z</time>
      </trkpt>
      <trkpt lat="42.23421762697398662567138671875" lon="1.66341357864439487457275390625">
        <ele>1415</ele>
        <time>2026-09-03T10:13:20.000Z</time>
      </trkpt>
      <trkpt lat="42.2342064790427684783935546875" lon="1.66340905241668224334716796875">
        <ele>1414.800048828125</ele>
        <time>2026-09-03T10:13:21.000Z</time>
      </trkpt>
      <trkpt lat="42.23416415043175220489501953125" lon="1.6633911989629268646240234375">
        <ele>1415</ele>
        <time>2026-09-03T10:13:27.000Z</time>
      </trkpt>
      <trkpt lat="42.23417974077165126800537109375" lon="1.6633891873061656951904296875">
        <ele>1415.199951171875</ele>
        <time>2026-09-03T10:13:29.000Z</time>
      </trkpt>
      <trkpt lat="42.23418242298066616058349609375" lon="1.6633851639926433563232421875">
        <ele>1414.800048828125</ele>
        <time>2026-09-03T10:13:35.000Z</time>
      </trkpt>
      <trkpt lat="42.23418854176998138427734375" lon="1.66338558308780193328857421875">
        <ele>1414.800048828125</ele>
        <time>2026-09-03T10:13:36.000Z</time>
      </trkpt>
      <trkpt lat="42.23419734276831150054931640625" lon="1.66338625364005565643310546875">
        <ele>1415.4000244140625</ele>
        <time>2026-09-03T10:13:42.000Z</time>
      </trkpt>
      <trkpt lat="42.23419968970119953155517578125" lon="1.66341408155858516693115234375">
        <ele>1415.4000244140625</ele>
        <time>2026-09-03T10:13:44.000Z</time>
      </trkpt>
      <trkpt lat="42.23418342880904674530029296875" lon="1.66340201161801815032958984375">
        <ele>1415.199951171875</ele>
        <time>2026-09-03T10:13:45.000Z</time>
      </trkpt>
    </trkseg>
  </trk>
</gpx>
