<?xml version="1.0" encoding="UTF-8"?>
<gpx creator="Garmin Connect" version="1.1"
  xsi:schemaLocation="http://www.topografix.com/GPX/1/1 http://www.topografix.com/GPX/11.xsd"
  xmlns:ns3="http://www.garmin.com/xmlschemas/TrackPointExtension/v1"
  xmlns="http://www.topografix.com/GPX/1/1"
  xmlns:xsi="http://www.w3.org/2001/XMLSchema-instance" xmlns:ns2="http://www.garmin.com/xmlschemas/GpxExtensions/v3">
  <metadata>
    <link href="connect.garmin.com">
      <text>Garmin Connect</text>
    </link>
    <time>2026-09-05T05:50:28.000Z</time>
  </metadata>
  <trk>
    <name>Montellà i Martinet Hiking</name>
    <type>hiking</type>
    <trkseg>
      <trkpt lat="42.296755425631999969482421875" lon="1.71449960209429264068603515625">
        <ele>1995.5999755859375</ele>
        <time>2026-09-05T05:50:37.000Z</time>
      </trkpt>
      <trkpt lat="42.2967857681214809417724609375" lon="1.71450664289295673370361328125">
        <ele>1994.4000244140625</ele>
        <time>2026-09-05T05:50:42.000Z</time>
      </trkpt>
      <trkpt lat="42.296802699565887451171875" lon="1.7145114205777645111083984375">
        <ele>1994</ele>
        <time>2026-09-05T05:50:43.000Z</time>
      </trkpt>
      <trkpt lat="42.29682424105703830718994140625" lon="1.71452038921415805816650390625">
        <ele>1993.199951171875</ele>
        <time>2026-09-05T05:50:45.000Z</time>
      </trkpt>
      <trkpt lat="42.2968605346977710723876953125" lon="1.71453681774437427520751953125">
        <ele>1993</ele>
        <time>2026-09-05T05:50:50.000Z</time>
      </trkpt>
      <trkpt lat="42.2969202138483524322509765625" lon="1.71455961652100086212158203125">
        <ele>1992.4000244140625</ele>
        <time>2026-09-05T05:50:56.000Z</time>
      </trkpt>
      <trkpt lat="42.2969319485127925872802734375" lon="1.71456162817776203155517578125">
        <ele>1992.4000244140625</ele>
        <time>2026-09-05T05:50:57.000Z</time>
      </trkpt>
      <trkpt lat="42.2969698347151279449462890625" lon="1.714568249881267547607421875">
        <ele>1992</ele>
        <time>2026-09-05T05:51:00.000Z</time>
      </trkpt>
      <trkpt lat="42.29699070565402507781982421875" lon="1.71456799842417240142822265625">
        <ele>1990.4000244140625</ele>
        <time>2026-09-05T05:51:02.000Z</time>
      </trkpt>
      <trkpt lat="42.29704904370009899139404296875" lon="1.71453572809696197509765625">
        <ele>1989.4000244140625</ele>
        <time>2026-09-05T05:51:07.000Z</time>
      </trkpt>
      <trkpt lat="42.297060191631317138671875" lon="1.714535057544708251953125">
        <ele>1989.199951171875</ele>
        <time>2026-09-05T05:51:08.000Z</time>
      </trkpt>
      <trkpt lat="42.2971173562109470367431640625" lon="1.714563556015491485595703125">
        <ele>1989.199951171875</ele>
        <time>2026-09-05T05:51:13.000Z</time>
      </trkpt>
      <trkpt lat="42.2971488721668720245361328125" lon="1.71460010111331939697265625">
        <ele>1989.199951171875</ele>
        <time>2026-09-05T05:51:17.000Z</time>
      </trkpt>
      <trkpt lat="42.29715180583298206329345703125" lon="1.71459297649562358856201171875">
        <ele>1989</ele>
        <time>2026-09-05T05:51:18.000Z</time>
      </trkpt>
      <trkpt lat="42.29715432040393352508544921875" lon="1.71459163539111614227294921875">
        <ele>1988.5999755859375</ele>
        <time>2026-09-05T05:51:23.000Z</time>
      </trkpt>
      <trkpt lat="42.29715473949909210205078125" lon="1.71459197066724300384521484375">
        <ele>1988.800048828125</ele>
        <time>2026-09-05T05:51:25.000Z</time>
      </trkpt>
      <trkpt lat="42.2971646301448345184326171875" lon="1.714599765837192535400390625">
        <ele>1988.5999755859375</ele>
        <time>2026-09-05T05:51:26.000Z</time>
      </trkpt>
      <trkpt lat="42.29718248359858989715576171875" lon="1.71460387296974658966064453125">
        <ele>1987.800048828125</ele>
        <time>2026-09-05T05:51:28.000Z</time>
      </trkpt>
      <trkpt lat="42.2972303442656993865966796875" lon="1.714633964002132415771484375">
        <ele>1987.199951171875</ele>
        <time>2026-09-05T05:51:34.000Z</time>
      </trkpt>
      <trkpt lat="42.2972605191171169281005859375" lon="1.71467646025121212005615234375">
        <ele>1986.800048828125</ele>
        <time>2026-09-05T05:51:40.000Z</time>
      </trkpt>
      <trkpt lat="42.29727116413414478302001953125" lon="1.71468333341181278228759765625">
        <ele>1986</ele>
        <time>2026-09-05T05:51:46.000Z</time>
      </trkpt>
      <trkpt lat="42.2972715832293033599853515625" lon="1.7146830819547176361083984375">
        <ele>1986.199951171875</ele>
        <time>2026-09-05T05:51:48.000Z</time>
      </trkpt>
      <trkpt lat="42.29731357656419277191162109375" lon="1.7147293500602245330810546875">
        <ele>1986</ele>
        <time>2026-09-05T05:51:54.000Z</time>
      </trkpt>
      <trkpt lat="42.29731944389641284942626953125" lon="1.71473597176373004913330078125">
        <ele>1985.5999755859375</ele>
        <time>2026-09-05T05:51:55.000Z</time>
      </trkpt>
      <trkpt lat="42.2973245568573474884033203125" lon="1.71474217437207698822021484375">
        <ele>1985.4000244140625</ele>
        <time>2026-09-05T05:51:56.000Z</time>
      </trkpt>
      <trkpt lat="42.2973560728132724761962890625" lon="1.71476949937641620635986328125">
        <ele>1984.5999755859375</ele>
        <time>2026-09-05T05:52:00.000Z</time>
      </trkpt>
      <trkpt lat="42.29739102534949779510498046875" lon="1.7148299328982830047607421875">
        <ele>1984</ele>
        <time>2026-09-05T05:52:05.000Z</time>
      </trkpt>
      <trkpt lat="42.29740225709974765777587890625" lon="1.7148373089730739593505859375">
        <ele>1983.5999755859375</ele>
        <time>2026-09-05T05:52:06.000Z</time>
      </trkpt>
      <trkpt lat="42.2974690608680248260498046875" lon="1.7148721776902675628662109375">
        <ele>1983</ele>
        <time>2026-09-05T05:52:12.000Z</time>
      </trkpt>
      <trkpt lat="42.29748465120792388916015625" lon="1.71487594954669475555419921875">
        <ele>1982.800048828125</ele>
        <time>2026-09-05T05:52:13.000Z</time>
      </trkpt>
      <trkpt lat="42.29749646969139575958251953125" lon="1.71488106250762939453125">
        <ele>1982.5999755859375</ele>
        <time>2026-09-05T05:52:14.000Z</time>
      </trkpt>
      <trkpt lat="42.29757240973412990570068359375" lon="1.7149114049971103668212890625">
        <ele>1981.5999755859375</ele>
        <time>2026-09-05T05:52:20.000Z</time>
      </trkpt>
      <trkpt lat="42.2975845634937286376953125" lon="1.71491785906255245208740234375">
        <ele>1981.5999755859375</ele>
        <time>2026-09-05T05:52:21.000Z</time>
      </trkpt>
      <trkpt lat="42.29759571142494678497314453125" lon="1.714924313127994537353515625">
        <ele>1981.4000244140625</ele>
        <time>2026-09-05T05:52:22.000Z</time>
      </trkpt>
      <trkpt lat="42.297643236815929412841796875" lon="1.71493244357407093048095703125">
        <ele>1980.4000244140625</ele>
        <time>2026-09-05T05:52:26.000Z</time>
      </trkpt>
      <trkpt lat="42.297675423324108123779296875" lon="1.71493747271597385406494140625">
        <ele>1980</ele>
        <time>2026-09-05T05:52:28.000Z</time>
      </trkpt>
      <trkpt lat="42.29772093705832958221435546875" lon="1.71494887210428714752197265625">
        <ele>1979.4000244140625</ele>
        <time>2026-09-05T05:52:32.000Z</time>
      </trkpt>
      <trkpt lat="42.297741472721099853515625" lon="1.71495054848492145538330078125">
        <ele>1979.199951171875</ele>
        <time>2026-09-05T05:52:34.000Z</time>
      </trkpt>
      <trkpt lat="42.2977604158222675323486328125" lon="1.714963205158710479736328125">
        <ele>1978.800048828125</ele>
        <time>2026-09-05T05:52:36.000Z</time>
      </trkpt>
      <trkpt lat="42.2977761738002300262451171875" lon="1.714971922338008880615234375">
        <ele>1978.800048828125</ele>
        <time>2026-09-05T05:52:39.000Z</time>
      </trkpt>
      <trkpt lat="42.2977781854569911956787109375" lon="1.71497435308992862701416015625">
        <ele>1978.5999755859375</ele>
        <time>2026-09-05T05:52:45.000Z</time>
      </trkpt>
      <trkpt lat="42.2977781854569911956787109375" lon="1.71497435308992862701416015625">
        <ele>1978.5999755859375</ele>
        <time>2026-09-05T05:52:51.000Z</time>
      </trkpt>
      <trkpt lat="42.29777743108570575714111328125" lon="1.71497368253767490386962890625">
        <ele>1978.5999755859375</ele>
        <time>2026-09-05T05:52:52.000Z</time>
      </trkpt>
      <trkpt lat="42.29780643247067928314208984375" lon="1.71502430923283100128173828125">
        <ele>1978.199951171875</ele>
        <time>2026-09-05T05:52:57.000Z</time>
      </trkpt>
      <trkpt lat="42.29781146161258220672607421875" lon="1.7150366306304931640625">
        <ele>1977.800048828125</ele>
        <time>2026-09-05T05:52:58.000Z</time>
      </trkpt>
      <trkpt lat="42.297818921506404876708984375" lon="1.715059094130992889404296875">
        <ele>1976.800048828125</ele>
        <time>2026-09-05T05:53:00.000Z</time>
      </trkpt>
      <trkpt lat="42.297857142984867095947265625" lon="1.71511064283549785614013671875">
        <ele>1975.800048828125</ele>
        <time>2026-09-05T05:53:04.000Z</time>
      </trkpt>
      <trkpt lat="42.2978636808693408966064453125" lon="1.7151259817183017730712890625">
        <ele>1975.800048828125</ele>
        <time>2026-09-05T05:53:05.000Z</time>
      </trkpt>
      <trkpt lat="42.2979260422289371490478515625" lon="1.71518105082213878631591796875">
        <ele>1975.5999755859375</ele>
        <time>2026-09-05T05:53:11.000Z</time>
      </trkpt>
      <trkpt lat="42.29794724844396114349365234375" lon="1.7152165062725543975830078125">
        <ele>1974.800048828125</ele>
        <time>2026-09-05T05:53:14.000Z</time>
      </trkpt>
      <trkpt lat="42.29796099476516246795654296875" lon="1.71524458564817905426025390625">
        <ele>1974.5999755859375</ele>
        <time>2026-09-05T05:53:16.000Z</time>
      </trkpt>
      <trkpt lat="42.2979699634015560150146484375" lon="1.71525833196938037872314453125">
        <ele>1974.5999755859375</ele>
        <time>2026-09-05T05:53:17.000Z</time>
      </trkpt>
      <trkpt lat="42.29799401946365833282470703125" lon="1.71529537998139858245849609375">
        <ele>1973.4000244140625</ele>
        <time>2026-09-05T05:53:20.000Z</time>
      </trkpt>
      <trkpt lat="42.29800659231841564178466796875" lon="1.71531625092029571533203125">
        <ele>1972.199951171875</ele>
        <time>2026-09-05T05:53:22.000Z</time>
      </trkpt>
      <trkpt lat="42.29803475551307201385498046875" lon="1.7153777740895748138427734375">
        <ele>1971.4000244140625</ele>
        <time>2026-09-05T05:53:27.000Z</time>
      </trkpt>
      <trkpt lat="42.2980584762990474700927734375" lon="1.71542219817638397216796875">
        <ele>1971</ele>
        <time>2026-09-05T05:53:31.000Z</time>
      </trkpt>
      <trkpt lat="42.2980909980833530426025390625" lon="1.71549855731427669525146484375">
        <ele>1970</ele>
        <time>2026-09-05T05:53:36.000Z</time>
      </trkpt>
      <trkpt lat="42.29812569916248321533203125" lon="1.7155775986611843109130859375">
        <ele>1969</ele>
        <time>2026-09-05T05:53:42.000Z</time>
      </trkpt>
      <trkpt lat="42.29812712408602237701416015625" lon="1.715582124888896942138671875">
        <ele>1968.800048828125</ele>
        <time>2026-09-05T05:53:43.000Z</time>
      </trkpt>
      <trkpt lat="42.29814455844461917877197265625" lon="1.7155859805643558502197265625">
        <ele>1968.800048828125</ele>
        <time>2026-09-05T05:53:45.000Z</time>
      </trkpt>
      <trkpt lat="42.29817741550505161285400390625" lon="1.71563015319406986236572265625">
        <ele>1968.5999755859375</ele>
        <time>2026-09-05T05:53:50.000Z</time>
      </trkpt>
      <trkpt lat="42.298209853470325469970703125" lon="1.71568329446017742156982421875">
        <ele>1968</ele>
        <time>2026-09-05T05:53:54.000Z</time>
      </trkpt>
      <trkpt lat="42.298224270343780517578125" lon="1.71570156700909137725830078125">
        <ele>1967.800048828125</ele>
        <time>2026-09-05T05:53:56.000Z</time>
      </trkpt>
      <trkpt lat="42.29825905524194240570068359375" lon="1.71577096916735172271728515625">
        <ele>1967.4000244140625</ele>
        <time>2026-09-05T05:54:02.000Z</time>
      </trkpt>
      <trkpt lat="42.29826961643993854522705078125" lon="1.71579636633396148681640625">
        <ele>1967.4000244140625</ele>
        <time>2026-09-05T05:54:04.000Z</time>
      </trkpt>
      <trkpt lat="42.29830666445195674896240234375" lon="1.71587884426116943359375">
        <ele>1966.800048828125</ele>
        <time>2026-09-05T05:54:10.000Z</time>
      </trkpt>
      <trkpt lat="42.2983132861554622650146484375" lon="1.71589015983045101165771484375">
        <ele>1966.5999755859375</ele>
        <time>2026-09-05T05:54:11.000Z</time>
      </trkpt>
      <trkpt lat="42.298325188457965850830078125" lon="1.7159158922731876373291015625">
        <ele>1966.4000244140625</ele>
        <time>2026-09-05T05:54:13.000Z</time>
      </trkpt>
      <trkpt lat="42.2983528487384319305419921875" lon="1.71600566245615482330322265625">
        <ele>1966</ele>
        <time>2026-09-05T05:54:19.000Z</time>
      </trkpt>
      <trkpt lat="42.29836701415479183197021484375" lon="1.7160825245082378387451171875">
        <ele>1965.5999755859375</ele>
        <time>2026-09-05T05:54:24.000Z</time>
      </trkpt>
      <trkpt lat="42.298370786011219024658203125" lon="1.71609534882009029388427734375">
        <ele>1965.4000244140625</ele>
        <time>2026-09-05T05:54:25.000Z</time>
      </trkpt>
      <trkpt lat="42.29839660227298736572265625" lon="1.71618637628853321075439453125">
        <ele>1965.4000244140625</ele>
        <time>2026-09-05T05:54:31.000Z</time>
      </trkpt>
      <trkpt lat="42.29841428808867931365966796875" lon="1.71623867936432361602783203125">
        <ele>1964.800048828125</ele>
        <time>2026-09-05T05:54:34.000Z</time>
      </trkpt>
      <trkpt lat="42.29846122674643993377685546875" lon="1.71629567630589008331298828125">
        <ele>1964.5999755859375</ele>
        <time>2026-09-05T05:54:40.000Z</time>
      </trkpt>
      <trkpt lat="42.29849441908299922943115234375" lon="1.71633792109787464141845703125">
        <ele>1964.5999755859375</ele>
        <time>2026-09-05T05:54:44.000Z</time>
      </trkpt>
      <trkpt lat="42.29851420037448406219482421875" lon="1.7163611389696598052978515625">
        <ele>1964.4000244140625</ele>
        <time>2026-09-05T05:54:46.000Z</time>
      </trkpt>
      <trkpt lat="42.2985516674816608428955078125" lon="1.71643431298434734344482421875">
        <ele>1963.4000244140625</ele>
        <time>2026-09-05T05:54:52.000Z</time>
      </trkpt>
      <trkpt lat="42.29858444072306156158447265625" lon="1.716511510312557220458984375">
        <ele>1963.5999755859375</ele>
        <time>2026-09-05T05:54:58.000Z</time>
      </trkpt>
      <trkpt lat="42.2986260987818241119384765625" lon="1.7165928147733211517333984375">
        <ele>1963.4000244140625</ele>
        <time>2026-09-05T05:55:04.000Z</time>
      </trkpt>
      <trkpt lat="42.29863188229501247406005859375" lon="1.71660773456096649169921875">
        <ele>1963.199951171875</ele>
        <time>2026-09-05T05:55:05.000Z</time>
      </trkpt>
      <trkpt lat="42.2986673377454280853271484375" lon="1.716689877212047576904296875">
        <ele>1963.199951171875</ele>
        <time>2026-09-05T05:55:11.000Z</time>
      </trkpt>
      <trkpt lat="42.298695333302021026611328125" lon="1.716751568019390106201171875">
        <ele>1963.199951171875</ele>
        <time>2026-09-05T05:55:16.000Z</time>
      </trkpt>
      <trkpt lat="42.2987431101500988006591796875" lon="1.71682365238666534423828125">
        <ele>1963</ele>
        <time>2026-09-05T05:55:22.000Z</time>
      </trkpt>
      <trkpt lat="42.2987793199717998504638671875" lon="1.7168690823018550872802734375">
        <ele>1963</ele>
        <time>2026-09-05T05:55:27.000Z</time>
      </trkpt>
      <trkpt lat="42.2988091595470905303955078125" lon="1.7168761231005191802978515625">
        <ele>1963.199951171875</ele>
        <time>2026-09-05T05:55:30.000Z</time>
      </trkpt>
      <trkpt lat="42.2988373227417469024658203125" lon="1.71688777394592761993408203125">
        <ele>1963</ele>
        <time>2026-09-05T05:55:33.000Z</time>
      </trkpt>
      <trkpt lat="42.29885450564324855804443359375" lon="1.7168915458023548126220703125">
        <ele>1962.5999755859375</ele>
        <time>2026-09-05T05:55:35.000Z</time>
      </trkpt>
      <trkpt lat="42.2988986782729625701904296875" lon="1.716900430619716644287109375">
        <ele>1963</ele>
        <time>2026-09-05T05:55:40.000Z</time>
      </trkpt>
      <trkpt lat="42.2989073954522609710693359375" lon="1.71689875423908233642578125">
        <ele>1963.199951171875</ele>
        <time>2026-09-05T05:55:46.000Z</time>
      </trkpt>
      <trkpt lat="42.2989073954522609710693359375" lon="1.71689875423908233642578125">
        <ele>1963.199951171875</ele>
        <time>2026-09-05T05:55:49.000Z</time>
      </trkpt>
      <trkpt lat="42.2989073954522609710693359375" lon="1.71689875423908233642578125">
        <ele>1963.199951171875</ele>
        <time>2026-09-05T05:55:51.000Z</time>
      </trkpt>
      <trkpt lat="42.2989073954522609710693359375" lon="1.71689875423908233642578125">
        <ele>1963.199951171875</ele>
        <time>2026-09-05T05:55:53.000Z</time>
      </trkpt>
      <trkpt lat="42.2989161126315593719482421875" lon="1.7168583534657955169677734375">
        <ele>1963.199951171875</ele>
        <time>2026-09-05T05:55:57.000Z</time>
      </trkpt>
      <trkpt lat="42.2989404201507568359375" lon="1.716777049005031585693359375">
        <ele>1962.5999755859375</ele>
        <time>2026-09-05T05:56:03.000Z</time>
      </trkpt>
      <trkpt lat="42.2989462874829769134521484375" lon="1.71673455275595188140869140625">
        <ele>1962.5999755859375</ele>
        <time>2026-09-05T05:56:06.000Z</time>
      </trkpt>
      <trkpt lat="42.29894788004457950592041015625" lon="1.716721057891845703125">
        <ele>1962.5999755859375</ele>
        <time>2026-09-05T05:56:07.000Z</time>
      </trkpt>
      <trkpt lat="42.2989724390208721160888671875" lon="1.71663028188049793243408203125">
        <ele>1962.4000244140625</ele>
        <time>2026-09-05T05:56:13.000Z</time>
      </trkpt>
      <trkpt lat="42.298977635800838470458984375" lon="1.71659943647682666778564453125">
        <ele>1962.199951171875</ele>
        <time>2026-09-05T05:56:15.000Z</time>
      </trkpt>
      <trkpt lat="42.2989865206182003021240234375" lon="1.716555096209049224853515625">
        <ele>1962.199951171875</ele>
        <time>2026-09-05T05:56:18.000Z</time>
      </trkpt>
      <trkpt lat="42.29900546371936798095703125" lon="1.7165053077042102813720703125">
        <ele>1962.199951171875</ele>
        <time>2026-09-05T05:56:22.000Z</time>
      </trkpt>
      <trkpt lat="42.2990405000746250152587890625" lon="1.716445125639438629150390625">
        <ele>1962</ele>
        <time>2026-09-05T05:56:27.000Z</time>
      </trkpt>
      <trkpt lat="42.29904837906360626220703125" lon="1.71641754917800426483154296875">
        <ele>1961.800048828125</ele>
        <time>2026-09-05T05:56:29.000Z</time>
      </trkpt>
      <trkpt lat="42.29908190667629241943359375" lon="1.71639039181172847747802734375">
        <ele>1962.199951171875</ele>
        <time>2026-09-05T05:56:35.000Z</time>
      </trkpt>
      <trkpt lat="42.29908383451402187347412109375" lon="1.71639223583042621612548828125">
        <ele>1962</ele>
        <time>2026-09-05T05:56:36.000Z</time>
      </trkpt>
      <trkpt lat="42.29908433742821216583251953125" lon="1.7163924872875213623046875">
        <ele>1961.800048828125</ele>
        <time>2026-09-05T05:56:41.000Z</time>
      </trkpt>
      <trkpt lat="42.29908433742821216583251953125" lon="1.7163924872875213623046875">
        <ele>1961.800048828125</ele>
        <time>2026-09-05T05:56:47.000Z</time>
      </trkpt>
      <trkpt lat="42.29908433742821216583251953125" lon="1.7163924872875213623046875">
        <ele>1961.800048828125</ele>
        <time>2026-09-05T05:56:51.000Z</time>
      </trkpt>
      <trkpt lat="42.29908433742821216583251953125" lon="1.7163924872875213623046875">
        <ele>1961.5999755859375</ele>
        <time>2026-09-05T05:56:53.000Z</time>
      </trkpt>
      <trkpt lat="42.29908433742821216583251953125" lon="1.7163924872875213623046875">
        <ele>1961.5999755859375</ele>
        <time>2026-09-05T05:56:54.000Z</time>
      </trkpt>
      <trkpt lat="42.29908433742821216583251953125" lon="1.7163924872875213623046875">
        <ele>1961.5999755859375</ele>
        <time>2026-09-05T05:57:00.000Z</time>
      </trkpt>
      <trkpt lat="42.2990971617400646209716796875" lon="1.7163447104394435882568359375">
        <ele>1961.800048828125</ele>
        <time>2026-09-05T05:57:06.000Z</time>
      </trkpt>
      <trkpt lat="42.29910202324390411376953125" lon="1.71633549034595489501953125">
        <ele>1961.5999755859375</ele>
        <time>2026-09-05T05:57:07.000Z</time>
      </trkpt>
      <trkpt lat="42.2991484589874744415283203125" lon="1.71625963412225246429443359375">
        <ele>1961.5999755859375</ele>
        <time>2026-09-05T05:57:13.000Z</time>
      </trkpt>
      <trkpt lat="42.29918441735208034515380859375" lon="1.71621688641607761383056640625">
        <ele>1961.199951171875</ele>
        <time>2026-09-05T05:57:17.000Z</time>
      </trkpt>
      <trkpt lat="42.29919397272169589996337890625" lon="1.7162082530558109283447265625">
        <ele>1961</ele>
        <time>2026-09-05T05:57:18.000Z</time>
      </trkpt>
      <trkpt lat="42.2992502152919769287109375" lon="1.71614228747785091400146484375">
        <ele>1960.800048828125</ele>
        <time>2026-09-05T05:57:24.000Z</time>
      </trkpt>
      <trkpt lat="42.29928667657077312469482421875" lon="1.716077663004398345947265625">
        <ele>1960.800048828125</ele>
        <time>2026-09-05T05:57:29.000Z</time>
      </trkpt>
      <trkpt lat="42.29933696798980236053466796875" lon="1.7160064168274402618408203125">
        <ele>1960.800048828125</ele>
        <time>2026-09-05T05:57:35.000Z</time>
      </trkpt>
      <trkpt lat="42.29938256554305553436279296875" lon="1.71594765968620777130126953125">
        <ele>1960.5999755859375</ele>
        <time>2026-09-05T05:57:40.000Z</time>
      </trkpt>
      <trkpt lat="42.2994069568812847137451171875" lon="1.7159016430377960205078125">
        <ele>1960.4000244140625</ele>
        <time>2026-09-05T05:57:44.000Z</time>
      </trkpt>
      <trkpt lat="42.29942128993570804595947265625" lon="1.7158790118992328643798828125">
        <ele>1960.4000244140625</ele>
        <time>2026-09-05T05:57:46.000Z</time>
      </trkpt>
      <trkpt lat="42.29944878257811069488525390625" lon="1.71582452952861785888671875">
        <ele>1960.199951171875</ele>
        <time>2026-09-05T05:57:51.000Z</time>
      </trkpt>
      <trkpt lat="42.29945515282452106475830078125" lon="1.71581271104514598846435546875">
        <ele>1960</ele>
        <time>2026-09-05T05:57:52.000Z</time>
      </trkpt>
      <trkpt lat="42.299497313797473907470703125" lon="1.71573660336434841156005859375">
        <ele>1959.199951171875</ele>
        <time>2026-09-05T05:57:58.000Z</time>
      </trkpt>
      <trkpt lat="42.29950368404388427734375" lon="1.71572537161409854888916015625">
        <ele>1959</ele>
        <time>2026-09-05T05:57:59.000Z</time>
      </trkpt>
      <trkpt lat="42.29952975176274776458740234375" lon="1.71567457728087902069091796875">
        <ele>1958.800048828125</ele>
        <time>2026-09-05T05:58:03.000Z</time>
      </trkpt>
      <trkpt lat="42.29957300238311290740966796875" lon="1.71559629030525684356689453125">
        <ele>1958.5999755859375</ele>
        <time>2026-09-05T05:58:09.000Z</time>
      </trkpt>
      <trkpt lat="42.29958708398044109344482421875" lon="1.71557215042412281036376953125">
        <ele>1958.4000244140625</ele>
        <time>2026-09-05T05:58:12.000Z</time>
      </trkpt>
      <trkpt lat="42.29962681420147418975830078125" lon="1.71550802886486053466796875">
        <ele>1958</ele>
        <time>2026-09-05T05:58:18.000Z</time>
      </trkpt>
      <trkpt lat="42.299653552472591400146484375" lon="1.71545765362679958343505859375">
        <ele>1958.199951171875</ele>
        <time>2026-09-05T05:58:22.000Z</time>
      </trkpt>
      <trkpt lat="42.29968498460948467254638671875" lon="1.71540685929358005523681640625">
        <ele>1957.800048828125</ele>
        <time>2026-09-05T05:58:26.000Z</time>
      </trkpt>
      <trkpt lat="42.2997402213513851165771484375" lon="1.7153442464768886566162109375">
        <ele>1957.4000244140625</ele>
        <time>2026-09-05T05:58:32.000Z</time>
      </trkpt>
      <trkpt lat="42.2997750900685787200927734375" lon="1.7153088748455047607421875">
        <ele>1957.5999755859375</ele>
        <time>2026-09-05T05:58:36.000Z</time>
      </trkpt>
      <trkpt lat="42.29982898570597171783447265625" lon="1.71525531448423862457275390625">
        <ele>1957.199951171875</ele>
        <time>2026-09-05T05:58:42.000Z</time>
      </trkpt>
      <trkpt lat="42.29984440840780735015869140625" lon="1.7152339406311511993408203125">
        <ele>1957</ele>
        <time>2026-09-05T05:58:44.000Z</time>
      </trkpt>
      <trkpt lat="42.2998523712158203125" lon="1.7152235470712184906005859375">
        <ele>1956.800048828125</ele>
        <time>2026-09-05T05:58:45.000Z</time>
      </trkpt>
      <trkpt lat="42.29990174062550067901611328125" lon="1.71516395173966884613037109375">
        <ele>1956.5999755859375</ele>
        <time>2026-09-05T05:58:51.000Z</time>
      </trkpt>
      <trkpt lat="42.29995052330195903778076171875" lon="1.71512556262314319610595703125">
        <ele>1956.4000244140625</ele>
        <time>2026-09-05T05:58:57.000Z</time>
      </trkpt>
      <trkpt lat="42.29999930597841739654541015625" lon="1.71508348546922206878662109375">
        <ele>1955.800048828125</ele>
        <time>2026-09-05T05:59:03.000Z</time>
      </trkpt>
      <trkpt lat="42.3000188358128070831298828125" lon="1.71506412327289581298828125">
        <ele>1955.800048828125</ele>
        <time>2026-09-05T05:59:05.000Z</time>
      </trkpt>
      <trkpt lat="42.30007071979343891143798828125" lon="1.71500268392264842987060546875">
        <ele>1955.199951171875</ele>
        <time>2026-09-05T05:59:11.000Z</time>
      </trkpt>
      <trkpt lat="42.30010475032031536102294921875" lon="1.714964546263217926025390625">
        <ele>1955.4000244140625</ele>
        <time>2026-09-05T05:59:15.000Z</time>
      </trkpt>
      <trkpt lat="42.30015671811997890472412109375" lon="1.7149067111313343048095703125">
        <ele>1955</ele>
        <time>2026-09-05T05:59:21.000Z</time>
      </trkpt>
      <trkpt lat="42.300177924335002899169921875" lon="1.71488684602081775665283203125">
        <ele>1954.800048828125</ele>
        <time>2026-09-05T05:59:23.000Z</time>
      </trkpt>
      <trkpt lat="42.3002372682094573974609375" lon="1.714845858514308929443359375">
        <ele>1954.199951171875</ele>
        <time>2026-09-05T05:59:29.000Z</time>
      </trkpt>
      <trkpt lat="42.3002753220498561859130859375" lon="1.71481559984385967254638671875">
        <ele>1954</ele>
        <time>2026-09-05T05:59:34.000Z</time>
      </trkpt>
      <trkpt lat="42.30032083578407764434814453125" lon="1.714770756661891937255859375">
        <ele>1953.800048828125</ele>
        <time>2026-09-05T05:59:39.000Z</time>
      </trkpt>
      <trkpt lat="42.3003795929253101348876953125" lon="1.71471149660646915435791015625">
        <ele>1953.4000244140625</ele>
        <time>2026-09-05T05:59:45.000Z</time>
      </trkpt>
      <trkpt lat="42.3004329018294811248779296875" lon="1.71466422267258167266845703125">
        <ele>1953.199951171875</ele>
        <time>2026-09-05T05:59:51.000Z</time>
      </trkpt>
      <trkpt lat="42.30045477859675884246826171875" lon="1.71464192681014537811279296875">
        <ele>1952.800048828125</ele>
        <time>2026-09-05T05:59:54.000Z</time>
      </trkpt>
      <trkpt lat="42.300470955669879913330078125" lon="1.7146249115467071533203125">
        <ele>1952.5999755859375</ele>
        <time>2026-09-05T05:59:56.000Z</time>
      </trkpt>
      <trkpt lat="42.30051278136670589447021484375" lon="1.7145898751914501190185546875">
        <ele>1952.4000244140625</ele>
        <time>2026-09-05T06:00:02.000Z</time>
      </trkpt>
      <trkpt lat="42.30053273029625415802001953125" lon="1.71457822434604167938232421875">
        <ele>1952.4000244140625</ele>
        <time>2026-09-05T06:00:04.000Z</time>
      </trkpt>
      <trkpt lat="42.3005877994000911712646484375" lon="1.714551486074924468994140625">
        <ele>1952.199951171875</ele>
        <time>2026-09-05T06:00:10.000Z</time>
      </trkpt>
      <trkpt lat="42.30061453767120838165283203125" lon="1.7145432718098163604736328125">
        <ele>1952.199951171875</ele>
        <time>2026-09-05T06:00:13.000Z</time>
      </trkpt>
      <trkpt lat="42.30064169503748416900634765625" lon="1.71453530900180339813232421875">
        <ele>1951.800048828125</ele>
        <time>2026-09-05T06:00:18.000Z</time>
      </trkpt>
      <trkpt lat="42.30064337141811847686767578125" lon="1.7145369015634059906005859375">
        <ele>1952.199951171875</ele>
        <time>2026-09-05T06:00:24.000Z</time>
      </trkpt>
      <trkpt lat="42.30064337141811847686767578125" lon="1.7145369015634059906005859375">
        <ele>1952.199951171875</ele>
        <time>2026-09-05T06:00:26.000Z</time>
      </trkpt>
      <trkpt lat="42.30064337141811847686767578125" lon="1.7145369015634059906005859375">
        <ele>1952.199951171875</ele>
        <time>2026-09-05T06:00:27.000Z</time>
      </trkpt>
      <trkpt lat="42.30064337141811847686767578125" lon="1.7145369015634059906005859375">
        <ele>1952.199951171875</ele>
        <time>2026-09-05T06:00:29.000Z</time>
      </trkpt>
      <trkpt lat="42.30064337141811847686767578125" lon="1.7145369015634059906005859375">
        <ele>1952.199951171875</ele>
        <time>2026-09-05T06:00:35.000Z</time>
      </trkpt>
      <trkpt lat="42.30064337141811847686767578125" lon="1.7145369015634059906005859375">
        <ele>1952.199951171875</ele>
        <time>2026-09-05T06:00:39.000Z</time>
      </trkpt>
      <trkpt lat="42.30064337141811847686767578125" lon="1.7145369015634059906005859375">
        <ele>1952.4000244140625</ele>
        <time>2026-09-05T06:00:45.000Z</time>
      </trkpt>
      <trkpt lat="42.30064337141811847686767578125" lon="1.7145369015634059906005859375">
        <ele>1952.4000244140625</ele>
        <time>2026-09-05T06:00:51.000Z</time>
      </trkpt>
      <trkpt lat="42.30064965784549713134765625" lon="1.71451820991933345794677734375">
        <ele>1952.199951171875</ele>
        <time>2026-09-05T06:00:57.000Z</time>
      </trkpt>
      <trkpt lat="42.300720401108264923095703125" lon="1.71448183245956897735595703125">
        <ele>1952.4000244140625</ele>
        <time>2026-09-05T06:01:03.000Z</time>
      </trkpt>
      <trkpt lat="42.300745211541652679443359375" lon="1.71446942724287509918212890625">
        <ele>1952.199951171875</ele>
        <time>2026-09-05T06:01:05.000Z</time>
      </trkpt>
      <trkpt lat="42.3008100874722003936767578125" lon="1.71444679610431194305419921875">
        <ele>1951.800048828125</ele>
        <time>2026-09-05T06:01:11.000Z</time>
      </trkpt>
      <trkpt lat="42.30084386654198169708251953125" lon="1.714444868266582489013671875">
        <ele>1951.5999755859375</ele>
        <time>2026-09-05T06:01:14.000Z</time>
      </trkpt>
      <trkpt lat="42.30089449323713779449462890625" lon="1.7144661583006381988525390625">
        <ele>1951.199951171875</ele>
        <time>2026-09-05T06:01:20.000Z</time>
      </trkpt>
      <trkpt lat="42.30089482851326465606689453125" lon="1.71446791850030422210693359375">
        <ele>1951</ele>
        <time>2026-09-05T06:01:22.000Z</time>
      </trkpt>
      <trkpt lat="42.30089482851326465606689453125" lon="1.71446791850030422210693359375">
        <ele>1951.199951171875</ele>
        <time>2026-09-05T06:01:28.000Z</time>
      </trkpt>
      <trkpt lat="42.30089482851326465606689453125" lon="1.71446791850030422210693359375">
        <ele>1951.199951171875</ele>
        <time>2026-09-05T06:01:29.000Z</time>
      </trkpt>
      <trkpt lat="42.30089482851326465606689453125" lon="1.71446791850030422210693359375">
        <ele>1951.199951171875</ele>
        <time>2026-09-05T06:01:31.000Z</time>
      </trkpt>
      <trkpt lat="42.30089776217937469482421875" lon="1.714465655386447906494140625">
        <ele>1951</ele>
        <time>2026-09-05T06:01:33.000Z</time>
      </trkpt>
      <trkpt lat="42.30091528035700321197509765625" lon="1.71447345055639743804931640625">
        <ele>1950.800048828125</ele>
        <time>2026-09-05T06:01:35.000Z</time>
      </trkpt>
      <trkpt lat="42.30092349462211132049560546875" lon="1.7144772224128246307373046875">
        <ele>1950.5999755859375</ele>
        <time>2026-09-05T06:01:36.000Z</time>
      </trkpt>
      <trkpt lat="42.3009327985346317291259765625" lon="1.71448283828794956207275390625">
        <ele>1950.5999755859375</ele>
        <time>2026-09-05T06:01:37.000Z</time>
      </trkpt>
      <trkpt lat="42.3009609617292881011962890625" lon="1.714507229626178741455078125">
        <ele>1950.4000244140625</ele>
        <time>2026-09-05T06:01:43.000Z</time>
      </trkpt>
      <trkpt lat="42.300961129367351531982421875" lon="1.71450697816908359527587890625">
        <ele>1950.4000244140625</ele>
        <time>2026-09-05T06:01:44.000Z</time>
      </trkpt>
      <trkpt lat="42.30096976272761821746826171875" lon="1.71451091766357421875">
        <ele>1950.4000244140625</ele>
        <time>2026-09-05T06:01:45.000Z</time>
      </trkpt>
      <trkpt lat="42.30098770000040531158447265625" lon="1.71451904810965061187744140625">
        <ele>1950.199951171875</ele>
        <time>2026-09-05T06:01:47.000Z</time>
      </trkpt>
      <trkpt lat="42.30103530921041965484619140625" lon="1.71453966759145259857177734375">
        <ele>1950</ele>
        <time>2026-09-05T06:01:52.000Z</time>
      </trkpt>
      <trkpt lat="42.30107017792761325836181640625" lon="1.71455525793135166168212890625">
        <ele>1950</ele>
        <time>2026-09-05T06:01:55.000Z</time>
      </trkpt>
      <trkpt lat="42.3011044599115848541259765625" lon="1.71456431038677692413330078125">
        <ele>1949.5999755859375</ele>
        <time>2026-09-05T06:01:58.000Z</time>
      </trkpt>
      <trkpt lat="42.3011788912117481231689453125" lon="1.714576296508312225341796875">
        <ele>1949.199951171875</ele>
        <time>2026-09-05T06:02:04.000Z</time>
      </trkpt>
      <trkpt lat="42.3011919669806957244873046875" lon="1.714579649269580841064453125">
        <ele>1949</ele>
        <time>2026-09-05T06:02:05.000Z</time>
      </trkpt>
      <trkpt lat="42.3012643866240978240966796875" lon="1.71460353769361972808837890625">
        <ele>1948.5999755859375</ele>
        <time>2026-09-05T06:02:11.000Z</time>
      </trkpt>
      <trkpt lat="42.30128844268620014190673828125" lon="1.714611835777759552001953125">
        <ele>1948.5999755859375</ele>
        <time>2026-09-05T06:02:13.000Z</time>
      </trkpt>
      <trkpt lat="42.3013103194534778594970703125" lon="1.7146207205951213836669921875">
        <ele>1948.4000244140625</ele>
        <time>2026-09-05T06:02:15.000Z</time>
      </trkpt>
      <trkpt lat="42.3013478703796863555908203125" lon="1.714637316763401031494140625">
        <ele>1948.4000244140625</ele>
        <time>2026-09-05T06:02:18.000Z</time>
      </trkpt>
      <trkpt lat="42.30142171494662761688232421875" lon="1.7146666534245014190673828125">
        <ele>1947.4000244140625</ele>
        <time>2026-09-05T06:02:24.000Z</time>
      </trkpt>
      <trkpt lat="42.30146865360438823699951171875" lon="1.71468190848827362060546875">
        <ele>1947.199951171875</ele>
        <time>2026-09-05T06:02:28.000Z</time>
      </trkpt>
      <trkpt lat="42.30154216289520263671875" lon="1.71470177359879016876220703125">
        <ele>1947</ele>
        <time>2026-09-05T06:02:34.000Z</time>
      </trkpt>
      <trkpt lat="42.3016103915870189666748046875" lon="1.71471920795738697052001953125">
        <ele>1946.5999755859375</ele>
        <time>2026-09-05T06:02:40.000Z</time>
      </trkpt>
      <trkpt lat="42.30162170715630054473876953125" lon="1.7147213034331798553466796875">
        <ele>1946.5999755859375</ele>
        <time>2026-09-05T06:02:41.000Z</time>
      </trkpt>
      <trkpt lat="42.301630675792694091796875" lon="1.7147276736795902252197265625">
        <ele>1946.4000244140625</ele>
        <time>2026-09-05T06:02:42.000Z</time>
      </trkpt>
      <trkpt lat="42.3016962222754955291748046875" lon="1.71475340612232685089111328125">
        <ele>1946</ele>
        <time>2026-09-05T06:02:48.000Z</time>
      </trkpt>
      <trkpt lat="42.30172782205045223236083984375" lon="1.71476094983518123626708984375">
        <ele>1945.5999755859375</ele>
        <time>2026-09-05T06:02:51.000Z</time>
      </trkpt>
      <trkpt lat="42.30178431607782840728759765625" lon="1.7147783003747463226318359375">
        <ele>1945.199951171875</ele>
        <time>2026-09-05T06:02:56.000Z</time>
      </trkpt>
      <trkpt lat="42.30185422115027904510498046875" lon="1.714802943170070648193359375">
        <ele>1944.800048828125</ele>
        <time>2026-09-05T06:03:02.000Z</time>
      </trkpt>
      <trkpt lat="42.3019289039075374603271484375" lon="1.71482364647090435028076171875">
        <ele>1944.4000244140625</ele>
        <time>2026-09-05T06:03:08.000Z</time>
      </trkpt>
      <trkpt lat="42.30197332799434661865234375" lon="1.7148477025330066680908203125">
        <ele>1944.5999755859375</ele>
        <time>2026-09-05T06:03:12.000Z</time>
      </trkpt>
      <trkpt lat="42.3020117171108722686767578125" lon="1.714859269559383392333984375">
        <ele>1944.199951171875</ele>
        <time>2026-09-05T06:03:16.000Z</time>
      </trkpt>
      <trkpt lat="42.30205186642706394195556640625" lon="1.71485968865454196929931640625">
        <ele>1943.4000244140625</ele>
        <time>2026-09-05T06:03:22.000Z</time>
      </trkpt>
      <trkpt lat="42.302052788436412811279296875" lon="1.71485717408359050750732421875">
        <ele>1943.199951171875</ele>
        <time>2026-09-05T06:03:28.000Z</time>
      </trkpt>
      <trkpt lat="42.30209578759968280792236328125" lon="1.7148289270699024200439453125">
        <ele>1943.199951171875</ele>
        <time>2026-09-05T06:03:32.000Z</time>
      </trkpt>
      <trkpt lat="42.30210668407380580902099609375" lon="1.7148188687860965728759765625">
        <ele>1943.199951171875</ele>
        <time>2026-09-05T06:03:33.000Z</time>
      </trkpt>
      <trkpt lat="42.30216183699667453765869140625" lon="1.7147846706211566925048828125">
        <ele>1942</ele>
        <time>2026-09-05T06:03:38.000Z</time>
      </trkpt>
      <trkpt lat="42.302176840603351593017578125" lon="1.71476296149194240570068359375">
        <ele>1942</ele>
        <time>2026-09-05T06:03:40.000Z</time>
      </trkpt>
      <trkpt lat="42.30221212841570377349853515625" lon="1.71468584798276424407958984375">
        <ele>1941.5999755859375</ele>
        <time>2026-09-05T06:03:46.000Z</time>
      </trkpt>
      <trkpt lat="42.3022309876978397369384765625" lon="1.71464963816106319427490234375">
        <ele>1941</ele>
        <time>2026-09-05T06:03:49.000Z</time>
      </trkpt>
      <trkpt lat="42.3022355139255523681640625" lon="1.71463706530630588531494140625">
        <ele>1940.800048828125</ele>
        <time>2026-09-05T06:03:50.000Z</time>
      </trkpt>
      <trkpt lat="42.30226594023406505584716796875" lon="1.71456850133836269378662109375">
        <ele>1940</ele>
        <time>2026-09-05T06:03:56.000Z</time>
      </trkpt>
      <trkpt lat="42.30227231048047542572021484375" lon="1.71455877833068370819091796875">
        <ele>1940</ele>
        <time>2026-09-05T06:03:57.000Z</time>
      </trkpt>
      <trkpt lat="42.30230198241770267486572265625" lon="1.71452240087091922760009765625">
        <ele>1939.5999755859375</ele>
        <time>2026-09-05T06:04:01.000Z</time>
      </trkpt>
      <trkpt lat="42.3023267090320587158203125" lon="1.71445467509329319000244140625">
        <ele>1939</ele>
        <time>2026-09-05T06:04:06.000Z</time>
      </trkpt>
      <trkpt lat="42.30236032046377658843994140625" lon="1.71439583413302898406982421875">
        <ele>1938.4000244140625</ele>
        <time>2026-09-05T06:04:11.000Z</time>
      </trkpt>
      <trkpt lat="42.3024070076644420623779296875" lon="1.71432039700448513031005859375">
        <ele>1938</ele>
        <time>2026-09-05T06:04:17.000Z</time>
      </trkpt>
      <trkpt lat="42.3024393618106842041015625" lon="1.71426373533904552459716796875">
        <ele>1937.199951171875</ele>
        <time>2026-09-05T06:04:21.000Z</time>
      </trkpt>
      <trkpt lat="42.3024536110460758209228515625" lon="1.71423825435340404510498046875">
        <ele>1936.800048828125</ele>
        <time>2026-09-05T06:04:23.000Z</time>
      </trkpt>
      <trkpt lat="42.302489988505840301513671875" lon="1.714186035096645355224609375">
        <ele>1936.199951171875</ele>
        <time>2026-09-05T06:04:27.000Z</time>
      </trkpt>
      <trkpt lat="42.30251303873956203460693359375" lon="1.7141432873904705047607421875">
        <ele>1935.5999755859375</ele>
        <time>2026-09-05T06:04:30.000Z</time>
      </trkpt>
      <trkpt lat="42.302538268268108367919921875" lon="1.71410229988396167755126953125">
        <ele>1935</ele>
        <time>2026-09-05T06:04:33.000Z</time>
      </trkpt>
      <trkpt lat="42.30256634764373302459716796875" lon="1.714009679853916168212890625">
        <ele>1934.800048828125</ele>
        <time>2026-09-05T06:04:39.000Z</time>
      </trkpt>
      <trkpt lat="42.30257137678563594818115234375" lon="1.7139950953423976898193359375">
        <ele>1934.5999755859375</ele>
        <time>2026-09-05T06:04:40.000Z</time>
      </trkpt>
      <trkpt lat="42.30260557495057582855224609375" lon="1.71390783973038196563720703125">
        <ele>1933.800048828125</ele>
        <time>2026-09-05T06:04:46.000Z</time>
      </trkpt>
      <trkpt lat="42.30262367986142635345458984375" lon="1.7138854600489139556884765625">
        <ele>1933.5999755859375</ele>
        <time>2026-09-05T06:04:48.000Z</time>
      </trkpt>
      <trkpt lat="42.302680425345897674560546875" lon="1.7138264514505863189697265625">
        <ele>1932.800048828125</ele>
        <time>2026-09-05T06:04:54.000Z</time>
      </trkpt>
      <trkpt lat="42.302687801420688629150390625" lon="1.713812537491321563720703125">
        <ele>1932.800048828125</ele>
        <time>2026-09-05T06:04:55.000Z</time>
      </trkpt>
      <trkpt lat="42.30270800180733203887939453125" lon="1.71378395520150661468505859375">
        <ele>1932.800048828125</ele>
        <time>2026-09-05T06:04:58.000Z</time>
      </trkpt>
      <trkpt lat="42.3027325607836246490478515625" lon="1.71376635320484638214111328125">
        <ele>1932.5999755859375</ele>
        <time>2026-09-05T06:05:01.000Z</time>
      </trkpt>
      <trkpt lat="42.3027530126273632049560546875" lon="1.713748835027217864990234375">
        <ele>1932.199951171875</ele>
        <time>2026-09-05T06:05:03.000Z</time>
      </trkpt>
      <trkpt lat="42.3027754761278629302978515625" lon="1.7137277126312255859375">
        <ele>1931.800048828125</ele>
        <time>2026-09-05T06:05:05.000Z</time>
      </trkpt>
      <trkpt lat="42.302783690392971038818359375" lon="1.71371924690902233123779296875">
        <ele>1931.5999755859375</ele>
        <time>2026-09-05T06:05:06.000Z</time>
      </trkpt>
      <trkpt lat="42.3028421960771083831787109375" lon="1.7136557959020137786865234375">
        <ele>1931.199951171875</ele>
        <time>2026-09-05T06:05:12.000Z</time>
      </trkpt>
      <trkpt lat="42.30287346057593822479248046875" lon="1.71363643370568752288818359375">
        <ele>1930.4000244140625</ele>
        <time>2026-09-05T06:05:15.000Z</time>
      </trkpt>
      <trkpt lat="42.30292995460331439971923828125" lon="1.71360659413039684295654296875">
        <ele>1929.800048828125</ele>
        <time>2026-09-05T06:05:21.000Z</time>
      </trkpt>
      <trkpt lat="42.30295526795089244842529296875" lon="1.7135880701243877410888671875">
        <ele>1929.4000244140625</ele>
        <time>2026-09-05T06:05:24.000Z</time>
      </trkpt>
      <trkpt lat="42.3029642365872859954833984375" lon="1.7135816998779773712158203125">
        <ele>1929.4000244140625</ele>
        <time>2026-09-05T06:05:25.000Z</time>
      </trkpt>
      <trkpt lat="42.30302877724170684814453125" lon="1.71354540623724460601806640625">
        <ele>1928.4000244140625</ele>
        <time>2026-09-05T06:05:31.000Z</time>
      </trkpt>
      <trkpt lat="42.30303841643035411834716796875" lon="1.71354088000953197479248046875">
        <ele>1928</ele>
        <time>2026-09-05T06:05:32.000Z</time>
      </trkpt>
      <trkpt lat="42.30307563208043575286865234375" lon="1.7135176621377468109130859375">
        <ele>1927.800048828125</ele>
        <time>2026-09-05T06:05:36.000Z</time>
      </trkpt>
      <trkpt lat="42.30313899926841259002685546875" lon="1.71348053030669689178466796875">
        <ele>1927</ele>
        <time>2026-09-05T06:05:42.000Z</time>
      </trkpt>
      <trkpt lat="42.303175292909145355224609375" lon="1.71346125192940235137939453125">
        <ele>1926.5999755859375</ele>
        <time>2026-09-05T06:05:45.000Z</time>
      </trkpt>
      <trkpt lat="42.30323555879294872283935546875" lon="1.71342663466930389404296875">
        <ele>1926.199951171875</ele>
        <time>2026-09-05T06:05:51.000Z</time>
      </trkpt>
      <trkpt lat="42.30325550772249698638916015625" lon="1.7134160734713077545166015625">
        <ele>1926</ele>
        <time>2026-09-05T06:05:53.000Z</time>
      </trkpt>
      <trkpt lat="42.30327243916690349578857421875" lon="1.71340878121554851531982421875">
        <ele>1925.800048828125</ele>
        <time>2026-09-05T06:05:55.000Z</time>
      </trkpt>
      <trkpt lat="42.3033333756029605865478515625" lon="1.71337391249835491180419921875">
        <ele>1925</ele>
        <time>2026-09-05T06:06:01.000Z</time>
      </trkpt>
      <trkpt lat="42.30334469117224216461181640625" lon="1.71336435712873935699462890625">
        <ele>1924.800048828125</ele>
        <time>2026-09-05T06:06:02.000Z</time>
      </trkpt>
      <trkpt lat="42.30336346663534641265869140625" lon="1.7133537121117115020751953125">
        <ele>1924.4000244140625</ele>
        <time>2026-09-05T06:06:04.000Z</time>
      </trkpt>
      <trkpt lat="42.30342197231948375701904296875" lon="1.71332429163157939910888671875">
        <ele>1923.800048828125</ele>
        <time>2026-09-05T06:06:09.000Z</time>
      </trkpt>
      <trkpt lat="42.3034679889678955078125" lon="1.713302247226238250732421875">
        <ele>1923.5999755859375</ele>
        <time>2026-09-05T06:06:13.000Z</time>
      </trkpt>
      <trkpt lat="42.303528673946857452392578125" lon="1.713260002434253692626953125">
        <ele>1922.5999755859375</ele>
        <time>2026-09-05T06:06:19.000Z</time>
      </trkpt>
      <trkpt lat="42.3035479523241519927978515625" lon="1.7132400535047054290771484375">
        <ele>1922.4000244140625</ele>
        <time>2026-09-05T06:06:21.000Z</time>
      </trkpt>
      <trkpt lat="42.30360000394284725189208984375" lon="1.71323276124894618988037109375">
        <ele>1922.4000244140625</ele>
        <time>2026-09-05T06:06:25.000Z</time>
      </trkpt>
      <trkpt lat="42.30365465395152568817138671875" lon="1.71320945955812931060791015625">
        <ele>1921.800048828125</ele>
        <time>2026-09-05T06:06:30.000Z</time>
      </trkpt>
      <trkpt lat="42.3036720044910907745361328125" lon="1.71318800188601016998291015625">
        <ele>1921.5999755859375</ele>
        <time>2026-09-05T06:06:35.000Z</time>
      </trkpt>
      <trkpt lat="42.30367259122431278228759765625" lon="1.71317911706864833831787109375">
        <ele>1921.4000244140625</ele>
        <time>2026-09-05T06:06:38.000Z</time>
      </trkpt>
      <trkpt lat="42.30371986515820026397705078125" lon="1.71314500272274017333984375">
        <ele>1921.199951171875</ele>
        <time>2026-09-05T06:06:43.000Z</time>
      </trkpt>
      <trkpt lat="42.3037751019001007080078125" lon="1.71310619451105594635009765625">
        <ele>1920.5999755859375</ele>
        <time>2026-09-05T06:06:48.000Z</time>
      </trkpt>
      <trkpt lat="42.303841151297092437744140625" lon="1.713065542280673980712890625">
        <ele>1920.199951171875</ele>
        <time>2026-09-05T06:06:54.000Z</time>
      </trkpt>
      <trkpt lat="42.30385355651378631591796875" lon="1.7130590043962001800537109375">
        <ele>1920.199951171875</ele>
        <time>2026-09-05T06:06:55.000Z</time>
      </trkpt>
      <trkpt lat="42.3038849048316478729248046875" lon="1.7130378820002079010009765625">
        <ele>1919.800048828125</ele>
        <time>2026-09-05T06:06:58.000Z</time>
      </trkpt>
      <trkpt lat="42.3039060272276401519775390625" lon="1.71302941627800464630126953125">
        <ele>1919.4000244140625</ele>
        <time>2026-09-05T06:07:00.000Z</time>
      </trkpt>
      <trkpt lat="42.30395740829408168792724609375" lon="1.71299287118017673492431640625">
        <ele>1919.199951171875</ele>
        <time>2026-09-05T06:07:05.000Z</time>
      </trkpt>
      <trkpt lat="42.30401851236820220947265625" lon="1.71296839602291584014892578125">
        <ele>1918.5999755859375</ele>
        <time>2026-09-05T06:07:11.000Z</time>
      </trkpt>
      <trkpt lat="42.30404156260192394256591796875" lon="1.71296286396682262420654296875">
        <ele>1918.4000244140625</ele>
        <time>2026-09-05T06:07:13.000Z</time>
      </trkpt>
      <trkpt lat="42.3040776886045932769775390625" lon="1.7129619419574737548828125">
        <ele>1917.800048828125</ele>
        <time>2026-09-05T06:07:16.000Z</time>
      </trkpt>
      <trkpt lat="42.304089926183223724365234375" lon="1.7129979841411113739013671875">
        <ele>1917.5999755859375</ele>
        <time>2026-09-05T06:07:22.000Z</time>
      </trkpt>
      <trkpt lat="42.304089926183223724365234375" lon="1.7129979841411113739013671875">
        <ele>1917.5999755859375</ele>
        <time>2026-09-05T06:07:24.000Z</time>
      </trkpt>
      <trkpt lat="42.304089926183223724365234375" lon="1.7129979841411113739013671875">
        <ele>1918</ele>
        <time>2026-09-05T06:07:30.000Z</time>
      </trkpt>
      <trkpt lat="42.3040916025638580322265625" lon="1.712985076010227203369140625">
        <ele>1917.5999755859375</ele>
        <time>2026-09-05T06:07:36.000Z</time>
      </trkpt>
      <trkpt lat="42.30409805662930011749267578125" lon="1.71298331581056118011474609375">
        <ele>1917.5999755859375</ele>
        <time>2026-09-05T06:07:37.000Z</time>
      </trkpt>
      <trkpt lat="42.30416410602629184722900390625" lon="1.7129483632743358612060546875">
        <ele>1917.199951171875</ele>
        <time>2026-09-05T06:07:43.000Z</time>
      </trkpt>
      <trkpt lat="42.30418958701193332672119140625" lon="1.71294576488435268402099609375">
        <ele>1917</ele>
        <time>2026-09-05T06:07:45.000Z</time>
      </trkpt>
      <trkpt lat="42.30425580404698848724365234375" lon="1.71293688006699085235595703125">
        <ele>1916.800048828125</ele>
        <time>2026-09-05T06:07:50.000Z</time>
      </trkpt>
      <trkpt lat="42.30431179516017436981201171875" lon="1.7129275761544704437255859375">
        <ele>1916.199951171875</ele>
        <time>2026-09-05T06:07:55.000Z</time>
      </trkpt>
      <trkpt lat="42.304323613643646240234375" lon="1.7129297554492950439453125">
        <ele>1915.800048828125</ele>
        <time>2026-09-05T06:07:56.000Z</time>
      </trkpt>
      <trkpt lat="42.30438270606100559234619140625" lon="1.71293319202959537506103515625">
        <ele>1915.199951171875</ele>
        <time>2026-09-05T06:08:01.000Z</time>
      </trkpt>
      <trkpt lat="42.30439410544931888580322265625" lon="1.71293453313410282135009765625">
        <ele>1915</ele>
        <time>2026-09-05T06:08:02.000Z</time>
      </trkpt>
      <trkpt lat="42.30443065054714679718017578125" lon="1.7129409871995449066162109375">
        <ele>1914.800048828125</ele>
        <time>2026-09-05T06:08:05.000Z</time>
      </trkpt>
      <trkpt lat="42.3044428043067455291748046875" lon="1.7129413224756717681884765625">
        <ele>1914.5999755859375</ele>
        <time>2026-09-05T06:08:06.000Z</time>
      </trkpt>
      <trkpt lat="42.30447825975716114044189453125" lon="1.7129404842853546142578125">
        <ele>1914</ele>
        <time>2026-09-05T06:08:09.000Z</time>
      </trkpt>
      <trkpt lat="42.3045011423528194427490234375" lon="1.712941490113735198974609375">
        <ele>1913.800048828125</ele>
        <time>2026-09-05T06:08:11.000Z</time>
      </trkpt>
      <trkpt lat="42.30456710793077945709228515625" lon="1.71294827945530414581298828125">
        <ele>1913.4000244140625</ele>
        <time>2026-09-05T06:08:17.000Z</time>
      </trkpt>
      <trkpt lat="42.30460784398019313812255859375" lon="1.712957583367824554443359375">
        <ele>1912.800048828125</ele>
        <time>2026-09-05T06:08:21.000Z</time>
      </trkpt>
      <trkpt lat="42.30464153923094272613525390625" lon="1.71295749954879283905029296875">
        <ele>1912.4000244140625</ele>
        <time>2026-09-05T06:08:24.000Z</time>
      </trkpt>
      <trkpt lat="42.30470188893377780914306640625" lon="1.71294995583593845367431640625">
        <ele>1911.800048828125</ele>
        <time>2026-09-05T06:08:29.000Z</time>
      </trkpt>
      <trkpt lat="42.30477598495781421661376953125" lon="1.7129436694085597991943359375">
        <ele>1911</ele>
        <time>2026-09-05T06:08:35.000Z</time>
      </trkpt>
      <trkpt lat="42.30483348481357097625732421875" lon="1.71293235383927822113037109375">
        <ele>1910.800048828125</ele>
        <time>2026-09-05T06:08:40.000Z</time>
      </trkpt>
      <trkpt lat="42.30484488420188426971435546875" lon="1.71293067745864391326904296875">
        <ele>1910.800048828125</ele>
        <time>2026-09-05T06:08:41.000Z</time>
      </trkpt>
      <trkpt lat="42.30491973459720611572265625" lon="1.71293134801089763641357421875">
        <ele>1910.4000244140625</ele>
        <time>2026-09-05T06:08:47.000Z</time>
      </trkpt>
      <trkpt lat="42.3049433715641498565673828125" lon="1.71292229555547237396240234375">
        <ele>1909.800048828125</ele>
        <time>2026-09-05T06:08:50.000Z</time>
      </trkpt>
      <trkpt lat="42.304944880306720733642578125" lon="1.7129215411841869354248046875">
        <ele>1909.5999755859375</ele>
        <time>2026-09-05T06:08:51.000Z</time>
      </trkpt>
      <trkpt lat="42.30494395829737186431884765625" lon="1.71292464248836040496826171875">
        <ele>1909.4000244140625</ele>
        <time>2026-09-05T06:08:57.000Z</time>
      </trkpt>
      <trkpt lat="42.3049525916576385498046875" lon="1.71292212791740894317626953125">
        <ele>1909.4000244140625</ele>
        <time>2026-09-05T06:08:59.000Z</time>
      </trkpt>
      <trkpt lat="42.3049688525497913360595703125" lon="1.712924055755138397216796875">
        <ele>1909.4000244140625</ele>
        <time>2026-09-05T06:09:01.000Z</time>
      </trkpt>
      <trkpt lat="42.30499190278351306915283203125" lon="1.71292631886899471282958984375">
        <ele>1909.199951171875</ele>
        <time>2026-09-05T06:09:03.000Z</time>
      </trkpt>
      <trkpt lat="42.305064909160137176513671875" lon="1.71291433274745941162109375">
        <ele>1909</ele>
        <time>2026-09-05T06:09:09.000Z</time>
      </trkpt>
      <trkpt lat="42.3050929047167301177978515625" lon="1.7129111476242542266845703125">
        <ele>1908.5999755859375</ele>
        <time>2026-09-05T06:09:11.000Z</time>
      </trkpt>
      <trkpt lat="42.3051643185317516326904296875" lon="1.71289555728435516357421875">
        <ele>1907.800048828125</ele>
        <time>2026-09-05T06:09:17.000Z</time>
      </trkpt>
      <trkpt lat="42.305188961327075958251953125" lon="1.7128940485417842864990234375">
        <ele>1907.5999755859375</ele>
        <time>2026-09-05T06:09:19.000Z</time>
      </trkpt>
      <trkpt lat="42.30520128272473812103271484375" lon="1.71289580874145030975341796875">
        <ele>1907.4000244140625</ele>
        <time>2026-09-05T06:09:20.000Z</time>
      </trkpt>
      <trkpt lat="42.30527604930102825164794921875" lon="1.7128977365791797637939453125">
        <ele>1907.199951171875</ele>
        <time>2026-09-05T06:09:26.000Z</time>
      </trkpt>
      <trkpt lat="42.30530169792473316192626953125" lon="1.71289765276014804840087890625">
        <ele>1907.199951171875</ele>
        <time>2026-09-05T06:09:28.000Z</time>
      </trkpt>
      <trkpt lat="42.3053396679461002349853515625" lon="1.71289555728435516357421875">
        <ele>1906.5999755859375</ele>
        <time>2026-09-05T06:09:31.000Z</time>
      </trkpt>
      <trkpt lat="42.30538769625127315521240234375" lon="1.7129024304449558258056640625">
        <ele>1906.4000244140625</ele>
        <time>2026-09-05T06:09:35.000Z</time>
      </trkpt>
      <trkpt lat="42.3054083995521068572998046875" lon="1.7129067890346050262451171875">
        <ele>1906</ele>
        <time>2026-09-05T06:09:37.000Z</time>
      </trkpt>
      <trkpt lat="42.30539037846028804779052734375" lon="1.71290921978652477264404296875">
        <ele>1906</ele>
        <time>2026-09-05T06:09:39.000Z</time>
      </trkpt>
      <trkpt lat="42.305380403995513916015625" lon="1.71290067024528980255126953125">
        <ele>1906.4000244140625</ele>
        <time>2026-09-05T06:09:41.000Z</time>
      </trkpt>
      <trkpt lat="42.3053815774619579315185546875" lon="1.7128990776836872100830078125">
        <ele>1906</ele>
        <time>2026-09-05T06:09:47.000Z</time>
      </trkpt>
      <trkpt lat="42.305402867496013641357421875" lon="1.7129082977771759033203125">
        <ele>1906</ele>
        <time>2026-09-05T06:09:49.000Z</time>
      </trkpt>
      <trkpt lat="42.305471599102020263671875" lon="1.7129547335207462310791015625">
        <ele>1906</ele>
        <time>2026-09-05T06:09:55.000Z</time>
      </trkpt>
      <trkpt lat="42.30548811145126819610595703125" lon="1.71297878958284854888916015625">
        <ele>1905.5999755859375</ele>
        <time>2026-09-05T06:09:57.000Z</time>
      </trkpt>
      <trkpt lat="42.30550219304859638214111328125" lon="1.71307501383125782012939453125">
        <ele>1905.5999755859375</ele>
        <time>2026-09-05T06:10:03.000Z</time>
      </trkpt>
      <trkpt lat="42.30550043284893035888671875" lon="1.71309144236147403717041015625">
        <ele>1905.5999755859375</ele>
        <time>2026-09-05T06:10:04.000Z</time>
      </trkpt>
      <trkpt lat="42.3054469563066959381103515625" lon="1.713145337998867034912109375">
        <ele>1905.4000244140625</ele>
        <time>2026-09-05T06:10:10.000Z</time>
      </trkpt>
      <trkpt lat="42.30543564073741436004638671875" lon="1.7131498642265796661376953125">
        <ele>1905.4000244140625</ele>
        <time>2026-09-05T06:10:11.000Z</time>
      </trkpt>
      <trkpt lat="42.30536590330302715301513671875" lon="1.71317207626998424530029296875">
        <ele>1904.4000244140625</ele>
        <time>2026-09-05T06:10:17.000Z</time>
      </trkpt>
      <trkpt lat="42.30535416863858699798583984375" lon="1.7131693102419376373291015625">
        <ele>1904.199951171875</ele>
        <time>2026-09-05T06:10:18.000Z</time>
      </trkpt>
      <trkpt lat="42.30532030574977397918701171875" lon="1.71315975487232208251953125">
        <ele>1904.4000244140625</ele>
        <time>2026-09-05T06:10:21.000Z</time>
      </trkpt>
      <trkpt lat="42.305249311029911041259765625" lon="1.713164113461971282958984375">
        <ele>1903.5999755859375</ele>
        <time>2026-09-05T06:10:27.000Z</time>
      </trkpt>
      <trkpt lat="42.30519273318350315093994140625" lon="1.7131604254245758056640625">
        <ele>1903.4000244140625</ele>
        <time>2026-09-05T06:10:32.000Z</time>
      </trkpt>
      <trkpt lat="42.30513565242290496826171875" lon="1.71314475126564502716064453125">
        <ele>1903.199951171875</ele>
        <time>2026-09-05T06:10:38.000Z</time>
      </trkpt>
      <trkpt lat="42.305105812847614288330078125" lon="1.71314290724694728851318359375">
        <ele>1902.5999755859375</ele>
        <time>2026-09-05T06:10:41.000Z</time>
      </trkpt>
      <trkpt lat="42.30504755862057209014892578125" lon="1.71314776875078678131103515625">
        <ele>1902.199951171875</ele>
        <time>2026-09-05T06:10:46.000Z</time>
      </trkpt>
      <trkpt lat="42.30498251505196094512939453125" lon="1.71317526139318943023681640625">
        <ele>1901.5999755859375</ele>
        <time>2026-09-05T06:10:52.000Z</time>
      </trkpt>
      <trkpt lat="42.3049175553023815155029296875" lon="1.7131837271153926849365234375">
        <ele>1901</ele>
        <time>2026-09-05T06:10:58.000Z</time>
      </trkpt>
      <trkpt lat="42.3048763163387775421142578125" lon="1.7131951265037059783935546875">
        <ele>1900.5999755859375</ele>
        <time>2026-09-05T06:11:02.000Z</time>
      </trkpt>
      <trkpt lat="42.304808087646961212158203125" lon="1.71322136186063289642333984375">
        <ele>1900.199951171875</ele>
        <time>2026-09-05T06:11:08.000Z</time>
      </trkpt>
      <trkpt lat="42.304787300527095794677734375" lon="1.7132355272769927978515625">
        <ele>1900</ele>
        <time>2026-09-05T06:11:10.000Z</time>
      </trkpt>
      <trkpt lat="42.30476609431207180023193359375" lon="1.7132470943033695220947265625">
        <ele>1899.800048828125</ele>
        <time>2026-09-05T06:11:12.000Z</time>
      </trkpt>
      <trkpt lat="42.3046979494392871856689453125" lon="1.7132779397070407867431640625">
        <ele>1899</ele>
        <time>2026-09-05T06:11:18.000Z</time>
      </trkpt>
      <trkpt lat="42.30465880595147609710693359375" lon="1.71330593526363372802734375">
        <ele>1898.5999755859375</ele>
        <time>2026-09-05T06:11:22.000Z</time>
      </trkpt>
      <trkpt lat="42.3045960254967212677001953125" lon="1.71334323473274707794189453125">
        <ele>1898</ele>
        <time>2026-09-05T06:11:28.000Z</time>
      </trkpt>
      <trkpt lat="42.3045859672129154205322265625" lon="1.713349856436252593994140625">
        <ele>1897.800048828125</ele>
        <time>2026-09-05T06:11:29.000Z</time>
      </trkpt>
      <trkpt lat="42.30452436022460460662841796875" lon="1.71338128857314586639404296875">
        <ele>1897.4000244140625</ele>
        <time>2026-09-05T06:11:35.000Z</time>
      </trkpt>
      <trkpt lat="42.30451606214046478271484375" lon="1.71338849700987339019775390625">
        <ele>1897.199951171875</ele>
        <time>2026-09-05T06:11:37.000Z</time>
      </trkpt>
      <trkpt lat="42.30448295362293720245361328125" lon="1.71340425498783588409423828125">
        <ele>1897</ele>
        <time>2026-09-05T06:11:43.000Z</time>
      </trkpt>
      <trkpt lat="42.3044726438820362091064453125" lon="1.7134093679487705230712890625">
        <ele>1897</ele>
        <time>2026-09-05T06:11:44.000Z</time>
      </trkpt>
      <trkpt lat="42.30444942601025104522705078125" lon="1.71342135407030582427978515625">
        <ele>1896.800048828125</ele>
        <time>2026-09-05T06:11:46.000Z</time>
      </trkpt>
      <trkpt lat="42.304376922547817230224609375" lon="1.713461838662624359130859375">
        <ele>1895.800048828125</ele>
        <time>2026-09-05T06:11:52.000Z</time>
      </trkpt>
      <trkpt lat="42.30436585843563079833984375" lon="1.7134700529277324676513671875">
        <ele>1895.5999755859375</ele>
        <time>2026-09-05T06:11:53.000Z</time>
      </trkpt>
      <trkpt lat="42.304333336651325225830078125" lon="1.71349561773240566253662109375">
        <ele>1895.199951171875</ele>
        <time>2026-09-05T06:11:56.000Z</time>
      </trkpt>
      <trkpt lat="42.3042765073478221893310546875" lon="1.713534258306026458740234375">
        <ele>1894.4000244140625</ele>
        <time>2026-09-05T06:12:01.000Z</time>
      </trkpt>
      <trkpt lat="42.3042081110179424285888671875" lon="1.7135837115347385406494140625">
        <ele>1894</ele>
        <time>2026-09-05T06:12:07.000Z</time>
      </trkpt>
      <trkpt lat="42.30418480932712554931640625" lon="1.713601648807525634765625">
        <ele>1893.5999755859375</ele>
        <time>2026-09-05T06:12:09.000Z</time>
      </trkpt>
      <trkpt lat="42.30416293255984783172607421875" lon="1.71362469904124736785888671875">
        <ele>1893.4000244140625</ele>
        <time>2026-09-05T06:12:11.000Z</time>
      </trkpt>
      <trkpt lat="42.3041038401424884796142578125" lon="1.71370499767363071441650390625">
        <ele>1892.5999755859375</ele>
        <time>2026-09-05T06:12:17.000Z</time>
      </trkpt>
      <trkpt lat="42.30409302748739719390869140625" lon="1.7137154750525951385498046875">
        <ele>1892.4000244140625</ele>
        <time>2026-09-05T06:12:18.000Z</time>
      </trkpt>
      <trkpt lat="42.30408397503197193145751953125" lon="1.71372511424124240875244140625">
        <ele>1892.199951171875</ele>
        <time>2026-09-05T06:12:19.000Z</time>
      </trkpt>
      <trkpt lat="42.3040247149765491485595703125" lon="1.713790409266948699951171875">
        <ele>1891.800048828125</ele>
        <time>2026-09-05T06:12:25.000Z</time>
      </trkpt>
      <trkpt lat="42.30398372747004032135009765625" lon="1.71383156441152095794677734375">
        <ele>1891.199951171875</ele>
        <time>2026-09-05T06:12:29.000Z</time>
      </trkpt>
      <trkpt lat="42.30397400446236133575439453125" lon="1.71384346671402454376220703125">
        <ele>1891.199951171875</ele>
        <time>2026-09-05T06:12:30.000Z</time>
      </trkpt>
      <trkpt lat="42.30392740108072757720947265625" lon="1.71391672454774379730224609375">
        <ele>1890.199951171875</ele>
        <time>2026-09-05T06:12:36.000Z</time>
      </trkpt>
      <trkpt lat="42.30392036028206348419189453125" lon="1.71393147669732570648193359375">
        <ele>1890</ele>
        <time>2026-09-05T06:12:37.000Z</time>
      </trkpt>
      <trkpt lat="42.3039110563695430755615234375" lon="1.71396533958613872528076171875">
        <ele>1889.800048828125</ele>
        <time>2026-09-05T06:12:39.000Z</time>
      </trkpt>
      <trkpt lat="42.30391390621662139892578125" lon="1.714000962674617767333984375">
        <ele>1888.800048828125</ele>
        <time>2026-09-05T06:12:42.000Z</time>
      </trkpt>
      <trkpt lat="42.3039412312209606170654296875" lon="1.7140323109924793243408203125">
        <ele>1887.800048828125</ele>
        <time>2026-09-05T06:12:46.000Z</time>
      </trkpt>
      <trkpt lat="42.303949780762195587158203125" lon="1.71403457410633563995361328125">
        <ele>1887.800048828125</ele>
        <time>2026-09-05T06:12:47.000Z</time>
      </trkpt>
      <trkpt lat="42.30401893146336078643798828125" lon="1.714015714824199676513671875">
        <ele>1887.4000244140625</ele>
        <time>2026-09-05T06:12:53.000Z</time>
      </trkpt>
      <trkpt lat="42.30405271053314208984375" lon="1.713982522487640380859375">
        <ele>1886.800048828125</ele>
        <time>2026-09-05T06:12:57.000Z</time>
      </trkpt>
      <trkpt lat="42.30411515571177005767822265625" lon="1.71393499709665775299072265625">
        <ele>1885.800048828125</ele>
        <time>2026-09-05T06:13:03.000Z</time>
      </trkpt>
      <trkpt lat="42.3041256330907344818115234375" lon="1.71392711810767650604248046875">
        <ele>1885.5999755859375</ele>
        <time>2026-09-05T06:13:04.000Z</time>
      </trkpt>
      <trkpt lat="42.30419553816318511962890625" lon="1.71389962546527385711669921875">
        <ele>1885.199951171875</ele>
        <time>2026-09-05T06:13:10.000Z</time>
      </trkpt>
      <trkpt lat="42.30424088425934314727783203125" lon="1.71388856135308742523193359375">
        <ele>1884.5999755859375</ele>
        <time>2026-09-05T06:13:14.000Z</time>
      </trkpt>
      <trkpt lat="42.30431087315082550048828125" lon="1.71388856135308742523193359375">
        <ele>1883.800048828125</ele>
        <time>2026-09-05T06:13:20.000Z</time>
      </trkpt>
      <trkpt lat="42.30434649623930454254150390625" lon="1.7138847894966602325439453125">
        <ele>1883.800048828125</ele>
        <time>2026-09-05T06:13:23.000Z</time>
      </trkpt>
      <trkpt lat="42.3043723963201045989990234375" lon="1.71388822607696056365966796875">
        <ele>1883.4000244140625</ele>
        <time>2026-09-05T06:13:25.000Z</time>
      </trkpt>
      <trkpt lat="42.30443316511809825897216796875" lon="1.71388101764023303985595703125">
        <ele>1882.199951171875</ele>
        <time>2026-09-05T06:13:30.000Z</time>
      </trkpt>
      <trkpt lat="42.30445839464664459228515625" lon="1.71388152055442333221435546875">
        <ele>1882</ele>
        <time>2026-09-05T06:13:32.000Z</time>
      </trkpt>
      <trkpt lat="42.30452855117619037628173828125" lon="1.71388789080083370208740234375">
        <ele>1881.5999755859375</ele>
        <time>2026-09-05T06:13:38.000Z</time>
      </trkpt>
      <trkpt lat="42.3045749031007289886474609375" lon="1.7138978652656078338623046875">
        <ele>1881.199951171875</ele>
        <time>2026-09-05T06:13:42.000Z</time>
      </trkpt>
      <trkpt lat="42.3045940138399600982666015625" lon="1.71390415169298648834228515625">
        <ele>1881</ele>
        <time>2026-09-05T06:13:44.000Z</time>
      </trkpt>
      <trkpt lat="42.30466014705598354339599609375" lon="1.7139266990125179290771484375">
        <ele>1880.800048828125</ele>
        <time>2026-09-05T06:13:50.000Z</time>
      </trkpt>
      <trkpt lat="42.304724268615245819091796875" lon="1.7139508388936519622802734375">
        <ele>1880</ele>
        <time>2026-09-05T06:13:56.000Z</time>
      </trkpt>
      <trkpt lat="42.3047871328890323638916015625" lon="1.71398797072470188140869140625">
        <ele>1879.5999755859375</ele>
        <time>2026-09-05T06:14:02.000Z</time>
      </trkpt>
      <trkpt lat="42.30482376180589199066162109375" lon="1.71400842256844043731689453125">
        <ele>1879</ele>
        <time>2026-09-05T06:14:06.000Z</time>
      </trkpt>
      <trkpt lat="42.3048810102045536041259765625" lon="1.714037172496318817138671875">
        <ele>1878.5999755859375</ele>
        <time>2026-09-05T06:14:12.000Z</time>
      </trkpt>
      <trkpt lat="42.3049048148095607757568359375" lon="1.714061982929706573486328125">
        <ele>1878.199951171875</ele>
        <time>2026-09-05T06:14:15.000Z</time>
      </trkpt>
      <trkpt lat="42.30494596995413303375244140625" lon="1.71411269344389438629150390625">
        <ele>1877.800048828125</ele>
        <time>2026-09-05T06:14:20.000Z</time>
      </trkpt>
      <trkpt lat="42.30498955585062503814697265625" lon="1.714173294603824615478515625">
        <ele>1876.800048828125</ele>
        <time>2026-09-05T06:14:26.000Z</time>
      </trkpt>
      <trkpt lat="42.30499693192541599273681640625" lon="1.71418595127761363983154296875">
        <ele>1876.800048828125</ele>
        <time>2026-09-05T06:14:27.000Z</time>
      </trkpt>
      <trkpt lat="42.30500900186598300933837890625" lon="1.71419508755207061767578125">
        <ele>1876.800048828125</ele>
        <time>2026-09-05T06:14:28.000Z</time>
      </trkpt>
      <trkpt lat="42.30505929328501224517822265625" lon="1.7142643220722675323486328125">
        <ele>1876</ele>
        <time>2026-09-05T06:14:34.000Z</time>
      </trkpt>
      <trkpt lat="42.30507840402424335479736328125" lon="1.71430480666458606719970703125">
        <ele>1876</ele>
        <time>2026-09-05T06:14:37.000Z</time>
      </trkpt>
      <trkpt lat="42.30510623194277286529541015625" lon="1.7143555171787738800048828125">
        <ele>1875.5999755859375</ele>
        <time>2026-09-05T06:14:41.000Z</time>
      </trkpt>
      <trkpt lat="42.30514529161155223846435546875" lon="1.71441125683486461639404296875">
        <ele>1874.5999755859375</ele>
        <time>2026-09-05T06:14:46.000Z</time>
      </trkpt>
      <trkpt lat="42.30516121722757816314697265625" lon="1.71443707309663295745849609375">
        <ele>1874.4000244140625</ele>
        <time>2026-09-05T06:14:48.000Z</time>
      </trkpt>
      <trkpt lat="42.30521100573241710662841796875" lon="1.71449759043753147125244140625">
        <ele>1873.800048828125</ele>
        <time>2026-09-05T06:14:54.000Z</time>
      </trkpt>
      <trkpt lat="42.30522994883358478546142578125" lon="1.71450865454971790313720703125">
        <ele>1873.5999755859375</ele>
        <time>2026-09-05T06:14:56.000Z</time>
      </trkpt>
      <trkpt lat="42.3052531667053699493408203125" lon="1.714528687298297882080078125">
        <ele>1873</ele>
        <time>2026-09-05T06:14:59.000Z</time>
      </trkpt>
      <trkpt lat="42.305273450911045074462890625" lon="1.71456229873001575469970703125">
        <ele>1872.4000244140625</ele>
        <time>2026-09-05T06:15:02.000Z</time>
      </trkpt>
      <trkpt lat="42.3053205572068691253662109375" lon="1.7146096564829349517822265625">
        <ele>1871.800048828125</ele>
        <time>2026-09-05T06:15:07.000Z</time>
      </trkpt>
      <trkpt lat="42.30539046227931976318359375" lon="1.7146485485136508941650390625">
        <ele>1871.199951171875</ele>
        <time>2026-09-05T06:15:12.000Z</time>
      </trkpt>
      <trkpt lat="42.30546933598816394805908203125" lon="1.71468970365822315216064453125">
        <ele>1870.5999755859375</ele>
        <time>2026-09-05T06:15:18.000Z</time>
      </trkpt>
      <trkpt lat="42.3055026121437549591064453125" lon="1.7146978341042995452880859375">
        <ele>1870</ele>
        <time>2026-09-05T06:15:21.000Z</time>
      </trkpt>
      <trkpt lat="42.30554066598415374755859375" lon="1.71470604836940765380859375">
        <ele>1869.5999755859375</ele>
        <time>2026-09-05T06:15:27.000Z</time>
      </trkpt>
      <trkpt lat="42.30554041452705860137939453125" lon="1.7147018574178218841552734375">
        <ele>1869.800048828125</ele>
        <time>2026-09-05T06:15:32.000Z</time>
      </trkpt>
      <trkpt lat="42.30557494796812534332275390625" lon="1.7146690003573894500732421875">
        <ele>1869.5999755859375</ele>
        <time>2026-09-05T06:15:36.000Z</time>
      </trkpt>
      <trkpt lat="42.30562758632004261016845703125" lon="1.71463673003017902374267578125">
        <ele>1869</ele>
        <time>2026-09-05T06:15:41.000Z</time>
      </trkpt>
      <trkpt lat="42.30569648556411266326904296875" lon="1.71459247358143329620361328125">
        <ele>1868.199951171875</ele>
        <time>2026-09-05T06:15:47.000Z</time>
      </trkpt>
      <trkpt lat="42.305721379816532135009765625" lon="1.71457654796540737152099609375">
        <ele>1867.800048828125</ele>
        <time>2026-09-05T06:15:49.000Z</time>
      </trkpt>
      <trkpt lat="42.30576463043689727783203125" lon="1.71452810056507587432861328125">
        <ele>1867</ele>
        <time>2026-09-05T06:15:54.000Z</time>
      </trkpt>
      <trkpt lat="42.3057805560529232025146484375" lon="1.71450898982584476470947265625">
        <ele>1866.5999755859375</ele>
        <time>2026-09-05T06:15:56.000Z</time>
      </trkpt>
      <trkpt lat="42.30581785552203655242919921875" lon="1.7144738696515560150146484375">
        <ele>1866.4000244140625</ele>
        <time>2026-09-05T06:16:00.000Z</time>
      </trkpt>
      <trkpt lat="42.3058539815247058868408203125" lon="1.71441561542451381683349609375">
        <ele>1865.5999755859375</ele>
        <time>2026-09-05T06:16:05.000Z</time>
      </trkpt>
      <trkpt lat="42.305906452238559722900390625" lon="1.7143441177904605865478515625">
        <ele>1865.199951171875</ele>
        <time>2026-09-05T06:16:11.000Z</time>
      </trkpt>
      <trkpt lat="42.305940650403499603271484375" lon="1.7142988555133342742919921875">
        <ele>1864.4000244140625</ele>
        <time>2026-09-05T06:16:15.000Z</time>
      </trkpt>
      <trkpt lat="42.3059978149831295013427734375" lon="1.714232303202152252197265625">
        <ele>1863.5999755859375</ele>
        <time>2026-09-05T06:16:21.000Z</time>
      </trkpt>
      <trkpt lat="42.30600695125758647918701171875" lon="1.71421998180449008941650390625">
        <ele>1863.4000244140625</ele>
        <time>2026-09-05T06:16:22.000Z</time>
      </trkpt>
      <trkpt lat="42.30602857656776905059814453125" lon="1.71419936232268810272216796875">
        <ele>1863</ele>
        <time>2026-09-05T06:16:24.000Z</time>
      </trkpt>
      <trkpt lat="42.30608691461384296417236328125" lon="1.71413029544055461883544921875">
        <ele>1862.4000244140625</ele>
        <time>2026-09-05T06:16:30.000Z</time>
      </trkpt>
      <trkpt lat="42.30609680525958538055419921875" lon="1.71411939896643161773681640625">
        <ele>1862.4000244140625</ele>
        <time>2026-09-05T06:16:31.000Z</time>
      </trkpt>
      <trkpt lat="42.30617090128362178802490234375" lon="1.71406944282352924346923828125">
        <ele>1861.199951171875</ele>
        <time>2026-09-05T06:16:37.000Z</time>
      </trkpt>
      <trkpt lat="42.3061837255954742431640625" lon="1.71406391076743602752685546875">
        <ele>1861.199951171875</ele>
        <time>2026-09-05T06:16:38.000Z</time>
      </trkpt>
      <trkpt lat="42.3062616772949695587158203125" lon="1.71405167318880558013916015625">
        <ele>1860.5999755859375</ele>
        <time>2026-09-05T06:16:44.000Z</time>
      </trkpt>
      <trkpt lat="42.30631272308528423309326171875" lon="1.71403474174439907073974609375">
        <ele>1860.199951171875</ele>
        <time>2026-09-05T06:16:48.000Z</time>
      </trkpt>
      <trkpt lat="42.306381873786449432373046875" lon="1.71401211060583591461181640625">
        <ele>1859.4000244140625</ele>
        <time>2026-09-05T06:16:54.000Z</time>
      </trkpt>
      <trkpt lat="42.3064018227159976959228515625" lon="1.714004315435886383056640625">
        <ele>1859.199951171875</ele>
        <time>2026-09-05T06:16:56.000Z</time>
      </trkpt>
      <trkpt lat="42.306434847414493560791015625" lon="1.71399232931435108184814453125">
        <ele>1858.5999755859375</ele>
        <time>2026-09-05T06:16:59.000Z</time>
      </trkpt>
      <trkpt lat="42.30646929703652858734130859375" lon="1.71398243866860866546630859375">
        <ele>1858.199951171875</ele>
        <time>2026-09-05T06:17:02.000Z</time>
      </trkpt>
      <trkpt lat="42.30653601698577404022216796875" lon="1.71395494602620601654052734375">
        <ele>1857.4000244140625</ele>
        <time>2026-09-05T06:17:08.000Z</time>
      </trkpt>
      <trkpt lat="42.306569628417491912841796875" lon="1.71393415890634059906005859375">
        <ele>1857</ele>
        <time>2026-09-05T06:17:11.000Z</time>
      </trkpt>
      <trkpt lat="42.30659083463251590728759765625" lon="1.71392125077545642852783203125">
        <ele>1856.800048828125</ele>
        <time>2026-09-05T06:17:13.000Z</time>
      </trkpt>
      <trkpt lat="42.30666141025722026824951171875" lon="1.7138978652656078338623046875">
        <ele>1856.199951171875</ele>
        <time>2026-09-05T06:17:19.000Z</time>
      </trkpt>
      <trkpt lat="42.30668672360479831695556640625" lon="1.7139085941016674041748046875">
        <ele>1856</ele>
        <time>2026-09-05T06:17:21.000Z</time>
      </trkpt>
      <trkpt lat="42.30669803917407989501953125" lon="1.71391337178647518157958984375">
        <ele>1855.800048828125</ele>
        <time>2026-09-05T06:17:22.000Z</time>
      </trkpt>
      <trkpt lat="42.30677003972232341766357421875" lon="1.71391923911869525909423828125">
        <ele>1855</ele>
        <time>2026-09-05T06:17:28.000Z</time>
      </trkpt>
      <trkpt lat="42.3067790083587169647216796875" lon="1.713933236896991729736328125">
        <ele>1854.800048828125</ele>
        <time>2026-09-05T06:17:29.000Z</time>
      </trkpt>
      <trkpt lat="42.30679619126021862030029296875" lon="1.7139530181884765625">
        <ele>1854.4000244140625</ele>
        <time>2026-09-05T06:17:31.000Z</time>
      </trkpt>
      <trkpt lat="42.306835837662220001220703125" lon="1.713987551629543304443359375">
        <ele>1853.800048828125</ele>
        <time>2026-09-05T06:17:35.000Z</time>
      </trkpt>
      <trkpt lat="42.3068943433463573455810546875" lon="1.7140373401343822479248046875">
        <ele>1853.4000244140625</ele>
        <time>2026-09-05T06:17:41.000Z</time>
      </trkpt>
      <trkpt lat="42.30691253207623958587646484375" lon="1.714056618511676788330078125">
        <ele>1853</ele>
        <time>2026-09-05T06:17:43.000Z</time>
      </trkpt>
      <trkpt lat="42.3069226741790771484375" lon="1.71406709589064121246337890625">
        <ele>1852.800048828125</ele>
        <time>2026-09-05T06:17:44.000Z</time>
      </trkpt>
      <trkpt lat="42.30699031613767147064208984375" lon="1.7141157947480678558349609375">
        <ele>1852</ele>
        <time>2026-09-05T06:17:50.000Z</time>
      </trkpt>
      <trkpt lat="42.3070313036441802978515625" lon="1.71414948999881744384765625">
        <ele>1851.5999755859375</ele>
        <time>2026-09-05T06:17:54.000Z</time>
      </trkpt>
      <trkpt lat="42.3070903122425079345703125" lon="1.7141902260482311248779296875">
        <ele>1850.5999755859375</ele>
        <time>2026-09-05T06:18:00.000Z</time>
      </trkpt>
      <trkpt lat="42.30714102275669574737548828125" lon="1.714228950440883636474609375">
        <ele>1849.5999755859375</ele>
        <time>2026-09-05T06:18:05.000Z</time>
      </trkpt>
      <trkpt lat="42.30715812183916568756103515625" lon="1.71424814499914646148681640625">
        <ele>1849.4000244140625</ele>
        <time>2026-09-05T06:18:07.000Z</time>
      </trkpt>
      <trkpt lat="42.30722350068390369415283203125" lon="1.7142790742218494415283203125">
        <ele>1848.4000244140625</ele>
        <time>2026-09-05T06:18:13.000Z</time>
      </trkpt>
      <trkpt lat="42.307247556746006011962890625" lon="1.71428821049630641937255859375">
        <ele>1848.199951171875</ele>
        <time>2026-09-05T06:18:15.000Z</time>
      </trkpt>
      <trkpt lat="42.3073157854378223419189453125" lon="1.71431067399680614471435546875">
        <ele>1848</ele>
        <time>2026-09-05T06:18:21.000Z</time>
      </trkpt>
      <trkpt lat="42.307370267808437347412109375" lon="1.7143159545958042144775390625">
        <ele>1847.199951171875</ele>
        <time>2026-09-05T06:18:25.000Z</time>
      </trkpt>
      <trkpt lat="42.30743640102446079254150390625" lon="1.714315116405487060546875">
        <ele>1846.5999755859375</ele>
        <time>2026-09-05T06:18:31.000Z</time>
      </trkpt>
      <trkpt lat="42.30744075961410999298095703125" lon="1.7143263481557369232177734375">
        <ele>1846.4000244140625</ele>
        <time>2026-09-05T06:18:33.000Z</time>
      </trkpt>
      <trkpt lat="42.3074443638324737548828125" lon="1.714330203831195831298828125">
        <ele>1847</ele>
        <time>2026-09-05T06:18:39.000Z</time>
      </trkpt>
      <trkpt lat="42.3074443638324737548828125" lon="1.7143285274505615234375">
        <ele>1846.5999755859375</ele>
        <time>2026-09-05T06:18:44.000Z</time>
      </trkpt>
      <trkpt lat="42.3075119219720363616943359375" lon="1.7142713628709316253662109375">
        <ele>1847.4000244140625</ele>
        <time>2026-09-05T06:18:50.000Z</time>
      </trkpt>
      <trkpt lat="42.30755366384983062744140625" lon="1.7142440378665924072265625">
        <ele>1846.4000244140625</ele>
        <time>2026-09-05T06:18:56.000Z</time>
      </trkpt>
      <trkpt lat="42.30755274184048175811767578125" lon="1.71424068510532379150390625">
        <ele>1846.199951171875</ele>
        <time>2026-09-05T06:18:57.000Z</time>
      </trkpt>
      <trkpt lat="42.30755240656435489654541015625" lon="1.7142411880195140838623046875">
        <ele>1845.4000244140625</ele>
        <time>2026-09-05T06:19:03.000Z</time>
      </trkpt>
      <trkpt lat="42.3075508140027523040771484375" lon="1.71423892490565776824951171875">
        <ele>1845.800048828125</ele>
        <time>2026-09-05T06:19:07.000Z</time>
      </trkpt>
      <trkpt lat="42.307560034096240997314453125" lon="1.7142163775861263275146484375">
        <ele>1845.5999755859375</ele>
        <time>2026-09-05T06:19:09.000Z</time>
      </trkpt>
      <trkpt lat="42.30759414844214916229248046875" lon="1.71415845863521099090576171875">
        <ele>1845</ele>
        <time>2026-09-05T06:19:15.000Z</time>
      </trkpt>
      <trkpt lat="42.307602949440479278564453125" lon="1.71412677504122257232666015625">
        <ele>1844.800048828125</ele>
        <time>2026-09-05T06:19:18.000Z</time>
      </trkpt>
      <trkpt lat="42.307648546993732452392578125" lon="1.71405485831201076507568359375">
        <ele>1845.4000244140625</ele>
        <time>2026-09-05T06:19:24.000Z</time>
      </trkpt>
      <trkpt lat="42.30765567161142826080322265625" lon="1.71404421329498291015625">
        <ele>1845.199951171875</ele>
        <time>2026-09-05T06:19:25.000Z</time>
      </trkpt>
      <trkpt lat="42.3076956532895565032958984375" lon="1.71395980753004550933837890625">
        <ele>1845</ele>
        <time>2026-09-05T06:19:31.000Z</time>
      </trkpt>
      <trkpt lat="42.3077036999166011810302734375" lon="1.7139543592929840087890625">
        <ele>1845</ele>
        <time>2026-09-05T06:19:32.000Z</time>
      </trkpt>
      <trkpt lat="42.3077643848955631256103515625" lon="1.713920496404170989990234375">
        <ele>1844.800048828125</ele>
        <time>2026-09-05T06:19:38.000Z</time>
      </trkpt>
      <trkpt lat="42.30782817117869853973388671875" lon="1.713912785053253173828125">
        <ele>1844.5999755859375</ele>
        <time>2026-09-05T06:19:44.000Z</time>
      </trkpt>
      <trkpt lat="42.3078364692628383636474609375" lon="1.71390448696911334991455078125">
        <ele>1844.4000244140625</ele>
        <time>2026-09-05T06:19:45.000Z</time>
      </trkpt>
      <trkpt lat="42.30787821114063262939453125" lon="1.71390012837946414947509765625">
        <ele>1844</ele>
        <time>2026-09-05T06:19:49.000Z</time>
      </trkpt>
      <trkpt lat="42.3078874312341213226318359375" lon="1.71389878727495670318603515625">
        <ele>1844</ele>
        <time>2026-09-05T06:19:50.000Z</time>
      </trkpt>
      <trkpt lat="42.307893969118595123291015625" lon="1.71391957439482212066650390625">
        <ele>1844.4000244140625</ele>
        <time>2026-09-05T06:19:56.000Z</time>
      </trkpt>
      <trkpt lat="42.30783420614898204803466796875" lon="1.7139253579080104827880859375">
        <ele>1844.800048828125</ele>
        <time>2026-09-05T06:20:01.000Z</time>
      </trkpt>
      <trkpt lat="42.30778022669255733489990234375" lon="1.71392795629799365997314453125">
        <ele>1845</ele>
        <time>2026-09-05T06:20:06.000Z</time>
      </trkpt>
      <trkpt lat="42.3077603615820407867431640625" lon="1.71392560936510562896728515625">
        <ele>1845.199951171875</ele>
        <time>2026-09-05T06:20:08.000Z</time>
      </trkpt>
      <trkpt lat="42.30775524862110614776611328125" lon="1.71391370706260204315185546875">
        <ele>1845.4000244140625</ele>
        <time>2026-09-05T06:20:13.000Z</time>
      </trkpt>
      <trkpt lat="42.30774519033730030059814453125" lon="1.7139860428869724273681640625">
        <ele>1845.4000244140625</ele>
        <time>2026-09-05T06:20:19.000Z</time>
      </trkpt>
      <trkpt lat="42.30772607959806919097900390625" lon="1.71405988745391368865966796875">
        <ele>1845.4000244140625</ele>
        <time>2026-09-05T06:20:24.000Z</time>
      </trkpt>
      <trkpt lat="42.30769447982311248779296875" lon="1.71413918025791645050048828125">
        <ele>1843.5999755859375</ele>
        <time>2026-09-05T06:20:30.000Z</time>
      </trkpt>
      <trkpt lat="42.30767830274999141693115234375" lon="1.7141741327941417694091796875">
        <ele>1842.5999755859375</ele>
        <time>2026-09-05T06:20:33.000Z</time>
      </trkpt>
      <trkpt lat="42.30766505934298038482666015625" lon="1.71424060128629207611083984375">
        <ele>1842.199951171875</ele>
        <time>2026-09-05T06:20:37.000Z</time>
      </trkpt>
      <trkpt lat="42.30764779262244701385498046875" lon="1.714334227144718170166015625">
        <ele>1841.4000244140625</ele>
        <time>2026-09-05T06:20:42.000Z</time>
      </trkpt>
      <trkpt lat="42.30762264691293239593505859375" lon="1.71437270008027553558349609375">
        <ele>1841</ele>
        <time>2026-09-05T06:20:45.000Z</time>
      </trkpt>
      <trkpt lat="42.3075920529663562774658203125" lon="1.71441896818578243255615234375">
        <ele>1840.199951171875</ele>
        <time>2026-09-05T06:20:49.000Z</time>
      </trkpt>
      <trkpt lat="42.3075585253536701202392578125" lon="1.714473702013492584228515625">
        <ele>1839.5999755859375</ele>
        <time>2026-09-05T06:20:54.000Z</time>
      </trkpt>
      <trkpt lat="42.30754151009023189544677734375" lon="1.71450831927359104156494140625">
        <ele>1839</ele>
        <time>2026-09-05T06:20:57.000Z</time>
      </trkpt>
      <trkpt lat="42.30750848539173603057861328125" lon="1.7145499773323535919189453125">
        <ele>1838.5999755859375</ele>
        <time>2026-09-05T06:21:01.000Z</time>
      </trkpt>
      <trkpt lat="42.30746422894299030303955078125" lon="1.71458425931632518768310546875">
        <ele>1838</ele>
        <time>2026-09-05T06:21:06.000Z</time>
      </trkpt>
      <trkpt lat="42.30742684565484523773193359375" lon="1.71460772864520549774169921875">
        <ele>1837.4000244140625</ele>
        <time>2026-09-05T06:21:10.000Z</time>
      </trkpt>
      <trkpt lat="42.307399772107601165771484375" lon="1.71461158432066440582275390625">
        <ele>1837</ele>
        <time>2026-09-05T06:21:12.000Z</time>
      </trkpt>
      <trkpt lat="42.3073382489383220672607421875" lon="1.71463689766824245452880859375">
        <ele>1836</ele>
        <time>2026-09-05T06:21:17.000Z</time>
      </trkpt>
      <trkpt lat="42.30731653980910778045654296875" lon="1.71464259736239910125732421875">
        <ele>1836</ele>
        <time>2026-09-05T06:21:19.000Z</time>
      </trkpt>
      <trkpt lat="42.30726130306720733642578125" lon="1.714676208794116973876953125">
        <ele>1834.800048828125</ele>
        <time>2026-09-05T06:21:25.000Z</time>
      </trkpt>
      <trkpt lat="42.307257950305938720703125" lon="1.71468065120279788970947265625">
        <ele>1834.800048828125</ele>
        <time>2026-09-05T06:21:26.000Z</time>
      </trkpt>
      <trkpt lat="42.307235486805438995361328125" lon="1.71470009721815586090087890625">
        <ele>1834</ele>
        <time>2026-09-05T06:21:32.000Z</time>
      </trkpt>
      <trkpt lat="42.30722752399742603302001953125" lon="1.71470512636005878448486328125">
        <ele>1834</ele>
        <time>2026-09-05T06:21:33.000Z</time>
      </trkpt>
      <trkpt lat="42.3071841895580291748046875" lon="1.71471904031932353973388671875">
        <ele>1833.800048828125</ele>
        <time>2026-09-05T06:21:37.000Z</time>
      </trkpt>
      <trkpt lat="42.307126186788082122802734375" lon="1.71474385075271129608154296875">
        <ele>1833.199951171875</ele>
        <time>2026-09-05T06:21:42.000Z</time>
      </trkpt>
      <trkpt lat="42.3071038909256458282470703125" lon="1.71475105918943881988525390625">
        <ele>1832.5999755859375</ele>
        <time>2026-09-05T06:21:44.000Z</time>
      </trkpt>
      <trkpt lat="42.3070381768047809600830078125" lon="1.71475592069327831268310546875">
        <ele>1831.5999755859375</ele>
        <time>2026-09-05T06:21:50.000Z</time>
      </trkpt>
      <trkpt lat="42.30701898224651813507080078125" lon="1.7147598601877689361572265625">
        <ele>1831.4000244140625</ele>
        <time>2026-09-05T06:21:52.000Z</time>
      </trkpt>
      <trkpt lat="42.30700607411563396453857421875" lon="1.71476262621581554412841796875">
        <ele>1831.199951171875</ele>
        <time>2026-09-05T06:21:53.000Z</time>
      </trkpt>
      <trkpt lat="42.306929044425487518310546875" lon="1.714750640094280242919921875">
        <ele>1830.4000244140625</ele>
        <time>2026-09-05T06:21:59.000Z</time>
      </trkpt>
      <trkpt lat="42.30687045492231845855712890625" lon="1.7147456109523773193359375">
        <ele>1829.5999755859375</ele>
        <time>2026-09-05T06:22:04.000Z</time>
      </trkpt>
      <trkpt lat="42.3068463988602161407470703125" lon="1.7147429287433624267578125">
        <ele>1829.199951171875</ele>
        <time>2026-09-05T06:22:06.000Z</time>
      </trkpt>
      <trkpt lat="42.3067692853510379791259765625" lon="1.7147387377917766571044921875">
        <ele>1828.5999755859375</ele>
        <time>2026-09-05T06:22:12.000Z</time>
      </trkpt>
      <trkpt lat="42.30671958066523075103759765625" lon="1.714737229049205780029296875">
        <ele>1828</ele>
        <time>2026-09-05T06:22:16.000Z</time>
      </trkpt>
      <trkpt lat="42.306706421077251434326171875" lon="1.71473085880279541015625">
        <ele>1827.5999755859375</ele>
        <time>2026-09-05T06:22:17.000Z</time>
      </trkpt>
      <trkpt lat="42.30665981769561767578125" lon="1.71471032314002513885498046875">
        <ele>1827</ele>
        <time>2026-09-05T06:22:22.000Z</time>
      </trkpt>
      <trkpt lat="42.30663240887224674224853515625" lon="1.71472406946122646331787109375">
        <ele>1826.4000244140625</ele>
        <time>2026-09-05T06:22:25.000Z</time>
      </trkpt>
      <trkpt lat="42.30660391040146350860595703125" lon="1.7147461138665676116943359375">
        <ele>1825.800048828125</ele>
        <time>2026-09-05T06:22:28.000Z</time>
      </trkpt>
      <trkpt lat="42.30655412189662456512451171875" lon="1.71480872668325901031494140625">
        <ele>1825.4000244140625</ele>
        <time>2026-09-05T06:22:33.000Z</time>
      </trkpt>
      <trkpt lat="42.306512296199798583984375" lon="1.7148855887353420257568359375">
        <ele>1826</ele>
        <time>2026-09-05T06:22:39.000Z</time>
      </trkpt>
      <trkpt lat="42.30647197924554347991943359375" lon="1.7149521410465240478515625">
        <ele>1824.5999755859375</ele>
        <time>2026-09-05T06:22:44.000Z</time>
      </trkpt>
      <trkpt lat="42.30645127594470977783203125" lon="1.715004108846187591552734375">
        <ele>1823.5999755859375</ele>
        <time>2026-09-05T06:22:47.000Z</time>
      </trkpt>
      <trkpt lat="42.30644683353602886199951171875" lon="1.71502254903316497802734375">
        <ele>1823.199951171875</ele>
        <time>2026-09-05T06:22:48.000Z</time>
      </trkpt>
      <trkpt lat="42.306418754160404205322265625" lon="1.71508097089827060699462890625">
        <ele>1822</ele>
        <time>2026-09-05T06:22:52.000Z</time>
      </trkpt>
      <trkpt lat="42.3064065165817737579345703125" lon="1.71510863117873668670654296875">
        <ele>1821.5999755859375</ele>
        <time>2026-09-05T06:22:54.000Z</time>
      </trkpt>
      <trkpt lat="42.30639318935573101043701171875" lon="1.715148948132991790771484375">
        <ele>1820.800048828125</ele>
        <time>2026-09-05T06:22:57.000Z</time>
      </trkpt>
      <trkpt lat="42.30636284686625003814697265625" lon="1.7152042686939239501953125">
        <ele>1819.800048828125</ele>
        <time>2026-09-05T06:23:02.000Z</time>
      </trkpt>
      <trkpt lat="42.30636033229529857635498046875" lon="1.715219020843505859375">
        <ele>1819.5999755859375</ele>
        <time>2026-09-05T06:23:03.000Z</time>
      </trkpt>
      <trkpt lat="42.3063253797590732574462890625" lon="1.7153056897222995758056640625">
        <ele>1818.5999755859375</ele>
        <time>2026-09-05T06:23:09.000Z</time>
      </trkpt>
      <trkpt lat="42.30630517937242984771728515625" lon="1.7153502814471721649169921875">
        <ele>1818.4000244140625</ele>
        <time>2026-09-05T06:23:12.000Z</time>
      </trkpt>
      <trkpt lat="42.3062760941684246063232421875" lon="1.71544072218239307403564453125">
        <ele>1818</ele>
        <time>2026-09-05T06:23:18.000Z</time>
      </trkpt>
      <trkpt lat="42.30625103227794170379638671875" lon="1.71547718346118927001953125">
        <ele>1817.5999755859375</ele>
        <time>2026-09-05T06:23:21.000Z</time>
      </trkpt>
      <trkpt lat="42.3061936162412166595458984375" lon="1.71554884873330593109130859375">
        <ele>1816.4000244140625</ele>
        <time>2026-09-05T06:23:27.000Z</time>
      </trkpt>
      <trkpt lat="42.30617291294038295745849609375" lon="1.715581119060516357421875">
        <ele>1816</ele>
        <time>2026-09-05T06:23:30.000Z</time>
      </trkpt>
      <trkpt lat="42.306147851049900054931640625" lon="1.7156066000461578369140625">
        <ele>1815.4000244140625</ele>
        <time>2026-09-05T06:23:33.000Z</time>
      </trkpt>
      <trkpt lat="42.306129075586795806884765625" lon="1.71567977406084537506103515625">
        <ele>1814.5999755859375</ele>
        <time>2026-09-05T06:23:38.000Z</time>
      </trkpt>
      <trkpt lat="42.3061305843293666839599609375" lon="1.71571321785449981689453125">
        <ele>1814.199951171875</ele>
        <time>2026-09-05T06:23:40.000Z</time>
      </trkpt>
      <trkpt lat="42.30614508502185344696044921875" lon="1.71580173075199127197265625">
        <ele>1813.199951171875</ele>
        <time>2026-09-05T06:23:46.000Z</time>
      </trkpt>
      <trkpt lat="42.30614282190799713134765625" lon="1.7158173210918903350830078125">
        <ele>1813</ele>
        <time>2026-09-05T06:23:47.000Z</time>
      </trkpt>
      <trkpt lat="42.3061408102512359619140625" lon="1.715916730463504791259765625">
        <ele>1812</ele>
        <time>2026-09-05T06:23:53.000Z</time>
      </trkpt>
      <trkpt lat="42.30613586492836475372314453125" lon="1.71596936881542205810546875">
        <ele>1811.5999755859375</ele>
        <time>2026-09-05T06:23:56.000Z</time>
      </trkpt>
      <trkpt lat="42.30611558072268962860107421875" lon="1.71603734605014324188232421875">
        <ele>1810.800048828125</ele>
        <time>2026-09-05T06:24:00.000Z</time>
      </trkpt>
      <trkpt lat="42.30609328486025333404541015625" lon="1.71611018478870391845703125">
        <ele>1810</ele>
        <time>2026-09-05T06:24:05.000Z</time>
      </trkpt>
      <trkpt lat="42.3060910217463970184326171875" lon="1.71612652949988842010498046875">
        <ele>1809.800048828125</ele>
        <time>2026-09-05T06:24:06.000Z</time>
      </trkpt>
      <trkpt lat="42.306071408092975616455078125" lon="1.7162122763693332672119140625">
        <ele>1809</ele>
        <time>2026-09-05T06:24:12.000Z</time>
      </trkpt>
      <trkpt lat="42.30606780387461185455322265625" lon="1.71624437905848026275634765625">
        <ele>1808.800048828125</ele>
        <time>2026-09-05T06:24:14.000Z</time>
      </trkpt>
      <trkpt lat="42.30604433454573154449462890625" lon="1.716343872249126434326171875">
        <ele>1808.4000244140625</ele>
        <time>2026-09-05T06:24:20.000Z</time>
      </trkpt>
      <trkpt lat="42.3060362040996551513671875" lon="1.7163926549255847930908203125">
        <ele>1807.800048828125</ele>
        <time>2026-09-05T06:24:23.000Z</time>
      </trkpt>
      <trkpt lat="42.306033857166767120361328125" lon="1.71641050837934017181396484375">
        <ele>1807.5999755859375</ele>
        <time>2026-09-05T06:24:24.000Z</time>
      </trkpt>
      <trkpt lat="42.30599622242152690887451171875" lon="1.71649399213492870330810546875">
        <ele>1806.5999755859375</ele>
        <time>2026-09-05T06:24:30.000Z</time>
      </trkpt>
      <trkpt lat="42.30597979389131069183349609375" lon="1.71653891913592815399169921875">
        <ele>1806.199951171875</ele>
        <time>2026-09-05T06:24:33.000Z</time>
      </trkpt>
      <trkpt lat="42.30594970285892486572265625" lon="1.7166095785796642303466796875">
        <ele>1805.5999755859375</ele>
        <time>2026-09-05T06:24:38.000Z</time>
      </trkpt>
      <trkpt lat="42.30592698790132999420166015625" lon="1.716675795614719390869140625">
        <ele>1805</ele>
        <time>2026-09-05T06:24:42.000Z</time>
      </trkpt>
      <trkpt lat="42.30586932040750980377197265625" lon="1.716760285198688507080078125">
        <ele>1804.4000244140625</ele>
        <time>2026-09-05T06:24:48.000Z</time>
      </trkpt>
      <trkpt lat="42.3058308474719524383544921875" lon="1.716813258826732635498046875">
        <ele>1803.4000244140625</ele>
        <time>2026-09-05T06:24:52.000Z</time>
      </trkpt>
      <trkpt lat="42.3058201186358928680419921875" lon="1.71682767570018768310546875">
        <ele>1803.199951171875</ele>
        <time>2026-09-05T06:24:53.000Z</time>
      </trkpt>
      <trkpt lat="42.305761277675628662109375" lon="1.7168861813843250274658203125">
        <ele>1802.800048828125</ele>
        <time>2026-09-05T06:24:59.000Z</time>
      </trkpt>
      <trkpt lat="42.3057433404028415679931640625" lon="1.7169059626758098602294921875">
        <ele>1802.5999755859375</ele>
        <time>2026-09-05T06:25:01.000Z</time>
      </trkpt>
      <trkpt lat="42.305705286562442779541015625" lon="1.7169477045536041259765625">
        <ele>1802</ele>
        <time>2026-09-05T06:25:05.000Z</time>
      </trkpt>
      <trkpt lat="42.30566094629466533660888671875" lon="1.7169850878417491912841796875">
        <ele>1801.199951171875</ele>
        <time>2026-09-05T06:25:10.000Z</time>
      </trkpt>
      <trkpt lat="42.3056474514305591583251953125" lon="1.7170045338571071624755859375">
        <ele>1801</ele>
        <time>2026-09-05T06:25:12.000Z</time>
      </trkpt>
      <trkpt lat="42.305587939918041229248046875" lon="1.7170212976634502410888671875">
        <ele>1800.800048828125</ele>
        <time>2026-09-05T06:25:17.000Z</time>
      </trkpt>
      <trkpt lat="42.30552314780652523040771484375" lon="1.71707016415894031524658203125">
        <ele>1801.199951171875</ele>
        <time>2026-09-05T06:25:23.000Z</time>
      </trkpt>
      <trkpt lat="42.3055116645991802215576171875" lon="1.71707854606211185455322265625">
        <ele>1801.199951171875</ele>
        <time>2026-09-05T06:25:24.000Z</time>
      </trkpt>
      <trkpt lat="42.30544217862188816070556640625" lon="1.71711509115993976593017578125">
        <ele>1800.4000244140625</ele>
        <time>2026-09-05T06:25:30.000Z</time>
      </trkpt>
      <trkpt lat="42.30539138428866863250732421875" lon="1.71713571064174175262451171875">
        <ele>1800</ele>
        <time>2026-09-05T06:25:34.000Z</time>
      </trkpt>
      <trkpt lat="42.30537277646362781524658203125" lon="1.71712447889149188995361328125">
        <ele>1799.5999755859375</ele>
        <time>2026-09-05T06:25:36.000Z</time>
      </trkpt>
      <trkpt lat="42.30534997768700122833251953125" lon="1.71712942421436309814453125">
        <ele>1799.199951171875</ele>
        <time>2026-09-05T06:25:42.000Z</time>
      </trkpt>
      <trkpt lat="42.30534863658249378204345703125" lon="1.71712942421436309814453125">
        <ele>1798.800048828125</ele>
        <time>2026-09-05T06:25:45.000Z</time>
      </trkpt>
      <trkpt lat="42.30534863658249378204345703125" lon="1.71712942421436309814453125">
        <ele>1799</ele>
        <time>2026-09-05T06:25:51.000Z</time>
      </trkpt>
      <trkpt lat="42.30534863658249378204345703125" lon="1.71712942421436309814453125">
        <ele>1797.800048828125</ele>
        <time>2026-09-05T06:25:57.000Z</time>
      </trkpt>
      <trkpt lat="42.30534863658249378204345703125" lon="1.71712942421436309814453125">
        <ele>1797.800048828125</ele>
        <time>2026-09-05T06:25:59.000Z</time>
      </trkpt>
      <trkpt lat="42.30533690191805362701416015625" lon="1.71711375005543231964111328125">
        <ele>1798</ele>
        <time>2026-09-05T06:26:02.000Z</time>
      </trkpt>
      <trkpt lat="42.30530622415244579315185546875" lon="1.71709187328815460205078125">
        <ele>1797.800048828125</ele>
        <time>2026-09-05T06:26:06.000Z</time>
      </trkpt>
      <trkpt lat="42.30530153028666973114013671875" lon="1.71708491630852222442626953125">
        <ele>1797.5999755859375</ele>
        <time>2026-09-05T06:26:07.000Z</time>
      </trkpt>
      <trkpt lat="42.305243276059627532958984375" lon="1.717055998742580413818359375">
        <ele>1797</ele>
        <time>2026-09-05T06:26:13.000Z</time>
      </trkpt>
      <trkpt lat="42.3052142746746540069580078125" lon="1.71703596599400043487548828125">
        <ele>1796.5999755859375</ele>
        <time>2026-09-05T06:26:16.000Z</time>
      </trkpt>
      <trkpt lat="42.30520580895245075225830078125" lon="1.7170306853950023651123046875">
        <ele>1796.4000244140625</ele>
        <time>2026-09-05T06:26:17.000Z</time>
      </trkpt>
      <trkpt lat="42.30515174567699432373046875" lon="1.7169914580881595611572265625">
        <ele>1796</ele>
        <time>2026-09-05T06:26:23.000Z</time>
      </trkpt>
      <trkpt lat="42.30512064881622791290283203125" lon="1.71696522273123264312744140625">
        <ele>1795.4000244140625</ele>
        <time>2026-09-05T06:26:26.000Z</time>
      </trkpt>
      <trkpt lat="42.305087707936763763427734375" lon="1.7169441841542720794677734375">
        <ele>1794.800048828125</ele>
        <time>2026-09-05T06:26:29.000Z</time>
      </trkpt>
      <trkpt lat="42.3050506599247455596923828125" lon="1.7169401608407497406005859375">
        <ele>1794.4000244140625</ele>
        <time>2026-09-05T06:26:32.000Z</time>
      </trkpt>
      <trkpt lat="42.30503984726965427398681640625" lon="1.716934628784656524658203125">
        <ele>1794.199951171875</ele>
        <time>2026-09-05T06:26:33.000Z</time>
      </trkpt>
      <trkpt lat="42.3049825988709926605224609375" lon="1.7169005982577800750732421875">
        <ele>1793.800048828125</ele>
        <time>2026-09-05T06:26:39.000Z</time>
      </trkpt>
      <trkpt lat="42.3049477301537990570068359375" lon="1.71688534319400787353515625">
        <ele>1793</ele>
        <time>2026-09-05T06:26:43.000Z</time>
      </trkpt>
      <trkpt lat="42.30488562025129795074462890625" lon="1.71684452332556247711181640625">
        <ele>1792</ele>
        <time>2026-09-05T06:26:49.000Z</time>
      </trkpt>
      <trkpt lat="42.3048746399581432342529296875" lon="1.7168436013162136077880859375">
        <ele>1791.800048828125</ele>
        <time>2026-09-05T06:26:50.000Z</time>
      </trkpt>
      <trkpt lat="42.30484656058251857757568359375" lon="1.7168362252414226531982421875">
        <ele>1792</ele>
        <time>2026-09-05T06:26:56.000Z</time>
      </trkpt>
      <trkpt lat="42.3048501648008823394775390625" lon="1.71683974564075469970703125">
        <ele>1792</ele>
        <time>2026-09-05T06:26:58.000Z</time>
      </trkpt>
      <trkpt lat="42.30484941042959690093994140625" lon="1.71684200875461101531982421875">
        <ele>1792.199951171875</ele>
        <time>2026-09-05T06:27:04.000Z</time>
      </trkpt>
      <trkpt lat="42.30484941042959690093994140625" lon="1.71684200875461101531982421875">
        <ele>1792.4000244140625</ele>
        <time>2026-09-05T06:27:09.000Z</time>
      </trkpt>
      <trkpt lat="42.30484220199286937713623046875" lon="1.71684670262038707733154296875">
        <ele>1793</ele>
        <time>2026-09-05T06:27:11.000Z</time>
      </trkpt>
      <trkpt lat="42.30481320060789585113525390625" lon="1.716854162514209747314453125">
        <ele>1793.5999755859375</ele>
        <time>2026-09-05T06:27:14.000Z</time>
      </trkpt>
      <trkpt lat="42.30475838296115398406982421875" lon="1.71693001873791217803955078125">
        <ele>1792.199951171875</ele>
        <time>2026-09-05T06:27:20.000Z</time>
      </trkpt>
      <trkpt lat="42.3047445528209209442138671875" lon="1.71702188439667224884033203125">
        <ele>1792</ele>
        <time>2026-09-05T06:27:26.000Z</time>
      </trkpt>
      <trkpt lat="42.304724939167499542236328125" lon="1.7171168513596057891845703125">
        <ele>1790.5999755859375</ele>
        <time>2026-09-05T06:27:32.000Z</time>
      </trkpt>
      <trkpt lat="42.30472401715815067291259765625" lon="1.71714392490684986114501953125">
        <ele>1790.4000244140625</ele>
        <time>2026-09-05T06:27:34.000Z</time>
      </trkpt>
      <trkpt lat="42.30470004491508007049560546875" lon="1.717226989567279815673828125">
        <ele>1789.4000244140625</ele>
        <time>2026-09-05T06:27:40.000Z</time>
      </trkpt>
      <trkpt lat="42.30469954200088977813720703125" lon="1.71724199317395687103271484375">
        <ele>1789.4000244140625</ele>
        <time>2026-09-05T06:27:41.000Z</time>
      </trkpt>
      <trkpt lat="42.30466718785464763641357421875" lon="1.71732497401535511016845703125">
        <ele>1788.4000244140625</ele>
        <time>2026-09-05T06:27:47.000Z</time>
      </trkpt>
      <trkpt lat="42.304661236703395843505859375" lon="1.71733855269849300384521484375">
        <ele>1788.4000244140625</ele>
        <time>2026-09-05T06:27:48.000Z</time>
      </trkpt>
      <trkpt lat="42.3046084307134151458740234375" lon="1.717409379780292510986328125">
        <ele>1787.5999755859375</ele>
        <time>2026-09-05T06:27:54.000Z</time>
      </trkpt>
      <trkpt lat="42.3046037368476390838623046875" lon="1.71742019243538379669189453125">
        <ele>1787.5999755859375</ele>
        <time>2026-09-05T06:27:55.000Z</time>
      </trkpt>
      <trkpt lat="42.304583452641963958740234375" lon="1.71744399704039096832275390625">
        <ele>1787.4000244140625</ele>
        <time>2026-09-05T06:27:57.000Z</time>
      </trkpt>
      <trkpt lat="42.3045395314693450927734375" lon="1.71749328263103961944580078125">
        <ele>1786.5999755859375</ele>
        <time>2026-09-05T06:28:01.000Z</time>
      </trkpt>
      <trkpt lat="42.3045041598379611968994140625" lon="1.7175211943686008453369140625">
        <ele>1786.199951171875</ele>
        <time>2026-09-05T06:28:05.000Z</time>
      </trkpt>
      <trkpt lat="42.30449485592544078826904296875" lon="1.71753033064305782318115234375">
        <ele>1785.800048828125</ele>
        <time>2026-09-05T06:28:07.000Z</time>
      </trkpt>
      <trkpt lat="42.30448848567903041839599609375" lon="1.71753619797527790069580078125">
        <ele>1785</ele>
        <time>2026-09-05T06:28:10.000Z</time>
      </trkpt>
      <trkpt lat="42.30448848567903041839599609375" lon="1.71753619797527790069580078125">
        <ele>1784.800048828125</ele>
        <time>2026-09-05T06:28:16.000Z</time>
      </trkpt>
      <trkpt lat="42.3044645972549915313720703125" lon="1.71754038892686367034912109375">
        <ele>1784.800048828125</ele>
        <time>2026-09-05T06:28:21.000Z</time>
      </trkpt>
      <trkpt lat="42.30442545376718044281005859375" lon="1.71756117604672908782958984375">
        <ele>1784.800048828125</ele>
        <time>2026-09-05T06:28:25.000Z</time>
      </trkpt>
      <trkpt lat="42.30441086925566196441650390625" lon="1.717571653425693511962890625">
        <ele>1784.199951171875</ele>
        <time>2026-09-05T06:28:27.000Z</time>
      </trkpt>
      <trkpt lat="42.3044049181044101715087890625" lon="1.71758271753787994384765625">
        <ele>1784.199951171875</ele>
        <time>2026-09-05T06:28:28.000Z</time>
      </trkpt>
      <trkpt lat="42.304395698010921478271484375" lon="1.717592440545558929443359375">
        <ele>1784</ele>
        <time>2026-09-05T06:28:29.000Z</time>
      </trkpt>
      <trkpt lat="42.30434498749673366546630859375" lon="1.717632003128528594970703125">
        <ele>1783.199951171875</ele>
        <time>2026-09-05T06:28:34.000Z</time>
      </trkpt>
      <trkpt lat="42.30428832583129405975341796875" lon="1.7176665365695953369140625">
        <ele>1782.800048828125</ele>
        <time>2026-09-05T06:28:39.000Z</time>
      </trkpt>
      <trkpt lat="42.30425965972244739532470703125" lon="1.717677600681781768798828125">
        <ele>1782.4000244140625</ele>
        <time>2026-09-05T06:28:41.000Z</time>
      </trkpt>
      <trkpt lat="42.30423702858388423919677734375" lon="1.717684306204319000244140625">
        <ele>1781.800048828125</ele>
        <time>2026-09-05T06:28:43.000Z</time>
      </trkpt>
      <trkpt lat="42.30415522120893001556396484375" lon="1.71767986379563808441162109375">
        <ele>1780.5999755859375</ele>
        <time>2026-09-05T06:28:49.000Z</time>
      </trkpt>
      <trkpt lat="42.3041423968970775604248046875" lon="1.717677600681781768798828125">
        <ele>1780.4000244140625</ele>
        <time>2026-09-05T06:28:50.000Z</time>
      </trkpt>
      <trkpt lat="42.30406679213047027587890625" lon="1.71766175888478755950927734375">
        <ele>1779.800048828125</ele>
        <time>2026-09-05T06:28:56.000Z</time>
      </trkpt>
      <trkpt lat="42.30405447073280811309814453125" lon="1.7176556400954723358154296875">
        <ele>1779.800048828125</ele>
        <time>2026-09-05T06:28:57.000Z</time>
      </trkpt>
      <trkpt lat="42.3040143214166164398193359375" lon="1.7175952903926372528076171875">
        <ele>1779.5999755859375</ele>
        <time>2026-09-05T06:29:02.000Z</time>
      </trkpt>
      <trkpt lat="42.30399579741060733795166015625" lon="1.7175686359405517578125">
        <ele>1779.199951171875</ele>
        <time>2026-09-05T06:29:04.000Z</time>
      </trkpt>
      <trkpt lat="42.30396880768239498138427734375" lon="1.717534102499485015869140625">
        <ele>1778.5999755859375</ele>
        <time>2026-09-05T06:29:07.000Z</time>
      </trkpt>
      <trkpt lat="42.30393134057521820068359375" lon="1.71751641668379306793212890625">
        <ele>1778</ele>
        <time>2026-09-05T06:29:10.000Z</time>
      </trkpt>
      <trkpt lat="42.3039023391902446746826171875" lon="1.7175218649208545684814453125">
        <ele>1777.5999755859375</ele>
        <time>2026-09-05T06:29:12.000Z</time>
      </trkpt>
      <trkpt lat="42.3038724996149539947509765625" lon="1.717554889619350433349609375">
        <ele>1777.4000244140625</ele>
        <time>2026-09-05T06:29:15.000Z</time>
      </trkpt>
      <trkpt lat="42.30383218266069889068603515625" lon="1.71761951409280300140380859375">
        <ele>1777</ele>
        <time>2026-09-05T06:29:21.000Z</time>
      </trkpt>
      <trkpt lat="42.30382799170911312103271484375" lon="1.7176700569689273834228515625">
        <ele>1776.5999755859375</ele>
        <time>2026-09-05T06:29:24.000Z</time>
      </trkpt>
      <trkpt lat="42.30383033864200115203857421875" lon="1.7176978848874568939208984375">
        <ele>1776.199951171875</ele>
        <time>2026-09-05T06:29:26.000Z</time>
      </trkpt>
      <trkpt lat="42.30382078327238559722900390625" lon="1.71775731258094310760498046875">
        <ele>1775.4000244140625</ele>
        <time>2026-09-05T06:29:30.000Z</time>
      </trkpt>
      <trkpt lat="42.30381038971245288848876953125" lon="1.71782738529145717620849609375">
        <ele>1774.800048828125</ele>
        <time>2026-09-05T06:29:34.000Z</time>
      </trkpt>
      <trkpt lat="42.303814999759197235107421875" lon="1.71788807027041912078857421875">
        <ele>1774.4000244140625</ele>
        <time>2026-09-05T06:29:38.000Z</time>
      </trkpt>
      <trkpt lat="42.30380594730377197265625" lon="1.717953868210315704345703125">
        <ele>1773.800048828125</ele>
        <time>2026-09-05T06:29:42.000Z</time>
      </trkpt>
      <trkpt lat="42.3038000799715518951416015625" lon="1.71799921430647373199462890625">
        <ele>1773.199951171875</ele>
        <time>2026-09-05T06:29:45.000Z</time>
      </trkpt>
      <trkpt lat="42.30377015657722949981689453125" lon="1.71804917044937610626220703125">
        <ele>1772.5999755859375</ele>
        <time>2026-09-05T06:29:49.000Z</time>
      </trkpt>
      <trkpt lat="42.3037135787308216094970703125" lon="1.7181069217622280120849609375">
        <ele>1772.199951171875</ele>
        <time>2026-09-05T06:29:55.000Z</time>
      </trkpt>
      <trkpt lat="42.3036589287221431732177734375" lon="1.7181444726884365081787109375">
        <ele>1771.4000244140625</ele>
        <time>2026-09-05T06:30:01.000Z</time>
      </trkpt>
      <trkpt lat="42.3036347888410091400146484375" lon="1.71814874745905399322509765625">
        <ele>1771</ele>
        <time>2026-09-05T06:30:03.000Z</time>
      </trkpt>
      <trkpt lat="42.30356999672949314117431640625" lon="1.7181681096553802490234375">
        <ele>1770</ele>
        <time>2026-09-05T06:30:09.000Z</time>
      </trkpt>
      <trkpt lat="42.30354501865804195404052734375" lon="1.71818512491881847381591796875">
        <ele>1769.5999755859375</ele>
        <time>2026-09-05T06:30:11.000Z</time>
      </trkpt>
      <trkpt lat="42.3035087250173091888427734375" lon="1.71819015406072139739990234375">
        <ele>1768.800048828125</ele>
        <time>2026-09-05T06:30:14.000Z</time>
      </trkpt>
      <trkpt lat="42.30346597731113433837890625" lon="1.71821379102766513824462890625">
        <ele>1768.199951171875</ele>
        <time>2026-09-05T06:30:18.000Z</time>
      </trkpt>
      <trkpt lat="42.30342180468142032623291015625" lon="1.71826341189444065093994140625">
        <ele>1768</ele>
        <time>2026-09-05T06:30:23.000Z</time>
      </trkpt>
      <trkpt lat="42.3034000955522060394287109375" lon="1.71828336082398891448974609375">
        <ele>1767.5999755859375</ele>
        <time>2026-09-05T06:30:25.000Z</time>
      </trkpt>
      <trkpt lat="42.3033752851188182830810546875" lon="1.7183100990951061248779296875">
        <ele>1766.800048828125</ele>
        <time>2026-09-05T06:30:28.000Z</time>
      </trkpt>
      <trkpt lat="42.30336262844502925872802734375" lon="1.71831764280796051025390625">
        <ele>1766.4000244140625</ele>
        <time>2026-09-05T06:30:29.000Z</time>
      </trkpt>
      <trkpt lat="42.303284592926502227783203125" lon="1.71836265362799167633056640625">
        <ele>1765.800048828125</ele>
        <time>2026-09-05T06:30:35.000Z</time>
      </trkpt>
      <trkpt lat="42.30324997566640377044677734375" lon="1.71839718706905841827392578125">
        <ele>1765.199951171875</ele>
        <time>2026-09-05T06:30:39.000Z</time>
      </trkpt>
      <trkpt lat="42.30322164483368396759033203125" lon="1.71841613017022609710693359375">
        <ele>1764.5999755859375</ele>
        <time>2026-09-05T06:30:42.000Z</time>
      </trkpt>
      <trkpt lat="42.3031989298760890960693359375" lon="1.71845518983900547027587890625">
        <ele>1764.199951171875</ele>
        <time>2026-09-05T06:30:45.000Z</time>
      </trkpt>
      <trkpt lat="42.303200773894786834716796875" lon="1.71847346238791942596435546875">
        <ele>1764.199951171875</ele>
        <time>2026-09-05T06:30:46.000Z</time>
      </trkpt>
      <trkpt lat="42.3031989298760890960693359375" lon="1.7185038886964321136474609375">
        <ele>1764</ele>
        <time>2026-09-05T06:30:48.000Z</time>
      </trkpt>
      <trkpt lat="42.30319851078093051910400390625" lon="1.71853045932948589324951171875">
        <ele>1763.199951171875</ele>
        <time>2026-09-05T06:30:50.000Z</time>
      </trkpt>
      <trkpt lat="42.30318828485906124114990234375" lon="1.718572117388248443603515625">
        <ele>1761.800048828125</ele>
        <time>2026-09-05T06:30:53.000Z</time>
      </trkpt>
      <trkpt lat="42.3031798191368579864501953125" lon="1.7186292819678783416748046875">
        <ele>1760.5999755859375</ele>
        <time>2026-09-05T06:30:57.000Z</time>
      </trkpt>
      <trkpt lat="42.30317763984203338623046875" lon="1.71864353120326995849609375">
        <ele>1760.4000244140625</ele>
        <time>2026-09-05T06:30:58.000Z</time>
      </trkpt>
      <trkpt lat="42.303145118057727813720703125" lon="1.71871989034116268157958984375">
        <ele>1759.800048828125</ele>
        <time>2026-09-05T06:31:03.000Z</time>
      </trkpt>
      <trkpt lat="42.3031328804790973663330078125" lon="1.7187509872019290924072265625">
        <ele>1759.5999755859375</ele>
        <time>2026-09-05T06:31:05.000Z</time>
      </trkpt>
      <trkpt lat="42.303123660385608673095703125" lon="1.718786694109439849853515625">
        <ele>1759.4000244140625</ele>
        <time>2026-09-05T06:31:07.000Z</time>
      </trkpt>
      <trkpt lat="42.3030550964176654815673828125" lon="1.718857102096080780029296875">
        <ele>1758.4000244140625</ele>
        <time>2026-09-05T06:31:13.000Z</time>
      </trkpt>
      <trkpt lat="42.30304009281098842620849609375" lon="1.718861795961856842041015625">
        <ele>1758</ele>
        <time>2026-09-05T06:31:14.000Z</time>
      </trkpt>
      <trkpt lat="42.30298577807843685150146484375" lon="1.71890596859157085418701171875">
        <ele>1757.199951171875</ele>
        <time>2026-09-05T06:31:19.000Z</time>
      </trkpt>
      <trkpt lat="42.30295392684638500213623046875" lon="1.71891150064766407012939453125">
        <ele>1756.800048828125</ele>
        <time>2026-09-05T06:31:22.000Z</time>
      </trkpt>
      <trkpt lat="42.30289123021066188812255859375" lon="1.7189169488847255706787109375">
        <ele>1756.4000244140625</ele>
        <time>2026-09-05T06:31:28.000Z</time>
      </trkpt>
      <trkpt lat="42.30288251303136348724365234375" lon="1.71891854144632816314697265625">
        <ele>1756.199951171875</ele>
        <time>2026-09-05T06:31:29.000Z</time>
      </trkpt>
      <trkpt lat="42.3028281144797801971435546875" lon="1.71897017396986484527587890625">
        <ele>1755.199951171875</ele>
        <time>2026-09-05T06:31:35.000Z</time>
      </trkpt>
      <trkpt lat="42.302813865244388580322265625" lon="1.71899599023163318634033203125">
        <ele>1754.5999755859375</ele>
        <time>2026-09-05T06:31:37.000Z</time>
      </trkpt>
      <trkpt lat="42.3028014600276947021484375" lon="1.71902448870241641998291015625">
        <ele>1754.199951171875</ele>
        <time>2026-09-05T06:31:39.000Z</time>
      </trkpt>
      <trkpt lat="42.30281277559697628021240234375" lon="1.71909682452678680419921875">
        <ele>1753</ele>
        <time>2026-09-05T06:31:44.000Z</time>
      </trkpt>
      <trkpt lat="42.30282031930983066558837890625" lon="1.71910897828638553619384765625">
        <ele>1753</ele>
        <time>2026-09-05T06:31:45.000Z</time>
      </trkpt>
      <trkpt lat="42.3028733767569065093994140625" lon="1.7191204614937305450439453125">
        <ele>1752</ele>
        <time>2026-09-05T06:31:51.000Z</time>
      </trkpt>
      <trkpt lat="42.3028991930186748504638671875" lon="1.71909506432712078094482421875">
        <ele>1751.5999755859375</ele>
        <time>2026-09-05T06:31:53.000Z</time>
      </trkpt>
      <trkpt lat="42.3029608838260173797607421875" lon="1.7190175317227840423583984375">
        <ele>1751</ele>
        <time>2026-09-05T06:31:59.000Z</time>
      </trkpt>
      <trkpt lat="42.30298091657459735870361328125" lon="1.71900403685867786407470703125">
        <ele>1750.800048828125</ele>
        <time>2026-09-05T06:32:01.000Z</time>
      </trkpt>
      <trkpt lat="42.30305853299796581268310546875" lon="1.71899632550776004791259765625">
        <ele>1750</ele>
        <time>2026-09-05T06:32:07.000Z</time>
      </trkpt>
      <trkpt lat="42.30310144834220409393310546875" lon="1.7190202139317989349365234375">
        <ele>1750</ele>
        <time>2026-09-05T06:32:10.000Z</time>
      </trkpt>
      <trkpt lat="42.303113602101802825927734375" lon="1.71903085894882678985595703125">
        <ele>1749.5999755859375</ele>
        <time>2026-09-05T06:32:11.000Z</time>
      </trkpt>
      <trkpt lat="42.30318610556423664093017578125" lon="1.7190648056566715240478515625">
        <ele>1748.800048828125</ele>
        <time>2026-09-05T06:32:17.000Z</time>
      </trkpt>
      <trkpt lat="42.30320471338927745819091796875" lon="1.7190666496753692626953125">
        <ele>1748.5999755859375</ele>
        <time>2026-09-05T06:32:19.000Z</time>
      </trkpt>
      <trkpt lat="42.30326883494853973388671875" lon="1.719062626361846923828125">
        <ele>1747.800048828125</ele>
        <time>2026-09-05T06:32:24.000Z</time>
      </trkpt>
      <trkpt lat="42.3032975010573863983154296875" lon="1.71905466355383396148681640625">
        <ele>1748.199951171875</ele>
        <time>2026-09-05T06:32:26.000Z</time>
      </trkpt>
      <trkpt lat="42.3033689148724079132080078125" lon="1.719032786786556243896484375">
        <ele>1748.199951171875</ele>
        <time>2026-09-05T06:32:32.000Z</time>
      </trkpt>
      <trkpt lat="42.3033729381859302520751953125" lon="1.71903052367269992828369140625">
        <ele>1747.800048828125</ele>
        <time>2026-09-05T06:32:33.000Z</time>
      </trkpt>
      <trkpt lat="42.30337880551815032958984375" lon="1.719030104577541351318359375">
        <ele>1747.5999755859375</ele>
        <time>2026-09-05T06:32:35.000Z</time>
      </trkpt>
      <trkpt lat="42.30341744609177112579345703125" lon="1.71902331523597240447998046875">
        <ele>1746.800048828125</ele>
        <time>2026-09-05T06:32:40.000Z</time>
      </trkpt>
      <trkpt lat="42.30344058014452457427978515625" lon="1.7190237343311309814453125">
        <ele>1746.4000244140625</ele>
        <time>2026-09-05T06:32:42.000Z</time>
      </trkpt>
      <trkpt lat="42.30346153490245342254638671875" lon="1.719041503965854644775390625">
        <ele>1746.199951171875</ele>
        <time>2026-09-05T06:32:44.000Z</time>
      </trkpt>
      <trkpt lat="42.30348332785069942474365234375" lon="1.71905851922929286956787109375">
        <ele>1746.4000244140625</ele>
        <time>2026-09-05T06:32:46.000Z</time>
      </trkpt>
      <trkpt lat="42.30354971252381801605224609375" lon="1.7191020213067531585693359375">
        <ele>1745.800048828125</ele>
        <time>2026-09-05T06:32:52.000Z</time>
      </trkpt>
      <trkpt lat="42.30355708859860897064208984375" lon="1.71911635436117649078369140625">
        <ele>1745.800048828125</ele>
        <time>2026-09-05T06:32:53.000Z</time>
      </trkpt>
      <trkpt lat="42.303577624261379241943359375" lon="1.71916413120925426483154296875">
        <ele>1745.199951171875</ele>
        <time>2026-09-05T06:32:56.000Z</time>
      </trkpt>
      <trkpt lat="42.30360318906605243682861328125" lon="1.71919497661292552947998046875">
        <ele>1744.800048828125</ele>
        <time>2026-09-05T06:32:59.000Z</time>
      </trkpt>
      <trkpt lat="42.3036465235054492950439453125" lon="1.7192827351391315460205078125">
        <ele>1744.4000244140625</ele>
        <time>2026-09-05T06:33:05.000Z</time>
      </trkpt>
      <trkpt lat="42.3036622814834117889404296875" lon="1.71930461190640926361083984375">
        <ele>1744.199951171875</ele>
        <time>2026-09-05T06:33:07.000Z</time>
      </trkpt>
      <trkpt lat="42.3036919534206390380859375" lon="1.71935498714447021484375">
        <ele>1744</ele>
        <time>2026-09-05T06:33:11.000Z</time>
      </trkpt>
      <trkpt lat="42.3037360422313213348388671875" lon="1.719416677951812744140625">
        <ele>1743.199951171875</ele>
        <time>2026-09-05T06:33:17.000Z</time>
      </trkpt>
      <trkpt lat="42.303749620914459228515625" lon="1.71943503431975841522216796875">
        <ele>1743.5999755859375</ele>
        <time>2026-09-05T06:33:23.000Z</time>
      </trkpt>
      <trkpt lat="42.303808629512786865234375" lon="1.7194761894643306732177734375">
        <ele>1743.199951171875</ele>
        <time>2026-09-05T06:33:29.000Z</time>
      </trkpt>
      <trkpt lat="42.3038708232343196868896484375" lon="1.7194701544940471649169921875">
        <ele>1742</ele>
        <time>2026-09-05T06:33:35.000Z</time>
      </trkpt>
      <trkpt lat="42.30387903749942779541015625" lon="1.71946437098085880279541015625">
        <ele>1741.800048828125</ele>
        <time>2026-09-05T06:33:36.000Z</time>
      </trkpt>
      <trkpt lat="42.30392958037555217742919921875" lon="1.7194233834743499755859375">
        <ele>1740.800048828125</ele>
        <time>2026-09-05T06:33:42.000Z</time>
      </trkpt>
      <trkpt lat="42.30393938720226287841796875" lon="1.71941894106566905975341796875">
        <ele>1740.5999755859375</ele>
        <time>2026-09-05T06:33:43.000Z</time>
      </trkpt>
      <trkpt lat="42.30398976244032382965087890625" lon="1.71938440762460231781005859375">
        <ele>1740</ele>
        <time>2026-09-05T06:33:49.000Z</time>
      </trkpt>
      <trkpt lat="42.30400250293314456939697265625" lon="1.719379127025604248046875">
        <ele>1739.800048828125</ele>
        <time>2026-09-05T06:33:50.000Z</time>
      </trkpt>
      <trkpt lat="42.3040688037872314453125" lon="1.7193212918937206268310546875">
        <ele>1738.800048828125</ele>
        <time>2026-09-05T06:33:56.000Z</time>
      </trkpt>
      <trkpt lat="42.3040763475000858306884765625" lon="1.7193112336099147796630859375">
        <ele>1738.5999755859375</ele>
        <time>2026-09-05T06:33:57.000Z</time>
      </trkpt>
      <trkpt lat="42.30412772856652736663818359375" lon="1.7192807234823703765869140625">
        <ele>1737.5999755859375</ele>
        <time>2026-09-05T06:34:02.000Z</time>
      </trkpt>
      <trkpt lat="42.30415622703731060028076171875" lon="1.7192612774670124053955078125">
        <ele>1737.4000244140625</ele>
        <time>2026-09-05T06:34:05.000Z</time>
      </trkpt>
      <trkpt lat="42.30417114682495594024658203125" lon="1.71925683505833148956298828125">
        <ele>1737</ele>
        <time>2026-09-05T06:34:06.000Z</time>
      </trkpt>
      <trkpt lat="42.30420769192278385162353515625" lon="1.7192753590643405914306640625">
        <ele>1736.5999755859375</ele>
        <time>2026-09-05T06:34:09.000Z</time>
      </trkpt>
      <trkpt lat="42.30423116125166416168212890625" lon="1.719325818121433258056640625">
        <ele>1736.199951171875</ele>
        <time>2026-09-05T06:34:12.000Z</time>
      </trkpt>
      <trkpt lat="42.3042198456823825836181640625" lon="1.7194312624633312225341796875">
        <ele>1735.5999755859375</ele>
        <time>2026-09-05T06:34:18.000Z</time>
      </trkpt>
      <trkpt lat="42.30416695587337017059326171875" lon="1.7194728367030620574951171875">
        <ele>1734.800048828125</ele>
        <time>2026-09-05T06:34:24.000Z</time>
      </trkpt>
      <trkpt lat="42.30412923730909824371337890625" lon="1.7195065319538116455078125">
        <ele>1734.199951171875</ele>
        <time>2026-09-05T06:34:28.000Z</time>
      </trkpt>
      <trkpt lat="42.3040894232690334320068359375" lon="1.719533018767833709716796875">
        <ele>1733.5999755859375</ele>
        <time>2026-09-05T06:34:31.000Z</time>
      </trkpt>
      <trkpt lat="42.304050028324127197265625" lon="1.71957291662693023681640625">
        <ele>1733.199951171875</ele>
        <time>2026-09-05T06:34:35.000Z</time>
      </trkpt>
      <trkpt lat="42.30401909910142421722412109375" lon="1.71960485167801380157470703125">
        <ele>1732.5999755859375</ele>
        <time>2026-09-05T06:34:38.000Z</time>
      </trkpt>
      <trkpt lat="42.3039590008556842803955078125" lon="1.71966067515313625335693359375">
        <ele>1732</ele>
        <time>2026-09-05T06:34:44.000Z</time>
      </trkpt>
      <trkpt lat="42.3039499484002590179443359375" lon="1.71967106871306896209716796875">
        <ele>1731.800048828125</ele>
        <time>2026-09-05T06:34:45.000Z</time>
      </trkpt>
      <trkpt lat="42.3039251379668712615966796875" lon="1.7197092063724994659423828125">
        <ele>1731</ele>
        <time>2026-09-05T06:34:49.000Z</time>
      </trkpt>
      <trkpt lat="42.30390560813248157501220703125" lon="1.719720102846622467041015625">
        <ele>1730.800048828125</ele>
        <time>2026-09-05T06:34:51.000Z</time>
      </trkpt>
      <trkpt lat="42.303847856819629669189453125" lon="1.71977098099887371063232421875">
        <ele>1730</ele>
        <time>2026-09-05T06:34:57.000Z</time>
      </trkpt>
      <trkpt lat="42.30383746325969696044921875" lon="1.7197792790830135345458984375">
        <ele>1730</ele>
        <time>2026-09-05T06:34:58.000Z</time>
      </trkpt>
      <trkpt lat="42.30377468280494213104248046875" lon="1.71982244588434696197509765625">
        <ele>1729</ele>
        <time>2026-09-05T06:35:04.000Z</time>
      </trkpt>
      <trkpt lat="42.30376345105469226837158203125" lon="1.7198299057781696319580078125">
        <ele>1728.800048828125</ele>
        <time>2026-09-05T06:35:05.000Z</time>
      </trkpt>
      <trkpt lat="42.30369857512414455413818359375" lon="1.7198731563985347747802734375">
        <ele>1728.4000244140625</ele>
        <time>2026-09-05T06:35:10.000Z</time>
      </trkpt>
      <trkpt lat="42.30365029536187648773193359375" lon="1.71991883777081966400146484375">
        <ele>1727.800048828125</ele>
        <time>2026-09-05T06:35:15.000Z</time>
      </trkpt>
      <trkpt lat="42.3036347888410091400146484375" lon="1.71994398348033428192138671875">
        <ele>1727.4000244140625</ele>
        <time>2026-09-05T06:35:17.000Z</time>
      </trkpt>
      <trkpt lat="42.30358491651713848114013671875" lon="1.71999427489936351776123046875">
        <ele>1726.4000244140625</ele>
        <time>2026-09-05T06:35:22.000Z</time>
      </trkpt>
      <trkpt lat="42.30356630869209766387939453125" lon="1.7200116254389286041259765625">
        <ele>1725.4000244140625</ele>
        <time>2026-09-05T06:35:24.000Z</time>
      </trkpt>
      <trkpt lat="42.3035482876002788543701171875" lon="1.720031909644603729248046875">
        <ele>1724.4000244140625</ele>
        <time>2026-09-05T06:35:26.000Z</time>
      </trkpt>
      <trkpt lat="42.3035010136663913726806640625" lon="1.720087565481662750244140625">
        <ele>1724.199951171875</ele>
        <time>2026-09-05T06:35:32.000Z</time>
      </trkpt>
      <trkpt lat="42.3034922964870929718017578125" lon="1.72009418718516826629638671875">
        <ele>1724</ele>
        <time>2026-09-05T06:35:33.000Z</time>
      </trkpt>
      <trkpt lat="42.30344317853450775146484375" lon="1.72011564485728740692138671875">
        <ele>1723.199951171875</ele>
        <time>2026-09-05T06:35:37.000Z</time>
      </trkpt>
      <trkpt lat="42.3034004308283329010009765625" lon="1.72012536786496639251708984375">
        <ele>1722.5999755859375</ele>
        <time>2026-09-05T06:35:41.000Z</time>
      </trkpt>
      <trkpt lat="42.303353659808635711669921875" lon="1.7201360128819942474365234375">
        <ele>1722.199951171875</ele>
        <time>2026-09-05T06:35:45.000Z</time>
      </trkpt>
      <trkpt lat="42.30330697260797023773193359375" lon="1.720127128064632415771484375">
        <ele>1721.800048828125</ele>
        <time>2026-09-05T06:35:49.000Z</time>
      </trkpt>
      <trkpt lat="42.3032515682280063629150390625" lon="1.72010994516313076019287109375">
        <ele>1721</ele>
        <time>2026-09-05T06:35:54.000Z</time>
      </trkpt>
      <trkpt lat="42.30319641530513763427734375" lon="1.72008949331939220428466796875">
        <ele>1720.4000244140625</ele>
        <time>2026-09-05T06:35:59.000Z</time>
      </trkpt>
      <trkpt lat="42.303175628185272216796875" lon="1.7200753279030323028564453125">
        <ele>1720</ele>
        <time>2026-09-05T06:36:01.000Z</time>
      </trkpt>
      <trkpt lat="42.303109578788280487060546875" lon="1.72005965374410152435302734375">
        <ele>1719.800048828125</ele>
        <time>2026-09-05T06:36:07.000Z</time>
      </trkpt>
      <trkpt lat="42.3030903004109859466552734375" lon="1.720061413943767547607421875">
        <ele>1719.4000244140625</ele>
        <time>2026-09-05T06:36:09.000Z</time>
      </trkpt>
      <trkpt lat="42.303068004548549652099609375" lon="1.72006719745695590972900390625">
        <ele>1719</ele>
        <time>2026-09-05T06:36:11.000Z</time>
      </trkpt>
      <trkpt lat="42.30299315415322780609130859375" lon="1.72010893933475017547607421875">
        <ele>1718.800048828125</ele>
        <time>2026-09-05T06:36:17.000Z</time>
      </trkpt>
      <trkpt lat="42.30298074893653392791748046875" lon="1.72011447139084339141845703125">
        <ele>1718.800048828125</ele>
        <time>2026-09-05T06:36:18.000Z</time>
      </trkpt>
      <trkpt lat="42.30292157270014286041259765625" lon="1.720162332057952880859375">
        <ele>1719</ele>
        <time>2026-09-05T06:36:24.000Z</time>
      </trkpt>
      <trkpt lat="42.3029179684817790985107421875" lon="1.7201574705541133880615234375">
        <ele>1719</ele>
        <time>2026-09-05T06:36:26.000Z</time>
      </trkpt>
      <trkpt lat="42.30291671119630336761474609375" lon="1.72015721909701824188232421875">
        <ele>1719.199951171875</ele>
        <time>2026-09-05T06:36:32.000Z</time>
      </trkpt>
      <trkpt lat="42.30291671119630336761474609375" lon="1.72015721909701824188232421875">
        <ele>1719</ele>
        <time>2026-09-05T06:36:38.000Z</time>
      </trkpt>
      <trkpt lat="42.302915789186954498291015625" lon="1.72015872783958911895751953125">
        <ele>1719.199951171875</ele>
        <time>2026-09-05T06:36:40.000Z</time>
      </trkpt>
      <trkpt lat="42.30290262959897518157958984375" lon="1.7201636731624603271484375">
        <ele>1719.4000244140625</ele>
        <time>2026-09-05T06:36:41.000Z</time>
      </trkpt>
      <trkpt lat="42.30288050137460231781005859375" lon="1.72018370591104030609130859375">
        <ele>1720</ele>
        <time>2026-09-05T06:36:43.000Z</time>
      </trkpt>
      <trkpt lat="42.30284781195223331451416015625" lon="1.7202199995517730712890625">
        <ele>1720</ele>
        <time>2026-09-05T06:36:47.000Z</time>
      </trkpt>
      <trkpt lat="42.30279047973453998565673828125" lon="1.72027037478983402252197265625">
        <ele>1720.4000244140625</ele>
        <time>2026-09-05T06:36:53.000Z</time>
      </trkpt>
      <trkpt lat="42.3027469776570796966552734375" lon="1.7203214205801486968994140625">
        <ele>1720.5999755859375</ele>
        <time>2026-09-05T06:36:58.000Z</time>
      </trkpt>
      <trkpt lat="42.302697859704494476318359375" lon="1.720381937921047210693359375">
        <ele>1720.800048828125</ele>
        <time>2026-09-05T06:37:04.000Z</time>
      </trkpt>
      <trkpt lat="42.302691824734210968017578125" lon="1.72039040364325046539306640625">
        <ele>1720.800048828125</ele>
        <time>2026-09-05T06:37:05.000Z</time>
      </trkpt>
      <trkpt lat="42.30263675563037395477294921875" lon="1.72046206891536712646484375">
        <ele>1720.5999755859375</ele>
        <time>2026-09-05T06:37:11.000Z</time>
      </trkpt>
      <trkpt lat="42.30263038538396358489990234375" lon="1.7204719595611095428466796875">
        <ele>1720.5999755859375</ele>
        <time>2026-09-05T06:37:12.000Z</time>
      </trkpt>
      <trkpt lat="42.30256936512887477874755859375" lon="1.72051093541085720062255859375">
        <ele>1720.4000244140625</ele>
        <time>2026-09-05T06:37:18.000Z</time>
      </trkpt>
      <trkpt lat="42.30251152999699115753173828125" lon="1.72055083326995372772216796875">
        <ele>1720</ele>
        <time>2026-09-05T06:37:24.000Z</time>
      </trkpt>
      <trkpt lat="42.3024901561439037322998046875" lon="1.7205641604959964752197265625">
        <ele>1719.800048828125</ele>
        <time>2026-09-05T06:37:26.000Z</time>
      </trkpt>
      <trkpt lat="42.3024780862033367156982421875" lon="1.7205836065113544464111328125">
        <ele>1719.4000244140625</ele>
        <time>2026-09-05T06:37:28.000Z</time>
      </trkpt>
      <trkpt lat="42.3024418763816356658935546875" lon="1.720621325075626373291015625">
        <ele>1718.800048828125</ele>
        <time>2026-09-05T06:37:32.000Z</time>
      </trkpt>
      <trkpt lat="42.30243374593555927276611328125" lon="1.7206328921020030975341796875">
        <ele>1718.800048828125</ele>
        <time>2026-09-05T06:37:33.000Z</time>
      </trkpt>
      <trkpt lat="42.302384711802005767822265625" lon="1.72070338390767574310302734375">
        <ele>1718.4000244140625</ele>
        <time>2026-09-05T06:37:39.000Z</time>
      </trkpt>
      <trkpt lat="42.3023723065853118896484375" lon="1.72073573805391788482666015625">
        <ele>1717.5999755859375</ele>
        <time>2026-09-05T06:37:45.000Z</time>
      </trkpt>
      <trkpt lat="42.30237658135592937469482421875" lon="1.7207452096045017242431640625">
        <ele>1717.199951171875</ele>
        <time>2026-09-05T06:37:51.000Z</time>
      </trkpt>
      <trkpt lat="42.3024165630340576171875" lon="1.72076893039047718048095703125">
        <ele>1717</ele>
        <time>2026-09-05T06:37:55.000Z</time>
      </trkpt>
      <trkpt lat="42.3024334944784641265869140625" lon="1.72077530063688755035400390625">
        <ele>1717.199951171875</ele>
        <time>2026-09-05T06:37:57.000Z</time>
      </trkpt>
      <trkpt lat="42.30245872400701045989990234375" lon="1.72077588737010955810546875">
        <ele>1717</ele>
        <time>2026-09-05T06:38:00.000Z</time>
      </trkpt>
      <trkpt lat="42.3024700395762920379638671875" lon="1.7207700200378894805908203125">
        <ele>1716.5999755859375</ele>
        <time>2026-09-05T06:38:02.000Z</time>
      </trkpt>
      <trkpt lat="42.30250834487378597259521484375" lon="1.720759458839893341064453125">
        <ele>1715.5999755859375</ele>
        <time>2026-09-05T06:38:08.000Z</time>
      </trkpt>
      <trkpt lat="42.3025159724056720733642578125" lon="1.72075216658413410186767578125">
        <ele>1715.4000244140625</ele>
        <time>2026-09-05T06:38:09.000Z</time>
      </trkpt>
      <trkpt lat="42.30251991190016269683837890625" lon="1.72075233422219753265380859375">
        <ele>1715.199951171875</ele>
        <time>2026-09-05T06:38:10.000Z</time>
      </trkpt>
      <trkpt lat="42.30254656635224819183349609375" lon="1.7207430303096771240234375">
        <ele>1714.4000244140625</ele>
        <time>2026-09-05T06:38:14.000Z</time>
      </trkpt>
      <trkpt lat="42.30258311145007610321044921875" lon="1.720731295645236968994140625">
        <ele>1713.4000244140625</ele>
        <time>2026-09-05T06:38:19.000Z</time>
      </trkpt>
      <trkpt lat="42.30263273231685161590576171875" lon="1.72071017324924468994140625">
        <ele>1712.5999755859375</ele>
        <time>2026-09-05T06:38:25.000Z</time>
      </trkpt>
      <trkpt lat="42.30264631099998950958251953125" lon="1.7207029648125171661376953125">
        <ele>1712.4000244140625</ele>
        <time>2026-09-05T06:38:27.000Z</time>
      </trkpt>
      <trkpt lat="42.3026889748871326446533203125" lon="1.72069030813872814178466796875">
        <ele>1711.5999755859375</ele>
        <time>2026-09-05T06:38:33.000Z</time>
      </trkpt>
      <trkpt lat="42.302705906331539154052734375" lon="1.72069500200450420379638671875">
        <ele>1711.199951171875</ele>
        <time>2026-09-05T06:38:35.000Z</time>
      </trkpt>
      <trkpt lat="42.30272443033754825592041015625" lon="1.72069265507161617279052734375">
        <ele>1710.199951171875</ele>
        <time>2026-09-05T06:38:40.000Z</time>
      </trkpt>
      <trkpt lat="42.30276097543537616729736328125" lon="1.720679663121700286865234375">
        <ele>1709.800048828125</ele>
        <time>2026-09-05T06:38:46.000Z</time>
      </trkpt>
      <trkpt lat="42.30277262628078460693359375" lon="1.7206744663417339324951171875">
        <ele>1709.4000244140625</ele>
        <time>2026-09-05T06:38:48.000Z</time>
      </trkpt>
      <trkpt lat="42.30277824215590953826904296875" lon="1.720673628151416778564453125">
        <ele>1709</ele>
        <time>2026-09-05T06:38:49.000Z</time>
      </trkpt>
      <trkpt lat="42.30280322022736072540283203125" lon="1.72066382132470607757568359375">
        <ele>1708.199951171875</ele>
        <time>2026-09-05T06:38:55.000Z</time>
      </trkpt>
      <trkpt lat="42.30280724354088306427001953125" lon="1.720662228763103485107421875">
        <ele>1708.199951171875</ele>
        <time>2026-09-05T06:38:56.000Z</time>
      </trkpt>
      <trkpt lat="42.30285217054188251495361328125" lon="1.7206828482449054718017578125">
        <ele>1707.800048828125</ele>
        <time>2026-09-05T06:39:01.000Z</time>
      </trkpt>
      <trkpt lat="42.30286692269146442413330078125" lon="1.720693409442901611328125">
        <ele>1707.4000244140625</ele>
        <time>2026-09-05T06:39:03.000Z</time>
      </trkpt>
      <trkpt lat="42.30288351885974407196044921875" lon="1.72070883214473724365234375">
        <ele>1706.800048828125</ele>
        <time>2026-09-05T06:39:05.000Z</time>
      </trkpt>
      <trkpt lat="42.3029082454741001129150390625" lon="1.7207354865968227386474609375">
        <ele>1706</ele>
        <time>2026-09-05T06:39:09.000Z</time>
      </trkpt>
      <trkpt lat="42.3029374144971370697021484375" lon="1.72078234143555164337158203125">
        <ele>1705.5999755859375</ele>
        <time>2026-09-05T06:39:13.000Z</time>
      </trkpt>
      <trkpt lat="42.30295099318027496337890625" lon="1.72082575969398021697998046875">
        <ele>1704.800048828125</ele>
        <time>2026-09-05T06:39:17.000Z</time>
      </trkpt>
      <trkpt lat="42.302956692874431610107421875" lon="1.72083531506359577178955078125">
        <ele>1704.5999755859375</ele>
        <time>2026-09-05T06:39:18.000Z</time>
      </trkpt>
      <trkpt lat="42.3029786534607410430908203125" lon="1.7208897136151790618896484375">
        <ele>1704</ele>
        <time>2026-09-05T06:39:23.000Z</time>
      </trkpt>
      <trkpt lat="42.3029823414981365203857421875" lon="1.7209138534963130950927734375">
        <ele>1703.5999755859375</ele>
        <time>2026-09-05T06:39:25.000Z</time>
      </trkpt>
      <trkpt lat="42.30300505645573139190673828125" lon="1.7209748737514019012451171875">
        <ele>1702.4000244140625</ele>
        <time>2026-09-05T06:39:30.000Z</time>
      </trkpt>
      <trkpt lat="42.3030068166553974151611328125" lon="1.720990799367427825927734375">
        <ele>1702.4000244140625</ele>
        <time>2026-09-05T06:39:31.000Z</time>
      </trkpt>
      <trkpt lat="42.3030222393572330474853515625" lon="1.72105475328862667083740234375">
        <ele>1701.800048828125</ele>
        <time>2026-09-05T06:39:36.000Z</time>
      </trkpt>
      <trkpt lat="42.30302517302334308624267578125" lon="1.72107000835239887237548828125">
        <ele>1701.800048828125</ele>
        <time>2026-09-05T06:39:37.000Z</time>
      </trkpt>
      <trkpt lat="42.3030329681932926177978515625" lon="1.72108878381550312042236328125">
        <ele>1701.199951171875</ele>
        <time>2026-09-05T06:39:39.000Z</time>
      </trkpt>
      <trkpt lat="42.3030343092978000640869140625" lon="1.72111627645790576934814453125">
        <ele>1700</ele>
        <time>2026-09-05T06:39:43.000Z</time>
      </trkpt>
      <trkpt lat="42.3030509054660797119140625" lon="1.72115273773670196533203125">
        <ele>1699.800048828125</ele>
        <time>2026-09-05T06:39:49.000Z</time>
      </trkpt>
      <trkpt lat="42.303055264055728912353515625" lon="1.721159107983112335205078125">
        <ele>1700</ele>
        <time>2026-09-05T06:39:50.000Z</time>
      </trkpt>
      <trkpt lat="42.3031000234186649322509765625" lon="1.72121987678110599517822265625">
        <ele>1699.199951171875</ele>
        <time>2026-09-05T06:39:56.000Z</time>
      </trkpt>
      <trkpt lat="42.3031070642173290252685546875" lon="1.7212246544659137725830078125">
        <ele>1699</ele>
        <time>2026-09-05T06:39:57.000Z</time>
      </trkpt>
      <trkpt lat="42.30315190739929676055908203125" lon="1.721254326403141021728515625">
        <ele>1698.4000244140625</ele>
        <time>2026-09-05T06:40:02.000Z</time>
      </trkpt>
      <trkpt lat="42.30316682718694210052490234375" lon="1.72126270830631256103515625">
        <ele>1698</ele>
        <time>2026-09-05T06:40:04.000Z</time>
      </trkpt>
      <trkpt lat="42.3032026179134845733642578125" lon="1.72129464335739612579345703125">
        <ele>1697.199951171875</ele>
        <time>2026-09-05T06:40:09.000Z</time>
      </trkpt>
      <trkpt lat="42.3032223992049694061279296875" lon="1.72130319289863109588623046875">
        <ele>1697</ele>
        <time>2026-09-05T06:40:12.000Z</time>
      </trkpt>
      <trkpt lat="42.3032386600971221923828125" lon="1.72129833139479160308837890625">
        <ele>1696.5999755859375</ele>
        <time>2026-09-05T06:40:14.000Z</time>
      </trkpt>
      <trkpt lat="42.30324645526707172393798828125" lon="1.72129078768193721771240234375">
        <ele>1696.4000244140625</ele>
        <time>2026-09-05T06:40:15.000Z</time>
      </trkpt>
      <trkpt lat="42.30326556600630283355712890625" lon="1.7212762869894504547119140625">
        <ele>1696</ele>
        <time>2026-09-05T06:40:21.000Z</time>
      </trkpt>
      <trkpt lat="42.30326590128242969512939453125" lon="1.7212759517133235931396484375">
        <ele>1695.800048828125</ele>
        <time>2026-09-05T06:40:22.000Z</time>
      </trkpt>
      <trkpt lat="42.303265817463397979736328125" lon="1.7212759517133235931396484375">
        <ele>1696</ele>
        <time>2026-09-05T06:40:28.000Z</time>
      </trkpt>
      <trkpt lat="42.303265817463397979736328125" lon="1.7212759517133235931396484375">
        <ele>1695.199951171875</ele>
        <time>2026-09-05T06:40:34.000Z</time>
      </trkpt>
      <trkpt lat="42.30327956378459930419921875" lon="1.72127234749495983123779296875">
        <ele>1695.199951171875</ele>
        <time>2026-09-05T06:40:40.000Z</time>
      </trkpt>
      <trkpt lat="42.30327998287975788116455078125" lon="1.72127251513302326202392578125">
        <ele>1695.5999755859375</ele>
        <time>2026-09-05T06:40:46.000Z</time>
      </trkpt>
      <trkpt lat="42.30327998287975788116455078125" lon="1.72127251513302326202392578125">
        <ele>1695.800048828125</ele>
        <time>2026-09-05T06:40:47.000Z</time>
      </trkpt>
      <trkpt lat="42.30333463288843631744384765625" lon="1.72124535776674747467041015625">
        <ele>1695.5999755859375</ele>
        <time>2026-09-05T06:40:53.000Z</time>
      </trkpt>
      <trkpt lat="42.30334066785871982574462890625" lon="1.72123965807259082794189453125">
        <ele>1695.4000244140625</ele>
        <time>2026-09-05T06:40:54.000Z</time>
      </trkpt>
      <trkpt lat="42.30338257737457752227783203125" lon="1.72119833528995513916015625">
        <ele>1694.5999755859375</ele>
        <time>2026-09-05T06:40:59.000Z</time>
      </trkpt>
      <trkpt lat="42.30338810943067073822021484375" lon="1.7211917974054813385009765625">
        <ele>1694.199951171875</ele>
        <time>2026-09-05T06:41:00.000Z</time>
      </trkpt>
      <trkpt lat="42.30340587906539440155029296875" lon="1.72117209993302822113037109375">
        <ele>1693.5999755859375</ele>
        <time>2026-09-05T06:41:02.000Z</time>
      </trkpt>
      <trkpt lat="42.30343043804168701171875" lon="1.7211518995463848114013671875">
        <ele>1692.4000244140625</ele>
        <time>2026-09-05T06:41:05.000Z</time>
      </trkpt>
      <trkpt lat="42.30346069671213626861572265625" lon="1.72112465836107730865478515625">
        <ele>1691.5999755859375</ele>
        <time>2026-09-05T06:41:08.000Z</time>
      </trkpt>
      <trkpt lat="42.30348341166973114013671875" lon="1.72111443243920803070068359375">
        <ele>1691.4000244140625</ele>
        <time>2026-09-05T06:41:10.000Z</time>
      </trkpt>
      <trkpt lat="42.30354242026805877685546875" lon="1.72111828811466693878173828125">
        <ele>1691.199951171875</ele>
        <time>2026-09-05T06:41:15.000Z</time>
      </trkpt>
      <trkpt lat="42.3035489581525325775146484375" lon="1.72113270498812198638916015625">
        <ele>1691</ele>
        <time>2026-09-05T06:41:16.000Z</time>
      </trkpt>
      <trkpt lat="42.3035632073879241943359375" lon="1.721170842647552490234375">
        <ele>1690.4000244140625</ele>
        <time>2026-09-05T06:41:19.000Z</time>
      </trkpt>
      <trkpt lat="42.30356647633016109466552734375" lon="1.7211985029280185699462890625">
        <ele>1689.800048828125</ele>
        <time>2026-09-05T06:41:21.000Z</time>
      </trkpt>
      <trkpt lat="42.3035256564617156982421875" lon="1.721263043582439422607421875">
        <ele>1689.5999755859375</ele>
        <time>2026-09-05T06:41:27.000Z</time>
      </trkpt>
      <trkpt lat="42.3035174421966075897216796875" lon="1.7212741076946258544921875">
        <ele>1689.5999755859375</ele>
        <time>2026-09-05T06:41:28.000Z</time>
      </trkpt>
      <trkpt lat="42.30347670614719390869140625" lon="1.721333451569080352783203125">
        <ele>1689.5999755859375</ele>
        <time>2026-09-05T06:41:34.000Z</time>
      </trkpt>
      <trkpt lat="42.30345533229410648345947265625" lon="1.72138877213001251220703125">
        <ele>1689.4000244140625</ele>
        <time>2026-09-05T06:41:38.000Z</time>
      </trkpt>
      <trkpt lat="42.30344728566706180572509765625" lon="1.72140645794570446014404296875">
        <ele>1689.4000244140625</ele>
        <time>2026-09-05T06:41:39.000Z</time>
      </trkpt>
      <trkpt lat="42.30341426096856594085693359375" lon="1.7214546538889408111572265625">
        <ele>1689.800048828125</ele>
        <time>2026-09-05T06:41:43.000Z</time>
      </trkpt>
      <trkpt lat="42.30338911525905132293701171875" lon="1.72150813043117523193359375">
        <ele>1690.199951171875</ele>
        <time>2026-09-05T06:41:48.000Z</time>
      </trkpt>
      <trkpt lat="42.30338819324970245361328125" lon="1.72150452621281147003173828125">
        <ele>1689.4000244140625</ele>
        <time>2026-09-05T06:41:54.000Z</time>
      </trkpt>
      <trkpt lat="42.30338819324970245361328125" lon="1.72150452621281147003173828125">
        <ele>1689.199951171875</ele>
        <time>2026-09-05T06:41:55.000Z</time>
      </trkpt>
      <trkpt lat="42.30338492430746555328369140625" lon="1.7215056158602237701416015625">
        <ele>1689.199951171875</ele>
        <time>2026-09-05T06:42:01.000Z</time>
      </trkpt>
      <trkpt lat="42.303371429443359375" lon="1.72155372798442840576171875">
        <ele>1689.4000244140625</ele>
        <time>2026-09-05T06:42:05.000Z</time>
      </trkpt>
      <trkpt lat="42.303355000913143157958984375" lon="1.7216283269226551055908203125">
        <ele>1688.5999755859375</ele>
        <time>2026-09-05T06:42:11.000Z</time>
      </trkpt>
      <trkpt lat="42.3033511452376842498779296875" lon="1.72165540046989917755126953125">
        <ele>1688.199951171875</ele>
        <time>2026-09-05T06:42:13.000Z</time>
      </trkpt>
      <trkpt lat="42.3033501394093036651611328125" lon="1.72169378958642482757568359375">
        <ele>1686.800048828125</ele>
        <time>2026-09-05T06:42:16.000Z</time>
      </trkpt>
      <trkpt lat="42.30334393680095672607421875" lon="1.72172002494335174560546875">
        <ele>1686.4000244140625</ele>
        <time>2026-09-05T06:42:18.000Z</time>
      </trkpt>
      <trkpt lat="42.30334502644836902618408203125" lon="1.7217314243316650390625">
        <ele>1686.199951171875</ele>
        <time>2026-09-05T06:42:19.000Z</time>
      </trkpt>
      <trkpt lat="42.303340248763561248779296875" lon="1.721798144280910491943359375">
        <ele>1685.800048828125</ele>
        <time>2026-09-05T06:42:24.000Z</time>
      </trkpt>
      <trkpt lat="42.30333446525037288665771484375" lon="1.721800826489925384521484375">
        <ele>1685.199951171875</ele>
        <time>2026-09-05T06:42:26.000Z</time>
      </trkpt>
      <trkpt lat="42.30333580635488033294677734375" lon="1.72181013040244579315185546875">
        <ele>1684.5999755859375</ele>
        <time>2026-09-05T06:42:30.000Z</time>
      </trkpt>
      <trkpt lat="42.303327508270740509033203125" lon="1.721840389072895050048828125">
        <ele>1684.4000244140625</ele>
        <time>2026-09-05T06:42:35.000Z</time>
      </trkpt>
      <trkpt lat="42.303328178822994232177734375" lon="1.72191917896270751953125">
        <ele>1684</ele>
        <time>2026-09-05T06:42:41.000Z</time>
      </trkpt>
      <trkpt lat="42.3033192940056324005126953125" lon="1.72193133272230625152587890625">
        <ele>1683.5999755859375</ele>
        <time>2026-09-05T06:42:42.000Z</time>
      </trkpt>
      <trkpt lat="42.30330764316022396087646484375" lon="1.7219366133213043212890625">
        <ele>1683.4000244140625</ele>
        <time>2026-09-05T06:42:43.000Z</time>
      </trkpt>
      <trkpt lat="42.30331166647374629974365234375" lon="1.72197081148624420166015625">
        <ele>1682.800048828125</ele>
        <time>2026-09-05T06:42:46.000Z</time>
      </trkpt>
      <trkpt lat="42.30332708917558193206787109375" lon="1.72199101187288761138916015625">
        <ele>1682.5999755859375</ele>
        <time>2026-09-05T06:42:47.000Z</time>
      </trkpt>
      <trkpt lat="42.3033310286700725555419921875" lon="1.7220045067369937896728515625">
        <ele>1682.4000244140625</ele>
        <time>2026-09-05T06:42:48.000Z</time>
      </trkpt>
      <trkpt lat="42.303311415016651153564453125" lon="1.7220427282154560089111328125">
        <ele>1681.5999755859375</ele>
        <time>2026-09-05T06:42:51.000Z</time>
      </trkpt>
      <trkpt lat="42.303304709494113922119140625" lon="1.7220558039844036102294921875">
        <ele>1681.199951171875</ele>
        <time>2026-09-05T06:42:52.000Z</time>
      </trkpt>
      <trkpt lat="42.30330227874219417572021484375" lon="1.72209830023348331451416015625">
        <ele>1680.4000244140625</ele>
        <time>2026-09-05T06:42:55.000Z</time>
      </trkpt>
      <trkpt lat="42.30330144055187702178955078125" lon="1.722105927765369415283203125">
        <ele>1680</ele>
        <time>2026-09-05T06:42:56.000Z</time>
      </trkpt>
      <trkpt lat="42.303300686180591583251953125" lon="1.7221148125827312469482421875">
        <ele>1679.5999755859375</ele>
        <time>2026-09-05T06:42:58.000Z</time>
      </trkpt>
      <trkpt lat="42.30330102145671844482421875" lon="1.72211891971528530120849609375">
        <ele>1679.800048828125</ele>
        <time>2026-09-05T06:43:04.000Z</time>
      </trkpt>
      <trkpt lat="42.30330102145671844482421875" lon="1.72211891971528530120849609375">
        <ele>1680</ele>
        <time>2026-09-05T06:43:07.000Z</time>
      </trkpt>
      <trkpt lat="42.30330102145671844482421875" lon="1.72211891971528530120849609375">
        <ele>1680</ele>
        <time>2026-09-05T06:43:13.000Z</time>
      </trkpt>
      <trkpt lat="42.30330747552216053009033203125" lon="1.72210760414600372314453125">
        <ele>1679.800048828125</ele>
        <time>2026-09-05T06:43:15.000Z</time>
      </trkpt>
      <trkpt lat="42.303320467472076416015625" lon="1.72213803045451641082763671875">
        <ele>1679</ele>
        <time>2026-09-05T06:43:18.000Z</time>
      </trkpt>
      <trkpt lat="42.3033177852630615234375" lon="1.722152195870876312255859375">
        <ele>1678.800048828125</ele>
        <time>2026-09-05T06:43:19.000Z</time>
      </trkpt>
      <trkpt lat="42.3033283464610576629638671875" lon="1.72219452448189258575439453125">
        <ele>1678</ele>
        <time>2026-09-05T06:43:23.000Z</time>
      </trkpt>
      <trkpt lat="42.3033320344984531402587890625" lon="1.7222043313086032867431640625">
        <ele>1677.800048828125</ele>
        <time>2026-09-05T06:43:24.000Z</time>
      </trkpt>
      <trkpt lat="42.3033259995281696319580078125" lon="1.72227851115167140960693359375">
        <ele>1677</ele>
        <time>2026-09-05T06:43:29.000Z</time>
      </trkpt>
      <trkpt lat="42.3033219762146472930908203125" lon="1.722292006015777587890625">
        <ele>1676.800048828125</ele>
        <time>2026-09-05T06:43:30.000Z</time>
      </trkpt>
      <trkpt lat="42.30329926125705242156982421875" lon="1.72237020917236804962158203125">
        <ele>1675.800048828125</ele>
        <time>2026-09-05T06:43:35.000Z</time>
      </trkpt>
      <trkpt lat="42.3033025301992893218994140625" lon="1.72238496132194995880126953125">
        <ele>1675.4000244140625</ele>
        <time>2026-09-05T06:43:36.000Z</time>
      </trkpt>
      <trkpt lat="42.303283251821994781494140625" lon="1.7224443890154361724853515625">
        <ele>1674.4000244140625</ele>
        <time>2026-09-05T06:43:40.000Z</time>
      </trkpt>
      <trkpt lat="42.30326212942600250244140625" lon="1.72245704568922519683837890625">
        <ele>1674</ele>
        <time>2026-09-05T06:43:42.000Z</time>
      </trkpt>
      <trkpt lat="42.3032512329518795013427734375" lon="1.72249317169189453125">
        <ele>1673.4000244140625</ele>
        <time>2026-09-05T06:43:45.000Z</time>
      </trkpt>
      <trkpt lat="42.3032344691455364227294921875" lon="1.7225372605025768280029296875">
        <ele>1672.5999755859375</ele>
        <time>2026-09-05T06:43:48.000Z</time>
      </trkpt>
      <trkpt lat="42.3032270930707454681396484375" lon="1.72255092300474643707275390625">
        <ele>1672.4000244140625</ele>
        <time>2026-09-05T06:43:49.000Z</time>
      </trkpt>
      <trkpt lat="42.303204126656055450439453125" lon="1.7226178944110870361328125">
        <ele>1671.199951171875</ele>
        <time>2026-09-05T06:43:54.000Z</time>
      </trkpt>
      <trkpt lat="42.30319666676223278045654296875" lon="1.72264228574931621551513671875">
        <ele>1670.5999755859375</ele>
        <time>2026-09-05T06:43:56.000Z</time>
      </trkpt>
      <trkpt lat="42.30318560265004634857177734375" lon="1.72267866320908069610595703125">
        <ele>1670</ele>
        <time>2026-09-05T06:43:59.000Z</time>
      </trkpt>
      <trkpt lat="42.30317923240363597869873046875" lon="1.72268352471292018890380859375">
        <ele>1669.4000244140625</ele>
        <time>2026-09-05T06:44:02.000Z</time>
      </trkpt>
      <trkpt lat="42.303179986774921417236328125" lon="1.722683943808078765869140625">
        <ele>1668.800048828125</ele>
        <time>2026-09-05T06:44:04.000Z</time>
      </trkpt>
      <trkpt lat="42.30316825211048126220703125" lon="1.722736246883869171142578125">
        <ele>1669</ele>
        <time>2026-09-05T06:44:09.000Z</time>
      </trkpt>
      <trkpt lat="42.30315106920897960662841796875" lon="1.7227692715823650360107421875">
        <ele>1669</ele>
        <time>2026-09-05T06:44:12.000Z</time>
      </trkpt>
      <trkpt lat="42.30315023101866245269775390625" lon="1.72279818914830684661865234375">
        <ele>1668.5999755859375</ele>
        <time>2026-09-05T06:44:14.000Z</time>
      </trkpt>
      <trkpt lat="42.30314813554286956787109375" lon="1.7228312976658344268798828125">
        <ele>1667.5999755859375</ele>
        <time>2026-09-05T06:44:16.000Z</time>
      </trkpt>
      <trkpt lat="42.3031261749565601348876953125" lon="1.72286725603044033050537109375">
        <ele>1666.4000244140625</ele>
        <time>2026-09-05T06:44:19.000Z</time>
      </trkpt>
      <trkpt lat="42.3031157813966274261474609375" lon="1.72289541922509670257568359375">
        <ele>1666</ele>
        <time>2026-09-05T06:44:21.000Z</time>
      </trkpt>
      <trkpt lat="42.3031152784824371337890625" lon="1.7229607142508029937744140625">
        <ele>1665.4000244140625</ele>
        <time>2026-09-05T06:44:25.000Z</time>
      </trkpt>
      <trkpt lat="42.3031117580831050872802734375" lon="1.7229781486093997955322265625">
        <ele>1665.199951171875</ele>
        <time>2026-09-05T06:44:26.000Z</time>
      </trkpt>
      <trkpt lat="42.30309206061065196990966796875" lon="1.72303103841841220855712890625">
        <ele>1664.800048828125</ele>
        <time>2026-09-05T06:44:31.000Z</time>
      </trkpt>
      <trkpt lat="42.30307831428945064544677734375" lon="1.723062805831432342529296875">
        <ele>1664.4000244140625</ele>
        <time>2026-09-05T06:44:34.000Z</time>
      </trkpt>
      <trkpt lat="42.303073704242706298828125" lon="1.7230706848204135894775390625">
        <ele>1664.199951171875</ele>
        <time>2026-09-05T06:44:35.000Z</time>
      </trkpt>
      <trkpt lat="42.30306423269212245941162109375" lon="1.723100356757640838623046875">
        <ele>1663.5999755859375</ele>
        <time>2026-09-05T06:44:37.000Z</time>
      </trkpt>
      <trkpt lat="42.303072027862071990966796875" lon="1.72312877140939235687255859375">
        <ele>1663</ele>
        <time>2026-09-05T06:44:39.000Z</time>
      </trkpt>
      <trkpt lat="42.30307378806173801422119140625" lon="1.72317571006715297698974609375">
        <ele>1662.5999755859375</ele>
        <time>2026-09-05T06:44:42.000Z</time>
      </trkpt>
      <trkpt lat="42.30302467010915279388427734375" lon="1.7232540808618068695068359375">
        <ele>1662</ele>
        <time>2026-09-05T06:44:48.000Z</time>
      </trkpt>
      <trkpt lat="42.30301545001566410064697265625" lon="1.7232627980411052703857421875">
        <ele>1661.800048828125</ele>
        <time>2026-09-05T06:44:49.000Z</time>
      </trkpt>
      <trkpt lat="42.30296717025339603424072265625" lon="1.72325533814728260040283203125">
        <ele>1661</ele>
        <time>2026-09-05T06:44:54.000Z</time>
      </trkpt>
      <trkpt lat="42.30296306312084197998046875" lon="1.7232493869960308074951171875">
        <ele>1660.800048828125</ele>
        <time>2026-09-05T06:44:55.000Z</time>
      </trkpt>
      <trkpt lat="42.30293624103069305419921875" lon="1.723218373954296112060546875">
        <ele>1659.800048828125</ele>
        <time>2026-09-05T06:45:01.000Z</time>
      </trkpt>
      <trkpt lat="42.30293079279363155364990234375" lon="1.72321544028818607330322265625">
        <ele>1659.5999755859375</ele>
        <time>2026-09-05T06:45:02.000Z</time>
      </trkpt>
      <trkpt lat="42.3029283620417118072509765625" lon="1.7232172004878520965576171875">
        <ele>1658.800048828125</ele>
        <time>2026-09-05T06:45:08.000Z</time>
      </trkpt>
      <trkpt lat="42.3029283620417118072509765625" lon="1.7232172004878520965576171875">
        <ele>1658.800048828125</ele>
        <time>2026-09-05T06:45:09.000Z</time>
      </trkpt>
      <trkpt lat="42.30291889049112796783447265625" lon="1.72320454381406307220458984375">
        <ele>1658.800048828125</ele>
        <time>2026-09-05T06:45:15.000Z</time>
      </trkpt>
      <trkpt lat="42.3029233328998088836669921875" lon="1.72319649718701839447021484375">
        <ele>1658.800048828125</ele>
        <time>2026-09-05T06:45:17.000Z</time>
      </trkpt>
      <trkpt lat="42.30292358435690402984619140625" lon="1.72319599427282810211181640625">
        <ele>1658.5999755859375</ele>
        <time>2026-09-05T06:45:20.000Z</time>
      </trkpt>
      <trkpt lat="42.30293096043169498443603515625" lon="1.72319582663476467132568359375">
        <ele>1658.800048828125</ele>
        <time>2026-09-05T06:45:21.000Z</time>
      </trkpt>
      <trkpt lat="42.3029424436390399932861328125" lon="1.72320085577666759490966796875">
        <ele>1659</ele>
        <time>2026-09-05T06:45:23.000Z</time>
      </trkpt>
      <trkpt lat="42.30294403620064258575439453125" lon="1.723202951252460479736328125">
        <ele>1659.199951171875</ele>
        <time>2026-09-05T06:45:24.000Z</time>
      </trkpt>
      <trkpt lat="42.3029672540724277496337890625" lon="1.7231742851436138153076171875">
        <ele>1659.800048828125</ele>
        <time>2026-09-05T06:45:29.000Z</time>
      </trkpt>
      <trkpt lat="42.3029722832143306732177734375" lon="1.72316749580204486846923828125">
        <ele>1659.800048828125</ele>
        <time>2026-09-05T06:45:30.000Z</time>
      </trkpt>
      <trkpt lat="42.303012348711490631103515625" lon="1.72314561903476715087890625">
        <ele>1661</ele>
        <time>2026-09-05T06:45:34.000Z</time>
      </trkpt>
      <trkpt lat="42.30302274227142333984375" lon="1.72314151190221309661865234375">
        <ele>1661.4000244140625</ele>
        <time>2026-09-05T06:45:35.000Z</time>
      </trkpt>
      <trkpt lat="42.30304394848644733428955078125" lon="1.72315140254795551300048828125">
        <ele>1661.800048828125</ele>
        <time>2026-09-05T06:45:39.000Z</time>
      </trkpt>
      <trkpt lat="42.303054593503475189208984375" lon="1.72316229902207851409912109375">
        <ele>1661.800048828125</ele>
        <time>2026-09-05T06:45:40.000Z</time>
      </trkpt>
      <trkpt lat="42.30306222103536128997802734375" lon="1.7231803201138973236083984375">
        <ele>1662.199951171875</ele>
        <time>2026-09-05T06:45:42.000Z</time>
      </trkpt>
      <trkpt lat="42.30306758545339107513427734375" lon="1.7232068069279193878173828125">
        <ele>1662.4000244140625</ele>
        <time>2026-09-05T06:45:45.000Z</time>
      </trkpt>
      <trkpt lat="42.30306766927242279052734375" lon="1.72321091406047344207763671875">
        <ele>1661.800048828125</ele>
        <time>2026-09-05T06:45:51.000Z</time>
      </trkpt>
      <trkpt lat="42.30306766927242279052734375" lon="1.72321091406047344207763671875">
        <ele>1661.800048828125</ele>
        <time>2026-09-05T06:45:52.000Z</time>
      </trkpt>
      <trkpt lat="42.30303908698260784149169921875" lon="1.72324108891189098358154296875">
        <ele>1661.4000244140625</ele>
        <time>2026-09-05T06:45:58.000Z</time>
      </trkpt>
      <trkpt lat="42.30302249081432819366455078125" lon="1.7232671566307544708251953125">
        <ele>1661.800048828125</ele>
        <time>2026-09-05T06:46:03.000Z</time>
      </trkpt>
      <trkpt lat="42.30302073061466217041015625" lon="1.72326841391623020172119140625">
        <ele>1661.5999755859375</ele>
        <time>2026-09-05T06:46:07.000Z</time>
      </trkpt>
      <trkpt lat="42.30302073061466217041015625" lon="1.72326841391623020172119140625">
        <ele>1661.5999755859375</ele>
        <time>2026-09-05T06:46:08.000Z</time>
      </trkpt>
      <trkpt lat="42.30302073061466217041015625" lon="1.72326841391623020172119140625">
        <ele>1661.5999755859375</ele>
        <time>2026-09-05T06:46:09.000Z</time>
      </trkpt>
      <trkpt lat="42.30301980860531330108642578125" lon="1.72326841391623020172119140625">
        <ele>1661.5999755859375</ele>
        <time>2026-09-05T06:46:10.000Z</time>
      </trkpt>
      <trkpt lat="42.30301209725439548492431640625" lon="1.72326405532658100128173828125">
        <ele>1661.5999755859375</ele>
        <time>2026-09-05T06:46:11.000Z</time>
      </trkpt>
      <trkpt lat="42.3029897175729274749755859375" lon="1.7232641391456127166748046875">
        <ele>1661.5999755859375</ele>
        <time>2026-09-05T06:46:13.000Z</time>
      </trkpt>
      <trkpt lat="42.30297421105206012725830078125" lon="1.723255254328250885009765625">
        <ele>1661.4000244140625</ele>
        <time>2026-09-05T06:46:15.000Z</time>
      </trkpt>
      <trkpt lat="42.30296817608177661895751953125" lon="1.72324360348284244537353515625">
        <ele>1661.199951171875</ele>
        <time>2026-09-05T06:46:16.000Z</time>
      </trkpt>
      <trkpt lat="42.302943952381610870361328125" lon="1.72321426682174205780029296875">
        <ele>1660</ele>
        <time>2026-09-05T06:46:21.000Z</time>
      </trkpt>
      <trkpt lat="42.30294118635356426239013671875" lon="1.7232161946594715118408203125">
        <ele>1659.800048828125</ele>
        <time>2026-09-05T06:46:22.000Z</time>
      </trkpt>
      <trkpt lat="42.30292308144271373748779296875" lon="1.7232101596891880035400390625">
        <ele>1659.4000244140625</ele>
        <time>2026-09-05T06:46:26.000Z</time>
      </trkpt>
      <trkpt lat="42.30290816165506839752197265625" lon="1.72320923767983913421630859375">
        <ele>1659.199951171875</ele>
        <time>2026-09-05T06:46:28.000Z</time>
      </trkpt>
      <trkpt lat="42.3028914816677570343017578125" lon="1.72320471145212650299072265625">
        <ele>1658.800048828125</ele>
        <time>2026-09-05T06:46:31.000Z</time>
      </trkpt>
      <trkpt lat="42.3028780706226825714111328125" lon="1.72320739366114139556884765625">
        <ele>1657.800048828125</ele>
        <time>2026-09-05T06:46:36.000Z</time>
      </trkpt>
      <trkpt lat="42.302875556051731109619140625" lon="1.72320974059402942657470703125">
        <ele>1657.800048828125</ele>
        <time>2026-09-05T06:46:37.000Z</time>
      </trkpt>
      <trkpt lat="42.30285384692251682281494140625" lon="1.72321644611656665802001953125">
        <ele>1657</ele>
        <time>2026-09-05T06:46:43.000Z</time>
      </trkpt>
      <trkpt lat="42.302854768931865692138671875" lon="1.72321577556431293487548828125">
        <ele>1656.800048828125</ele>
        <time>2026-09-05T06:46:47.000Z</time>
      </trkpt>
      <trkpt lat="42.302854768931865692138671875" lon="1.72321577556431293487548828125">
        <ele>1656.5999755859375</ele>
        <time>2026-09-05T06:46:49.000Z</time>
      </trkpt>
      <trkpt lat="42.302854768931865692138671875" lon="1.72321577556431293487548828125">
        <ele>1656</ele>
        <time>2026-09-05T06:46:53.000Z</time>
      </trkpt>
      <trkpt lat="42.302854768931865692138671875" lon="1.72321577556431293487548828125">
        <ele>1655.800048828125</ele>
        <time>2026-09-05T06:46:56.000Z</time>
      </trkpt>
      <trkpt lat="42.302854768931865692138671875" lon="1.72321577556431293487548828125">
        <ele>1655.800048828125</ele>
        <time>2026-09-05T06:46:58.000Z</time>
      </trkpt>
      <trkpt lat="42.302854768931865692138671875" lon="1.72321577556431293487548828125">
        <ele>1655.800048828125</ele>
        <time>2026-09-05T06:46:59.000Z</time>
      </trkpt>
      <trkpt lat="42.302854768931865692138671875" lon="1.72321577556431293487548828125">
        <ele>1655.800048828125</ele>
        <time>2026-09-05T06:47:00.000Z</time>
      </trkpt>
      <trkpt lat="42.302854768931865692138671875" lon="1.72321577556431293487548828125">
        <ele>1655.800048828125</ele>
        <time>2026-09-05T06:47:06.000Z</time>
      </trkpt>
      <trkpt lat="42.302854768931865692138671875" lon="1.72321577556431293487548828125">
        <ele>1655.800048828125</ele>
        <time>2026-09-05T06:47:10.000Z</time>
      </trkpt>
      <trkpt lat="42.302854768931865692138671875" lon="1.72321577556431293487548828125">
        <ele>1655.800048828125</ele>
        <time>2026-09-05T06:47:15.000Z</time>
      </trkpt>
      <trkpt lat="42.30285585857927799224853515625" lon="1.72319389879703521728515625">
        <ele>1655.5999755859375</ele>
        <time>2026-09-05T06:47:18.000Z</time>
      </trkpt>
      <trkpt lat="42.30285041034221649169921875" lon="1.7231709323823451995849609375">
        <ele>1655</ele>
        <time>2026-09-05T06:47:24.000Z</time>
      </trkpt>
      <trkpt lat="42.30285300873219966888427734375" lon="1.723162047564983367919921875">
        <ele>1655</ele>
        <time>2026-09-05T06:47:25.000Z</time>
      </trkpt>
      <trkpt lat="42.30285300873219966888427734375" lon="1.72314352355897426605224609375">
        <ele>1654.4000244140625</ele>
        <time>2026-09-05T06:47:28.000Z</time>
      </trkpt>
      <trkpt lat="42.30285108089447021484375" lon="1.72312080860137939453125">
        <ele>1653.4000244140625</ele>
        <time>2026-09-05T06:47:31.000Z</time>
      </trkpt>
      <trkpt lat="42.30283155106008052825927734375" lon="1.72309826128184795379638671875">
        <ele>1653.5999755859375</ele>
        <time>2026-09-05T06:47:33.000Z</time>
      </trkpt>
      <trkpt lat="42.302807830274105072021484375" lon="1.72308820299804210662841796875">
        <ele>1654.4000244140625</ele>
        <time>2026-09-05T06:47:36.000Z</time>
      </trkpt>
      <trkpt lat="42.30278695933520793914794921875" lon="1.723090298473834991455078125">
        <ele>1654.199951171875</ele>
        <time>2026-09-05T06:47:39.000Z</time>
      </trkpt>
      <trkpt lat="42.3027717880904674530029296875" lon="1.72312960959970951080322265625">
        <ele>1653.199951171875</ele>
        <time>2026-09-05T06:47:42.000Z</time>
      </trkpt>
      <trkpt lat="42.302744127810001373291015625" lon="1.7231846787035465240478515625">
        <ele>1652.199951171875</ele>
        <time>2026-09-05T06:47:46.000Z</time>
      </trkpt>
      <trkpt lat="42.30273683555424213409423828125" lon="1.72319649718701839447021484375">
        <ele>1652</ele>
        <time>2026-09-05T06:47:47.000Z</time>
      </trkpt>
      <trkpt lat="42.3027057386934757232666015625" lon="1.72322876751422882080078125">
        <ele>1651</ele>
        <time>2026-09-05T06:47:50.000Z</time>
      </trkpt>
      <trkpt lat="42.30269408784806728363037109375" lon="1.72324360348284244537353515625">
        <ele>1650</ele>
        <time>2026-09-05T06:47:53.000Z</time>
      </trkpt>
      <trkpt lat="42.30269123800098896026611328125" lon="1.723241508007049560546875">
        <ele>1650.199951171875</ele>
        <time>2026-09-05T06:47:56.000Z</time>
      </trkpt>
      <trkpt lat="42.3026641644537448883056640625" lon="1.72321460209786891937255859375">
        <ele>1650.4000244140625</ele>
        <time>2026-09-05T06:48:00.000Z</time>
      </trkpt>
      <trkpt lat="42.30263315141201019287109375" lon="1.72318585216999053955078125">
        <ele>1650</ele>
        <time>2026-09-05T06:48:06.000Z</time>
      </trkpt>
      <trkpt lat="42.30263181030750274658203125" lon="1.7231850139796733856201171875">
        <ele>1650</ele>
        <time>2026-09-05T06:48:07.000Z</time>
      </trkpt>
      <trkpt lat="42.302622757852077484130859375" lon="1.72318660654127597808837890625">
        <ele>1649.4000244140625</ele>
        <time>2026-09-05T06:48:13.000Z</time>
      </trkpt>
      <trkpt lat="42.302630804479122161865234375" lon="1.72318560071289539337158203125">
        <ele>1648.800048828125</ele>
        <time>2026-09-05T06:48:15.000Z</time>
      </trkpt>
      <trkpt lat="42.302630804479122161865234375" lon="1.72318560071289539337158203125">
        <ele>1648.800048828125</ele>
        <time>2026-09-05T06:48:19.000Z</time>
      </trkpt>
      <trkpt lat="42.30262217111885547637939453125" lon="1.7231890372931957244873046875">
        <ele>1649</ele>
        <time>2026-09-05T06:48:21.000Z</time>
      </trkpt>
      <trkpt lat="42.30262912809848785400390625" lon="1.7231843434274196624755859375">
        <ele>1649.199951171875</ele>
        <time>2026-09-05T06:48:22.000Z</time>
      </trkpt>
      <trkpt lat="42.30263977311551570892333984375" lon="1.72315366566181182861328125">
        <ele>1649.800048828125</ele>
        <time>2026-09-05T06:48:25.000Z</time>
      </trkpt>
      <trkpt lat="42.30263323523104190826416015625" lon="1.72314838506281375885009765625">
        <ele>1650</ele>
        <time>2026-09-05T06:48:26.000Z</time>
      </trkpt>
      <trkpt lat="42.3026152141392230987548828125" lon="1.7231236584484577178955078125">
        <ele>1650.4000244140625</ele>
        <time>2026-09-05T06:48:29.000Z</time>
      </trkpt>
      <trkpt lat="42.302609346807003021240234375" lon="1.72312877140939235687255859375">
        <ele>1649.5999755859375</ele>
        <time>2026-09-05T06:48:35.000Z</time>
      </trkpt>
      <trkpt lat="42.302609346807003021240234375" lon="1.72312877140939235687255859375">
        <ele>1649.199951171875</ele>
        <time>2026-09-05T06:48:37.000Z</time>
      </trkpt>
      <trkpt lat="42.302609346807003021240234375" lon="1.72312877140939235687255859375">
        <ele>1649.5999755859375</ele>
        <time>2026-09-05T06:48:43.000Z</time>
      </trkpt>
      <trkpt lat="42.30261010117828845977783203125" lon="1.7231397517025470733642578125">
        <ele>1650</ele>
        <time>2026-09-05T06:48:46.000Z</time>
      </trkpt>
      <trkpt lat="42.30260138399899005889892578125" lon="1.7231786437332630157470703125">
        <ele>1648.800048828125</ele>
        <time>2026-09-05T06:48:51.000Z</time>
      </trkpt>
      <trkpt lat="42.30260021053254604339599609375" lon="1.7231940664350986480712890625">
        <ele>1648.199951171875</ele>
        <time>2026-09-05T06:48:54.000Z</time>
      </trkpt>
      <trkpt lat="42.3026029765605926513671875" lon="1.7232054658234119415283203125">
        <ele>1648</ele>
        <time>2026-09-05T06:49:00.000Z</time>
      </trkpt>
      <trkpt lat="42.3026029765605926513671875" lon="1.7232054658234119415283203125">
        <ele>1647.800048828125</ele>
        <time>2026-09-05T06:49:02.000Z</time>
      </trkpt>
      <trkpt lat="42.3026029765605926513671875" lon="1.7232054658234119415283203125">
        <ele>1647.5999755859375</ele>
        <time>2026-09-05T06:49:04.000Z</time>
      </trkpt>
      <trkpt lat="42.3026029765605926513671875" lon="1.7232054658234119415283203125">
        <ele>1647</ele>
        <time>2026-09-05T06:49:10.000Z</time>
      </trkpt>
      <trkpt lat="42.3026029765605926513671875" lon="1.7232054658234119415283203125">
        <ele>1647.4000244140625</ele>
        <time>2026-09-05T06:49:16.000Z</time>
      </trkpt>
      <trkpt lat="42.302601970732212066650390625" lon="1.72322650440037250518798828125">
        <ele>1647.5999755859375</ele>
        <time>2026-09-05T06:49:18.000Z</time>
      </trkpt>
      <trkpt lat="42.302601300179958343505859375" lon="1.72325299121439456939697265625">
        <ele>1646.5999755859375</ele>
        <time>2026-09-05T06:49:24.000Z</time>
      </trkpt>
      <trkpt lat="42.30259568430483341217041015625" lon="1.72327528707683086395263671875">
        <ele>1646.199951171875</ele>
        <time>2026-09-05T06:49:27.000Z</time>
      </trkpt>
      <trkpt lat="42.30260431766510009765625" lon="1.72330931760370731353759765625">
        <ele>1645.4000244140625</ele>
        <time>2026-09-05T06:49:30.000Z</time>
      </trkpt>
      <trkpt lat="42.30261462740600109100341796875" lon="1.72332725487649440765380859375">
        <ele>1644.4000244140625</ele>
        <time>2026-09-05T06:49:33.000Z</time>
      </trkpt>
      <trkpt lat="42.3026163876056671142578125" lon="1.7233322001993656158447265625">
        <ele>1644.199951171875</ele>
        <time>2026-09-05T06:49:34.000Z</time>
      </trkpt>
      <trkpt lat="42.30261563323438167572021484375" lon="1.7233432643115520477294921875">
        <ele>1643.800048828125</ele>
        <time>2026-09-05T06:49:35.000Z</time>
      </trkpt>
      <trkpt lat="42.30262066237628459930419921875" lon="1.72336480580270290374755859375">
        <ele>1643</ele>
        <time>2026-09-05T06:49:37.000Z</time>
      </trkpt>
      <trkpt lat="42.3026311397552490234375" lon="1.723391711711883544921875">
        <ele>1642.5999755859375</ele>
        <time>2026-09-05T06:49:39.000Z</time>
      </trkpt>
      <trkpt lat="42.3026571236550807952880859375" lon="1.72341576777398586273193359375">
        <ele>1641.800048828125</ele>
        <time>2026-09-05T06:49:43.000Z</time>
      </trkpt>
      <trkpt lat="42.302661649882793426513671875" lon="1.72343236394226551055908203125">
        <ele>1641.199951171875</ele>
        <time>2026-09-05T06:49:45.000Z</time>
      </trkpt>
      <trkpt lat="42.30267078615725040435791015625" lon="1.72344627790153026580810546875">
        <ele>1640.800048828125</ele>
        <time>2026-09-05T06:49:47.000Z</time>
      </trkpt>
      <trkpt lat="42.302685119211673736572265625" lon="1.72346823848783969879150390625">
        <ele>1639.5999755859375</ele>
        <time>2026-09-05T06:49:51.000Z</time>
      </trkpt>
      <trkpt lat="42.3026903159916400909423828125" lon="1.72347276471555233001708984375">
        <ele>1639.4000244140625</ele>
        <time>2026-09-05T06:49:52.000Z</time>
      </trkpt>
      <trkpt lat="42.3027084209024906158447265625" lon="1.7235139198601245880126953125">
        <ele>1638.4000244140625</ele>
        <time>2026-09-05T06:49:57.000Z</time>
      </trkpt>
      <trkpt lat="42.30271118693053722381591796875" lon="1.7235172726213932037353515625">
        <ele>1638.199951171875</ele>
        <time>2026-09-05T06:49:58.000Z</time>
      </trkpt>
      <trkpt lat="42.30272702872753143310546875" lon="1.72352640889585018157958984375">
        <ele>1637.5999755859375</ele>
        <time>2026-09-05T06:50:04.000Z</time>
      </trkpt>
      <trkpt lat="42.302729375660419464111328125" lon="1.723537556827068328857421875">
        <ele>1637.5999755859375</ele>
        <time>2026-09-05T06:50:05.000Z</time>
      </trkpt>
      <trkpt lat="42.30273499153554439544677734375" lon="1.7235608585178852081298828125">
        <ele>1637.4000244140625</ele>
        <time>2026-09-05T06:50:07.000Z</time>
      </trkpt>
      <trkpt lat="42.3027469776570796966552734375" lon="1.72361106611788272857666015625">
        <ele>1636.199951171875</ele>
        <time>2026-09-05T06:50:12.000Z</time>
      </trkpt>
      <trkpt lat="42.30274739675223827362060546875" lon="1.72361995093524456024169921875">
        <ele>1636</ele>
        <time>2026-09-05T06:50:13.000Z</time>
      </trkpt>
      <trkpt lat="42.30275007896125316619873046875" lon="1.72363067977130413055419921875">
        <ele>1635</ele>
        <time>2026-09-05T06:50:18.000Z</time>
      </trkpt>
      <trkpt lat="42.30275007896125316619873046875" lon="1.72363067977130413055419921875">
        <ele>1634.5999755859375</ele>
        <time>2026-09-05T06:50:23.000Z</time>
      </trkpt>
      <trkpt lat="42.30275007896125316619873046875" lon="1.72363067977130413055419921875">
        <ele>1635.4000244140625</ele>
        <time>2026-09-05T06:50:29.000Z</time>
      </trkpt>
      <trkpt lat="42.3027446307241916656494140625" lon="1.72363570891320705413818359375">
        <ele>1635.4000244140625</ele>
        <time>2026-09-05T06:50:32.000Z</time>
      </trkpt>
      <trkpt lat="42.302752844989299774169921875" lon="1.7236570827662944793701171875">
        <ele>1634.199951171875</ele>
        <time>2026-09-05T06:50:38.000Z</time>
      </trkpt>
      <trkpt lat="42.30275527574121952056884765625" lon="1.7236585915088653564453125">
        <ele>1634</ele>
        <time>2026-09-05T06:50:39.000Z</time>
      </trkpt>
      <trkpt lat="42.30276734568178653717041015625" lon="1.7236684821546077728271484375">
        <ele>1633</ele>
        <time>2026-09-05T06:50:45.000Z</time>
      </trkpt>
      <trkpt lat="42.30276801623404026031494140625" lon="1.72367510385811328887939453125">
        <ele>1632.800048828125</ele>
        <time>2026-09-05T06:50:46.000Z</time>
      </trkpt>
      <trkpt lat="42.3027808405458927154541015625" lon="1.72371064312756061553955078125">
        <ele>1632.4000244140625</ele>
        <time>2026-09-05T06:50:51.000Z</time>
      </trkpt>
      <trkpt lat="42.30278142727911472320556640625" lon="1.72371969558298587799072265625">
        <ele>1631.800048828125</ele>
        <time>2026-09-05T06:50:53.000Z</time>
      </trkpt>
      <trkpt lat="42.30279383249580860137939453125" lon="1.72373235225677490234375">
        <ele>1631.4000244140625</ele>
        <time>2026-09-05T06:50:57.000Z</time>
      </trkpt>
      <trkpt lat="42.302807159721851348876953125" lon="1.723753474652767181396484375">
        <ele>1630.800048828125</ele>
        <time>2026-09-05T06:51:01.000Z</time>
      </trkpt>
      <trkpt lat="42.30281394906342029571533203125" lon="1.72377551905810832977294921875">
        <ele>1630.199951171875</ele>
        <time>2026-09-05T06:51:04.000Z</time>
      </trkpt>
      <trkpt lat="42.30282300151884555816650390625" lon="1.72380284406244754791259765625">
        <ele>1629.5999755859375</ele>
        <time>2026-09-05T06:51:09.000Z</time>
      </trkpt>
      <trkpt lat="42.30282417498528957366943359375" lon="1.72381005249917507171630859375">
        <ele>1629.4000244140625</ele>
        <time>2026-09-05T06:51:10.000Z</time>
      </trkpt>
      <trkpt lat="42.30282627046108245849609375" lon="1.7238356173038482666015625">
        <ele>1628.4000244140625</ele>
        <time>2026-09-05T06:51:14.000Z</time>
      </trkpt>
      <trkpt lat="42.30283540673553943634033203125" lon="1.7238548956811428070068359375">
        <ele>1628.199951171875</ele>
        <time>2026-09-05T06:51:16.000Z</time>
      </trkpt>
      <trkpt lat="42.302851416170597076416015625" lon="1.7238919436931610107421875">
        <ele>1627.5999755859375</ele>
        <time>2026-09-05T06:51:22.000Z</time>
      </trkpt>
      <trkpt lat="42.302853427827358245849609375" lon="1.72389806248247623443603515625">
        <ele>1627.4000244140625</ele>
        <time>2026-09-05T06:51:23.000Z</time>
      </trkpt>
      <trkpt lat="42.30285870842635631561279296875" lon="1.72390200197696685791015625">
        <ele>1627.4000244140625</ele>
        <time>2026-09-05T06:51:24.000Z</time>
      </trkpt>
      <trkpt lat="42.3028713651001453399658203125" lon="1.72393075190484523773193359375">
        <ele>1626.199951171875</ele>
        <time>2026-09-05T06:51:29.000Z</time>
      </trkpt>
      <trkpt lat="42.3028727062046527862548828125" lon="1.723943240940570831298828125">
        <ele>1626</ele>
        <time>2026-09-05T06:51:30.000Z</time>
      </trkpt>
      <trkpt lat="42.30288871563971042633056640625" lon="1.72399562783539295196533203125">
        <ele>1625.199951171875</ele>
        <time>2026-09-05T06:51:36.000Z</time>
      </trkpt>
      <trkpt lat="42.3028951697051525115966796875" lon="1.72400987707078456878662109375">
        <ele>1625</ele>
        <time>2026-09-05T06:51:37.000Z</time>
      </trkpt>
      <trkpt lat="42.302911095321178436279296875" lon="1.72404491342604160308837890625">
        <ele>1624.199951171875</ele>
        <time>2026-09-05T06:51:42.000Z</time>
      </trkpt>
      <trkpt lat="42.3029079101979732513427734375" lon="1.7240517027676105499267578125">
        <ele>1624</ele>
        <time>2026-09-05T06:51:43.000Z</time>
      </trkpt>
      <trkpt lat="42.30290279723703861236572265625" lon="1.72405430115759372711181640625">
        <ele>1623.800048828125</ele>
        <time>2026-09-05T06:51:44.000Z</time>
      </trkpt>
      <trkpt lat="42.3029075749218463897705078125" lon="1.7240966297686100006103515625">
        <ele>1623.4000244140625</ele>
        <time>2026-09-05T06:51:49.000Z</time>
      </trkpt>
      <trkpt lat="42.30291503481566905975341796875" lon="1.72410786151885986328125">
        <ele>1622.800048828125</ele>
        <time>2026-09-05T06:51:51.000Z</time>
      </trkpt>
      <trkpt lat="42.3029330559074878692626953125" lon="1.724129654467105865478515625">
        <ele>1622</ele>
        <time>2026-09-05T06:51:55.000Z</time>
      </trkpt>
      <trkpt lat="42.302948646247386932373046875" lon="1.72414080239832401275634765625">
        <ele>1621.800048828125</ele>
        <time>2026-09-05T06:51:58.000Z</time>
      </trkpt>
      <trkpt lat="42.3029692657291889190673828125" lon="1.7241549678146839141845703125">
        <ele>1621.199951171875</ele>
        <time>2026-09-05T06:52:02.000Z</time>
      </trkpt>
      <trkpt lat="42.3029923997819423675537109375" lon="1.72415739856660366058349609375">
        <ele>1620.5999755859375</ele>
        <time>2026-09-05T06:52:06.000Z</time>
      </trkpt>
      <trkpt lat="42.30301176197826862335205078125" lon="1.72415857203304767608642578125">
        <ele>1620.199951171875</ele>
        <time>2026-09-05T06:52:10.000Z</time>
      </trkpt>
      <trkpt lat="42.30303556658327579498291015625" lon="1.724169887602329254150390625">
        <ele>1619.5999755859375</ele>
        <time>2026-09-05T06:52:14.000Z</time>
      </trkpt>
      <trkpt lat="42.30304311029613018035888671875" lon="1.72417349182069301605224609375">
        <ele>1619.199951171875</ele>
        <time>2026-09-05T06:52:16.000Z</time>
      </trkpt>
      <trkpt lat="42.30307211168110370635986328125" lon="1.72418924979865550994873046875">
        <ele>1618.800048828125</ele>
        <time>2026-09-05T06:52:22.000Z</time>
      </trkpt>
      <trkpt lat="42.3030839301645755767822265625" lon="1.72419997863471508026123046875">
        <ele>1618.5999755859375</ele>
        <time>2026-09-05T06:52:24.000Z</time>
      </trkpt>
      <trkpt lat="42.3030906356871128082275390625" lon="1.72420509159564971923828125">
        <ele>1618.5999755859375</ele>
        <time>2026-09-05T06:52:25.000Z</time>
      </trkpt>
      <trkpt lat="42.3031077347695827484130859375" lon="1.7242129705846309661865234375">
        <ele>1617.4000244140625</ele>
        <time>2026-09-05T06:52:29.000Z</time>
      </trkpt>
      <trkpt lat="42.30311335064470767974853515625" lon="1.72421674244105815887451171875">
        <ele>1616.800048828125</ele>
        <time>2026-09-05T06:52:31.000Z</time>
      </trkpt>
      <trkpt lat="42.30312726460397243499755859375" lon="1.72422747127711772918701171875">
        <ele>1616.4000244140625</ele>
        <time>2026-09-05T06:52:34.000Z</time>
      </trkpt>
      <trkpt lat="42.30315442197024822235107421875" lon="1.72424389980733394622802734375">
        <ele>1615.4000244140625</ele>
        <time>2026-09-05T06:52:39.000Z</time>
      </trkpt>
      <trkpt lat="42.3031617142260074615478515625" lon="1.7242488451302051544189453125">
        <ele>1615.199951171875</ele>
        <time>2026-09-05T06:52:40.000Z</time>
      </trkpt>
      <trkpt lat="42.3031955771148204803466796875" lon="1.72426904551684856414794921875">
        <ele>1614.199951171875</ele>
        <time>2026-09-05T06:52:46.000Z</time>
      </trkpt>
      <trkpt lat="42.30319817550480365753173828125" lon="1.72427474521100521087646484375">
        <ele>1614</ele>
        <time>2026-09-05T06:52:47.000Z</time>
      </trkpt>
      <trkpt lat="42.30322617106139659881591796875" lon="1.72430508770048618316650390625">
        <ele>1613</ele>
        <time>2026-09-05T06:52:53.000Z</time>
      </trkpt>
      <trkpt lat="42.3032324574887752532958984375" lon="1.724312044680118560791015625">
        <ele>1612.800048828125</ele>
        <time>2026-09-05T06:52:54.000Z</time>
      </trkpt>
      <trkpt lat="42.30325198732316493988037109375" lon="1.72434163279831409454345703125">
        <ele>1612</ele>
        <time>2026-09-05T06:52:59.000Z</time>
      </trkpt>
      <trkpt lat="42.30326187796890735626220703125" lon="1.724361665546894073486328125">
        <ele>1611.5999755859375</ele>
        <time>2026-09-05T06:53:01.000Z</time>
      </trkpt>
      <trkpt lat="42.3032735288143157958984375" lon="1.724379099905490875244140625">
        <ele>1611</ele>
        <time>2026-09-05T06:53:04.000Z</time>
      </trkpt>
      <trkpt lat="42.3032896220684051513671875" lon="1.724407263100147247314453125">
        <ele>1610.4000244140625</ele>
        <time>2026-09-05T06:53:07.000Z</time>
      </trkpt>
      <trkpt lat="42.3033149354159832000732421875" lon="1.72442662529647350311279296875">
        <ele>1609.800048828125</ele>
        <time>2026-09-05T06:53:10.000Z</time>
      </trkpt>
      <trkpt lat="42.3033303581178188323974609375" lon="1.72444783151149749755859375">
        <ele>1609.199951171875</ele>
        <time>2026-09-05T06:53:13.000Z</time>
      </trkpt>
      <trkpt lat="42.3033987544476985931396484375" lon="1.72450725920498371124267578125">
        <ele>1608.800048828125</ele>
        <time>2026-09-05T06:53:19.000Z</time>
      </trkpt>
      <trkpt lat="42.30340990237891674041748046875" lon="1.7245168983936309814453125">
        <ele>1608.5999755859375</ele>
        <time>2026-09-05T06:53:20.000Z</time>
      </trkpt>
      <trkpt lat="42.303452230989933013916015625" lon="1.724560819566249847412109375">
        <ele>1608</ele>
        <time>2026-09-05T06:53:26.000Z</time>
      </trkpt>
      <trkpt lat="42.30345348827540874481201171875" lon="1.7245629988610744476318359375">
        <ele>1607.5999755859375</ele>
        <time>2026-09-05T06:53:27.000Z</time>
      </trkpt>
      <trkpt lat="42.30347695760428905487060546875" lon="1.7245988734066486358642578125">
        <ele>1607</ele>
        <time>2026-09-05T06:53:33.000Z</time>
      </trkpt>
      <trkpt lat="42.30349238030612468719482421875" lon="1.7246153019368648529052734375">
        <ele>1606.5999755859375</ele>
        <time>2026-09-05T06:53:35.000Z</time>
      </trkpt>
      <trkpt lat="42.30350461788475513458251953125" lon="1.72463801689445972442626953125">
        <ele>1605.5999755859375</ele>
        <time>2026-09-05T06:53:39.000Z</time>
      </trkpt>
      <trkpt lat="42.3035047017037868499755859375" lon="1.724637933075428009033203125">
        <ele>1605.5999755859375</ele>
        <time>2026-09-05T06:53:40.000Z</time>
      </trkpt>
      <trkpt lat="42.3035047017037868499755859375" lon="1.724637933075428009033203125">
        <ele>1605</ele>
        <time>2026-09-05T06:53:46.000Z</time>
      </trkpt>
      <trkpt lat="42.3035047017037868499755859375" lon="1.724637933075428009033203125">
        <ele>1605.199951171875</ele>
        <time>2026-09-05T06:53:52.000Z</time>
      </trkpt>
      <trkpt lat="42.30349020101130008697509765625" lon="1.7246464826166629791259765625">
        <ele>1605</ele>
        <time>2026-09-05T06:53:57.000Z</time>
      </trkpt>
      <trkpt lat="42.303486429154872894287109375" lon="1.7246867157518863677978515625">
        <ele>1604.199951171875</ele>
        <time>2026-09-05T06:54:01.000Z</time>
      </trkpt>
      <trkpt lat="42.30348181910812854766845703125" lon="1.7246934212744235992431640625">
        <ele>1603.800048828125</ele>
        <time>2026-09-05T06:54:02.000Z</time>
      </trkpt>
      <trkpt lat="42.30348207056522369384765625" lon="1.72470490448176860809326171875">
        <ele>1603</ele>
        <time>2026-09-05T06:54:04.000Z</time>
      </trkpt>
      <trkpt lat="42.30347863398492336273193359375" lon="1.72473893500864505767822265625">
        <ele>1602.5999755859375</ele>
        <time>2026-09-05T06:54:08.000Z</time>
      </trkpt>
      <trkpt lat="42.30346086435019969940185546875" lon="1.72476475127041339874267578125">
        <ele>1602</ele>
        <time>2026-09-05T06:54:11.000Z</time>
      </trkpt>
      <trkpt lat="42.3034359700977802276611328125" lon="1.72477916814386844635009765625">
        <ele>1601.4000244140625</ele>
        <time>2026-09-05T06:54:14.000Z</time>
      </trkpt>
      <trkpt lat="42.3034195415675640106201171875" lon="1.72478050924837589263916015625">
        <ele>1600.800048828125</ele>
        <time>2026-09-05T06:54:16.000Z</time>
      </trkpt>
      <trkpt lat="42.30339313857257366180419921875" lon="1.72478319145739078521728515625">
        <ele>1600.199951171875</ele>
        <time>2026-09-05T06:54:21.000Z</time>
      </trkpt>
      <trkpt lat="42.303375788033008575439453125" lon="1.72478067688643932342529296875">
        <ele>1599.4000244140625</ele>
        <time>2026-09-05T06:54:24.000Z</time>
      </trkpt>
      <trkpt lat="42.30337419547140598297119140625" lon="1.72478252090513706207275390625">
        <ele>1599.199951171875</ele>
        <time>2026-09-05T06:54:25.000Z</time>
      </trkpt>
      <trkpt lat="42.3033679090440273284912109375" lon="1.72478637658059597015380859375">
        <ele>1598.4000244140625</ele>
        <time>2026-09-05T06:54:28.000Z</time>
      </trkpt>
      <trkpt lat="42.30334527790546417236328125" lon="1.72478654421865940093994140625">
        <ele>1597.800048828125</ele>
        <time>2026-09-05T06:54:32.000Z</time>
      </trkpt>
      <trkpt lat="42.30333211831748485565185546875" lon="1.72479090280830860137939453125">
        <ele>1597.4000244140625</ele>
        <time>2026-09-05T06:54:34.000Z</time>
      </trkpt>
      <trkpt lat="42.30331099592149257659912109375" lon="1.724789477884769439697265625">
        <ele>1596.5999755859375</ele>
        <time>2026-09-05T06:54:37.000Z</time>
      </trkpt>
      <trkpt lat="42.30329305864870548248291015625" lon="1.72479442320764064788818359375">
        <ele>1596.4000244140625</ele>
        <time>2026-09-05T06:54:39.000Z</time>
      </trkpt>
      <trkpt lat="42.30328367091715335845947265625" lon="1.7247929982841014862060546875">
        <ele>1596</ele>
        <time>2026-09-05T06:54:42.000Z</time>
      </trkpt>
      <trkpt lat="42.30326556600630283355712890625" lon="1.7247789166867733001708984375">
        <ele>1595.199951171875</ele>
        <time>2026-09-05T06:54:47.000Z</time>
      </trkpt>
      <trkpt lat="42.30326422490179538726806640625" lon="1.7247812636196613311767578125">
        <ele>1595</ele>
        <time>2026-09-05T06:54:49.000Z</time>
      </trkpt>
      <trkpt lat="42.30323740281164646148681640625" lon="1.7247795872390270233154296875">
        <ele>1594.199951171875</ele>
        <time>2026-09-05T06:54:54.000Z</time>
      </trkpt>
      <trkpt lat="42.30322583578526973724365234375" lon="1.7247886396944522857666015625">
        <ele>1594</ele>
        <time>2026-09-05T06:54:56.000Z</time>
      </trkpt>
      <trkpt lat="42.3031811602413654327392578125" lon="1.72478889115154743194580078125">
        <ele>1592.800048828125</ele>
        <time>2026-09-05T06:55:01.000Z</time>
      </trkpt>
      <trkpt lat="42.30317629873752593994140625" lon="1.724782772362232208251953125">
        <ele>1591.800048828125</ele>
        <time>2026-09-05T06:55:03.000Z</time>
      </trkpt>
      <trkpt lat="42.3031697608530521392822265625" lon="1.72477883286774158477783203125">
        <ele>1590.800048828125</ele>
        <time>2026-09-05T06:55:05.000Z</time>
      </trkpt>
      <trkpt lat="42.303151823580265045166015625" lon="1.7247732169926166534423828125">
        <ele>1589.800048828125</ele>
        <time>2026-09-05T06:55:09.000Z</time>
      </trkpt>
      <trkpt lat="42.303130365908145904541015625" lon="1.72476273961365222930908203125">
        <ele>1589.5999755859375</ele>
        <time>2026-09-05T06:55:12.000Z</time>
      </trkpt>
      <trkpt lat="42.30310027487576007843017578125" lon="1.72475720755755901336669921875">
        <ele>1588.5999755859375</ele>
        <time>2026-09-05T06:55:17.000Z</time>
      </trkpt>
      <trkpt lat="42.30308300815522670745849609375" lon="1.72476173378527164459228515625">
        <ele>1587.5999755859375</ele>
        <time>2026-09-05T06:55:21.000Z</time>
      </trkpt>
      <trkpt lat="42.30307638645172119140625" lon="1.72475905157625675201416015625">
        <ele>1587.4000244140625</ele>
        <time>2026-09-05T06:55:22.000Z</time>
      </trkpt>
      <trkpt lat="42.3030359856784343719482421875" lon="1.72475502826273441314697265625">
        <ele>1586.4000244140625</ele>
        <time>2026-09-05T06:55:28.000Z</time>
      </trkpt>
      <trkpt lat="42.30303137563169002532958984375" lon="1.7247554473578929901123046875">
        <ele>1586</ele>
        <time>2026-09-05T06:55:29.000Z</time>
      </trkpt>
      <trkpt lat="42.303013689815998077392578125" lon="1.724748574197292327880859375">
        <ele>1585.4000244140625</ele>
        <time>2026-09-05T06:55:32.000Z</time>
      </trkpt>
      <trkpt lat="42.30298762209713459014892578125" lon="1.72475854866206645965576171875">
        <ele>1584.4000244140625</ele>
        <time>2026-09-05T06:55:37.000Z</time>
      </trkpt>
      <trkpt lat="42.30298259295523166656494140625" lon="1.7247698642313480377197265625">
        <ele>1584.199951171875</ele>
        <time>2026-09-05T06:55:38.000Z</time>
      </trkpt>
      <trkpt lat="42.30297437869012355804443359375" lon="1.7247705347836017608642578125">
        <ele>1585.199951171875</ele>
        <time>2026-09-05T06:55:44.000Z</time>
      </trkpt>
      <trkpt lat="42.302960045635700225830078125" lon="1.72477749176323413848876953125">
        <ele>1584.4000244140625</ele>
        <time>2026-09-05T06:55:48.000Z</time>
      </trkpt>
      <trkpt lat="42.302941270172595977783203125" lon="1.72478704713284969329833984375">
        <ele>1583.800048828125</ele>
        <time>2026-09-05T06:55:51.000Z</time>
      </trkpt>
      <trkpt lat="42.30293498374521732330322265625" lon="1.7247878015041351318359375">
        <ele>1583</ele>
        <time>2026-09-05T06:55:54.000Z</time>
      </trkpt>
      <trkpt lat="42.30292626656591892242431640625" lon="1.724791489541530609130859375">
        <ele>1582.5999755859375</ele>
        <time>2026-09-05T06:55:57.000Z</time>
      </trkpt>
      <trkpt lat="42.30292626656591892242431640625" lon="1.724791489541530609130859375">
        <ele>1582.5999755859375</ele>
        <time>2026-09-05T06:56:03.000Z</time>
      </trkpt>
      <trkpt lat="42.30292459018528461456298828125" lon="1.724796183407306671142578125">
        <ele>1582.4000244140625</ele>
        <time>2026-09-05T06:56:09.000Z</time>
      </trkpt>
      <trkpt lat="42.302913777530193328857421875" lon="1.72480464912950992584228515625">
        <ele>1582.4000244140625</ele>
        <time>2026-09-05T06:56:10.000Z</time>
      </trkpt>
      <trkpt lat="42.302912771701812744140625" lon="1.72480733133852481842041015625">
        <ele>1582</ele>
        <time>2026-09-05T06:56:12.000Z</time>
      </trkpt>
      <trkpt lat="42.302912771701812744140625" lon="1.72480733133852481842041015625">
        <ele>1581.4000244140625</ele>
        <time>2026-09-05T06:56:17.000Z</time>
      </trkpt>
      <trkpt lat="42.30290598236024379730224609375" lon="1.72482158057391643524169921875">
        <ele>1580.800048828125</ele>
        <time>2026-09-05T06:56:22.000Z</time>
      </trkpt>
      <trkpt lat="42.30290145613253116607666015625" lon="1.7248198203742504119873046875">
        <ele>1580.5999755859375</ele>
        <time>2026-09-05T06:56:23.000Z</time>
      </trkpt>
      <trkpt lat="42.302892319858074188232421875" lon="1.7248360812664031982421875">
        <ele>1580</ele>
        <time>2026-09-05T06:56:29.000Z</time>
      </trkpt>
      <trkpt lat="42.302891649305820465087890625" lon="1.724840439856052398681640625">
        <ele>1580</ele>
        <time>2026-09-05T06:56:30.000Z</time>
      </trkpt>
      <trkpt lat="42.302891649305820465087890625" lon="1.7248409427702426910400390625">
        <ele>1579.5999755859375</ele>
        <time>2026-09-05T06:56:33.000Z</time>
      </trkpt>
      <trkpt lat="42.30287346057593822479248046875" lon="1.7248426191508769989013671875">
        <ele>1579.199951171875</ele>
        <time>2026-09-05T06:56:36.000Z</time>
      </trkpt>
      <trkpt lat="42.30286356993019580841064453125" lon="1.72484882175922393798828125">
        <ele>1578.800048828125</ele>
        <time>2026-09-05T06:56:42.000Z</time>
      </trkpt>
      <trkpt lat="42.302863486111164093017578125" lon="1.724849157035350799560546875">
        <ele>1578.5999755859375</ele>
        <time>2026-09-05T06:56:43.000Z</time>
      </trkpt>
      <trkpt lat="42.30285451747477054595947265625" lon="1.72485477291047573089599609375">
        <ele>1577.800048828125</ele>
        <time>2026-09-05T06:56:49.000Z</time>
      </trkpt>
      <trkpt lat="42.3028505779802799224853515625" lon="1.72485996969044208526611328125">
        <ele>1577.5999755859375</ele>
        <time>2026-09-05T06:56:51.000Z</time>
      </trkpt>
      <trkpt lat="42.30283071286976337432861328125" lon="1.72487304545938968658447265625">
        <ele>1577.199951171875</ele>
        <time>2026-09-05T06:56:56.000Z</time>
      </trkpt>
      <trkpt lat="42.3028207384049892425537109375" lon="1.72487891279160976409912109375">
        <ele>1576.5999755859375</ele>
        <time>2026-09-05T06:57:00.000Z</time>
      </trkpt>
      <trkpt lat="42.3028093390166759490966796875" lon="1.72487623058259487152099609375">
        <ele>1576.199951171875</ele>
        <time>2026-09-05T06:57:03.000Z</time>
      </trkpt>
      <trkpt lat="42.3028153739869594573974609375" lon="1.72489710152149200439453125">
        <ele>1575.5999755859375</ele>
        <time>2026-09-05T06:57:07.000Z</time>
      </trkpt>
      <trkpt lat="42.30282283388078212738037109375" lon="1.72491093166172504425048828125">
        <ele>1575.199951171875</ele>
        <time>2026-09-05T06:57:09.000Z</time>
      </trkpt>
      <trkpt lat="42.30283322744071483612060546875" lon="1.72492853365838527679443359375">
        <ele>1574.4000244140625</ele>
        <time>2026-09-05T06:57:13.000Z</time>
      </trkpt>
      <trkpt lat="42.30284747667610645294189453125" lon="1.724951751530170440673828125">
        <ele>1573.4000244140625</ele>
        <time>2026-09-05T06:57:18.000Z</time>
      </trkpt>
      <trkpt lat="42.3028529249131679534912109375" lon="1.7249592952430248260498046875">
        <ele>1573.199951171875</ele>
        <time>2026-09-05T06:57:19.000Z</time>
      </trkpt>
      <trkpt lat="42.30286918580532073974609375" lon="1.724976561963558197021484375">
        <ele>1572.800048828125</ele>
        <time>2026-09-05T06:57:23.000Z</time>
      </trkpt>
      <trkpt lat="42.30289399623870849609375" lon="1.72499726526439189910888671875">
        <ele>1572.199951171875</ele>
        <time>2026-09-05T06:57:27.000Z</time>
      </trkpt>
      <trkpt lat="42.302907407283782958984375" lon="1.72500447370111942291259765625">
        <ele>1571.4000244140625</ele>
        <time>2026-09-05T06:57:30.000Z</time>
      </trkpt>
      <trkpt lat="42.30291604064404964447021484375" lon="1.72500531189143657684326171875">
        <ele>1571</ele>
        <time>2026-09-05T06:57:32.000Z</time>
      </trkpt>
      <trkpt lat="42.30293615721166133880615234375" lon="1.72504152171313762664794921875">
        <ele>1570.5999755859375</ele>
        <time>2026-09-05T06:57:37.000Z</time>
      </trkpt>
      <trkpt lat="42.302941270172595977783203125" lon="1.72504462301731109619140625">
        <ele>1570.199951171875</ele>
        <time>2026-09-05T06:57:39.000Z</time>
      </trkpt>
      <trkpt lat="42.30294269509613513946533203125" lon="1.72504386864602565765380859375">
        <ele>1570</ele>
        <time>2026-09-05T06:57:40.000Z</time>
      </trkpt>
      <trkpt lat="42.30294370092451572418212890625" lon="1.72505007125437259674072265625">
        <ele>1569.199951171875</ele>
        <time>2026-09-05T06:57:45.000Z</time>
      </trkpt>
      <trkpt lat="42.30294370092451572418212890625" lon="1.72505007125437259674072265625">
        <ele>1569.4000244140625</ele>
        <time>2026-09-05T06:57:50.000Z</time>
      </trkpt>
      <trkpt lat="42.30294504202902317047119140625" lon="1.72506633214652538299560546875">
        <ele>1569.800048828125</ele>
        <time>2026-09-05T06:57:55.000Z</time>
      </trkpt>
      <trkpt lat="42.30294688604772090911865234375" lon="1.72507454641163349151611328125">
        <ele>1569.800048828125</ele>
        <time>2026-09-05T06:57:56.000Z</time>
      </trkpt>
      <trkpt lat="42.30295560322701930999755859375" lon="1.7250923998653888702392578125">
        <ele>1569</ele>
        <time>2026-09-05T06:58:00.000Z</time>
      </trkpt>
      <trkpt lat="42.30295828543603420257568359375" lon="1.72511712647974491119384765625">
        <ele>1568.199951171875</ele>
        <time>2026-09-05T06:58:03.000Z</time>
      </trkpt>
      <trkpt lat="42.30295862071216106414794921875" lon="1.7251212336122989654541015625">
        <ele>1567.800048828125</ele>
        <time>2026-09-05T06:58:04.000Z</time>
      </trkpt>
      <trkpt lat="42.3029887117445468902587890625" lon="1.72515283338725566864013671875">
        <ele>1566.5999755859375</ele>
        <time>2026-09-05T06:58:10.000Z</time>
      </trkpt>
      <trkpt lat="42.30299332179129123687744140625" lon="1.7251564376056194305419921875">
        <ele>1566</ele>
        <time>2026-09-05T06:58:11.000Z</time>
      </trkpt>
      <trkpt lat="42.30299768038094043731689453125" lon="1.72516456805169582366943359375">
        <ele>1565.199951171875</ele>
        <time>2026-09-05T06:58:12.000Z</time>
      </trkpt>
      <trkpt lat="42.303008325397968292236328125" lon="1.7251832596957683563232421875">
        <ele>1564.199951171875</ele>
        <time>2026-09-05T06:58:15.000Z</time>
      </trkpt>
      <trkpt lat="42.3030101694166660308837890625" lon="1.725187115371227264404296875">
        <ele>1564</ele>
        <time>2026-09-05T06:58:17.000Z</time>
      </trkpt>
      <trkpt lat="42.3030356504023075103759765625" lon="1.72521720640361309051513671875">
        <ele>1563</ele>
        <time>2026-09-05T06:58:23.000Z</time>
      </trkpt>
      <trkpt lat="42.3030574433505535125732421875" lon="1.72522969543933868408203125">
        <ele>1562.199951171875</ele>
        <time>2026-09-05T06:58:26.000Z</time>
      </trkpt>
      <trkpt lat="42.30305953882634639739990234375" lon="1.72523497603833675384521484375">
        <ele>1562</ele>
        <time>2026-09-05T06:58:27.000Z</time>
      </trkpt>
      <trkpt lat="42.3030748777091503143310546875" lon="1.72527034766972064971923828125">
        <ele>1561</ele>
        <time>2026-09-05T06:58:33.000Z</time>
      </trkpt>
      <trkpt lat="42.30307278223335742950439453125" lon="1.72527789138257503509521484375">
        <ele>1561</ele>
        <time>2026-09-05T06:58:34.000Z</time>
      </trkpt>
      <trkpt lat="42.30307638645172119140625" lon="1.725279651582241058349609375">
        <ele>1560.199951171875</ele>
        <time>2026-09-05T06:58:40.000Z</time>
      </trkpt>
      <trkpt lat="42.303080745041370391845703125" lon="1.72528199851512908935546875">
        <ele>1560</ele>
        <time>2026-09-05T06:58:42.000Z</time>
      </trkpt>
      <trkpt lat="42.303094156086444854736328125" lon="1.7253019474446773529052734375">
        <ele>1559.800048828125</ele>
        <time>2026-09-05T06:58:48.000Z</time>
      </trkpt>
      <trkpt lat="42.3030949942767620086669921875" lon="1.72531577758491039276123046875">
        <ele>1560.199951171875</ele>
        <time>2026-09-05T06:58:50.000Z</time>
      </trkpt>
      <trkpt lat="42.30311955325305461883544921875" lon="1.72534544952213764190673828125">
        <ele>1559.199951171875</ele>
        <time>2026-09-05T06:58:56.000Z</time>
      </trkpt>
      <trkpt lat="42.303116284310817718505859375" lon="1.725377552211284637451171875">
        <ele>1558.800048828125</ele>
        <time>2026-09-05T06:58:58.000Z</time>
      </trkpt>
      <trkpt lat="42.30312391184270381927490234375" lon="1.7253644764423370361328125">
        <ele>1558.199951171875</ele>
        <time>2026-09-05T06:59:01.000Z</time>
      </trkpt>
      <trkpt lat="42.30312039144337177276611328125" lon="1.7253767140209674835205078125">
        <ele>1558.199951171875</ele>
        <time>2026-09-05T06:59:07.000Z</time>
      </trkpt>
      <trkpt lat="42.3031110875308513641357421875" lon="1.725386269390583038330078125">
        <ele>1558.199951171875</ele>
        <time>2026-09-05T06:59:09.000Z</time>
      </trkpt>
      <trkpt lat="42.30311452411115169525146484375" lon="1.7253904603421688079833984375">
        <ele>1558</ele>
        <time>2026-09-05T06:59:15.000Z</time>
      </trkpt>
      <trkpt lat="42.30311452411115169525146484375" lon="1.7253904603421688079833984375">
        <ele>1558</ele>
        <time>2026-09-05T06:59:17.000Z</time>
      </trkpt>
      <trkpt lat="42.30311452411115169525146484375" lon="1.7253904603421688079833984375">
        <ele>1558.199951171875</ele>
        <time>2026-09-05T06:59:23.000Z</time>
      </trkpt>
      <trkpt lat="42.30311452411115169525146484375" lon="1.7253904603421688079833984375">
        <ele>1557.800048828125</ele>
        <time>2026-09-05T06:59:29.000Z</time>
      </trkpt>
      <trkpt lat="42.30311452411115169525146484375" lon="1.7253904603421688079833984375">
        <ele>1558.199951171875</ele>
        <time>2026-09-05T06:59:34.000Z</time>
      </trkpt>
      <trkpt lat="42.30311452411115169525146484375" lon="1.7253904603421688079833984375">
        <ele>1558.199951171875</ele>
        <time>2026-09-05T06:59:40.000Z</time>
      </trkpt>
      <trkpt lat="42.30311452411115169525146484375" lon="1.7253904603421688079833984375">
        <ele>1558</ele>
        <time>2026-09-05T06:59:46.000Z</time>
      </trkpt>
      <trkpt lat="42.3031345568597316741943359375" lon="1.7253805696964263916015625">
        <ele>1558.199951171875</ele>
        <time>2026-09-05T06:59:48.000Z</time>
      </trkpt>
      <trkpt lat="42.30315349996089935302734375" lon="1.72537998296320438385009765625">
        <ele>1557.5999755859375</ele>
        <time>2026-09-05T06:59:51.000Z</time>
      </trkpt>
      <trkpt lat="42.3031796514987945556640625" lon="1.72539590857923030853271484375">
        <ele>1557</ele>
        <time>2026-09-05T06:59:55.000Z</time>
      </trkpt>
      <trkpt lat="42.3032012768089771270751953125" lon="1.7254109121859073638916015625">
        <ele>1556.5999755859375</ele>
        <time>2026-09-05T06:59:57.000Z</time>
      </trkpt>
      <trkpt lat="42.3032150231301784515380859375" lon="1.7254213057458400726318359375">
        <ele>1555.800048828125</ele>
        <time>2026-09-05T07:00:00.000Z</time>
      </trkpt>
      <trkpt lat="42.303234636783599853515625" lon="1.72542876563966274261474609375">
        <ele>1555.4000244140625</ele>
        <time>2026-09-05T07:00:02.000Z</time>
      </trkpt>
      <trkpt lat="42.3032448627054691314697265625" lon="1.72543488442897796630859375">
        <ele>1555</ele>
        <time>2026-09-05T07:00:05.000Z</time>
      </trkpt>
      <trkpt lat="42.30325953103601932525634765625" lon="1.72544972039759159088134765625">
        <ele>1554.4000244140625</ele>
        <time>2026-09-05T07:00:08.000Z</time>
      </trkpt>
      <trkpt lat="42.30326020158827304840087890625" lon="1.72545634210109710693359375">
        <ele>1553.5999755859375</ele>
        <time>2026-09-05T07:00:12.000Z</time>
      </trkpt>
      <trkpt lat="42.30327461846172809600830078125" lon="1.72547386027872562408447265625">
        <ele>1553.199951171875</ele>
        <time>2026-09-05T07:00:15.000Z</time>
      </trkpt>
      <trkpt lat="42.30327956378459930419921875" lon="1.7254829965531826019287109375">
        <ele>1553.199951171875</ele>
        <time>2026-09-05T07:00:16.000Z</time>
      </trkpt>
      <trkpt lat="42.3033078946173191070556640625" lon="1.7254933901131153106689453125">
        <ele>1552.199951171875</ele>
        <time>2026-09-05T07:00:22.000Z</time>
      </trkpt>
      <trkpt lat="42.30330781079828739166259765625" lon="1.7254893667995929718017578125">
        <ele>1552</ele>
        <time>2026-09-05T07:00:23.000Z</time>
      </trkpt>
      <trkpt lat="42.30330177582800388336181640625" lon="1.7254927195608615875244140625">
        <ele>1552.199951171875</ele>
        <time>2026-09-05T07:00:29.000Z</time>
      </trkpt>
      <trkpt lat="42.303300686180591583251953125" lon="1.72549330629408359527587890625">
        <ele>1552</ele>
        <time>2026-09-05T07:00:35.000Z</time>
      </trkpt>
      <trkpt lat="42.30330294929444789886474609375" lon="1.7254943959414958953857421875">
        <ele>1552</ele>
        <time>2026-09-05T07:00:38.000Z</time>
      </trkpt>
      <trkpt lat="42.30330772697925567626953125" lon="1.72549732960760593414306640625">
        <ele>1551.4000244140625</ele>
        <time>2026-09-05T07:00:44.000Z</time>
      </trkpt>
      <trkpt lat="42.3033102415502071380615234375" lon="1.72549716196954250335693359375">
        <ele>1551.199951171875</ele>
        <time>2026-09-05T07:00:45.000Z</time>
      </trkpt>
      <trkpt lat="42.303314767777919769287109375" lon="1.725489534437656402587890625">
        <ele>1551</ele>
        <time>2026-09-05T07:00:46.000Z</time>
      </trkpt>
      <trkpt lat="42.303348295390605926513671875" lon="1.7254715971648693084716796875">
        <ele>1550</ele>
        <time>2026-09-05T07:00:50.000Z</time>
      </trkpt>
      <trkpt lat="42.30338685214519500732421875" lon="1.725478805601596832275390625">
        <ele>1549.4000244140625</ele>
        <time>2026-09-05T07:00:54.000Z</time>
      </trkpt>
      <trkpt lat="42.30343437753617763519287109375" lon="1.725473441183567047119140625">
        <ele>1549</ele>
        <time>2026-09-05T07:01:00.000Z</time>
      </trkpt>
      <trkpt lat="42.30344460345804691314697265625" lon="1.72546749003231525421142578125">
        <ele>1548.5999755859375</ele>
        <time>2026-09-05T07:01:02.000Z</time>
      </trkpt>
      <trkpt lat="42.303492128849029541015625" lon="1.72545759938657283782958984375">
        <ele>1548.199951171875</ele>
        <time>2026-09-05T07:01:08.000Z</time>
      </trkpt>
      <trkpt lat="42.30353898368775844573974609375" lon="1.72544217668473720550537109375">
        <ele>1548</ele>
        <time>2026-09-05T07:01:13.000Z</time>
      </trkpt>
      <trkpt lat="42.3035798035562038421630859375" lon="1.725424826145172119140625">
        <ele>1547.4000244140625</ele>
        <time>2026-09-05T07:01:19.000Z</time>
      </trkpt>
      <trkpt lat="42.30358793400228023529052734375" lon="1.7254213057458400726318359375">
        <ele>1547.199951171875</ele>
        <time>2026-09-05T07:01:20.000Z</time>
      </trkpt>
      <trkpt lat="42.30364761315286159515380859375" lon="1.72537193633615970611572265625">
        <ele>1547.5999755859375</ele>
        <time>2026-09-05T07:01:26.000Z</time>
      </trkpt>
      <trkpt lat="42.30370603501796722412109375" lon="1.72531225718557834625244140625">
        <ele>1548.5999755859375</ele>
        <time>2026-09-05T07:01:32.000Z</time>
      </trkpt>
      <trkpt lat="42.303728163242340087890625" lon="1.72528895549476146697998046875">
        <ele>1548.5999755859375</ele>
        <time>2026-09-05T07:01:34.000Z</time>
      </trkpt>
      <trkpt lat="42.30378516018390655517578125" lon="1.7252405919134616851806640625">
        <ele>1548.199951171875</ele>
        <time>2026-09-05T07:01:40.000Z</time>
      </trkpt>
      <trkpt lat="42.3038367927074432373046875" lon="1.72518636099994182586669921875">
        <ele>1546.5999755859375</ele>
        <time>2026-09-05T07:01:45.000Z</time>
      </trkpt>
      <trkpt lat="42.30385464616119861602783203125" lon="1.72516624443233013153076171875">
        <ele>1546</ele>
        <time>2026-09-05T07:01:47.000Z</time>
      </trkpt>
      <trkpt lat="42.30390309356153011322021484375" lon="1.72512752003967761993408203125">
        <ele>1545.5999755859375</ele>
        <time>2026-09-05T07:01:53.000Z</time>
      </trkpt>
      <trkpt lat="42.3039442487061023712158203125" lon="1.72509164549410343170166015625">
        <ele>1545.5999755859375</ele>
        <time>2026-09-05T07:01:58.000Z</time>
      </trkpt>
      <trkpt lat="42.303946428000926971435546875" lon="1.72508410178124904632568359375">
        <ele>1545.5999755859375</ele>
        <time>2026-09-05T07:01:59.000Z</time>
      </trkpt>
      <trkpt lat="42.30399143882095813751220703125" lon="1.72504462301731109619140625">
        <ele>1545.199951171875</ele>
        <time>2026-09-05T07:02:05.000Z</time>
      </trkpt>
      <trkpt lat="42.3040042631328105926513671875" lon="1.72503121197223663330078125">
        <ele>1545.4000244140625</ele>
        <time>2026-09-05T07:02:06.000Z</time>
      </trkpt>
      <trkpt lat="42.304020859301090240478515625" lon="1.725003384053707122802734375">
        <ele>1545.800048828125</ele>
        <time>2026-09-05T07:02:08.000Z</time>
      </trkpt>
      <trkpt lat="42.304048351943492889404296875" lon="1.72497077845036983489990234375">
        <ele>1546.199951171875</ele>
        <time>2026-09-05T07:02:10.000Z</time>
      </trkpt>
      <trkpt lat="42.30406352318823337554931640625" lon="1.7249502427875995635986328125">
        <ele>1546.4000244140625</ele>
        <time>2026-09-05T07:02:12.000Z</time>
      </trkpt>
      <trkpt lat="42.30412504635751247406005859375" lon="1.7249019630253314971923828125">
        <ele>1546</ele>
        <time>2026-09-05T07:02:18.000Z</time>
      </trkpt>
      <trkpt lat="42.30413560755550861358642578125" lon="1.72489316202700138092041015625">
        <ele>1546</ele>
        <time>2026-09-05T07:02:19.000Z</time>
      </trkpt>
      <trkpt lat="42.304196543991565704345703125" lon="1.72483683563768863677978515625">
        <ele>1545.199951171875</ele>
        <time>2026-09-05T07:02:25.000Z</time>
      </trkpt>
      <trkpt lat="42.3042069375514984130859375" lon="1.72482912428677082061767578125">
        <ele>1545.4000244140625</ele>
        <time>2026-09-05T07:02:26.000Z</time>
      </trkpt>
      <trkpt lat="42.3042632639408111572265625" lon="1.724786125123500823974609375">
        <ele>1545.4000244140625</ele>
        <time>2026-09-05T07:02:32.000Z</time>
      </trkpt>
      <trkpt lat="42.30428581126034259796142578125" lon="1.72477279789745807647705078125">
        <ele>1545.199951171875</ele>
        <time>2026-09-05T07:02:34.000Z</time>
      </trkpt>
      <trkpt lat="42.30435420759022235870361328125" lon="1.7247319780290126800537109375">
        <ele>1544.4000244140625</ele>
        <time>2026-09-05T07:02:40.000Z</time>
      </trkpt>
      <trkpt lat="42.30441824533045291900634765625" lon="1.72469031997025012969970703125">
        <ele>1544.199951171875</ele>
        <time>2026-09-05T07:02:46.000Z</time>
      </trkpt>
      <trkpt lat="42.30444322340190410614013671875" lon="1.72466500662267208099365234375">
        <ele>1544</ele>
        <time>2026-09-05T07:02:49.000Z</time>
      </trkpt>
      <trkpt lat="42.3044944368302822113037109375" lon="1.724609769880771636962890625">
        <ele>1543.4000244140625</ele>
        <time>2026-09-05T07:02:54.000Z</time>
      </trkpt>
      <trkpt lat="42.30450625531375408172607421875" lon="1.72459862194955348968505859375">
        <ele>1543.199951171875</ele>
        <time>2026-09-05T07:02:56.000Z</time>
      </trkpt>
      <trkpt lat="42.3045098595321178436279296875" lon="1.72459610737860202789306640625">
        <ele>1543</ele>
        <time>2026-09-05T07:03:02.000Z</time>
      </trkpt>
      <trkpt lat="42.30451178736984729766845703125" lon="1.724595688283443450927734375">
        <ele>1542.5999755859375</ele>
        <time>2026-09-05T07:03:05.000Z</time>
      </trkpt>
      <trkpt lat="42.30451178736984729766845703125" lon="1.724595688283443450927734375">
        <ele>1542.5999755859375</ele>
        <time>2026-09-05T07:03:11.000Z</time>
      </trkpt>
      <trkpt lat="42.30454179458320140838623046875" lon="1.72457096166908740997314453125">
        <ele>1543.199951171875</ele>
        <time>2026-09-05T07:03:15.000Z</time>
      </trkpt>
      <trkpt lat="42.3045556247234344482421875" lon="1.72456693835556507110595703125">
        <ele>1543.199951171875</ele>
        <time>2026-09-05T07:03:16.000Z</time>
      </trkpt>
      <trkpt lat="42.304564006626605987548828125" lon="1.72458864748477935791015625">
        <ele>1543.199951171875</ele>
        <time>2026-09-05T07:03:18.000Z</time>
      </trkpt>
      <trkpt lat="42.30457314290106296539306640625" lon="1.724601723253726959228515625">
        <ele>1543</ele>
        <time>2026-09-05T07:03:20.000Z</time>
      </trkpt>
      <trkpt lat="42.30456559918820858001708984375" lon="1.7246484942734241485595703125">
        <ele>1542.199951171875</ele>
        <time>2026-09-05T07:03:26.000Z</time>
      </trkpt>
      <trkpt lat="42.3045393638312816619873046875" lon="1.724694930016994476318359375">
        <ele>1541.199951171875</ele>
        <time>2026-09-05T07:03:30.000Z</time>
      </trkpt>
      <trkpt lat="42.30452536605298519134521484375" lon="1.724723763763904571533203125">
        <ele>1540.4000244140625</ele>
        <time>2026-09-05T07:03:33.000Z</time>
      </trkpt>
      <trkpt lat="42.3045182414352893829345703125" lon="1.72473005019128322601318359375">
        <ele>1540</ele>
        <time>2026-09-05T07:03:34.000Z</time>
      </trkpt>
      <trkpt lat="42.30451614595949649810791015625" lon="1.72473759390413761138916015625">
        <ele>1539.800048828125</ele>
        <time>2026-09-05T07:03:40.000Z</time>
      </trkpt>
      <trkpt lat="42.30451614595949649810791015625" lon="1.72473759390413761138916015625">
        <ele>1540</ele>
        <time>2026-09-05T07:03:45.000Z</time>
      </trkpt>
      <trkpt lat="42.3045019805431365966796875" lon="1.72476257197558879852294921875">
        <ele>1539.5999755859375</ele>
        <time>2026-09-05T07:03:51.000Z</time>
      </trkpt>
      <trkpt lat="42.30449259281158447265625" lon="1.72477598302066326141357421875">
        <ele>1539.800048828125</ele>
        <time>2026-09-05T07:03:52.000Z</time>
      </trkpt>
      <trkpt lat="42.30445026420056819915771484375" lon="1.72483817674219608306884765625">
        <ele>1539.4000244140625</ele>
        <time>2026-09-05T07:03:58.000Z</time>
      </trkpt>
      <trkpt lat="42.3044441454112529754638671875" lon="1.72484722919762134552001953125">
        <ele>1539.199951171875</ele>
        <time>2026-09-05T07:03:59.000Z</time>
      </trkpt>
      <trkpt lat="42.30443350039422512054443359375" lon="1.72485577873885631561279296875">
        <ele>1539</ele>
        <time>2026-09-05T07:04:00.000Z</time>
      </trkpt>
      <trkpt lat="42.30438739992678165435791015625" lon="1.72491847537457942962646484375">
        <ele>1538.199951171875</ele>
        <time>2026-09-05T07:04:06.000Z</time>
      </trkpt>
      <trkpt lat="42.30438086204230785369873046875" lon="1.724933646619319915771484375">
        <ele>1537.800048828125</ele>
        <time>2026-09-05T07:04:07.000Z</time>
      </trkpt>
      <trkpt lat="42.30434046126902103424072265625" lon="1.7249767296016216278076171875">
        <ele>1537.199951171875</ele>
        <time>2026-09-05T07:04:11.000Z</time>
      </trkpt>
      <trkpt lat="42.30432436801493167877197265625" lon="1.7250008694827556610107421875">
        <ele>1536.800048828125</ele>
        <time>2026-09-05T07:04:13.000Z</time>
      </trkpt>
      <trkpt lat="42.3042812012135982513427734375" lon="1.7250769771635532379150390625">
        <ele>1535.5999755859375</ele>
        <time>2026-09-05T07:04:19.000Z</time>
      </trkpt>
      <trkpt lat="42.3042510263621807098388671875" lon="1.72518284060060977935791015625">
        <ele>1534.5999755859375</ele>
        <time>2026-09-05T07:04:25.000Z</time>
      </trkpt>
      <trkpt lat="42.30426016263663768768310546875" lon="1.72520144842565059661865234375">
        <ele>1534.4000244140625</ele>
        <time>2026-09-05T07:04:26.000Z</time>
      </trkpt>
      <trkpt lat="42.30427592061460018157958984375" lon="1.725211925804615020751953125">
        <ele>1533</ele>
        <time>2026-09-05T07:04:28.000Z</time>
      </trkpt>
      <trkpt lat="42.30429075658321380615234375" lon="1.72521553002297878265380859375">
        <ele>1532.5999755859375</ele>
        <time>2026-09-05T07:04:29.000Z</time>
      </trkpt>
      <trkpt lat="42.3043160699307918548583984375" lon="1.72520278953015804290771484375">
        <ele>1532.199951171875</ele>
        <time>2026-09-05T07:04:31.000Z</time>
      </trkpt>
      <trkpt lat="42.3043197579681873321533203125" lon="1.72519809566438198089599609375">
        <ele>1532</ele>
        <time>2026-09-05T07:04:32.000Z</time>
      </trkpt>
      <trkpt lat="42.304353453218936920166015625" lon="1.7251695133745670318603515625">
        <ele>1531.199951171875</ele>
        <time>2026-09-05T07:04:35.000Z</time>
      </trkpt>
      <trkpt lat="42.30436912737786769866943359375" lon="1.725166998803615570068359375">
        <ele>1530.800048828125</ele>
        <time>2026-09-05T07:04:36.000Z</time>
      </trkpt>
      <trkpt lat="42.30439745821058750152587890625" lon="1.725140511989593505859375">
        <ele>1530.199951171875</ele>
        <time>2026-09-05T07:04:41.000Z</time>
      </trkpt>
      <trkpt lat="42.30443165637552738189697265625" lon="1.7251151986420154571533203125">
        <ele>1529.800048828125</ele>
        <time>2026-09-05T07:04:44.000Z</time>
      </trkpt>
      <trkpt lat="42.3044456541538238525390625" lon="1.72510220669209957122802734375">
        <ele>1529.4000244140625</ele>
        <time>2026-09-05T07:04:46.000Z</time>
      </trkpt>
      <trkpt lat="42.30448479764163494110107421875" lon="1.72507287003099918365478515625">
        <ele>1528.800048828125</ele>
        <time>2026-09-05T07:04:50.000Z</time>
      </trkpt>
      <trkpt lat="42.304524444043636322021484375" lon="1.725053675472736358642578125">
        <ele>1527.800048828125</ele>
        <time>2026-09-05T07:04:53.000Z</time>
      </trkpt>
      <trkpt lat="42.30453475378453731536865234375" lon="1.72504638321697711944580078125">
        <ele>1527.5999755859375</ele>
        <time>2026-09-05T07:04:54.000Z</time>
      </trkpt>
      <trkpt lat="42.3045878112316131591796875" lon="1.7250330559909343719482421875">
        <ele>1527</ele>
        <time>2026-09-05T07:04:59.000Z</time>
      </trkpt>
      <trkpt lat="42.30461639352142810821533203125" lon="1.72502676956355571746826171875">
        <ele>1526.5999755859375</ele>
        <time>2026-09-05T07:05:02.000Z</time>
      </trkpt>
      <trkpt lat="42.30464824475347995758056640625" lon="1.72502291388809680938720703125">
        <ele>1525.5999755859375</ele>
        <time>2026-09-05T07:05:06.000Z</time>
      </trkpt>
      <trkpt lat="42.3046694509685039520263671875" lon="1.7250243388116359710693359375">
        <ele>1525.4000244140625</ele>
        <time>2026-09-05T07:05:08.000Z</time>
      </trkpt>
      <trkpt lat="42.30471764691174030303955078125" lon="1.725031547248363494873046875">
        <ele>1524.199951171875</ele>
        <time>2026-09-05T07:05:13.000Z</time>
      </trkpt>
      <trkpt lat="42.30472393333911895751953125" lon="1.7250330559909343719482421875">
        <ele>1524</ele>
        <time>2026-09-05T07:05:14.000Z</time>
      </trkpt>
      <trkpt lat="42.30474346317350864410400390625" lon="1.7250327207148075103759765625">
        <ele>1523.199951171875</ele>
        <time>2026-09-05T07:05:16.000Z</time>
      </trkpt>
      <trkpt lat="42.30477414093911647796630859375" lon="1.725012771785259246826171875">
        <ele>1522.800048828125</ele>
        <time>2026-09-05T07:05:21.000Z</time>
      </trkpt>
      <trkpt lat="42.30481454171240329742431640625" lon="1.72498955391347408294677734375">
        <ele>1522</ele>
        <time>2026-09-05T07:05:26.000Z</time>
      </trkpt>
      <trkpt lat="42.30483097024261951446533203125" lon="1.72497496940195560455322265625">
        <ele>1521.800048828125</ele>
        <time>2026-09-05T07:05:28.000Z</time>
      </trkpt>
      <trkpt lat="42.30486801825463771820068359375" lon="1.72495937906205654144287109375">
        <ele>1521</ele>
        <time>2026-09-05T07:05:31.000Z</time>
      </trkpt>
      <trkpt lat="42.30491244234144687652587890625" lon="1.72493004240095615386962890625">
        <ele>1520</ele>
        <time>2026-09-05T07:05:35.000Z</time>
      </trkpt>
      <trkpt lat="42.30492300353944301605224609375" lon="1.72492115758359432220458984375">
        <ele>1519.800048828125</ele>
        <time>2026-09-05T07:05:36.000Z</time>
      </trkpt>
      <trkpt lat="42.3050003685057163238525390625" lon="1.724882684648036956787109375">
        <ele>1519</ele>
        <time>2026-09-05T07:05:42.000Z</time>
      </trkpt>
      <trkpt lat="42.3050129413604736328125" lon="1.7248763144016265869140625">
        <ele>1518.800048828125</ele>
        <time>2026-09-05T07:05:43.000Z</time>
      </trkpt>
      <trkpt lat="42.30502978898584842681884765625" lon="1.72487019561231136322021484375">
        <ele>1518.5999755859375</ele>
        <time>2026-09-05T07:05:44.000Z</time>
      </trkpt>
      <trkpt lat="42.30506532825529575347900390625" lon="1.7248496599495410919189453125">
        <ele>1517.800048828125</ele>
        <time>2026-09-05T07:05:48.000Z</time>
      </trkpt>
      <trkpt lat="42.3050711117684841156005859375" lon="1.72484907321631908416748046875">
        <ele>1517.5999755859375</ele>
        <time>2026-09-05T07:05:50.000Z</time>
      </trkpt>
      <trkpt lat="42.30507572181522846221923828125" lon="1.72483985312283039093017578125">
        <ele>1516.800048828125</ele>
        <time>2026-09-05T07:05:56.000Z</time>
      </trkpt>
      <trkpt lat="42.30507588945329189300537109375" lon="1.72483918257057666778564453125">
        <ele>1516.800048828125</ele>
        <time>2026-09-05T07:05:57.000Z</time>
      </trkpt>
      <trkpt lat="42.30511545203626155853271484375" lon="1.7248114384710788726806640625">
        <ele>1517</ele>
        <time>2026-09-05T07:06:03.000Z</time>
      </trkpt>
      <trkpt lat="42.30512534268200397491455078125" lon="1.72480615787208080291748046875">
        <ele>1517</ele>
        <time>2026-09-05T07:06:04.000Z</time>
      </trkpt>
      <trkpt lat="42.30515015311539173126220703125" lon="1.7247876338660717010498046875">
        <ele>1516.5999755859375</ele>
        <time>2026-09-05T07:06:08.000Z</time>
      </trkpt>
      <trkpt lat="42.30517982505261898040771484375" lon="1.7247738875448703765869140625">
        <ele>1516.199951171875</ele>
        <time>2026-09-05T07:06:11.000Z</time>
      </trkpt>
      <trkpt lat="42.30519709177315235137939453125" lon="1.7247614823281764984130859375">
        <ele>1516.199951171875</ele>
        <time>2026-09-05T07:06:13.000Z</time>
      </trkpt>
      <trkpt lat="42.30520983226597309112548828125" lon="1.7247564531862735748291015625">
        <ele>1516</ele>
        <time>2026-09-05T07:06:14.000Z</time>
      </trkpt>
      <trkpt lat="42.30522357858717441558837890625" lon="1.72474832274019718170166015625">
        <ele>1515.800048828125</ele>
        <time>2026-09-05T07:06:15.000Z</time>
      </trkpt>
      <trkpt lat="42.30525090359151363372802734375" lon="1.72472720034420490264892578125">
        <ele>1515.5999755859375</ele>
        <time>2026-09-05T07:06:17.000Z</time>
      </trkpt>
      <trkpt lat="42.30527353473007678985595703125" lon="1.7247075028717517852783203125">
        <ele>1515</ele>
        <time>2026-09-05T07:06:19.000Z</time>
      </trkpt>
      <trkpt lat="42.30530605651438236236572265625" lon="1.72468118369579315185546875">
        <ele>1514.4000244140625</ele>
        <time>2026-09-05T07:06:22.000Z</time>
      </trkpt>
      <trkpt lat="42.30534293688833713531494140625" lon="1.72465243376791477203369140625">
        <ele>1513.5999755859375</ele>
        <time>2026-09-05T07:06:26.000Z</time>
      </trkpt>
      <trkpt lat="42.30536707676947116851806640625" lon="1.724634580314159393310546875">
        <ele>1513.4000244140625</ele>
        <time>2026-09-05T07:06:28.000Z</time>
      </trkpt>
      <trkpt lat="42.305442430078983306884765625" lon="1.72458487562835216522216796875">
        <ele>1512.4000244140625</ele>
        <time>2026-09-05T07:06:34.000Z</time>
      </trkpt>
      <trkpt lat="42.30551828630268573760986328125" lon="1.72454849816858768463134765625">
        <ele>1511.800048828125</ele>
        <time>2026-09-05T07:06:40.000Z</time>
      </trkpt>
      <trkpt lat="42.30553521774709224700927734375" lon="1.72455218620598316192626953125">
        <ele>1511.199951171875</ele>
        <time>2026-09-05T07:06:42.000Z</time>
      </trkpt>
      <trkpt lat="42.305562458932399749755859375" lon="1.724580265581607818603515625">
        <ele>1510.800048828125</ele>
        <time>2026-09-05T07:06:44.000Z</time>
      </trkpt>
      <trkpt lat="42.305544354021549224853515625" lon="1.724622510373592376708984375">
        <ele>1510.199951171875</ele>
        <time>2026-09-05T07:06:46.000Z</time>
      </trkpt>
      <trkpt lat="42.30553798377513885498046875" lon="1.72463349066674709320068359375">
        <ele>1510</ele>
        <time>2026-09-05T07:06:47.000Z</time>
      </trkpt>
      <trkpt lat="42.30547352693974971771240234375" lon="1.7246803455054759979248046875">
        <ele>1510.800048828125</ele>
        <time>2026-09-05T07:06:53.000Z</time>
      </trkpt>
      <trkpt lat="42.3053869418799877166748046875" lon="1.72472946345806121826171875">
        <ele>1510.800048828125</ele>
        <time>2026-09-05T07:06:59.000Z</time>
      </trkpt>
      <trkpt lat="42.30537663213908672332763671875" lon="1.7247427068650722503662109375">
        <ele>1511.199951171875</ele>
        <time>2026-09-05T07:07:00.000Z</time>
      </trkpt>
      <trkpt lat="42.30536657385528087615966796875" lon="1.7247534357011318206787109375">
        <ele>1511.4000244140625</ele>
        <time>2026-09-05T07:07:01.000Z</time>
      </trkpt>
      <trkpt lat="42.305328436195850372314453125" lon="1.72478972934186458587646484375">
        <ele>1512</ele>
        <time>2026-09-05T07:07:05.000Z</time>
      </trkpt>
      <trkpt lat="42.30530085973441600799560546875" lon="1.72480666078627109527587890625">
        <ele>1512.199951171875</ele>
        <time>2026-09-05T07:07:07.000Z</time>
      </trkpt>
      <trkpt lat="42.30528510175645351409912109375" lon="1.72481688670814037322998046875">
        <ele>1512.199951171875</ele>
        <time>2026-09-05T07:07:08.000Z</time>
      </trkpt>
      <trkpt lat="42.305245958268642425537109375" lon="1.72489198856055736541748046875">
        <ele>1512.4000244140625</ele>
        <time>2026-09-05T07:07:13.000Z</time>
      </trkpt>
      <trkpt lat="42.30522944591939449310302734375" lon="1.7249234206974506378173828125">
        <ele>1512.4000244140625</ele>
        <time>2026-09-05T07:07:15.000Z</time>
      </trkpt>
      <trkpt lat="42.30522215366363525390625" lon="1.7250184714794158935546875">
        <ele>1510.800048828125</ele>
        <time>2026-09-05T07:07:20.000Z</time>
      </trkpt>
      <trkpt lat="42.3052213154733180999755859375" lon="1.7250461317598819732666015625">
        <ele>1510.5999755859375</ele>
        <time>2026-09-05T07:07:22.000Z</time>
      </trkpt>
      <trkpt lat="42.30520404875278472900390625" lon="1.7251175455749034881591796875">
        <ele>1511.4000244140625</ele>
        <time>2026-09-05T07:07:28.000Z</time>
      </trkpt>
      <trkpt lat="42.3051901347935199737548828125" lon="1.7251607961952686309814453125">
        <ele>1511.4000244140625</ele>
        <time>2026-09-05T07:07:31.000Z</time>
      </trkpt>
      <trkpt lat="42.3051416873931884765625" lon="1.7252384126186370849609375">
        <ele>1511.5999755859375</ele>
        <time>2026-09-05T07:07:37.000Z</time>
      </trkpt>
      <trkpt lat="42.305125258862972259521484375" lon="1.7252570204436779022216796875">
        <ele>1511.800048828125</ele>
        <time>2026-09-05T07:07:39.000Z</time>
      </trkpt>
      <trkpt lat="42.3051143623888492584228515625" lon="1.72526850365102291107177734375">
        <ele>1512</ele>
        <time>2026-09-05T07:07:40.000Z</time>
      </trkpt>
      <trkpt lat="42.30506281368434429168701171875" lon="1.72533405013382434844970703125">
        <ele>1512.5999755859375</ele>
        <time>2026-09-05T07:07:46.000Z</time>
      </trkpt>
      <trkpt lat="42.30505208484828472137451171875" lon="1.72536087222397327423095703125">
        <ele>1512.5999755859375</ele>
        <time>2026-09-05T07:07:48.000Z</time>
      </trkpt>
      <trkpt lat="42.3050114326179027557373046875" lon="1.7254476249217987060546875">
        <ele>1512.5999755859375</ele>
        <time>2026-09-05T07:07:54.000Z</time>
      </trkpt>
      <trkpt lat="42.30500690639019012451171875" lon="1.7254625447094440460205078125">
        <ele>1512.5999755859375</ele>
        <time>2026-09-05T07:07:55.000Z</time>
      </trkpt>
      <trkpt lat="42.304999865591526031494140625" lon="1.725489534437656402587890625">
        <ele>1513</ele>
        <time>2026-09-05T07:07:57.000Z</time>
      </trkpt>
      <trkpt lat="42.30497715063393115997314453125" lon="1.72554661519825458526611328125">
        <ele>1513.800048828125</ele>
        <time>2026-09-05T07:08:03.000Z</time>
      </trkpt>
      <trkpt lat="42.30497539043426513671875" lon="1.72555047087371349334716796875">
        <ele>1514</ele>
        <time>2026-09-05T07:08:04.000Z</time>
      </trkpt>
      <trkpt lat="42.3049758933484554290771484375" lon="1.72555114142596721649169921875">
        <ele>1514</ele>
        <time>2026-09-05T07:08:05.000Z</time>
      </trkpt>
      <trkpt lat="42.3049755580723285675048828125" lon="1.725551225244998931884765625">
        <ele>1514.199951171875</ele>
        <time>2026-09-05T07:08:11.000Z</time>
      </trkpt>
      <trkpt lat="42.3049604706466197967529296875" lon="1.72557880170643329620361328125">
        <ele>1514.5999755859375</ele>
        <time>2026-09-05T07:08:14.000Z</time>
      </trkpt>
      <trkpt lat="42.30495200492441654205322265625" lon="1.72558416612446308135986328125">
        <ele>1514.800048828125</ele>
        <time>2026-09-05T07:08:15.000Z</time>
      </trkpt>
      <trkpt lat="42.30493892915546894073486328125" lon="1.725589446723461151123046875">
        <ele>1514.800048828125</ele>
        <time>2026-09-05T07:08:16.000Z</time>
      </trkpt>
      <trkpt lat="42.30491462163627147674560546875" lon="1.7255966551601886749267578125">
        <ele>1514.800048828125</ele>
        <time>2026-09-05T07:08:18.000Z</time>
      </trkpt>
      <trkpt lat="42.30487958528101444244384765625" lon="1.725592799484729766845703125">
        <ele>1515</ele>
        <time>2026-09-05T07:08:21.000Z</time>
      </trkpt>
      <trkpt lat="42.304830215871334075927734375" lon="1.72558181919157505035400390625">
        <ele>1515.800048828125</ele>
        <time>2026-09-05T07:08:27.000Z</time>
      </trkpt>
      <trkpt lat="42.30482208542525768280029296875" lon="1.72558106482028961181640625">
        <ele>1516</ele>
        <time>2026-09-05T07:08:28.000Z</time>
      </trkpt>
      <trkpt lat="42.304814122617244720458984375" lon="1.72559137456119060516357421875">
        <ele>1516.4000244140625</ele>
        <time>2026-09-05T07:08:29.000Z</time>
      </trkpt>
      <trkpt lat="42.304802052676677703857421875" lon="1.72559313476085662841796875">
        <ele>1516.5999755859375</ele>
        <time>2026-09-05T07:08:30.000Z</time>
      </trkpt>
      <trkpt lat="42.30478973127901554107666015625" lon="1.72559087164700031280517578125">
        <ele>1517</ele>
        <time>2026-09-05T07:08:31.000Z</time>
      </trkpt>
      <trkpt lat="42.30473860166966915130615234375" lon="1.72559573315083980560302734375">
        <ele>1518.199951171875</ele>
        <time>2026-09-05T07:08:35.000Z</time>
      </trkpt>
      <trkpt lat="42.3047066666185855865478515625" lon="1.72559875063598155975341796875">
        <ele>1518.5999755859375</ele>
        <time>2026-09-05T07:08:38.000Z</time>
      </trkpt>
      <trkpt lat="42.304631732404232025146484375" lon="1.72560520470142364501953125">
        <ele>1519.199951171875</ele>
        <time>2026-09-05T07:08:44.000Z</time>
      </trkpt>
      <trkpt lat="42.3046245239675045013427734375" lon="1.725606210529804229736328125">
        <ele>1519.4000244140625</ele>
        <time>2026-09-05T07:08:45.000Z</time>
      </trkpt>
      <trkpt lat="42.30456593446433544158935546875" lon="1.7256278358399868011474609375">
        <ele>1520.4000244140625</ele>
        <time>2026-09-05T07:08:51.000Z</time>
      </trkpt>
      <trkpt lat="42.30456040240824222564697265625" lon="1.7256275005638599395751953125">
        <ele>1520.4000244140625</ele>
        <time>2026-09-05T07:08:52.000Z</time>
      </trkpt>
      <trkpt lat="42.30450533330440521240234375" lon="1.725648455321788787841796875">
        <ele>1521.4000244140625</ele>
        <time>2026-09-05T07:08:57.000Z</time>
      </trkpt>
      <trkpt lat="42.30444900691509246826171875" lon="1.725718863308429718017578125">
        <ele>1522.5999755859375</ele>
        <time>2026-09-05T07:09:03.000Z</time>
      </trkpt>
      <trkpt lat="42.3044414632022380828857421875" lon="1.72572565264999866485595703125">
        <ele>1522.800048828125</ele>
        <time>2026-09-05T07:09:04.000Z</time>
      </trkpt>
      <trkpt lat="42.3044055886566638946533203125" lon="1.72578700818121433258056640625">
        <ele>1523.5999755859375</ele>
        <time>2026-09-05T07:09:09.000Z</time>
      </trkpt>
      <trkpt lat="42.30439603328704833984375" lon="1.725800670683383941650390625">
        <ele>1523.800048828125</ele>
        <time>2026-09-05T07:09:10.000Z</time>
      </trkpt>
      <trkpt lat="42.30435487814247608184814453125" lon="1.7258521355688571929931640625">
        <ele>1524.800048828125</ele>
        <time>2026-09-05T07:09:15.000Z</time>
      </trkpt>
      <trkpt lat="42.30433912016451358795166015625" lon="1.72585406340658664703369140625">
        <ele>1524.800048828125</ele>
        <time>2026-09-05T07:09:16.000Z</time>
      </trkpt>
      <trkpt lat="42.304313890635967254638671875" lon="1.725864373147487640380859375">
        <ele>1525</ele>
        <time>2026-09-05T07:09:20.000Z</time>
      </trkpt>
      <trkpt lat="42.3042686283588409423828125" lon="1.72591776587069034576416015625">
        <ele>1525.800048828125</ele>
        <time>2026-09-05T07:09:26.000Z</time>
      </trkpt>
      <trkpt lat="42.30426016263663768768310546875" lon="1.7259285785257816314697265625">
        <ele>1526</ele>
        <time>2026-09-05T07:09:27.000Z</time>
      </trkpt>
      <trkpt lat="42.3042017407715320587158203125" lon="1.72597107477486133575439453125">
        <ele>1526.800048828125</ele>
        <time>2026-09-05T07:09:33.000Z</time>
      </trkpt>
      <trkpt lat="42.304191850125789642333984375" lon="1.7259781993925571441650390625">
        <ele>1527</ele>
        <time>2026-09-05T07:09:34.000Z</time>
      </trkpt>
      <trkpt lat="42.3041854798793792724609375" lon="1.72598473727703094482421875">
        <ele>1527</ele>
        <time>2026-09-05T07:09:35.000Z</time>
      </trkpt>
      <trkpt lat="42.3041326738893985748291015625" lon="1.72601290047168731689453125">
        <ele>1528.199951171875</ele>
        <time>2026-09-05T07:09:41.000Z</time>
      </trkpt>
      <trkpt lat="42.30409185402095317840576171875" lon="1.72605288214981555938720703125">
        <ele>1529.199951171875</ele>
        <time>2026-09-05T07:09:47.000Z</time>
      </trkpt>
      <trkpt lat="42.3040840588510036468505859375" lon="1.72606377862393856048583984375">
        <ele>1529.4000244140625</ele>
        <time>2026-09-05T07:09:48.000Z</time>
      </trkpt>
      <trkpt lat="42.30407676659524440765380859375" lon="1.72606780193746089935302734375">
        <ele>1529.5999755859375</ele>
        <time>2026-09-05T07:09:49.000Z</time>
      </trkpt>
      <trkpt lat="42.304014824330806732177734375" lon="1.72611574642360210418701171875">
        <ele>1530.199951171875</ele>
        <time>2026-09-05T07:09:55.000Z</time>
      </trkpt>
      <trkpt lat="42.3040057718753814697265625" lon="1.726123206317424774169921875">
        <ele>1530.4000244140625</ele>
        <time>2026-09-05T07:09:56.000Z</time>
      </trkpt>
      <trkpt lat="42.3039546422660350799560546875" lon="1.7261501960456371307373046875">
        <ele>1531.199951171875</ele>
        <time>2026-09-05T07:10:02.000Z</time>
      </trkpt>
      <trkpt lat="42.30394248850643634796142578125" lon="1.72617341391742229461669921875">
        <ele>1531.5999755859375</ele>
        <time>2026-09-05T07:10:05.000Z</time>
      </trkpt>
      <trkpt lat="42.30394584126770496368408203125" lon="1.72617852687835693359375">
        <ele>1531.4000244140625</ele>
        <time>2026-09-05T07:10:07.000Z</time>
      </trkpt>
      <trkpt lat="42.303946428000926971435546875" lon="1.72617785632610321044921875">
        <ele>1531</ele>
        <time>2026-09-05T07:10:13.000Z</time>
      </trkpt>
      <trkpt lat="42.303946428000926971435546875" lon="1.72617785632610321044921875">
        <ele>1531</ele>
        <time>2026-09-05T07:10:16.000Z</time>
      </trkpt>
      <trkpt lat="42.303946428000926971435546875" lon="1.72617785632610321044921875">
        <ele>1531</ele>
        <time>2026-09-05T07:10:20.000Z</time>
      </trkpt>
      <trkpt lat="42.3039449192583560943603515625" lon="1.72618682496249675750732421875">
        <ele>1530.4000244140625</ele>
        <time>2026-09-05T07:10:25.000Z</time>
      </trkpt>
      <trkpt lat="42.3039432428777217864990234375" lon="1.7261890880763530731201171875">
        <ele>1530.4000244140625</ele>
        <time>2026-09-05T07:10:26.000Z</time>
      </trkpt>
      <trkpt lat="42.30394785292446613311767578125" lon="1.72624700702726840972900390625">
        <ele>1530.800048828125</ele>
        <time>2026-09-05T07:10:30.000Z</time>
      </trkpt>
      <trkpt lat="42.3039606772363185882568359375" lon="1.72628673724830150604248046875">
        <ele>1531.4000244140625</ele>
        <time>2026-09-05T07:10:33.000Z</time>
      </trkpt>
      <trkpt lat="42.30397316627204418182373046875" lon="1.72630920074880123138427734375">
        <ele>1532</ele>
        <time>2026-09-05T07:10:36.000Z</time>
      </trkpt>
      <trkpt lat="42.3039817996323108673095703125" lon="1.72633904032409191131591796875">
        <ele>1532.5999755859375</ele>
        <time>2026-09-05T07:10:38.000Z</time>
      </trkpt>
      <trkpt lat="42.30403997004032135009765625" lon="1.72638765536248683929443359375">
        <ele>1533</ele>
        <time>2026-09-05T07:10:43.000Z</time>
      </trkpt>
      <trkpt lat="42.30407659895718097686767578125" lon="1.7264051735401153564453125">
        <ele>1533.5999755859375</ele>
        <time>2026-09-05T07:10:47.000Z</time>
      </trkpt>
      <trkpt lat="42.30410224758088588714599609375" lon="1.72641933895647525787353515625">
        <ele>1533.800048828125</ele>
        <time>2026-09-05T07:10:49.000Z</time>
      </trkpt>
      <trkpt lat="42.30416913516819477081298828125" lon="1.72644062899053096771240234375">
        <ele>1534.800048828125</ele>
        <time>2026-09-05T07:10:55.000Z</time>
      </trkpt>
      <trkpt lat="42.3041826300323009490966796875" lon="1.72644314356148242950439453125">
        <ele>1534.800048828125</ele>
        <time>2026-09-05T07:10:56.000Z</time>
      </trkpt>
      <trkpt lat="42.30426125228404998779296875" lon="1.72645546495914459228515625">
        <ele>1535</ele>
        <time>2026-09-05T07:11:02.000Z</time>
      </trkpt>
      <trkpt lat="42.30427508242428302764892578125" lon="1.7264603264629840850830078125">
        <ele>1535.199951171875</ele>
        <time>2026-09-05T07:11:03.000Z</time>
      </trkpt>
      <trkpt lat="42.30433710850775241851806640625" lon="1.72647583298385143280029296875">
        <ele>1535.800048828125</ele>
        <time>2026-09-05T07:11:08.000Z</time>
      </trkpt>
      <trkpt lat="42.30441925115883350372314453125" lon="1.726526878774166107177734375">
        <ele>1535.5999755859375</ele>
        <time>2026-09-05T07:11:14.000Z</time>
      </trkpt>
      <trkpt lat="42.30447708629071712493896484375" lon="1.726556383073329925537109375">
        <ele>1535.800048828125</ele>
        <time>2026-09-05T07:11:20.000Z</time>
      </trkpt>
      <trkpt lat="42.3045314848423004150390625" lon="1.72657440416514873504638671875">
        <ele>1536.199951171875</ele>
        <time>2026-09-05T07:11:25.000Z</time>
      </trkpt>
      <trkpt lat="42.30458890087902545928955078125" lon="1.7265902459621429443359375">
        <ele>1536.199951171875</ele>
        <time>2026-09-05T07:11:29.000Z</time>
      </trkpt>
      <trkpt lat="42.30466987006366252899169921875" lon="1.72660323791205883026123046875">
        <ele>1536.199951171875</ele>
        <time>2026-09-05T07:11:35.000Z</time>
      </trkpt>
      <trkpt lat="42.30469484813511371612548828125" lon="1.72661296091973781585693359375">
        <ele>1536</ele>
        <time>2026-09-05T07:11:37.000Z</time>
      </trkpt>
      <trkpt lat="42.3047586344182491302490234375" lon="1.72659485600888729095458984375">
        <ele>1537.199951171875</ele>
        <time>2026-09-05T07:11:43.000Z</time>
      </trkpt>
      <trkpt lat="42.30478067882359027862548828125" lon="1.726587899029254913330078125">
        <ele>1537.5999755859375</ele>
        <time>2026-09-05T07:11:45.000Z</time>
      </trkpt>
      <trkpt lat="42.30485578067600727081298828125" lon="1.7265981249511241912841796875">
        <ele>1538</ele>
        <time>2026-09-05T07:11:51.000Z</time>
      </trkpt>
      <trkpt lat="42.30486583895981311798095703125" lon="1.72659871168434619903564453125">
        <ele>1538.199951171875</ele>
        <time>2026-09-05T07:11:52.000Z</time>
      </trkpt>
      <trkpt lat="42.304879166185855865478515625" lon="1.72659762203693389892578125">
        <ele>1538.199951171875</ele>
        <time>2026-09-05T07:11:53.000Z</time>
      </trkpt>
      <trkpt lat="42.3049363307654857635498046875" lon="1.72661916352808475494384765625">
        <ele>1538.199951171875</ele>
        <time>2026-09-05T07:11:57.000Z</time>
      </trkpt>
      <trkpt lat="42.30501495301723480224609375" lon="1.72662846744060516357421875">
        <ele>1538.4000244140625</ele>
        <time>2026-09-05T07:12:03.000Z</time>
      </trkpt>
      <trkpt lat="42.30509449727833271026611328125" lon="1.72664313577115535736083984375">
        <ele>1537.800048828125</ele>
        <time>2026-09-05T07:12:09.000Z</time>
      </trkpt>
      <trkpt lat="42.30510539375245571136474609375" lon="1.72664615325629711151123046875">
        <ele>1537.5999755859375</ele>
        <time>2026-09-05T07:12:10.000Z</time>
      </trkpt>
      <trkpt lat="42.30512400157749652862548828125" lon="1.72665537334978580474853515625">
        <ele>1536.800048828125</ele>
        <time>2026-09-05T07:12:12.000Z</time>
      </trkpt>
      <trkpt lat="42.30518552474677562713623046875" lon="1.72665637917816638946533203125">
        <ele>1537.199951171875</ele>
        <time>2026-09-05T07:12:17.000Z</time>
      </trkpt>
      <trkpt lat="42.30522441677749156951904296875" lon="1.72665218822658061981201171875">
        <ele>1538</ele>
        <time>2026-09-05T07:12:21.000Z</time>
      </trkpt>
      <trkpt lat="42.30525760911405086517333984375" lon="1.72665084712207317352294921875">
        <ele>1538</ele>
        <time>2026-09-05T07:12:24.000Z</time>
      </trkpt>
      <trkpt lat="42.30532131157815456390380859375" lon="1.726650260388851165771484375">
        <ele>1537</ele>
        <time>2026-09-05T07:12:29.000Z</time>
      </trkpt>
      <trkpt lat="42.30534947477281093597412109375" lon="1.72665436752140522003173828125">
        <ele>1537.199951171875</ele>
        <time>2026-09-05T07:12:31.000Z</time>
      </trkpt>
      <trkpt lat="42.30543329380452632904052734375" lon="1.72670935280621051788330078125">
        <ele>1537.199951171875</ele>
        <time>2026-09-05T07:12:37.000Z</time>
      </trkpt>
      <trkpt lat="42.3054429329931735992431640625" lon="1.72672326676547527313232421875">
        <ele>1537</ele>
        <time>2026-09-05T07:12:38.000Z</time>
      </trkpt>
      <trkpt lat="42.30545341037213802337646484375" lon="1.72673701308667659759521484375">
        <ele>1536.800048828125</ele>
        <time>2026-09-05T07:12:39.000Z</time>
      </trkpt>
      <trkpt lat="42.30552063323557376861572265625" lon="1.72680549323558807373046875">
        <ele>1536.800048828125</ele>
        <time>2026-09-05T07:12:45.000Z</time>
      </trkpt>
      <trkpt lat="42.3055319488048553466796875" lon="1.7268220894038677215576171875">
        <ele>1536.800048828125</ele>
        <time>2026-09-05T07:12:46.000Z</time>
      </trkpt>
      <trkpt lat="42.3055773787200450897216796875" lon="1.72690867446362972259521484375">
        <ele>1536.5999755859375</ele>
        <time>2026-09-05T07:12:52.000Z</time>
      </trkpt>
      <trkpt lat="42.3055909574031829833984375" lon="1.72693599946796894073486328125">
        <ele>1536.5999755859375</ele>
        <time>2026-09-05T07:12:54.000Z</time>
      </trkpt>
      <trkpt lat="42.30563328601419925689697265625" lon="1.7270100116729736328125">
        <ele>1536.800048828125</ele>
        <time>2026-09-05T07:13:00.000Z</time>
      </trkpt>
      <trkpt lat="42.30563513003289699554443359375" lon="1.7270349897444248199462890625">
        <ele>1537</ele>
        <time>2026-09-05T07:13:01.000Z</time>
      </trkpt>
      <trkpt lat="42.305671758949756622314453125" lon="1.7271117679774761199951171875">
        <ele>1536.800048828125</ele>
        <time>2026-09-05T07:13:07.000Z</time>
      </trkpt>
      <trkpt lat="42.30569757521152496337890625" lon="1.72722299583256244659423828125">
        <ele>1536.800048828125</ele>
        <time>2026-09-05T07:13:13.000Z</time>
      </trkpt>
      <trkpt lat="42.3057453520596027374267578125" lon="1.727321483194828033447265625">
        <ele>1536.199951171875</ele>
        <time>2026-09-05T07:13:19.000Z</time>
      </trkpt>
      <trkpt lat="42.3058013431727886199951171875" lon="1.72737806104123592376708984375">
        <ele>1536</ele>
        <time>2026-09-05T07:13:25.000Z</time>
      </trkpt>
      <trkpt lat="42.3058181069791316986083984375" lon="1.7273803241550922393798828125">
        <ele>1536.199951171875</ele>
        <time>2026-09-05T07:13:26.000Z</time>
      </trkpt>
      <trkpt lat="42.30582623742520809173583984375" lon="1.72736649401485919952392578125">
        <ele>1536.199951171875</ele>
        <time>2026-09-05T07:13:27.000Z</time>
      </trkpt>
      <trkpt lat="42.30586295016109943389892578125" lon="1.72736314125359058380126953125">
        <ele>1536.4000244140625</ele>
        <time>2026-09-05T07:13:30.000Z</time>
      </trkpt>
      <trkpt lat="42.3059307597577571868896484375" lon="1.72736205160617828369140625">
        <ele>1537.199951171875</ele>
        <time>2026-09-05T07:13:36.000Z</time>
      </trkpt>
      <trkpt lat="42.30594324879348278045654296875" lon="1.72736867330968379974365234375">
        <ele>1537.199951171875</ele>
        <time>2026-09-05T07:13:37.000Z</time>
      </trkpt>
      <trkpt lat="42.306022457778453826904296875" lon="1.72737814486026763916015625">
        <ele>1537.4000244140625</ele>
        <time>2026-09-05T07:13:43.000Z</time>
      </trkpt>
      <trkpt lat="42.30603092350065708160400390625" lon="1.72738476656377315521240234375">
        <ele>1537.5999755859375</ele>
        <time>2026-09-05T07:13:44.000Z</time>
      </trkpt>
      <trkpt lat="42.30610820464789867401123046875" lon="1.7274286039173603057861328125">
        <ele>1537.4000244140625</ele>
        <time>2026-09-05T07:13:50.000Z</time>
      </trkpt>
      <trkpt lat="42.306130416691303253173828125" lon="1.72743589617311954498291015625">
        <ele>1537.5999755859375</ele>
        <time>2026-09-05T07:13:52.000Z</time>
      </trkpt>
      <trkpt lat="42.306206859648227691650390625" lon="1.7274458706378936767578125">
        <ele>1537.800048828125</ele>
        <time>2026-09-05T07:13:58.000Z</time>
      </trkpt>
      <trkpt lat="42.30622328817844390869140625" lon="1.7274436913430690765380859375">
        <ele>1537.800048828125</ele>
        <time>2026-09-05T07:13:59.000Z</time>
      </trkpt>
      <trkpt lat="42.30623644776642322540283203125" lon="1.72744746319949626922607421875">
        <ele>1538</ele>
        <time>2026-09-05T07:14:00.000Z</time>
      </trkpt>
      <trkpt lat="42.30629512108862400054931640625" lon="1.72748853452503681182861328125">
        <ele>1537.800048828125</ele>
        <time>2026-09-05T07:14:05.000Z</time>
      </trkpt>
      <trkpt lat="42.30636837892234325408935546875" lon="1.727554164826869964599609375">
        <ele>1536.800048828125</ele>
        <time>2026-09-05T07:14:11.000Z</time>
      </trkpt>
      <trkpt lat="42.30639872141182422637939453125" lon="1.727591045200824737548828125">
        <ele>1535.800048828125</ele>
        <time>2026-09-05T07:14:14.000Z</time>
      </trkpt>
      <trkpt lat="42.3064413852989673614501953125" lon="1.72765483148396015167236328125">
        <ele>1536</ele>
        <time>2026-09-05T07:14:20.000Z</time>
      </trkpt>
      <trkpt lat="42.30646410025656223297119140625" lon="1.72766790725290775299072265625">
        <ele>1535.800048828125</ele>
        <time>2026-09-05T07:14:22.000Z</time>
      </trkpt>
      <trkpt lat="42.3064829595386981964111328125" lon="1.72768550924956798553466796875">
        <ele>1535.800048828125</ele>
        <time>2026-09-05T07:14:24.000Z</time>
      </trkpt>
      <trkpt lat="42.30653333477675914764404296875" lon="1.7277303524315357208251953125">
        <ele>1535.5999755859375</ele>
        <time>2026-09-05T07:14:30.000Z</time>
      </trkpt>
      <trkpt lat="42.30654255487024784088134765625" lon="1.72773680649697780609130859375">
        <ele>1535.5999755859375</ele>
        <time>2026-09-05T07:14:31.000Z</time>
      </trkpt>
      <trkpt lat="42.30656267143785953521728515625" lon="1.72775457613170146942138671875">
        <ele>1535.800048828125</ele>
        <time>2026-09-05T07:14:33.000Z</time>
      </trkpt>
      <trkpt lat="42.306615896522998809814453125" lon="1.72780537046492099761962890625">
        <ele>1536.199951171875</ele>
        <time>2026-09-05T07:14:39.000Z</time>
      </trkpt>
      <trkpt lat="42.30661329813301563262939453125" lon="1.72780595719814300537109375">
        <ele>1536.199951171875</ele>
        <time>2026-09-05T07:14:40.000Z</time>
      </trkpt>
      <trkpt lat="42.3066137172281742095947265625" lon="1.7278057895600795745849609375">
        <ele>1535.800048828125</ele>
        <time>2026-09-05T07:14:46.000Z</time>
      </trkpt>
      <trkpt lat="42.30663106776773929595947265625" lon="1.72782464884221553802490234375">
        <ele>1536.800048828125</ele>
        <time>2026-09-05T07:14:50.000Z</time>
      </trkpt>
      <trkpt lat="42.30669560842216014862060546875" lon="1.72790444456040859222412109375">
        <ele>1537</ele>
        <time>2026-09-05T07:14:56.000Z</time>
      </trkpt>
      <trkpt lat="42.30670516379177570343017578125" lon="1.7279187776148319244384765625">
        <ele>1536.5999755859375</ele>
        <time>2026-09-05T07:14:57.000Z</time>
      </trkpt>
      <trkpt lat="42.306720502674579620361328125" lon="1.7279439233243465423583984375">
        <ele>1535.5999755859375</ele>
        <time>2026-09-05T07:14:59.000Z</time>
      </trkpt>
      <trkpt lat="42.30678093619644641876220703125" lon="1.72802380286157131195068359375">
        <ele>1534.5999755859375</ele>
        <time>2026-09-05T07:15:05.000Z</time>
      </trkpt>
      <trkpt lat="42.306792922317981719970703125" lon="1.7280575819313526153564453125">
        <ele>1534.5999755859375</ele>
        <time>2026-09-05T07:15:07.000Z</time>
      </trkpt>
      <trkpt lat="42.30680692009627819061279296875" lon="1.7281095497310161590576171875">
        <ele>1534.5999755859375</ele>
        <time>2026-09-05T07:15:10.000Z</time>
      </trkpt>
      <trkpt lat="42.306817732751369476318359375" lon="1.72820770181715488433837890625">
        <ele>1534.4000244140625</ele>
        <time>2026-09-05T07:15:16.000Z</time>
      </trkpt>
      <trkpt lat="42.30681471526622772216796875" lon="1.7282398045063018798828125">
        <ele>1534.199951171875</ele>
        <time>2026-09-05T07:15:18.000Z</time>
      </trkpt>
      <trkpt lat="42.30680809356272220611572265625" lon="1.72834583558142185211181640625">
        <ele>1534.4000244140625</ele>
        <time>2026-09-05T07:15:24.000Z</time>
      </trkpt>
      <trkpt lat="42.30680398643016815185546875" lon="1.72838187776505947113037109375">
        <ele>1534.199951171875</ele>
        <time>2026-09-05T07:15:26.000Z</time>
      </trkpt>
      <trkpt lat="42.30681647546589374542236328125" lon="1.72848246060311794281005859375">
        <ele>1534.199951171875</ele>
        <time>2026-09-05T07:15:32.000Z</time>
      </trkpt>
      <trkpt lat="42.30683022178709506988525390625" lon="1.72851665876805782318115234375">
        <ele>1534.199951171875</ele>
        <time>2026-09-05T07:15:35.000Z</time>
      </trkpt>
      <trkpt lat="42.30685469694435596466064453125" lon="1.72856242395937442779541015625">
        <ele>1534.4000244140625</ele>
        <time>2026-09-05T07:15:39.000Z</time>
      </trkpt>
      <trkpt lat="42.306911610066890716552734375" lon="1.7286174930632114410400390625">
        <ele>1534.800048828125</ele>
        <time>2026-09-05T07:15:45.000Z</time>
      </trkpt>
      <trkpt lat="42.306919991970062255859375" lon="1.7286272160708904266357421875">
        <ele>1534.800048828125</ele>
        <time>2026-09-05T07:15:46.000Z</time>
      </trkpt>
      <trkpt lat="42.30698059312999248504638671875" lon="1.7286850512027740478515625">
        <ele>1535.199951171875</ele>
        <time>2026-09-05T07:15:52.000Z</time>
      </trkpt>
      <trkpt lat="42.30700490064918994903564453125" lon="1.7287395335733890533447265625">
        <ele>1535.4000244140625</ele>
        <time>2026-09-05T07:15:56.000Z</time>
      </trkpt>
      <trkpt lat="42.30705116875469684600830078125" lon="1.72880583442747592926025390625">
        <ele>1535.5999755859375</ele>
        <time>2026-09-05T07:16:02.000Z</time>
      </trkpt>
      <trkpt lat="42.307059466838836669921875" lon="1.72881991602480411529541015625">
        <ele>1535.5999755859375</ele>
        <time>2026-09-05T07:16:03.000Z</time>
      </trkpt>
      <trkpt lat="42.3070894740521907806396484375" lon="1.72886417247354984283447265625">
        <ele>1535.800048828125</ele>
        <time>2026-09-05T07:16:07.000Z</time>
      </trkpt>
      <trkpt lat="42.30714873410761356353759765625" lon="1.72890339978039264678955078125">
        <ele>1535.4000244140625</ele>
        <time>2026-09-05T07:16:13.000Z</time>
      </trkpt>
      <trkpt lat="42.30719030834734439849853515625" lon="1.7289237678050994873046875">
        <ele>1535.800048828125</ele>
        <time>2026-09-05T07:16:17.000Z</time>
      </trkpt>
      <trkpt lat="42.307260967791080474853515625" lon="1.72894329763948917388916015625">
        <ele>1536.199951171875</ele>
        <time>2026-09-05T07:16:23.000Z</time>
      </trkpt>
      <trkpt lat="42.30733112432062625885009765625" lon="1.7289624921977519989013671875">
        <ele>1536.5999755859375</ele>
        <time>2026-09-05T07:16:29.000Z</time>
      </trkpt>
      <trkpt lat="42.30734042823314666748046875" lon="1.728967688977718353271484375">
        <ele>1536.5999755859375</ele>
        <time>2026-09-05T07:16:30.000Z</time>
      </trkpt>
      <trkpt lat="42.307419888675212860107421875" lon="1.72899015247821807861328125">
        <ele>1536.5999755859375</ele>
        <time>2026-09-05T07:16:36.000Z</time>
      </trkpt>
      <trkpt lat="42.307434976100921630859375" lon="1.728993840515613555908203125">
        <ele>1536.5999755859375</ele>
        <time>2026-09-05T07:16:37.000Z</time>
      </trkpt>
      <trkpt lat="42.3074596188962459564208984375" lon="1.729007251560688018798828125">
        <ele>1536.800048828125</ele>
        <time>2026-09-05T07:16:39.000Z</time>
      </trkpt>
      <trkpt lat="42.3075236566364765167236328125" lon="1.72904103063046932220458984375">
        <ele>1536.5999755859375</ele>
        <time>2026-09-05T07:16:45.000Z</time>
      </trkpt>
      <trkpt lat="42.30755927972495555877685546875" lon="1.7290835268795490264892578125">
        <ele>1536.800048828125</ele>
        <time>2026-09-05T07:16:49.000Z</time>
      </trkpt>
      <trkpt lat="42.3076192103326320648193359375" lon="1.72913071699440479278564453125">
        <ele>1537.199951171875</ele>
        <time>2026-09-05T07:16:55.000Z</time>
      </trkpt>
      <trkpt lat="42.30762985534965991973876953125" lon="1.729139350354671478271484375">
        <ele>1537.199951171875</ele>
        <time>2026-09-05T07:16:56.000Z</time>
      </trkpt>
      <trkpt lat="42.3076886124908924102783203125" lon="1.72918670810759067535400390625">
        <ele>1537.199951171875</ele>
        <time>2026-09-05T07:17:02.000Z</time>
      </trkpt>
      <trkpt lat="42.3077476210892200469970703125" lon="1.7291973531246185302734375">
        <ele>1537.4000244140625</ele>
        <time>2026-09-05T07:17:07.000Z</time>
      </trkpt>
      <trkpt lat="42.30782096274197101593017578125" lon="1.729202382266521453857421875">
        <ele>1537.199951171875</ele>
        <time>2026-09-05T07:17:13.000Z</time>
      </trkpt>
      <trkpt lat="42.30786488391458988189697265625" lon="1.72920665703713893890380859375">
        <ele>1537.199951171875</ele>
        <time>2026-09-05T07:17:17.000Z</time>
      </trkpt>
      <trkpt lat="42.30793747119605541229248046875" lon="1.72924186103045940399169921875">
        <ele>1537.199951171875</ele>
        <time>2026-09-05T07:17:23.000Z</time>
      </trkpt>
      <trkpt lat="42.307967729866504669189453125" lon="1.7292689345777034759521484375">
        <ele>1537</ele>
        <time>2026-09-05T07:17:26.000Z</time>
      </trkpt>
      <trkpt lat="42.3080051131546497344970703125" lon="1.7293554358184337615966796875">
        <ele>1536.4000244140625</ele>
        <time>2026-09-05T07:17:32.000Z</time>
      </trkpt>
      <trkpt lat="42.30802279897034168243408203125" lon="1.72939726151525974273681640625">
        <ele>1536.199951171875</ele>
        <time>2026-09-05T07:17:35.000Z</time>
      </trkpt>
      <trkpt lat="42.30803436599671840667724609375" lon="1.729485355317592620849609375">
        <ele>1536.199951171875</ele>
        <time>2026-09-05T07:17:41.000Z</time>
      </trkpt>
      <trkpt lat="42.3080389760434627532958984375" lon="1.72953128814697265625">
        <ele>1535.800048828125</ele>
        <time>2026-09-05T07:17:44.000Z</time>
      </trkpt>
      <trkpt lat="42.30803989805281162261962890625" lon="1.7295462079346179962158203125">
        <ele>1535.5999755859375</ele>
        <time>2026-09-05T07:17:45.000Z</time>
      </trkpt>
      <trkpt lat="42.3080507107079029083251953125" lon="1.72964737750589847564697265625">
        <ele>1534.800048828125</ele>
        <time>2026-09-05T07:17:51.000Z</time>
      </trkpt>
      <trkpt lat="42.30806051753461360931396484375" lon="1.729697920382022857666015625">
        <ele>1534.4000244140625</ele>
        <time>2026-09-05T07:17:54.000Z</time>
      </trkpt>
      <trkpt lat="42.30806604959070682525634765625" lon="1.72971510328352451324462890625">
        <ele>1534.199951171875</ele>
        <time>2026-09-05T07:17:55.000Z</time>
      </trkpt>
      <trkpt lat="42.3080909438431262969970703125" lon="1.729804538190364837646484375">
        <ele>1533.800048828125</ele>
        <time>2026-09-05T07:18:01.000Z</time>
      </trkpt>
      <trkpt lat="42.30810276232659816741943359375" lon="1.7298650555312633514404296875">
        <ele>1533.4000244140625</ele>
        <time>2026-09-05T07:18:05.000Z</time>
      </trkpt>
      <trkpt lat="42.30810427106916904449462890625" lon="1.7298794724047183990478515625">
        <ele>1533.199951171875</ele>
        <time>2026-09-05T07:18:06.000Z</time>
      </trkpt>
      <trkpt lat="42.308110557496547698974609375" lon="1.7299901135265827178955078125">
        <ele>1533</ele>
        <time>2026-09-05T07:18:12.000Z</time>
      </trkpt>
      <trkpt lat="42.30811567045748233795166015625" lon="1.7300570011138916015625">
        <ele>1532.5999755859375</ele>
        <time>2026-09-05T07:18:16.000Z</time>
      </trkpt>
      <trkpt lat="42.3081154190003871917724609375" lon="1.7300717532634735107421875">
        <ele>1532.4000244140625</ele>
        <time>2026-09-05T07:18:17.000Z</time>
      </trkpt>
      <trkpt lat="42.308117933571338653564453125" lon="1.73013218678534030914306640625">
        <ele>1531.199951171875</ele>
        <time>2026-09-05T07:18:21.000Z</time>
      </trkpt>
      <trkpt lat="42.30811290442943572998046875" lon="1.7302170954644680023193359375">
        <ele>1530.800048828125</ele>
        <time>2026-09-05T07:18:27.000Z</time>
      </trkpt>
      <trkpt lat="42.3081150837242603302001953125" lon="1.7302326858043670654296875">
        <ele>1530.5999755859375</ele>
        <time>2026-09-05T07:18:28.000Z</time>
      </trkpt>
      <trkpt lat="42.3081127367913722991943359375" lon="1.73027736134827136993408203125">
        <ele>1530.199951171875</ele>
        <time>2026-09-05T07:18:31.000Z</time>
      </trkpt>
      <trkpt lat="42.3081221245229244232177734375" lon="1.73036604188382625579833984375">
        <ele>1529.4000244140625</ele>
        <time>2026-09-05T07:18:37.000Z</time>
      </trkpt>
      <trkpt lat="42.30812975205481052398681640625" lon="1.73039487563073635101318359375">
        <ele>1529.199951171875</ele>
        <time>2026-09-05T07:18:39.000Z</time>
      </trkpt>
      <trkpt lat="42.30816227383911609649658203125" lon="1.7304729111492633819580078125">
        <ele>1528.5999755859375</ele>
        <time>2026-09-05T07:18:45.000Z</time>
      </trkpt>
      <trkpt lat="42.3081999085843563079833984375" lon="1.73051054589450359344482421875">
        <ele>1528.4000244140625</ele>
        <time>2026-09-05T07:18:49.000Z</time>
      </trkpt>
      <trkpt lat="42.30825648643076419830322265625" lon="1.73057123087346553802490234375">
        <ele>1528.5999755859375</ele>
        <time>2026-09-05T07:18:55.000Z</time>
      </trkpt>
      <trkpt lat="42.308282554149627685546875" lon="1.73059771768748760223388671875">
        <ele>1528.4000244140625</ele>
        <time>2026-09-05T07:18:58.000Z</time>
      </trkpt>
      <trkpt lat="42.30832857079803943634033203125" lon="1.73066385090351104736328125">
        <ele>1528.4000244140625</ele>
        <time>2026-09-05T07:19:04.000Z</time>
      </trkpt>
      <trkpt lat="42.30834483169019222259521484375" lon="1.7306804470717906951904296875">
        <ele>1528.4000244140625</ele>
        <time>2026-09-05T07:19:06.000Z</time>
      </trkpt>
      <trkpt lat="42.3083621822297573089599609375" lon="1.7307696305215358734130859375">
        <ele>1529.800048828125</ele>
        <time>2026-09-05T07:19:11.000Z</time>
      </trkpt>
      <trkpt lat="42.30838238261640071868896484375" lon="1.73083308152854442596435546875">
        <ele>1529.4000244140625</ele>
        <time>2026-09-05T07:19:16.000Z</time>
      </trkpt>
      <trkpt lat="42.3083926923573017120361328125" lon="1.730863340198993682861328125">
        <ele>1529.199951171875</ele>
        <time>2026-09-05T07:19:18.000Z</time>
      </trkpt>
      <trkpt lat="42.308449856936931610107421875" lon="1.7309469915926456451416015625">
        <ele>1528.800048828125</ele>
        <time>2026-09-05T07:19:24.000Z</time>
      </trkpt>
      <trkpt lat="42.3084882460534572601318359375" lon="1.73104430548846721649169921875">
        <ele>1529.5999755859375</ele>
        <time>2026-09-05T07:19:30.000Z</time>
      </trkpt>
      <trkpt lat="42.308494783937931060791015625" lon="1.73106308095157146453857421875">
        <ele>1529.5999755859375</ele>
        <time>2026-09-05T07:19:31.000Z</time>
      </trkpt>
      <trkpt lat="42.308509536087512969970703125" lon="1.7311726324260234832763671875">
        <ele>1529.5999755859375</ele>
        <time>2026-09-05T07:19:37.000Z</time>
      </trkpt>
      <trkpt lat="42.30848263017833232879638671875" lon="1.731282770633697509765625">
        <ele>1529.5999755859375</ele>
        <time>2026-09-05T07:19:43.000Z</time>
      </trkpt>
      <trkpt lat="42.3084520362317562103271484375" lon="1.7313873767852783203125">
        <ele>1529</ele>
        <time>2026-09-05T07:19:49.000Z</time>
      </trkpt>
      <trkpt lat="42.30843351222574710845947265625" lon="1.73142920248210430145263671875">
        <ele>1529</ele>
        <time>2026-09-05T07:19:52.000Z</time>
      </trkpt>
      <trkpt lat="42.3083765991032123565673828125" lon="1.73151075839996337890625">
        <ele>1529</ele>
        <time>2026-09-05T07:19:58.000Z</time>
      </trkpt>
      <trkpt lat="42.30835824273526668548583984375" lon="1.73154084943234920501708984375">
        <ele>1528.800048828125</ele>
        <time>2026-09-05T07:20:00.000Z</time>
      </trkpt>
      <trkpt lat="42.30830225162208080291748046875" lon="1.73162131570279598236083984375">
        <ele>1528.4000244140625</ele>
        <time>2026-09-05T07:20:06.000Z</time>
      </trkpt>
      <trkpt lat="42.30830275453627109527587890625" lon="1.7316329665482044219970703125">
        <ele>1528</ele>
        <time>2026-09-05T07:20:07.000Z</time>
      </trkpt>
      <trkpt lat="42.308252714574337005615234375" lon="1.7317221499979496002197265625">
        <ele>1528.199951171875</ele>
        <time>2026-09-05T07:20:13.000Z</time>
      </trkpt>
      <trkpt lat="42.308228574693202972412109375" lon="1.73175844363868236541748046875">
        <ele>1528.199951171875</ele>
        <time>2026-09-05T07:20:16.000Z</time>
      </trkpt>
      <trkpt lat="42.30822212062776088714599609375" lon="1.73177001066505908966064453125">
        <ele>1528.199951171875</ele>
        <time>2026-09-05T07:20:20.000Z</time>
      </trkpt>
      <trkpt lat="42.30822212062776088714599609375" lon="1.73177001066505908966064453125">
        <ele>1528.199951171875</ele>
        <time>2026-09-05T07:20:23.000Z</time>
      </trkpt>
      <trkpt lat="42.30822212062776088714599609375" lon="1.73177001066505908966064453125">
        <ele>1528</ele>
        <time>2026-09-05T07:20:27.000Z</time>
      </trkpt>
      <trkpt lat="42.30822212062776088714599609375" lon="1.73177001066505908966064453125">
        <ele>1528</ele>
        <time>2026-09-05T07:20:29.000Z</time>
      </trkpt>
      <trkpt lat="42.30822212062776088714599609375" lon="1.73177001066505908966064453125">
        <ele>1527.800048828125</ele>
        <time>2026-09-05T07:20:31.000Z</time>
      </trkpt>
      <trkpt lat="42.30822212062776088714599609375" lon="1.73177001066505908966064453125">
        <ele>1527</ele>
        <time>2026-09-05T07:20:35.000Z</time>
      </trkpt>
      <trkpt lat="42.30822212062776088714599609375" lon="1.73177001066505908966064453125">
        <ele>1527.199951171875</ele>
        <time>2026-09-05T07:20:39.000Z</time>
      </trkpt>
      <trkpt lat="42.3082382977008819580078125" lon="1.73176330514252185821533203125">
        <ele>1527.199951171875</ele>
        <time>2026-09-05T07:20:45.000Z</time>
      </trkpt>
      <trkpt lat="42.30822681449353694915771484375" lon="1.7317714355885982513427734375">
        <ele>1527.4000244140625</ele>
        <time>2026-09-05T07:20:48.000Z</time>
      </trkpt>
      <trkpt lat="42.30822212062776088714599609375" lon="1.73177001066505908966064453125">
        <ele>1527.199951171875</ele>
        <time>2026-09-05T07:20:54.000Z</time>
      </trkpt>
      <trkpt lat="42.30822212062776088714599609375" lon="1.73177001066505908966064453125">
        <ele>1527.5999755859375</ele>
        <time>2026-09-05T07:20:59.000Z</time>
      </trkpt>
      <trkpt lat="42.30822212062776088714599609375" lon="1.73177001066505908966064453125">
        <ele>1527.4000244140625</ele>
        <time>2026-09-05T07:21:05.000Z</time>
      </trkpt>
      <trkpt lat="42.30822212062776088714599609375" lon="1.73177001066505908966064453125">
        <ele>1527.4000244140625</ele>
        <time>2026-09-05T07:21:11.000Z</time>
      </trkpt>
      <trkpt lat="42.30822212062776088714599609375" lon="1.73177001066505908966064453125">
        <ele>1527.4000244140625</ele>
        <time>2026-09-05T07:21:17.000Z</time>
      </trkpt>
      <trkpt lat="42.30822212062776088714599609375" lon="1.73177001066505908966064453125">
        <ele>1527.199951171875</ele>
        <time>2026-09-05T07:21:20.000Z</time>
      </trkpt>
      <trkpt lat="42.308195047080516815185546875" lon="1.73179306089878082275390625">
        <ele>1528.199951171875</ele>
        <time>2026-09-05T07:21:26.000Z</time>
      </trkpt>
      <trkpt lat="42.30815338902175426483154296875" lon="1.73184511251747608184814453125">
        <ele>1527.800048828125</ele>
        <time>2026-09-05T07:21:31.000Z</time>
      </trkpt>
      <trkpt lat="42.30811215005815029144287109375" lon="1.73190462402999401092529296875">
        <ele>1527</ele>
        <time>2026-09-05T07:21:36.000Z</time>
      </trkpt>
      <trkpt lat="42.3081030137836933135986328125" lon="1.73191401176154613494873046875">
        <ele>1527</ele>
        <time>2026-09-05T07:21:37.000Z</time>
      </trkpt>
      <trkpt lat="42.30809270404279232025146484375" lon="1.7319223098456859588623046875">
        <ele>1527</ele>
        <time>2026-09-05T07:21:38.000Z</time>
      </trkpt>
      <trkpt lat="42.30807912535965442657470703125" lon="1.73194049857556819915771484375">
        <ele>1527</ele>
        <time>2026-09-05T07:21:39.000Z</time>
      </trkpt>
      <trkpt lat="42.30806470848619937896728515625" lon="1.73195399343967437744140625">
        <ele>1527</ele>
        <time>2026-09-05T07:21:40.000Z</time>
      </trkpt>
      <trkpt lat="42.30801089666783809661865234375" lon="1.73200269229710102081298828125">
        <ele>1526.4000244140625</ele>
        <time>2026-09-05T07:21:44.000Z</time>
      </trkpt>
      <trkpt lat="42.307980470359325408935546875" lon="1.732030771672725677490234375">
        <ele>1526</ele>
        <time>2026-09-05T07:21:47.000Z</time>
      </trkpt>
      <trkpt lat="42.30791484005749225616455078125" lon="1.7320765368640422821044921875">
        <ele>1525.5999755859375</ele>
        <time>2026-09-05T07:21:53.000Z</time>
      </trkpt>
      <trkpt lat="42.30786723084747791290283203125" lon="1.73211048357188701629638671875">
        <ele>1525</ele>
        <time>2026-09-05T07:21:57.000Z</time>
      </trkpt>
      <trkpt lat="42.30780554004013538360595703125" lon="1.73217485658824443817138671875">
        <ele>1524.5999755859375</ele>
        <time>2026-09-05T07:22:03.000Z</time>
      </trkpt>
      <trkpt lat="42.30778357945382595062255859375" lon="1.73219480551779270172119140625">
        <ele>1524.199951171875</ele>
        <time>2026-09-05T07:22:05.000Z</time>
      </trkpt>
      <trkpt lat="42.3077553324401378631591796875" lon="1.7322094738483428955078125">
        <ele>1524</ele>
        <time>2026-09-05T07:22:07.000Z</time>
      </trkpt>
      <trkpt lat="42.30766690336167812347412109375" lon="1.73222397454082965850830078125">
        <ele>1523.5999755859375</ele>
        <time>2026-09-05T07:22:13.000Z</time>
      </trkpt>
      <trkpt lat="42.30758107267320156097412109375" lon="1.73221374861896038055419921875">
        <ele>1522.800048828125</ele>
        <time>2026-09-05T07:22:19.000Z</time>
      </trkpt>
      <trkpt lat="42.30756749399006366729736328125" lon="1.73221458680927753448486328125">
        <ele>1522.5999755859375</ele>
        <time>2026-09-05T07:22:20.000Z</time>
      </trkpt>
      <trkpt lat="42.30749071575701236724853515625" lon="1.73222850076854228973388671875">
        <ele>1522.4000244140625</ele>
        <time>2026-09-05T07:22:26.000Z</time>
      </trkpt>
      <trkpt lat="42.3074411787092685699462890625" lon="1.73223520629107952117919921875">
        <ele>1522.5999755859375</ele>
        <time>2026-09-05T07:22:30.000Z</time>
      </trkpt>
      <trkpt lat="42.3073734529316425323486328125" lon="1.7322609387338161468505859375">
        <ele>1523.5999755859375</ele>
        <time>2026-09-05T07:22:36.000Z</time>
      </trkpt>
      <trkpt lat="42.3073503188788890838623046875" lon="1.73227258957922458648681640625">
        <ele>1523.800048828125</ele>
        <time>2026-09-05T07:22:38.000Z</time>
      </trkpt>
      <trkpt lat="42.3073288612067699432373046875" lon="1.732284910976886749267578125">
        <ele>1524.199951171875</ele>
        <time>2026-09-05T07:22:40.000Z</time>
      </trkpt>
      <trkpt lat="42.3072956688702106475830078125" lon="1.73229773528873920440673828125">
        <ele>1524.800048828125</ele>
        <time>2026-09-05T07:22:43.000Z</time>
      </trkpt>
      <trkpt lat="42.30725769884884357452392578125" lon="1.73233277164399623870849609375">
        <ele>1524.800048828125</ele>
        <time>2026-09-05T07:22:47.000Z</time>
      </trkpt>
      <trkpt lat="42.307240180671215057373046875" lon="1.732358001172542572021484375">
        <ele>1524.800048828125</ele>
        <time>2026-09-05T07:22:49.000Z</time>
      </trkpt>
      <trkpt lat="42.30719232000410556793212890625" lon="1.73241424374282360076904296875">
        <ele>1525.4000244140625</ele>
        <time>2026-09-05T07:22:54.000Z</time>
      </trkpt>
      <trkpt lat="42.307156026363372802734375" lon="1.73246386460959911346435546875">
        <ele>1525</ele>
        <time>2026-09-05T07:22:58.000Z</time>
      </trkpt>
      <trkpt lat="42.30708234943449497222900390625" lon="1.73249437473714351654052734375">
        <ele>1524.4000244140625</ele>
        <time>2026-09-05T07:23:04.000Z</time>
      </trkpt>
      <trkpt lat="42.30705183930695056915283203125" lon="1.732521615922451019287109375">
        <ele>1524</ele>
        <time>2026-09-05T07:23:07.000Z</time>
      </trkpt>
      <trkpt lat="42.30704194866120815277099609375" lon="1.7325372062623500823974609375">
        <ele>1523.800048828125</ele>
        <time>2026-09-05T07:23:08.000Z</time>
      </trkpt>
      <trkpt lat="42.30701512657105922698974609375" lon="1.73264474608004093170166015625">
        <ele>1522.5999755859375</ele>
        <time>2026-09-05T07:23:14.000Z</time>
      </trkpt>
      <trkpt lat="42.30705401860177516937255859375" lon="1.73271113075315952301025390625">
        <ele>1521.5999755859375</ele>
        <time>2026-09-05T07:23:20.000Z</time>
      </trkpt>
      <trkpt lat="42.30710037052631378173828125" lon="1.73271079547703266143798828125">
        <ele>1520.5999755859375</ele>
        <time>2026-09-05T07:23:24.000Z</time>
      </trkpt>
      <trkpt lat="42.30710799805819988250732421875" lon="1.73270090483129024505615234375">
        <ele>1520.5999755859375</ele>
        <time>2026-09-05T07:23:25.000Z</time>
      </trkpt>
      <trkpt lat="42.3071332275867462158203125" lon="1.73269269056618213653564453125">
        <ele>1520.800048828125</ele>
        <time>2026-09-05T07:23:27.000Z</time>
      </trkpt>
      <trkpt lat="42.3071789927780628204345703125" lon="1.73267257399857044219970703125">
        <ele>1520.800048828125</ele>
        <time>2026-09-05T07:23:32.000Z</time>
      </trkpt>
      <trkpt lat="42.3071900568902492523193359375" lon="1.73265866003930568695068359375">
        <ele>1520.5999755859375</ele>
        <time>2026-09-05T07:23:33.000Z</time>
      </trkpt>
      <trkpt lat="42.30724780820310115814208984375" lon="1.73262211494147777557373046875">
        <ele>1519.4000244140625</ele>
        <time>2026-09-05T07:23:37.000Z</time>
      </trkpt>
      <trkpt lat="42.3072960041463375091552734375" lon="1.7326156608760356903076171875">
        <ele>1518.5999755859375</ele>
        <time>2026-09-05T07:23:41.000Z</time>
      </trkpt>
      <trkpt lat="42.30731905438005924224853515625" lon="1.73261524178087711334228515625">
        <ele>1518.199951171875</ele>
        <time>2026-09-05T07:23:43.000Z</time>
      </trkpt>
      <trkpt lat="42.307333387434482574462890625" lon="1.73260979354381561279296875">
        <ele>1517.199951171875</ele>
        <time>2026-09-05T07:23:48.000Z</time>
      </trkpt>
      <trkpt lat="42.307333387434482574462890625" lon="1.73260979354381561279296875">
        <ele>1517</ele>
        <time>2026-09-05T07:23:49.000Z</time>
      </trkpt>
      <trkpt lat="42.307333387434482574462890625" lon="1.73260979354381561279296875">
        <ele>1516.5999755859375</ele>
        <time>2026-09-05T07:23:55.000Z</time>
      </trkpt>
      <trkpt lat="42.30737756006419658660888671875" lon="1.73260417766869068145751953125">
        <ele>1518.199951171875</ele>
        <time>2026-09-05T07:24:00.000Z</time>
      </trkpt>
      <trkpt lat="42.30739499442279338836669921875" lon="1.7326022498309612274169921875">
        <ele>1518.4000244140625</ele>
        <time>2026-09-05T07:24:01.000Z</time>
      </trkpt>
      <trkpt lat="42.30746875517070293426513671875" lon="1.73258909024298191070556640625">
        <ele>1517.5999755859375</ele>
        <time>2026-09-05T07:24:06.000Z</time>
      </trkpt>
      <trkpt lat="42.30748929083347320556640625" lon="1.73258875496685504913330078125">
        <ele>1517.4000244140625</ele>
        <time>2026-09-05T07:24:08.000Z</time>
      </trkpt>
      <trkpt lat="42.30752642266452312469482421875" lon="1.73257819376885890960693359375">
        <ele>1517</ele>
        <time>2026-09-05T07:24:11.000Z</time>
      </trkpt>
      <trkpt lat="42.30760755948722362518310546875" lon="1.732572577893733978271484375">
        <ele>1516.4000244140625</ele>
        <time>2026-09-05T07:24:17.000Z</time>
      </trkpt>
      <trkpt lat="42.307627759873867034912109375" lon="1.73257282935082912445068359375">
        <ele>1516</ele>
        <time>2026-09-05T07:24:18.000Z</time>
      </trkpt>
      <trkpt lat="42.30764343403279781341552734375" lon="1.73256796784698963165283203125">
        <ele>1515.5999755859375</ele>
        <time>2026-09-05T07:24:19.000Z</time>
      </trkpt>
      <trkpt lat="42.30767059139907360076904296875" lon="1.73256176523864269256591796875">
        <ele>1514.5999755859375</ele>
        <time>2026-09-05T07:24:21.000Z</time>
      </trkpt>
      <trkpt lat="42.30772758834064006805419921875" lon="1.73255036585032939910888671875">
        <ele>1513.5999755859375</ele>
        <time>2026-09-05T07:24:25.000Z</time>
      </trkpt>
      <trkpt lat="42.30775055475533008575439453125" lon="1.7325429059565067291259765625">
        <ele>1513.5999755859375</ele>
        <time>2026-09-05T07:24:27.000Z</time>
      </trkpt>
      <trkpt lat="42.30782213620841503143310546875" lon="1.7325338535010814666748046875">
        <ele>1513</ele>
        <time>2026-09-05T07:24:33.000Z</time>
      </trkpt>
      <trkpt lat="42.30784493498504161834716796875" lon="1.7325338535010814666748046875">
        <ele>1512.800048828125</ele>
        <time>2026-09-05T07:24:35.000Z</time>
      </trkpt>
      <trkpt lat="42.30785717256367206573486328125" lon="1.7325328476727008819580078125">
        <ele>1512.5999755859375</ele>
        <time>2026-09-05T07:24:36.000Z</time>
      </trkpt>
      <trkpt lat="42.30787863023579120635986328125" lon="1.73252706415951251983642578125">
        <ele>1512.5999755859375</ele>
        <time>2026-09-05T07:24:38.000Z</time>
      </trkpt>
      <trkpt lat="42.3079524748027324676513671875" lon="1.732532680034637451171875">
        <ele>1512</ele>
        <time>2026-09-05T07:24:44.000Z</time>
      </trkpt>
      <trkpt lat="42.3079970665276050567626953125" lon="1.73254634253680706024169921875">
        <ele>1511.800048828125</ele>
        <time>2026-09-05T07:24:48.000Z</time>
      </trkpt>
      <trkpt lat="42.30803654529154300689697265625" lon="1.73256226815283298492431640625">
        <ele>1511.5999755859375</ele>
        <time>2026-09-05T07:24:51.000Z</time>
      </trkpt>
      <trkpt lat="42.308087088167667388916015625" lon="1.73257769085466861724853515625">
        <ele>1510.4000244140625</ele>
        <time>2026-09-05T07:24:55.000Z</time>
      </trkpt>
      <trkpt lat="42.3081231303513050079345703125" lon="1.73259126953780651092529296875">
        <ele>1510</ele>
        <time>2026-09-05T07:24:58.000Z</time>
      </trkpt>
      <trkpt lat="42.30819337069988250732421875" lon="1.732632257044315338134765625">
        <ele>1509.4000244140625</ele>
        <time>2026-09-05T07:25:04.000Z</time>
      </trkpt>
      <trkpt lat="42.308239303529262542724609375" lon="1.73267307691276073455810546875">
        <ele>1508.5999755859375</ele>
        <time>2026-09-05T07:25:08.000Z</time>
      </trkpt>
      <trkpt lat="42.30825648643076419830322265625" lon="1.73272722400724887847900390625">
        <ele>1508.199951171875</ele>
        <time>2026-09-05T07:25:11.000Z</time>
      </trkpt>
      <trkpt lat="42.30825430713593959808349609375" lon="1.73280970193445682525634765625">
        <ele>1507.800048828125</ele>
        <time>2026-09-05T07:25:16.000Z</time>
      </trkpt>
      <trkpt lat="42.30821507982909679412841796875" lon="1.732901819050312042236328125">
        <ele>1507.199951171875</ele>
        <time>2026-09-05T07:25:22.000Z</time>
      </trkpt>
      <trkpt lat="42.308201082050800323486328125" lon="1.73292771913111209869384765625">
        <ele>1507</ele>
        <time>2026-09-05T07:25:24.000Z</time>
      </trkpt>
      <trkpt lat="42.3081506229937076568603515625" lon="1.7330029048025608062744140625">
        <ele>1506.4000244140625</ele>
        <time>2026-09-05T07:25:30.000Z</time>
      </trkpt>
      <trkpt lat="42.30812706984579563140869140625" lon="1.7330203391611576080322265625">
        <ele>1506.199951171875</ele>
        <time>2026-09-05T07:25:32.000Z</time>
      </trkpt>
      <trkpt lat="42.30809907428920269012451171875" lon="1.7330327443778514862060546875">
        <ele>1505.800048828125</ele>
        <time>2026-09-05T07:25:34.000Z</time>
      </trkpt>
      <trkpt lat="42.30802170932292938232421875" lon="1.73304573632776737213134765625">
        <ele>1505.5999755859375</ele>
        <time>2026-09-05T07:25:40.000Z</time>
      </trkpt>
      <trkpt lat="42.30799413286149501800537109375" lon="1.7330428026616573333740234375">
        <ele>1505.5999755859375</ele>
        <time>2026-09-05T07:25:42.000Z</time>
      </trkpt>
      <trkpt lat="42.30796613730490207672119140625" lon="1.73303400166332721710205078125">
        <ele>1505.4000244140625</ele>
        <time>2026-09-05T07:25:44.000Z</time>
      </trkpt>
      <trkpt lat="42.3079417459666728973388671875" lon="1.73302947543561458587646484375">
        <ele>1505</ele>
        <time>2026-09-05T07:25:46.000Z</time>
      </trkpt>
      <trkpt lat="42.307865805923938751220703125" lon="1.73303366638720035552978515625">
        <ele>1504</ele>
        <time>2026-09-05T07:25:52.000Z</time>
      </trkpt>
      <trkpt lat="42.307857088744640350341796875" lon="1.733036935329437255859375">
        <ele>1504</ele>
        <time>2026-09-05T07:25:53.000Z</time>
      </trkpt>
      <trkpt lat="42.30783923529088497161865234375" lon="1.733047999441623687744140625">
        <ele>1503.5999755859375</ele>
        <time>2026-09-05T07:25:55.000Z</time>
      </trkpt>
      <trkpt lat="42.30780403129756450653076171875" lon="1.73304808326065540313720703125">
        <ele>1502.800048828125</ele>
        <time>2026-09-05T07:25:58.000Z</time>
      </trkpt>
      <trkpt lat="42.30775843374431133270263671875" lon="1.73304498195648193359375">
        <ele>1502</ele>
        <time>2026-09-05T07:26:02.000Z</time>
      </trkpt>
      <trkpt lat="42.30773379094898700714111328125" lon="1.7330441437661647796630859375">
        <ele>1502</ele>
        <time>2026-09-05T07:26:04.000Z</time>
      </trkpt>
      <trkpt lat="42.30770747177302837371826171875" lon="1.73304540105164051055908203125">
        <ele>1501.800048828125</ele>
        <time>2026-09-05T07:26:06.000Z</time>
      </trkpt>
      <trkpt lat="42.30767310597002506256103515625" lon="1.73306803219020366668701171875">
        <ele>1501</ele>
        <time>2026-09-05T07:26:10.000Z</time>
      </trkpt>
      <trkpt lat="42.307670004665851593017578125" lon="1.73308714292943477630615234375">
        <ele>1500.800048828125</ele>
        <time>2026-09-05T07:26:12.000Z</time>
      </trkpt>
      <trkpt lat="42.30767947621643543243408203125" lon="1.7331028170883655548095703125">
        <ele>1500.5999755859375</ele>
        <time>2026-09-05T07:26:13.000Z</time>
      </trkpt>
      <trkpt lat="42.30768970213830471038818359375" lon="1.73313424922525882720947265625">
        <ele>1500.4000244140625</ele>
        <time>2026-09-05T07:26:16.000Z</time>
      </trkpt>
      <trkpt lat="42.3077214695513248443603515625" lon="1.7332020588219165802001953125">
        <ele>1501</ele>
        <time>2026-09-05T07:26:22.000Z</time>
      </trkpt>
      <trkpt lat="42.307747118175029754638671875" lon="1.73325059004127979278564453125">
        <ele>1501.800048828125</ele>
        <time>2026-09-05T07:26:26.000Z</time>
      </trkpt>
      <trkpt lat="42.30775239877402782440185546875" lon="1.73326299525797367095947265625">
        <ele>1501.800048828125</ele>
        <time>2026-09-05T07:26:27.000Z</time>
      </trkpt>
      <trkpt lat="42.307794392108917236328125" lon="1.7333153821527957916259765625">
        <ele>1501.800048828125</ele>
        <time>2026-09-05T07:26:32.000Z</time>
      </trkpt>
      <trkpt lat="42.3078210465610027313232421875" lon="1.7333507537841796875">
        <ele>1502</ele>
        <time>2026-09-05T07:26:35.000Z</time>
      </trkpt>
      <trkpt lat="42.30787016451358795166015625" lon="1.73342828638851642608642578125">
        <ele>1502.4000244140625</ele>
        <time>2026-09-05T07:26:41.000Z</time>
      </trkpt>
      <trkpt lat="42.30787963606417179107666015625" lon="1.733438931405544281005859375">
        <ele>1502.5999755859375</ele>
        <time>2026-09-05T07:26:44.000Z</time>
      </trkpt>
      <trkpt lat="42.307880222797393798828125" lon="1.7334394343197345733642578125">
        <ele>1502.800048828125</ele>
        <time>2026-09-05T07:26:48.000Z</time>
      </trkpt>
      <trkpt lat="42.307880222797393798828125" lon="1.7334394343197345733642578125">
        <ele>1502.5999755859375</ele>
        <time>2026-09-05T07:26:54.000Z</time>
      </trkpt>
      <trkpt lat="42.307880222797393798828125" lon="1.7334394343197345733642578125">
        <ele>1502.5999755859375</ele>
        <time>2026-09-05T07:26:59.000Z</time>
      </trkpt>
      <trkpt lat="42.307880222797393798828125" lon="1.7334394343197345733642578125">
        <ele>1503</ele>
        <time>2026-09-05T07:27:05.000Z</time>
      </trkpt>
      <trkpt lat="42.307880222797393798828125" lon="1.7334394343197345733642578125">
        <ele>1503.199951171875</ele>
        <time>2026-09-05T07:27:11.000Z</time>
      </trkpt>
      <trkpt lat="42.307880222797393798828125" lon="1.7334394343197345733642578125">
        <ele>1503.199951171875</ele>
        <time>2026-09-05T07:27:12.000Z</time>
      </trkpt>
      <trkpt lat="42.3078951425850391387939453125" lon="1.73347237519919872283935546875">
        <ele>1503.4000244140625</ele>
        <time>2026-09-05T07:27:18.000Z</time>
      </trkpt>
      <trkpt lat="42.30790779925882816314697265625" lon="1.73348645679652690887451171875">
        <ele>1503.5999755859375</ele>
        <time>2026-09-05T07:27:20.000Z</time>
      </trkpt>
      <trkpt lat="42.307918108999729156494140625" lon="1.73350070603191852569580078125">
        <ele>1503.800048828125</ele>
        <time>2026-09-05T07:27:21.000Z</time>
      </trkpt>
      <trkpt lat="42.30795792303979396820068359375" lon="1.7335500754415988922119140625">
        <ele>1504.199951171875</ele>
        <time>2026-09-05T07:27:26.000Z</time>
      </trkpt>
      <trkpt lat="42.30802397243678569793701171875" lon="1.7335988581180572509765625">
        <ele>1505.199951171875</ele>
        <time>2026-09-05T07:27:32.000Z</time>
      </trkpt>
      <trkpt lat="42.30804610066115856170654296875" lon="1.73362475819885730743408203125">
        <ele>1506.4000244140625</ele>
        <time>2026-09-05T07:27:35.000Z</time>
      </trkpt>
      <trkpt lat="42.3080550692975521087646484375" lon="1.733646802604198455810546875">
        <ele>1507.199951171875</ele>
        <time>2026-09-05T07:27:37.000Z</time>
      </trkpt>
      <trkpt lat="42.308060936629772186279296875" lon="1.73365359194576740264892578125">
        <ele>1507.5999755859375</ele>
        <time>2026-09-05T07:27:38.000Z</time>
      </trkpt>
      <trkpt lat="42.3081067018210887908935546875" lon="1.73367957584559917449951171875">
        <ele>1508.199951171875</ele>
        <time>2026-09-05T07:27:42.000Z</time>
      </trkpt>
      <trkpt lat="42.30811298824846744537353515625" lon="1.73368376679718494415283203125">
        <ele>1508.4000244140625</ele>
        <time>2026-09-05T07:27:43.000Z</time>
      </trkpt>
      <trkpt lat="42.30811684392392635345458984375" lon="1.7336815036833286285400390625">
        <ele>1508.5999755859375</ele>
        <time>2026-09-05T07:27:44.000Z</time>
      </trkpt>
      <trkpt lat="42.308148108422756195068359375" lon="1.733705140650272369384765625">
        <ele>1509.4000244140625</ele>
        <time>2026-09-05T07:27:47.000Z</time>
      </trkpt>
      <trkpt lat="42.308160178363323211669921875" lon="1.7337113432586193084716796875">
        <ele>1509.5999755859375</ele>
        <time>2026-09-05T07:27:48.000Z</time>
      </trkpt>
      <trkpt lat="42.3081797920167446136474609375" lon="1.73372902907431125640869140625">
        <ele>1510.199951171875</ele>
        <time>2026-09-05T07:27:50.000Z</time>
      </trkpt>
      <trkpt lat="42.30821239762008190155029296875" lon="1.733745038509368896484375">
        <ele>1510.800048828125</ele>
        <time>2026-09-05T07:27:53.000Z</time>
      </trkpt>
      <trkpt lat="42.30822555720806121826171875" lon="1.733760125935077667236328125">
        <ele>1511.4000244140625</ele>
        <time>2026-09-05T07:27:55.000Z</time>
      </trkpt>
      <trkpt lat="42.30825346894562244415283203125" lon="1.73378736712038516998291015625">
        <ele>1511.800048828125</ele>
        <time>2026-09-05T07:27:58.000Z</time>
      </trkpt>
      <trkpt lat="42.30829001404345035552978515625" lon="1.73380203545093536376953125">
        <ele>1512.199951171875</ele>
        <time>2026-09-05T07:28:01.000Z</time>
      </trkpt>
      <trkpt lat="42.30833762325346469879150390625" lon="1.73380672931671142578125">
        <ele>1512.800048828125</ele>
        <time>2026-09-05T07:28:05.000Z</time>
      </trkpt>
      <trkpt lat="42.30836637318134307861328125" lon="1.7338156141340732574462890625">
        <ele>1512.800048828125</ele>
        <time>2026-09-05T07:28:07.000Z</time>
      </trkpt>
      <trkpt lat="42.30845379643142223358154296875" lon="1.733828522264957427978515625">
        <ele>1512.5999755859375</ele>
        <time>2026-09-05T07:28:13.000Z</time>
      </trkpt>
      <trkpt lat="42.3085284791886806488037109375" lon="1.73383329994976520538330078125">
        <ele>1512.199951171875</ele>
        <time>2026-09-05T07:28:19.000Z</time>
      </trkpt>
      <trkpt lat="42.30857349000871181488037109375" lon="1.7338384129106998443603515625">
        <ele>1511.800048828125</ele>
        <time>2026-09-05T07:28:22.000Z</time>
      </trkpt>
      <trkpt lat="42.3086183331906795501708984375" lon="1.73383765853941440582275390625">
        <ele>1511.4000244140625</ele>
        <time>2026-09-05T07:28:25.000Z</time>
      </trkpt>
      <trkpt lat="42.30869268067181110382080078125" lon="1.7338313721120357513427734375">
        <ele>1511.800048828125</ele>
        <time>2026-09-05T07:28:31.000Z</time>
      </trkpt>
      <trkpt lat="42.3087021522223949432373046875" lon="1.73383128829300403594970703125">
        <ele>1511.800048828125</ele>
        <time>2026-09-05T07:28:32.000Z</time>
      </trkpt>
      <trkpt lat="42.30879091657698154449462890625" lon="1.73381435684859752655029296875">
        <ele>1512</ele>
        <time>2026-09-05T07:28:38.000Z</time>
      </trkpt>
      <trkpt lat="42.3088042438030242919921875" lon="1.73380513675510883331298828125">
        <ele>1512</ele>
        <time>2026-09-05T07:28:39.000Z</time>
      </trkpt>
      <trkpt lat="42.3088798485696315765380859375" lon="1.73376020975410938262939453125">
        <ele>1511</ele>
        <time>2026-09-05T07:28:45.000Z</time>
      </trkpt>
      <trkpt lat="42.30889250524342060089111328125" lon="1.73375300131738185882568359375">
        <ele>1510.5999755859375</ele>
        <time>2026-09-05T07:28:46.000Z</time>
      </trkpt>
      <trkpt lat="42.308968193829059600830078125" lon="1.7337113432586193084716796875">
        <ele>1510.5999755859375</ele>
        <time>2026-09-05T07:28:52.000Z</time>
      </trkpt>
      <trkpt lat="42.30905813165009021759033203125" lon="1.73374545760452747344970703125">
        <ele>1509.5999755859375</ele>
        <time>2026-09-05T07:28:58.000Z</time>
      </trkpt>
      <trkpt lat="42.30907020159065723419189453125" lon="1.73375031910836696624755859375">
        <ele>1509.5999755859375</ele>
        <time>2026-09-05T07:28:59.000Z</time>
      </trkpt>
      <trkpt lat="42.309083528816699981689453125" lon="1.73375920392572879791259765625">
        <ele>1509.5999755859375</ele>
        <time>2026-09-05T07:29:00.000Z</time>
      </trkpt>
      <trkpt lat="42.3090961016714572906494140625" lon="1.7337720282375812530517578125">
        <ele>1508.800048828125</ele>
        <time>2026-09-05T07:29:05.000Z</time>
      </trkpt>
      <trkpt lat="42.3090967722237110137939453125" lon="1.73377345316112041473388671875">
        <ele>1508.800048828125</ele>
        <time>2026-09-05T07:29:08.000Z</time>
      </trkpt>
      <trkpt lat="42.3090967722237110137939453125" lon="1.73377345316112041473388671875">
        <ele>1508.800048828125</ele>
        <time>2026-09-05T07:29:12.000Z</time>
      </trkpt>
      <trkpt lat="42.3090967722237110137939453125" lon="1.73377345316112041473388671875">
        <ele>1508.800048828125</ele>
        <time>2026-09-05T07:29:16.000Z</time>
      </trkpt>
      <trkpt lat="42.30910859070718288421630859375" lon="1.73378451727330684661865234375">
        <ele>1508.800048828125</ele>
        <time>2026-09-05T07:29:18.000Z</time>
      </trkpt>
      <trkpt lat="42.3091341555118560791015625" lon="1.73381854780018329620361328125">
        <ele>1508.5999755859375</ele>
        <time>2026-09-05T07:29:21.000Z</time>
      </trkpt>
      <trkpt lat="42.30915368534624576568603515625" lon="1.73385593108832836151123046875">
        <ele>1508</ele>
        <time>2026-09-05T07:29:24.000Z</time>
      </trkpt>
      <trkpt lat="42.30917346663773059844970703125" lon="1.73389700241386890411376953125">
        <ele>1507.4000244140625</ele>
        <time>2026-09-05T07:29:27.000Z</time>
      </trkpt>
      <trkpt lat="42.309223003685474395751953125" lon="1.7339990101754665374755859375">
        <ele>1507</ele>
        <time>2026-09-05T07:29:33.000Z</time>
      </trkpt>
      <trkpt lat="42.3092499934136867523193359375" lon="1.7341083101928234100341796875">
        <ele>1506</ele>
        <time>2026-09-05T07:29:38.000Z</time>
      </trkpt>
      <trkpt lat="42.30925192125141620635986328125" lon="1.73414879478514194488525390625">
        <ele>1505.4000244140625</ele>
        <time>2026-09-05T07:29:40.000Z</time>
      </trkpt>
      <trkpt lat="42.30924907140433788299560546875" lon="1.73416287638247013092041015625">
        <ele>1505</ele>
        <time>2026-09-05T07:29:41.000Z</time>
      </trkpt>
      <trkpt lat="42.309257872402667999267578125" lon="1.73426312394440174102783203125">
        <ele>1504.199951171875</ele>
        <time>2026-09-05T07:29:46.000Z</time>
      </trkpt>
      <trkpt lat="42.30926080606877803802490234375" lon="1.7342836596071720123291015625">
        <ele>1504</ele>
        <time>2026-09-05T07:29:47.000Z</time>
      </trkpt>
      <trkpt lat="42.30927656404674053192138671875" lon="1.7343617789447307586669921875">
        <ele>1502.800048828125</ele>
        <time>2026-09-05T07:29:51.000Z</time>
      </trkpt>
      <trkpt lat="42.309288717806339263916015625" lon="1.7344291694462299346923828125">
        <ele>1501.800048828125</ele>
        <time>2026-09-05T07:29:55.000Z</time>
      </trkpt>
      <trkpt lat="42.309299446642398834228515625" lon="1.73444216139614582061767578125">
        <ele>1501.4000244140625</ele>
        <time>2026-09-05T07:29:56.000Z</time>
      </trkpt>
      <trkpt lat="42.3093170486390590667724609375" lon="1.734463870525360107421875">
        <ele>1500.199951171875</ele>
        <time>2026-09-05T07:29:58.000Z</time>
      </trkpt>
      <trkpt lat="42.30935275554656982421875" lon="1.734468899667263031005859375">
        <ele>1499.5999755859375</ele>
        <time>2026-09-05T07:30:01.000Z</time>
      </trkpt>
      <trkpt lat="42.30942324735224246978759765625" lon="1.73443461768329143524169921875">
        <ele>1500.5999755859375</ele>
        <time>2026-09-05T07:30:07.000Z</time>
      </trkpt>
      <trkpt lat="42.3094320483505725860595703125" lon="1.73442221246659755706787109375">
        <ele>1500.5999755859375</ele>
        <time>2026-09-05T07:30:08.000Z</time>
      </trkpt>
      <trkpt lat="42.3094913922250270843505859375" lon="1.7343644611537456512451171875">
        <ele>1499.4000244140625</ele>
        <time>2026-09-05T07:30:14.000Z</time>
      </trkpt>
      <trkpt lat="42.30950388126075267791748046875" lon="1.7343507148325443267822265625">
        <ele>1499.4000244140625</ele>
        <time>2026-09-05T07:30:15.000Z</time>
      </trkpt>
      <trkpt lat="42.3095644824206829071044921875" lon="1.7343084700405597686767578125">
        <ele>1499.5999755859375</ele>
        <time>2026-09-05T07:30:20.000Z</time>
      </trkpt>
      <trkpt lat="42.30963447131216526031494140625" lon="1.7342538200318813323974609375">
        <ele>1499.800048828125</ele>
        <time>2026-09-05T07:30:26.000Z</time>
      </trkpt>
      <trkpt lat="42.3096995986998081207275390625" lon="1.7341723479330539703369140625">
        <ele>1499.4000244140625</ele>
        <time>2026-09-05T07:30:32.000Z</time>
      </trkpt>
      <trkpt lat="42.3097733594477176666259765625" lon="1.73409448005259037017822265625">
        <ele>1499.5999755859375</ele>
        <time>2026-09-05T07:30:38.000Z</time>
      </trkpt>
      <trkpt lat="42.3097964935004711151123046875" lon="1.73407654277980327606201171875">
        <ele>1499.5999755859375</ele>
        <time>2026-09-05T07:30:40.000Z</time>
      </trkpt>
      <trkpt lat="42.30986748822033405303955078125" lon="1.73402792774140834808349609375">
        <ele>1499.4000244140625</ele>
        <time>2026-09-05T07:30:46.000Z</time>
      </trkpt>
      <trkpt lat="42.3098809830844402313232421875" lon="1.73402273096144199371337890625">
        <ele>1499.199951171875</ele>
        <time>2026-09-05T07:30:47.000Z</time>
      </trkpt>
      <trkpt lat="42.3099500499665737152099609375" lon="1.73397931270301342010498046875">
        <ele>1499.199951171875</ele>
        <time>2026-09-05T07:30:53.000Z</time>
      </trkpt>
      <trkpt lat="42.309974022209644317626953125" lon="1.7339681647717952728271484375">
        <ele>1499</ele>
        <time>2026-09-05T07:30:55.000Z</time>
      </trkpt>
      <trkpt lat="42.31004904024302959442138671875" lon="1.73394192941486835479736328125">
        <ele>1499</ele>
        <time>2026-09-05T07:31:01.000Z</time>
      </trkpt>
      <trkpt lat="42.31006295420229434967041015625" lon="1.73393790610134601593017578125">
        <ele>1499</ele>
        <time>2026-09-05T07:31:02.000Z</time>
      </trkpt>
      <trkpt lat="42.3101426661014556884765625" lon="1.7338939011096954345703125">
        <ele>1499.199951171875</ele>
        <time>2026-09-05T07:31:08.000Z</time>
      </trkpt>
      <trkpt lat="42.310212068259716033935546875" lon="1.73385878093540668487548828125">
        <ele>1499</ele>
        <time>2026-09-05T07:31:14.000Z</time>
      </trkpt>
      <trkpt lat="42.3102930374443531036376953125" lon="1.73382726497948169708251953125">
        <ele>1499.199951171875</ele>
        <time>2026-09-05T07:31:20.000Z</time>
      </trkpt>
      <trkpt lat="42.31034693308174610137939453125" lon="1.73380781896412372589111328125">
        <ele>1499.4000244140625</ele>
        <time>2026-09-05T07:31:25.000Z</time>
      </trkpt>
      <trkpt lat="42.31036000885069370269775390625" lon="1.73380337655544281005859375">
        <ele>1499.4000244140625</ele>
        <time>2026-09-05T07:31:26.000Z</time>
      </trkpt>
      <trkpt lat="42.31038867495954036712646484375" lon="1.73379558138549327850341796875">
        <ele>1498.199951171875</ele>
        <time>2026-09-05T07:31:31.000Z</time>
      </trkpt>
      <trkpt lat="42.31039001606404781341552734375" lon="1.73379440791904926300048828125">
        <ele>1498</ele>
        <time>2026-09-05T07:31:32.000Z</time>
      </trkpt>
      <trkpt lat="42.31039018370211124420166015625" lon="1.73379004932940006256103515625">
        <ele>1498.5999755859375</ele>
        <time>2026-09-05T07:31:38.000Z</time>
      </trkpt>
      <trkpt lat="42.310417257249355316162109375" lon="1.7337844334542751312255859375">
        <ele>1499.199951171875</ele>
        <time>2026-09-05T07:31:40.000Z</time>
      </trkpt>
      <trkpt lat="42.31043645180761814117431640625" lon="1.73378636129200458526611328125">
        <ele>1499.4000244140625</ele>
        <time>2026-09-05T07:31:41.000Z</time>
      </trkpt>
      <trkpt lat="42.31051205657422542572021484375" lon="1.73375635407865047454833984375">
        <ele>1499</ele>
        <time>2026-09-05T07:31:46.000Z</time>
      </trkpt>
      <trkpt lat="42.3105852305889129638671875" lon="1.73372651450335979461669921875">
        <ele>1500</ele>
        <time>2026-09-05T07:31:52.000Z</time>
      </trkpt>
      <trkpt lat="42.3106437362730503082275390625" lon="1.73371863551437854766845703125">
        <ele>1498.199951171875</ele>
        <time>2026-09-05T07:31:57.000Z</time>
      </trkpt>
      <trkpt lat="42.3106782697141170501708984375" lon="1.73372089862823486328125">
        <ele>1498.4000244140625</ele>
        <time>2026-09-05T07:32:01.000Z</time>
      </trkpt>
      <trkpt lat="42.31077273376286029815673828125" lon="1.733721233904361724853515625">
        <ele>1498.4000244140625</ele>
        <time>2026-09-05T07:32:07.000Z</time>
      </trkpt>
      <trkpt lat="42.31080240570008754730224609375" lon="1.733713857829570770263671875">
        <ele>1498.4000244140625</ele>
        <time>2026-09-05T07:32:09.000Z</time>
      </trkpt>
      <trkpt lat="42.3108710534870624542236328125" lon="1.7336835153400897979736328125">
        <ele>1498.5999755859375</ele>
        <time>2026-09-05T07:32:15.000Z</time>
      </trkpt>
      <trkpt lat="42.31091304682195186614990234375" lon="1.73367052339017391204833984375">
        <ele>1498.800048828125</ele>
        <time>2026-09-05T07:32:18.000Z</time>
      </trkpt>
      <trkpt lat="42.3110036551952362060546875" lon="1.73368678428232669830322265625">
        <ele>1498.800048828125</ele>
        <time>2026-09-05T07:32:24.000Z</time>
      </trkpt>
      <trkpt lat="42.31104397214949131011962890625" lon="1.733702458441257476806640625">
        <ele>1498.800048828125</ele>
        <time>2026-09-05T07:32:27.000Z</time>
      </trkpt>
      <trkpt lat="42.3111141286790370941162109375" lon="1.7337552644312381744384765625">
        <ele>1498.5999755859375</ele>
        <time>2026-09-05T07:32:33.000Z</time>
      </trkpt>
      <trkpt lat="42.31115109287202358245849609375" lon="1.73377445898950099945068359375">
        <ele>1499</ele>
        <time>2026-09-05T07:32:36.000Z</time>
      </trkpt>
      <trkpt lat="42.3112230934202671051025390625" lon="1.73381754197180271148681640625">
        <ele>1498.800048828125</ele>
        <time>2026-09-05T07:32:42.000Z</time>
      </trkpt>
      <trkpt lat="42.31127464212477207183837890625" lon="1.7338397540152072906494140625">
        <ele>1499.199951171875</ele>
        <time>2026-09-05T07:32:46.000Z</time>
      </trkpt>
      <trkpt lat="42.31133951805531978607177734375" lon="1.7338833399116992950439453125">
        <ele>1499.5999755859375</ele>
        <time>2026-09-05T07:32:52.000Z</time>
      </trkpt>
      <trkpt lat="42.31137237511575222015380859375" lon="1.7339061386883258819580078125">
        <ele>1499.5999755859375</ele>
        <time>2026-09-05T07:32:55.000Z</time>
      </trkpt>
      <trkpt lat="42.31143004260957241058349609375" lon="1.733955256640911102294921875">
        <ele>1499.800048828125</ele>
        <time>2026-09-05T07:33:01.000Z</time>
      </trkpt>
      <trkpt lat="42.311468012630939483642578125" lon="1.73399305902421474456787109375">
        <ele>1499.800048828125</ele>
        <time>2026-09-05T07:33:05.000Z</time>
      </trkpt>
      <trkpt lat="42.31149776838719844818115234375" lon="1.73402105458080768585205078125">
        <ele>1500.4000244140625</ele>
        <time>2026-09-05T07:33:08.000Z</time>
      </trkpt>
      <trkpt lat="42.31154101900756359100341796875" lon="1.73408274538815021514892578125">
        <ele>1500.4000244140625</ele>
        <time>2026-09-05T07:33:13.000Z</time>
      </trkpt>
      <trkpt lat="42.31155459769070148468017578125" lon="1.73410420306026935577392578125">
        <ele>1500.4000244140625</ele>
        <time>2026-09-05T07:33:15.000Z</time>
      </trkpt>
      <trkpt lat="42.31158594600856304168701171875" lon="1.73414326272904872894287109375">
        <ele>1500.4000244140625</ele>
        <time>2026-09-05T07:33:18.000Z</time>
      </trkpt>
      <trkpt lat="42.3116287775337696075439453125" lon="1.7341934703290462493896484375">
        <ele>1500.800048828125</ele>
        <time>2026-09-05T07:33:22.000Z</time>
      </trkpt>
      <trkpt lat="42.31168351136147975921630859375" lon="1.7342747747898101806640625">
        <ele>1500.4000244140625</ele>
        <time>2026-09-05T07:33:28.000Z</time>
      </trkpt>
      <trkpt lat="42.31169356964528560638427734375" lon="1.73430352471768856048583984375">
        <ele>1500.5999755859375</ele>
        <time>2026-09-05T07:33:30.000Z</time>
      </trkpt>
      <trkpt lat="42.311733551323413848876953125" lon="1.73438868485391139984130859375">
        <ele>1500.5999755859375</ele>
        <time>2026-09-05T07:33:36.000Z</time>
      </trkpt>
      <trkpt lat="42.311746291816234588623046875" lon="1.7344191111624240875244140625">
        <ele>1500.800048828125</ele>
        <time>2026-09-05T07:33:38.000Z</time>
      </trkpt>
      <trkpt lat="42.3117843456566333770751953125" lon="1.734507791697978973388671875">
        <ele>1501.199951171875</ele>
        <time>2026-09-05T07:33:44.000Z</time>
      </trkpt>
      <trkpt lat="42.31179884634912014007568359375" lon="1.7345334403216838836669921875">
        <ele>1501.4000244140625</ele>
        <time>2026-09-05T07:33:46.000Z</time>
      </trkpt>
      <trkpt lat="42.31181091628968715667724609375" lon="1.7345642857253551483154296875">
        <ele>1501.4000244140625</ele>
        <time>2026-09-05T07:33:48.000Z</time>
      </trkpt>
      <trkpt lat="42.31183254159986972808837890625" lon="1.73460879363119602203369140625">
        <ele>1501.5999755859375</ele>
        <time>2026-09-05T07:33:51.000Z</time>
      </trkpt>
      <trkpt lat="42.31187126599252223968505859375" lon="1.73469143919646739959716796875">
        <ele>1501.800048828125</ele>
        <time>2026-09-05T07:33:57.000Z</time>
      </trkpt>
      <trkpt lat="42.3118926398456096649169921875" lon="1.73473435454070568084716796875">
        <ele>1502.4000244140625</ele>
        <time>2026-09-05T07:34:00.000Z</time>
      </trkpt>
      <trkpt lat="42.3119370639324188232421875" lon="1.7347951233386993408203125">
        <ele>1503</ele>
        <time>2026-09-05T07:34:06.000Z</time>
      </trkpt>
      <trkpt lat="42.3119650594890117645263671875" lon="1.73481096513569355010986328125">
        <ele>1503.4000244140625</ele>
        <time>2026-09-05T07:34:09.000Z</time>
      </trkpt>
      <trkpt lat="42.312025912106037139892578125" lon="1.73480115830898284912109375">
        <ele>1503.5999755859375</ele>
        <time>2026-09-05T07:34:15.000Z</time>
      </trkpt>
      <trkpt lat="42.3120334558188915252685546875" lon="1.73479721881449222564697265625">
        <ele>1503.800048828125</ele>
        <time>2026-09-05T07:34:16.000Z</time>
      </trkpt>
      <trkpt lat="42.31207410804927349090576171875" lon="1.7347562313079833984375">
        <ele>1504.5999755859375</ele>
        <time>2026-09-05T07:34:21.000Z</time>
      </trkpt>
      <trkpt lat="42.312102355062961578369140625" lon="1.73473183996975421905517578125">
        <ele>1505.199951171875</ele>
        <time>2026-09-05T07:34:24.000Z</time>
      </trkpt>
      <trkpt lat="42.31213764287531375885009765625" lon="1.73468909226357936859130859375">
        <ele>1505.5999755859375</ele>
        <time>2026-09-05T07:34:29.000Z</time>
      </trkpt>
      <trkpt lat="42.31215558014810085296630859375" lon="1.73461901955306529998779296875">
        <ele>1506.4000244140625</ele>
        <time>2026-09-05T07:34:33.000Z</time>
      </trkpt>
      <trkpt lat="42.31216161511838436126708984375" lon="1.73461047001183032989501953125">
        <ele>1507</ele>
        <time>2026-09-05T07:34:34.000Z</time>
      </trkpt>
      <trkpt lat="42.31218307279050350189208984375" lon="1.73458381555974483489990234375">
        <ele>1508.199951171875</ele>
        <time>2026-09-05T07:34:37.000Z</time>
      </trkpt>
      <trkpt lat="42.3121984116733074188232421875" lon="1.734562106430530548095703125">
        <ele>1508.4000244140625</ele>
        <time>2026-09-05T07:34:39.000Z</time>
      </trkpt>
      <trkpt lat="42.31224576942622661590576171875" lon="1.73449597321450710296630859375">
        <ele>1508.800048828125</ele>
        <time>2026-09-05T07:34:45.000Z</time>
      </trkpt>
      <trkpt lat="42.31225130148231983184814453125" lon="1.73448465764522552490234375">
        <ele>1509</ele>
        <time>2026-09-05T07:34:46.000Z</time>
      </trkpt>
      <trkpt lat="42.3122983239591121673583984375" lon="1.73444232903420925140380859375">
        <ele>1509.4000244140625</ele>
        <time>2026-09-05T07:34:50.000Z</time>
      </trkpt>
      <trkpt lat="42.3123120702803134918212890625" lon="1.73442623578011989593505859375">
        <ele>1509.5999755859375</ele>
        <time>2026-09-05T07:34:52.000Z</time>
      </trkpt>
      <trkpt lat="42.31235724873840808868408203125" lon="1.73439170233905315399169921875">
        <ele>1510</ele>
        <time>2026-09-05T07:34:56.000Z</time>
      </trkpt>
      <trkpt lat="42.312380969524383544921875" lon="1.734373681247234344482421875">
        <ele>1510.4000244140625</ele>
        <time>2026-09-05T07:34:58.000Z</time>
      </trkpt>
      <trkpt lat="42.31238926760852336883544921875" lon="1.734365634620189666748046875">
        <ele>1510.5999755859375</ele>
        <time>2026-09-05T07:34:59.000Z</time>
      </trkpt>
      <trkpt lat="42.31244358234107494354248046875" lon="1.73433847725391387939453125">
        <ele>1510.4000244140625</ele>
        <time>2026-09-05T07:35:04.000Z</time>
      </trkpt>
      <trkpt lat="42.3124971427023410797119140625" lon="1.7342937178909778594970703125">
        <ele>1511.4000244140625</ele>
        <time>2026-09-05T07:35:10.000Z</time>
      </trkpt>
      <trkpt lat="42.3125132359564304351806640625" lon="1.734288521111011505126953125">
        <ele>1511.800048828125</ele>
        <time>2026-09-05T07:35:11.000Z</time>
      </trkpt>
      <trkpt lat="42.31257400475442409515380859375" lon="1.7342347092926502227783203125">
        <ele>1512.199951171875</ele>
        <time>2026-09-05T07:35:17.000Z</time>
      </trkpt>
      <trkpt lat="42.3125923611223697662353515625" lon="1.73422875814139842987060546875">
        <ele>1512.800048828125</ele>
        <time>2026-09-05T07:35:21.000Z</time>
      </trkpt>
      <trkpt lat="42.31259495951235294342041015625" lon="1.73423127271234989166259765625">
        <ele>1512.800048828125</ele>
        <time>2026-09-05T07:35:27.000Z</time>
      </trkpt>
      <trkpt lat="42.31262060813605785369873046875" lon="1.73421568237245082855224609375">
        <ele>1513</ele>
        <time>2026-09-05T07:35:31.000Z</time>
      </trkpt>
      <trkpt lat="42.31267592869699001312255859375" lon="1.734170503914356231689453125">
        <ele>1513.800048828125</ele>
        <time>2026-09-05T07:35:37.000Z</time>
      </trkpt>
      <trkpt lat="42.31269855983555316925048828125" lon="1.73416011035442352294921875">
        <ele>1514</ele>
        <time>2026-09-05T07:35:39.000Z</time>
      </trkpt>
      <trkpt lat="42.31274642050266265869140625" lon="1.73411987721920013427734375">
        <ele>1514.5999755859375</ele>
        <time>2026-09-05T07:35:44.000Z</time>
      </trkpt>
      <trkpt lat="42.3127673752605915069580078125" lon="1.73410319723188877105712890625">
        <ele>1514.800048828125</ele>
        <time>2026-09-05T07:35:46.000Z</time>
      </trkpt>
      <trkpt lat="42.31278003193438053131103515625" lon="1.73410889692604541778564453125">
        <ele>1514.800048828125</ele>
        <time>2026-09-05T07:35:47.000Z</time>
      </trkpt>
      <trkpt lat="42.31281020678579807281494140625" lon="1.73409699462354183197021484375">
        <ele>1515</ele>
        <time>2026-09-05T07:35:50.000Z</time>
      </trkpt>
      <trkpt lat="42.3128300718963146209716796875" lon="1.734084673225879669189453125">
        <ele>1515.5999755859375</ele>
        <time>2026-09-05T07:35:52.000Z</time>
      </trkpt>
      <trkpt lat="42.3129018209874629974365234375" lon="1.734056174755096435546875">
        <ele>1515.800048828125</ele>
        <time>2026-09-05T07:35:58.000Z</time>
      </trkpt>
      <trkpt lat="42.31291414238512516021728515625" lon="1.73405106179416179656982421875">
        <ele>1516</ele>
        <time>2026-09-05T07:35:59.000Z</time>
      </trkpt>
      <trkpt lat="42.31293442659080028533935546875" lon="1.73404804430902004241943359375">
        <ele>1516</ele>
        <time>2026-09-05T07:36:01.000Z</time>
      </trkpt>
      <trkpt lat="42.31298170052468776702880859375" lon="1.73405189998447895050048828125">
        <ele>1516.4000244140625</ele>
        <time>2026-09-05T07:36:05.000Z</time>
      </trkpt>
      <trkpt lat="42.313057221472263336181640625" lon="1.73408576287329196929931640625">
        <ele>1516.800048828125</ele>
        <time>2026-09-05T07:36:11.000Z</time>
      </trkpt>
      <trkpt lat="42.3131226003170013427734375" lon="1.73407201655209064483642578125">
        <ele>1516.800048828125</ele>
        <time>2026-09-05T07:36:17.000Z</time>
      </trkpt>
      <trkpt lat="42.31316274963319301605224609375" lon="1.73408341594040393829345703125">
        <ele>1517.199951171875</ele>
        <time>2026-09-05T07:36:20.000Z</time>
      </trkpt>
      <trkpt lat="42.3131948523223400115966796875" lon="1.73408760689198970794677734375">
        <ele>1517.4000244140625</ele>
        <time>2026-09-05T07:36:23.000Z</time>
      </trkpt>
      <trkpt lat="42.31326098553836345672607421875" lon="1.73410520888864994049072265625">
        <ele>1517.800048828125</ele>
        <time>2026-09-05T07:36:29.000Z</time>
      </trkpt>
      <trkpt lat="42.31326702050864696502685546875" lon="1.7341079749166965484619140625">
        <ele>1518</ele>
        <time>2026-09-05T07:36:30.000Z</time>
      </trkpt>
      <trkpt lat="42.3132957704365253448486328125" lon="1.73413597047328948974609375">
        <ele>1518.4000244140625</ele>
        <time>2026-09-05T07:36:33.000Z</time>
      </trkpt>
      <trkpt lat="42.3133049905300140380859375" lon="1.7341460287570953369140625">
        <ele>1518.4000244140625</ele>
        <time>2026-09-05T07:36:34.000Z</time>
      </trkpt>
      <trkpt lat="42.31336466968059539794921875" lon="1.73420034348964691162109375">
        <ele>1518.5999755859375</ele>
        <time>2026-09-05T07:36:40.000Z</time>
      </trkpt>
      <trkpt lat="42.31338587589561939239501953125" lon="1.73422490246593952178955078125">
        <ele>1518.5999755859375</ele>
        <time>2026-09-05T07:36:42.000Z</time>
      </trkpt>
      <trkpt lat="42.31343080289661884307861328125" lon="1.7343037761747837066650390625">
        <ele>1519.4000244140625</ele>
        <time>2026-09-05T07:36:48.000Z</time>
      </trkpt>
      <trkpt lat="42.3134382627904415130615234375" lon="1.73431567847728729248046875">
        <ele>1519.4000244140625</ele>
        <time>2026-09-05T07:36:49.000Z</time>
      </trkpt>
      <trkpt lat="42.313456200063228607177734375" lon="1.73437192104756832122802734375">
        <ele>1520</ele>
        <time>2026-09-05T07:36:54.000Z</time>
      </trkpt>
      <trkpt lat="42.31350590474903583526611328125" lon="1.73443780280649662017822265625">
        <ele>1520.4000244140625</ele>
        <time>2026-09-05T07:37:00.000Z</time>
      </trkpt>
      <trkpt lat="42.31351395137608051300048828125" lon="1.73445574007928371429443359375">
        <ele>1520.4000244140625</ele>
        <time>2026-09-05T07:37:01.000Z</time>
      </trkpt>
      <trkpt lat="42.31356851756572723388671875" lon="1.7345260642468929290771484375">
        <ele>1520.5999755859375</ele>
        <time>2026-09-05T07:37:07.000Z</time>
      </trkpt>
      <trkpt lat="42.3136112652719020843505859375" lon="1.73457258380949497222900390625">
        <ele>1521.5999755859375</ele>
        <time>2026-09-05T07:37:13.000Z</time>
      </trkpt>
      <trkpt lat="42.31366834603250026702880859375" lon="1.734596304595470428466796875">
        <ele>1521.800048828125</ele>
        <time>2026-09-05T07:37:18.000Z</time>
      </trkpt>
      <trkpt lat="42.313741855323314666748046875" lon="1.73463041894137859344482421875">
        <ele>1522</ele>
        <time>2026-09-05T07:37:24.000Z</time>
      </trkpt>
      <trkpt lat="42.31376071460545063018798828125" lon="1.73464014194905757904052734375">
        <ele>1521.5999755859375</ele>
        <time>2026-09-05T07:37:26.000Z</time>
      </trkpt>
      <trkpt lat="42.3138167895376682281494140625" lon="1.73464869149029254913330078125">
        <ele>1521.5999755859375</ele>
        <time>2026-09-05T07:37:32.000Z</time>
      </trkpt>
      <trkpt lat="42.3138493113219738006591796875" lon="1.73465900123119354248046875">
        <ele>1522.4000244140625</ele>
        <time>2026-09-05T07:37:35.000Z</time>
      </trkpt>
      <trkpt lat="42.31391829438507556915283203125" lon="1.7346729151904582977294921875">
        <ele>1522.5999755859375</ele>
        <time>2026-09-05T07:37:41.000Z</time>
      </trkpt>
      <trkpt lat="42.31396322138607501983642578125" lon="1.73468540422618389129638671875">
        <ele>1523.4000244140625</ele>
        <time>2026-09-05T07:37:45.000Z</time>
      </trkpt>
      <trkpt lat="42.314005382359027862548828125" lon="1.734676770865917205810546875">
        <ele>1523.800048828125</ele>
        <time>2026-09-05T07:37:49.000Z</time>
      </trkpt>
      <trkpt lat="42.3140293546020984649658203125" lon="1.73467568121850490570068359375">
        <ele>1524</ele>
        <time>2026-09-05T07:37:52.000Z</time>
      </trkpt>
      <trkpt lat="42.31406313367187976837158203125" lon="1.734667383134365081787109375">
        <ele>1524.800048828125</ele>
        <time>2026-09-05T07:37:56.000Z</time>
      </trkpt>
      <trkpt lat="42.3141031153500080108642578125" lon="1.734657995402812957763671875">
        <ele>1525.4000244140625</ele>
        <time>2026-09-05T07:38:00.000Z</time>
      </trkpt>
      <trkpt lat="42.31414427049458026885986328125" lon="1.73466210253536701202392578125">
        <ele>1526</ele>
        <time>2026-09-05T07:38:04.000Z</time>
      </trkpt>
      <trkpt lat="42.31419255025684833526611328125" lon="1.7346595041453838348388671875">
        <ele>1526.4000244140625</ele>
        <time>2026-09-05T07:38:10.000Z</time>
      </trkpt>
      <trkpt lat="42.31422356329858303070068359375" lon="1.73465707339346408843994140625">
        <ele>1527</ele>
        <time>2026-09-05T07:38:13.000Z</time>
      </trkpt>
      <trkpt lat="42.3142875172197818756103515625" lon="1.73463544808328151702880859375">
        <ele>1528.4000244140625</ele>
        <time>2026-09-05T07:38:19.000Z</time>
      </trkpt>
      <trkpt lat="42.31433604843914508819580078125" lon="1.7346073687076568603515625">
        <ele>1529.4000244140625</ele>
        <time>2026-09-05T07:38:24.000Z</time>
      </trkpt>
      <trkpt lat="42.314354740083217620849609375" lon="1.73458985053002834320068359375">
        <ele>1529.4000244140625</ele>
        <time>2026-09-05T07:38:26.000Z</time>
      </trkpt>
      <trkpt lat="42.31437452137470245361328125" lon="1.7345805466175079345703125">
        <ele>1529.5999755859375</ele>
        <time>2026-09-05T07:38:28.000Z</time>
      </trkpt>
      <trkpt lat="42.31440796516835689544677734375" lon="1.734547354280948638916015625">
        <ele>1530.4000244140625</ele>
        <time>2026-09-05T07:38:32.000Z</time>
      </trkpt>
      <trkpt lat="42.31441299431025981903076171875" lon="1.7345398105680942535400390625">
        <ele>1530.800048828125</ele>
        <time>2026-09-05T07:38:33.000Z</time>
      </trkpt>
      <trkpt lat="42.31441668234765529632568359375" lon="1.7345260642468929290771484375">
        <ele>1530.800048828125</ele>
        <time>2026-09-05T07:38:34.000Z</time>
      </trkpt>
      <trkpt lat="42.3144678957760334014892578125" lon="1.734484992921352386474609375">
        <ele>1531</ele>
        <time>2026-09-05T07:38:39.000Z</time>
      </trkpt>
      <trkpt lat="42.31452874839305877685546875" lon="1.73443528823554515838623046875">
        <ele>1531</ele>
        <time>2026-09-05T07:38:45.000Z</time>
      </trkpt>
      <trkpt lat="42.3145361244678497314453125" lon="1.73443076200783252716064453125">
        <ele>1531</ele>
        <time>2026-09-05T07:38:46.000Z</time>
      </trkpt>
      <trkpt lat="42.3145798780024051666259765625" lon="1.7344187758862972259521484375">
        <ele>1531.5999755859375</ele>
        <time>2026-09-05T07:38:50.000Z</time>
      </trkpt>
      <trkpt lat="42.31459421105682849884033203125" lon="1.7344067059457302093505859375">
        <ele>1531.800048828125</ele>
        <time>2026-09-05T07:38:52.000Z</time>
      </trkpt>
      <trkpt lat="42.31465707533061504364013671875" lon="1.73436638899147510528564453125">
        <ele>1532.4000244140625</ele>
        <time>2026-09-05T07:38:57.000Z</time>
      </trkpt>
      <trkpt lat="42.31472245417535305023193359375" lon="1.73434115946292877197265625">
        <ele>1532.4000244140625</ele>
        <time>2026-09-05T07:39:03.000Z</time>
      </trkpt>
      <trkpt lat="42.3147394694387912750244140625" lon="1.73434208147227764129638671875">
        <ele>1532.800048828125</ele>
        <time>2026-09-05T07:39:05.000Z</time>
      </trkpt>
      <trkpt lat="42.314780540764331817626953125" lon="1.7343346215784549713134765625">
        <ele>1533.199951171875</ele>
        <time>2026-09-05T07:39:09.000Z</time>
      </trkpt>
      <trkpt lat="42.31484080664813518524169921875" lon="1.734332107007503509521484375">
        <ele>1533.800048828125</ele>
        <time>2026-09-05T07:39:15.000Z</time>
      </trkpt>
      <trkpt lat="42.31487743556499481201171875" lon="1.73432908952236175537109375">
        <ele>1533.800048828125</ele>
        <time>2026-09-05T07:39:18.000Z</time>
      </trkpt>
      <trkpt lat="42.314942143857479095458984375" lon="1.7343225516378879547119140625">
        <ele>1533.800048828125</ele>
        <time>2026-09-05T07:39:24.000Z</time>
      </trkpt>
      <trkpt lat="42.31495178304612636566162109375" lon="1.73432104289531707763671875">
        <ele>1533.800048828125</ele>
        <time>2026-09-05T07:39:25.000Z</time>
      </trkpt>
      <trkpt lat="42.31501598842442035675048828125" lon="1.73432397656142711639404296875">
        <ele>1534.4000244140625</ele>
        <time>2026-09-05T07:39:31.000Z</time>
      </trkpt>
      <trkpt lat="42.31502470560371875762939453125" lon="1.73431760631501674652099609375">
        <ele>1535</ele>
        <time>2026-09-05T07:39:32.000Z</time>
      </trkpt>
      <trkpt lat="42.31507549993693828582763671875" lon="1.734295226633548736572265625">
        <ele>1535.800048828125</ele>
        <time>2026-09-05T07:39:37.000Z</time>
      </trkpt>
      <trkpt lat="42.3151451535522937774658203125" lon="1.7342890240252017974853515625">
        <ele>1536</ele>
        <time>2026-09-05T07:39:43.000Z</time>
      </trkpt>
      <trkpt lat="42.31521564535796642303466796875" lon="1.73427619971334934234619140625">
        <ele>1535.199951171875</ele>
        <time>2026-09-05T07:39:49.000Z</time>
      </trkpt>
      <trkpt lat="42.31526308692991733551025390625" lon="1.7342506349086761474609375">
        <ele>1536.4000244140625</ele>
        <time>2026-09-05T07:39:53.000Z</time>
      </trkpt>
      <trkpt lat="42.31530524790287017822265625" lon="1.73424049280583858489990234375">
        <ele>1536.5999755859375</ele>
        <time>2026-09-05T07:39:56.000Z</time>
      </trkpt>
      <trkpt lat="42.3153595626354217529296875" lon="1.73422523774206638336181640625">
        <ele>1537</ele>
        <time>2026-09-05T07:40:01.000Z</time>
      </trkpt>
      <trkpt lat="42.31538529507815837860107421875" lon="1.73421769402921199798583984375">
        <ele>1537.199951171875</ele>
        <time>2026-09-05T07:40:03.000Z</time>
      </trkpt>
      <trkpt lat="42.3154512606561183929443359375" lon="1.7341983318328857421875">
        <ele>1537.800048828125</ele>
        <time>2026-09-05T07:40:09.000Z</time>
      </trkpt>
      <trkpt lat="42.3154626600444316864013671875" lon="1.73419497907161712646484375">
        <ele>1537.800048828125</ele>
        <time>2026-09-05T07:40:10.000Z</time>
      </trkpt>
      <trkpt lat="42.31553549878299236297607421875" lon="1.7341750301420688629150390625">
        <ele>1537.800048828125</ele>
        <time>2026-09-05T07:40:16.000Z</time>
      </trkpt>
      <trkpt lat="42.3155474849045276641845703125" lon="1.73417293466627597808837890625">
        <ele>1537.800048828125</ele>
        <time>2026-09-05T07:40:17.000Z</time>
      </trkpt>
      <trkpt lat="42.31556617654860019683837890625" lon="1.73416622914373874664306640625">
        <ele>1538</ele>
        <time>2026-09-05T07:40:19.000Z</time>
      </trkpt>
      <trkpt lat="42.3156145401298999786376953125" lon="1.73415315337479114532470703125">
        <ele>1538.4000244140625</ele>
        <time>2026-09-05T07:40:23.000Z</time>
      </trkpt>
      <trkpt lat="42.3156591318547725677490234375" lon="1.7341388203203678131103515625">
        <ele>1538.800048828125</ele>
        <time>2026-09-05T07:40:28.000Z</time>
      </trkpt>
      <trkpt lat="42.31568268500268459320068359375" lon="1.73412926495075225830078125">
        <ele>1539.199951171875</ele>
        <time>2026-09-05T07:40:30.000Z</time>
      </trkpt>
      <trkpt lat="42.31572543270885944366455078125" lon="1.7341203801333904266357421875">
        <ele>1539.199951171875</ele>
        <time>2026-09-05T07:40:34.000Z</time>
      </trkpt>
      <trkpt lat="42.31579114682972431182861328125" lon="1.7340767942368984222412109375">
        <ele>1539.4000244140625</ele>
        <time>2026-09-05T07:40:40.000Z</time>
      </trkpt>
      <trkpt lat="42.31585451401770114898681640625" lon="1.73403563909232616424560546875">
        <ele>1540</ele>
        <time>2026-09-05T07:40:46.000Z</time>
      </trkpt>
      <trkpt lat="42.31589131057262420654296875" lon="1.73402130603790283203125">
        <ele>1540</ele>
        <time>2026-09-05T07:40:50.000Z</time>
      </trkpt>
      <trkpt lat="42.315900027751922607421875" lon="1.73401527106761932373046875">
        <ele>1540.199951171875</ele>
        <time>2026-09-05T07:40:51.000Z</time>
      </trkpt>
      <trkpt lat="42.31591754592955112457275390625" lon="1.73400680534541606903076171875">
        <ele>1540.5999755859375</ele>
        <time>2026-09-05T07:40:53.000Z</time>
      </trkpt>
      <trkpt lat="42.31597169302403926849365234375" lon="1.73399909399449825286865234375">
        <ele>1540.5999755859375</ele>
        <time>2026-09-05T07:40:59.000Z</time>
      </trkpt>
      <trkpt lat="42.31596834026277065277099609375" lon="1.733991801738739013671875">
        <ele>1540.4000244140625</ele>
        <time>2026-09-05T07:41:01.000Z</time>
      </trkpt>
      <trkpt lat="42.31596507132053375244140625" lon="1.73399372957646846771240234375">
        <ele>1539.800048828125</ele>
        <time>2026-09-05T07:41:07.000Z</time>
      </trkpt>
      <trkpt lat="42.31596507132053375244140625" lon="1.73399372957646846771240234375">
        <ele>1540.199951171875</ele>
        <time>2026-09-05T07:41:12.000Z</time>
      </trkpt>
      <trkpt lat="42.31596507132053375244140625" lon="1.73399372957646846771240234375">
        <ele>1539.800048828125</ele>
        <time>2026-09-05T07:41:14.000Z</time>
      </trkpt>
      <trkpt lat="42.31596507132053375244140625" lon="1.73399372957646846771240234375">
        <ele>1540</ele>
        <time>2026-09-05T07:41:20.000Z</time>
      </trkpt>
      <trkpt lat="42.31599164195358753204345703125" lon="1.7340016923844814300537109375">
        <ele>1540.4000244140625</ele>
        <time>2026-09-05T07:41:23.000Z</time>
      </trkpt>
      <trkpt lat="42.316052578389644622802734375" lon="1.7340395785868167877197265625">
        <ele>1540.5999755859375</ele>
        <time>2026-09-05T07:41:29.000Z</time>
      </trkpt>
      <trkpt lat="42.31608434580266475677490234375" lon="1.73405709676444530487060546875">
        <ele>1541.199951171875</ele>
        <time>2026-09-05T07:41:32.000Z</time>
      </trkpt>
      <trkpt lat="42.31609381735324859619140625" lon="1.7340596951544284820556640625">
        <ele>1541.4000244140625</ele>
        <time>2026-09-05T07:41:33.000Z</time>
      </trkpt>
      <trkpt lat="42.3161633871495723724365234375" lon="1.73409146256744861602783203125">
        <ele>1542.199951171875</ele>
        <time>2026-09-05T07:41:39.000Z</time>
      </trkpt>
      <trkpt lat="42.3161851800978183746337890625" lon="1.734100766479969024658203125">
        <ele>1542.4000244140625</ele>
        <time>2026-09-05T07:41:41.000Z</time>
      </trkpt>
      <trkpt lat="42.3161937296390533447265625" lon="1.7341042868793010711669921875">
        <ele>1542.5999755859375</ele>
        <time>2026-09-05T07:41:42.000Z</time>
      </trkpt>
      <trkpt lat="42.3162314482033252716064453125" lon="1.7341277562081813812255859375">
        <ele>1543</ele>
        <time>2026-09-05T07:41:45.000Z</time>
      </trkpt>
      <trkpt lat="42.3162961564958095550537109375" lon="1.73416103236377239227294921875">
        <ele>1543.199951171875</ele>
        <time>2026-09-05T07:41:51.000Z</time>
      </trkpt>
      <trkpt lat="42.316305376589298248291015625" lon="1.73416723497211933135986328125">
        <ele>1543.4000244140625</ele>
        <time>2026-09-05T07:41:52.000Z</time>
      </trkpt>
      <trkpt lat="42.31632876209914684295654296875" lon="1.73418031074106693267822265625">
        <ele>1543.5999755859375</ele>
        <time>2026-09-05T07:41:54.000Z</time>
      </trkpt>
      <trkpt lat="42.31639288365840911865234375" lon="1.73419657163321971893310546875">
        <ele>1543.800048828125</ele>
        <time>2026-09-05T07:41:59.000Z</time>
      </trkpt>
      <trkpt lat="42.31646337546408176422119140625" lon="1.73420378006994724273681640625">
        <ele>1543.4000244140625</ele>
        <time>2026-09-05T07:42:05.000Z</time>
      </trkpt>
      <trkpt lat="42.31653495691716670989990234375" lon="1.7341927997767925262451171875">
        <ele>1543</ele>
        <time>2026-09-05T07:42:11.000Z</time>
      </trkpt>
      <trkpt lat="42.31655876152217388153076171875" lon="1.73419824801385402679443359375">
        <ele>1542.199951171875</ele>
        <time>2026-09-05T07:42:13.000Z</time>
      </trkpt>
      <trkpt lat="42.3166143335402011871337890625" lon="1.734234876930713653564453125">
        <ele>1541.5999755859375</ele>
        <time>2026-09-05T07:42:19.000Z</time>
      </trkpt>
      <trkpt lat="42.31664660386741161346435546875" lon="1.73434861935675144195556640625">
        <ele>1542.4000244140625</ele>
        <time>2026-09-05T07:42:25.000Z</time>
      </trkpt>
      <trkpt lat="42.31663302518427371978759765625" lon="1.734458170831203460693359375">
        <ele>1542.199951171875</ele>
        <time>2026-09-05T07:42:31.000Z</time>
      </trkpt>
      <trkpt lat="42.3166287504136562347412109375" lon="1.73447795212268829345703125">
        <ele>1541.800048828125</ele>
        <time>2026-09-05T07:42:32.000Z</time>
      </trkpt>
      <trkpt lat="42.31661341153085231781005859375" lon="1.73453629016876220703125">
        <ele>1541.199951171875</ele>
        <time>2026-09-05T07:42:35.000Z</time>
      </trkpt>
      <trkpt lat="42.31660117395222187042236328125" lon="1.73458415083587169647216796875">
        <ele>1540</ele>
        <time>2026-09-05T07:42:38.000Z</time>
      </trkpt>
      <trkpt lat="42.316578961908817291259765625" lon="1.73463259823620319366455078125">
        <ele>1540</ele>
        <time>2026-09-05T07:42:41.000Z</time>
      </trkpt>
      <trkpt lat="42.3165573365986347198486328125" lon="1.73474173061549663543701171875">
        <ele>1539.800048828125</ele>
        <time>2026-09-05T07:42:47.000Z</time>
      </trkpt>
      <trkpt lat="42.31655289418995380401611328125" lon="1.73476134426891803741455078125">
        <ele>1539.800048828125</ele>
        <time>2026-09-05T07:42:48.000Z</time>
      </trkpt>
      <trkpt lat="42.31653797440230846405029296875" lon="1.7348777689039707183837890625">
        <ele>1539.199951171875</ele>
        <time>2026-09-05T07:42:54.000Z</time>
      </trkpt>
      <trkpt lat="42.316532023251056671142578125" lon="1.7349391244351863861083984375">
        <ele>1539.199951171875</ele>
        <time>2026-09-05T07:42:57.000Z</time>
      </trkpt>
      <trkpt lat="42.3165331967175006866455078125" lon="1.73496116884052753448486328125">
        <ele>1539</ele>
        <time>2026-09-05T07:42:58.000Z</time>
      </trkpt>
      <trkpt lat="42.3165298439562320709228515625" lon="1.735033504664897918701171875">
        <ele>1538.4000244140625</ele>
        <time>2026-09-05T07:43:03.000Z</time>
      </trkpt>
      <trkpt lat="42.316530682146549224853515625" lon="1.7350742407143115997314453125">
        <ele>1538</ele>
        <time>2026-09-05T07:43:05.000Z</time>
      </trkpt>
      <trkpt lat="42.316546775400638580322265625" lon="1.7351634241640567779541015625">
        <ele>1537.199951171875</ele>
        <time>2026-09-05T07:43:10.000Z</time>
      </trkpt>
      <trkpt lat="42.31655121780931949615478515625" lon="1.735197119414806365966796875">
        <ele>1536.800048828125</ele>
        <time>2026-09-05T07:43:12.000Z</time>
      </trkpt>
      <trkpt lat="42.31657988391816616058349609375" lon="1.7352676950395107269287109375">
        <ele>1536.4000244140625</ele>
        <time>2026-09-05T07:43:17.000Z</time>
      </trkpt>
      <trkpt lat="42.3166170157492160797119140625" lon="1.73537473194301128387451171875">
        <ele>1535.800048828125</ele>
        <time>2026-09-05T07:43:23.000Z</time>
      </trkpt>
      <trkpt lat="42.31662129051983356475830078125" lon="1.73539266921579837799072265625">
        <ele>1535.5999755859375</ele>
        <time>2026-09-05T07:43:24.000Z</time>
      </trkpt>
      <trkpt lat="42.31662816368043422698974609375" lon="1.73541177995502948760986328125">
        <ele>1535.5999755859375</ele>
        <time>2026-09-05T07:43:25.000Z</time>
      </trkpt>
      <trkpt lat="42.3166495375335216522216796875" lon="1.7354308068752288818359375">
        <ele>1535.4000244140625</ele>
        <time>2026-09-05T07:43:27.000Z</time>
      </trkpt>
      <trkpt lat="42.3166730068624019622802734375" lon="1.7354862950742244720458984375">
        <ele>1534.800048828125</ele>
        <time>2026-09-05T07:43:31.000Z</time>
      </trkpt>
      <trkpt lat="42.31668063439428806304931640625" lon="1.73549719154834747314453125">
        <ele>1534.4000244140625</ele>
        <time>2026-09-05T07:43:32.000Z</time>
      </trkpt>
      <trkpt lat="42.3167041875422000885009765625" lon="1.7355741374194622039794921875">
        <ele>1533.4000244140625</ele>
        <time>2026-09-05T07:43:37.000Z</time>
      </trkpt>
      <trkpt lat="42.3167129047214984893798828125" lon="1.73556366004049777984619140625">
        <ele>1533.4000244140625</ele>
        <time>2026-09-05T07:43:39.000Z</time>
      </trkpt>
      <trkpt lat="42.316715754568576812744140625" lon="1.735557205975055694580078125">
        <ele>1533</ele>
        <time>2026-09-05T07:43:45.000Z</time>
      </trkpt>
      <trkpt lat="42.316715754568576812744140625" lon="1.735557205975055694580078125">
        <ele>1532.199951171875</ele>
        <time>2026-09-05T07:43:50.000Z</time>
      </trkpt>
      <trkpt lat="42.316715754568576812744140625" lon="1.735557205975055694580078125">
        <ele>1531.5999755859375</ele>
        <time>2026-09-05T07:43:56.000Z</time>
      </trkpt>
      <trkpt lat="42.316715754568576812744140625" lon="1.735557205975055694580078125">
        <ele>1531.5999755859375</ele>
        <time>2026-09-05T07:43:59.000Z</time>
      </trkpt>
      <trkpt lat="42.316715754568576812744140625" lon="1.735557205975055694580078125">
        <ele>1531.800048828125</ele>
        <time>2026-09-05T07:44:05.000Z</time>
      </trkpt>
      <trkpt lat="42.316715754568576812744140625" lon="1.735557205975055694580078125">
        <ele>1531.5999755859375</ele>
        <time>2026-09-05T07:44:07.000Z</time>
      </trkpt>
      <trkpt lat="42.316715754568576812744140625" lon="1.735557205975055694580078125">
        <ele>1531.5999755859375</ele>
        <time>2026-09-05T07:44:08.000Z</time>
      </trkpt>
      <trkpt lat="42.316715754568576812744140625" lon="1.735557205975055694580078125">
        <ele>1531.5999755859375</ele>
        <time>2026-09-05T07:44:10.000Z</time>
      </trkpt>
      <trkpt lat="42.316715754568576812744140625" lon="1.735557205975055694580078125">
        <ele>1531.5999755859375</ele>
        <time>2026-09-05T07:44:16.000Z</time>
      </trkpt>
      <trkpt lat="42.3167226277291774749755859375" lon="1.7355675995349884033203125">
        <ele>1531.800048828125</ele>
        <time>2026-09-05T07:44:21.000Z</time>
      </trkpt>
      <trkpt lat="42.3167248070240020751953125" lon="1.735603809356689453125">
        <ele>1532.800048828125</ele>
        <time>2026-09-05T07:44:24.000Z</time>
      </trkpt>
      <trkpt lat="42.316718436777591705322265625" lon="1.7356421984732151031494140625">
        <ele>1533.199951171875</ele>
        <time>2026-09-05T07:44:27.000Z</time>
      </trkpt>
      <trkpt lat="42.31671516783535480499267578125" lon="1.73573012463748455047607421875">
        <ele>1532.4000244140625</ele>
        <time>2026-09-05T07:44:33.000Z</time>
      </trkpt>
      <trkpt lat="42.31671332381665706634521484375" lon="1.73574454151093959808349609375">
        <ele>1532.199951171875</ele>
        <time>2026-09-05T07:44:34.000Z</time>
      </trkpt>
      <trkpt lat="42.31671743094921112060546875" lon="1.73576868139207363128662109375">
        <ele>1531.5999755859375</ele>
        <time>2026-09-05T07:44:36.000Z</time>
      </trkpt>
      <trkpt lat="42.3167330212891101837158203125" lon="1.73584411852061748504638671875">
        <ele>1531</ele>
        <time>2026-09-05T07:44:41.000Z</time>
      </trkpt>
      <trkpt lat="42.316736876964569091796875" lon="1.73588971607387065887451171875">
        <ele>1530</ele>
        <time>2026-09-05T07:44:44.000Z</time>
      </trkpt>
      <trkpt lat="42.316739894449710845947265625" lon="1.7359325475990772247314453125">
        <ele>1528.800048828125</ele>
        <time>2026-09-05T07:44:47.000Z</time>
      </trkpt>
      <trkpt lat="42.3167414031922817230224609375" lon="1.73596045933663845062255859375">
        <ele>1528.199951171875</ele>
        <time>2026-09-05T07:44:49.000Z</time>
      </trkpt>
      <trkpt lat="42.3167447559535503387451171875" lon="1.73602499999105930328369140625">
        <ele>1527.5999755859375</ele>
        <time>2026-09-05T07:44:53.000Z</time>
      </trkpt>
      <trkpt lat="42.316752970218658447265625" lon="1.7361045442521572113037109375">
        <ele>1527.199951171875</ele>
        <time>2026-09-05T07:44:57.000Z</time>
      </trkpt>
      <trkpt lat="42.31678741984069347381591796875" lon="1.73616581596434116363525390625">
        <ele>1526.5999755859375</ele>
        <time>2026-09-05T07:45:00.000Z</time>
      </trkpt>
      <trkpt lat="42.3168111406266689300537109375" lon="1.73623840324580669403076171875">
        <ele>1526</ele>
        <time>2026-09-05T07:45:04.000Z</time>
      </trkpt>
      <trkpt lat="42.31682740151882171630859375" lon="1.7363427579402923583984375">
        <ele>1525.5999755859375</ele>
        <time>2026-09-05T07:45:10.000Z</time>
      </trkpt>
      <trkpt lat="42.31683142483234405517578125" lon="1.73639279790222644805908203125">
        <ele>1525.199951171875</ele>
        <time>2026-09-05T07:45:13.000Z</time>
      </trkpt>
      <trkpt lat="42.31684617698192596435546875" lon="1.73646387644112110137939453125">
        <ele>1524.4000244140625</ele>
        <time>2026-09-05T07:45:17.000Z</time>
      </trkpt>
      <trkpt lat="42.316847182810306549072265625" lon="1.7365595139563083648681640625">
        <ele>1523.5999755859375</ele>
        <time>2026-09-05T07:45:23.000Z</time>
      </trkpt>
      <trkpt lat="42.3168470151722431182861328125" lon="1.73657334409654140472412109375">
        <ele>1523.5999755859375</ele>
        <time>2026-09-05T07:45:24.000Z</time>
      </trkpt>
      <trkpt lat="42.31685715727508068084716796875" lon="1.73664207570254802703857421875">
        <ele>1523.4000244140625</ele>
        <time>2026-09-05T07:45:28.000Z</time>
      </trkpt>
      <trkpt lat="42.31687140651047229766845703125" lon="1.73669856972992420196533203125">
        <ele>1523</ele>
        <time>2026-09-05T07:45:32.000Z</time>
      </trkpt>
      <trkpt lat="42.31689856387674808502197265625" lon="1.73675573430955410003662109375">
        <ele>1522.4000244140625</ele>
        <time>2026-09-05T07:45:36.000Z</time>
      </trkpt>
      <trkpt lat="42.31696008704602718353271484375" lon="1.73683184199035167694091796875">
        <ele>1521.5999755859375</ele>
        <time>2026-09-05T07:45:42.000Z</time>
      </trkpt>
      <trkpt lat="42.31702429242432117462158203125" lon="1.736823208630084991455078125">
        <ele>1521.4000244140625</ele>
        <time>2026-09-05T07:45:48.000Z</time>
      </trkpt>
      <trkpt lat="42.31703368015587329864501953125" lon="1.73680820502340793609619140625">
        <ele>1521.4000244140625</ele>
        <time>2026-09-05T07:45:49.000Z</time>
      </trkpt>
      <trkpt lat="42.31708397157490253448486328125" lon="1.7367375455796718597412109375">
        <ele>1520.5999755859375</ele>
        <time>2026-09-05T07:45:55.000Z</time>
      </trkpt>
      <trkpt lat="42.3171075247228145599365234375" lon="1.73669856972992420196533203125">
        <ele>1520.4000244140625</ele>
        <time>2026-09-05T07:45:58.000Z</time>
      </trkpt>
      <trkpt lat="42.31716745533049106597900390625" lon="1.73662950284779071807861328125">
        <ele>1520.800048828125</ele>
        <time>2026-09-05T07:46:04.000Z</time>
      </trkpt>
      <trkpt lat="42.31722612865269184112548828125" lon="1.736564375460147857666015625">
        <ele>1520.5999755859375</ele>
        <time>2026-09-05T07:46:10.000Z</time>
      </trkpt>
      <trkpt lat="42.31728329323232173919677734375" lon="1.73649556003510951995849609375">
        <ele>1520.5999755859375</ele>
        <time>2026-09-05T07:46:16.000Z</time>
      </trkpt>
      <trkpt lat="42.31732067652046680450439453125" lon="1.73643529415130615234375">
        <ele>1521</ele>
        <time>2026-09-05T07:46:21.000Z</time>
      </trkpt>
      <trkpt lat="42.3173596523702144622802734375" lon="1.736354492604732513427734375">
        <ele>1521</ele>
        <time>2026-09-05T07:46:27.000Z</time>
      </trkpt>
      <trkpt lat="42.3174032382667064666748046875" lon="1.73626430332660675048828125">
        <ele>1521.199951171875</ele>
        <time>2026-09-05T07:46:33.000Z</time>
      </trkpt>
      <trkpt lat="42.31743416748940944671630859375" lon="1.73618325032293796539306640625">
        <ele>1522.5999755859375</ele>
        <time>2026-09-05T07:46:38.000Z</time>
      </trkpt>
      <trkpt lat="42.3174679465591907501220703125" lon="1.73612885177135467529296875">
        <ele>1523.199951171875</ele>
        <time>2026-09-05T07:46:42.000Z</time>
      </trkpt>
      <trkpt lat="42.31750826351344585418701171875" lon="1.73607361502945423126220703125">
        <ele>1522.5999755859375</ele>
        <time>2026-09-05T07:46:46.000Z</time>
      </trkpt>
      <trkpt lat="42.31754128821194171905517578125" lon="1.73603338189423084259033203125">
        <ele>1522.4000244140625</ele>
        <time>2026-09-05T07:46:50.000Z</time>
      </trkpt>
      <trkpt lat="42.31758655048906803131103515625" lon="1.73599683679640293121337890625">
        <ele>1521.5999755859375</ele>
        <time>2026-09-05T07:46:54.000Z</time>
      </trkpt>
      <trkpt lat="42.31764153577387332916259765625" lon="1.73594989813864231109619140625">
        <ele>1522.4000244140625</ele>
        <time>2026-09-05T07:46:59.000Z</time>
      </trkpt>
      <trkpt lat="42.3177103511989116668701171875" lon="1.73589709214866161346435546875">
        <ele>1522</ele>
        <time>2026-09-05T07:47:05.000Z</time>
      </trkpt>
      <trkpt lat="42.3177696950733661651611328125" lon="1.735838837921619415283203125">
        <ele>1521.199951171875</ele>
        <time>2026-09-05T07:47:11.000Z</time>
      </trkpt>
      <trkpt lat="42.3177780769765377044677734375" lon="1.73583204858005046844482421875">
        <ele>1521.199951171875</ele>
        <time>2026-09-05T07:47:12.000Z</time>
      </trkpt>
      <trkpt lat="42.31783934868872165679931640625" lon="1.7357826791703701019287109375">
        <ele>1521.5999755859375</ele>
        <time>2026-09-05T07:47:17.000Z</time>
      </trkpt>
      <trkpt lat="42.31789617799222469329833984375" lon="1.73572660423815250396728515625">
        <ele>1521.5999755859375</ele>
        <time>2026-09-05T07:47:23.000Z</time>
      </trkpt>
      <trkpt lat="42.31790422461926937103271484375" lon="1.73571554012596607208251953125">
        <ele>1521.5999755859375</ele>
        <time>2026-09-05T07:47:24.000Z</time>
      </trkpt>
      <trkpt lat="42.31797345913946628570556640625" lon="1.73565435223281383514404296875">
        <ele>1521.4000244140625</ele>
        <time>2026-09-05T07:47:30.000Z</time>
      </trkpt>
      <trkpt lat="42.3179815895855426788330078125" lon="1.7356453835964202880859375">
        <ele>1521.4000244140625</ele>
        <time>2026-09-05T07:47:31.000Z</time>
      </trkpt>
      <trkpt lat="42.3180214874446392059326171875" lon="1.73561043106019496917724609375">
        <ele>1520.4000244140625</ele>
        <time>2026-09-05T07:47:35.000Z</time>
      </trkpt>
      <trkpt lat="42.31805526651442050933837890625" lon="1.735580004751682281494140625">
        <ele>1519.4000244140625</ele>
        <time>2026-09-05T07:47:38.000Z</time>
      </trkpt>
      <trkpt lat="42.31806599535048007965087890625" lon="1.7355701141059398651123046875">
        <ele>1519.199951171875</ele>
        <time>2026-09-05T07:47:39.000Z</time>
      </trkpt>
      <trkpt lat="42.3181338049471378326416015625" lon="1.73551437444984912872314453125">
        <ele>1518.800048828125</ele>
        <time>2026-09-05T07:47:45.000Z</time>
      </trkpt>
      <trkpt lat="42.3181847669184207916259765625" lon="1.73547045327723026275634765625">
        <ele>1518.800048828125</ele>
        <time>2026-09-05T07:47:50.000Z</time>
      </trkpt>
      <trkpt lat="42.31825659982860088348388671875" lon="1.73541865311563014984130859375">
        <ele>1518.5999755859375</ele>
        <time>2026-09-05T07:47:56.000Z</time>
      </trkpt>
      <trkpt lat="42.31827537529170513153076171875" lon="1.73540465533733367919921875">
        <ele>1518.199951171875</ele>
        <time>2026-09-05T07:47:58.000Z</time>
      </trkpt>
      <trkpt lat="42.318284176290035247802734375" lon="1.7353981174528598785400390625">
        <ele>1518.199951171875</ele>
        <time>2026-09-05T07:47:59.000Z</time>
      </trkpt>
      <trkpt lat="42.31834745965898036956787109375" lon="1.7353501729667186737060546875">
        <ele>1518.199951171875</ele>
        <time>2026-09-05T07:48:05.000Z</time>
      </trkpt>
      <trkpt lat="42.31838115490972995758056640625" lon="1.7353246919810771942138671875">
        <ele>1518.199951171875</ele>
        <time>2026-09-05T07:48:08.000Z</time>
      </trkpt>
      <trkpt lat="42.31844385154545307159423828125" lon="1.7352710478007793426513671875">
        <ele>1517.5999755859375</ele>
        <time>2026-09-05T07:48:14.000Z</time>
      </trkpt>
      <trkpt lat="42.31848190538585186004638671875" lon="1.73522955738008022308349609375">
        <ele>1517.199951171875</ele>
        <time>2026-09-05T07:48:18.000Z</time>
      </trkpt>
      <trkpt lat="42.318490706384181976318359375" lon="1.73522084020078182220458984375">
        <ele>1517.199951171875</ele>
        <time>2026-09-05T07:48:19.000Z</time>
      </trkpt>
      <trkpt lat="42.318549044430255889892578125" lon="1.73516619019210338592529296875">
        <ele>1517</ele>
        <time>2026-09-05T07:48:25.000Z</time>
      </trkpt>
      <trkpt lat="42.318581901490688323974609375" lon="1.7351382784545421600341796875">
        <ele>1517</ele>
        <time>2026-09-05T07:48:28.000Z</time>
      </trkpt>
      <trkpt lat="42.3186424188315868377685546875" lon="1.735088825225830078125">
        <ele>1516.5999755859375</ele>
        <time>2026-09-05T07:48:34.000Z</time>
      </trkpt>
      <trkpt lat="42.318667732179164886474609375" lon="1.73506191931664943695068359375">
        <ele>1516.5999755859375</ele>
        <time>2026-09-05T07:48:37.000Z</time>
      </trkpt>
      <trkpt lat="42.31873369775712490081787109375" lon="1.735000312328338623046875">
        <ele>1516.4000244140625</ele>
        <time>2026-09-05T07:48:43.000Z</time>
      </trkpt>
      <trkpt lat="42.3187611065804958343505859375" lon="1.73495898954570293426513671875">
        <ele>1516.4000244140625</ele>
        <time>2026-09-05T07:48:46.000Z</time>
      </trkpt>
      <trkpt lat="42.3188177682459354400634765625" lon="1.734893023967742919921875">
        <ele>1516.800048828125</ele>
        <time>2026-09-05T07:48:52.000Z</time>
      </trkpt>
      <trkpt lat="42.31882723979651927947998046875" lon="1.73488003201782703399658203125">
        <ele>1516.4000244140625</ele>
        <time>2026-09-05T07:48:53.000Z</time>
      </trkpt>
      <trkpt lat="42.3188372142612934112548828125" lon="1.73487114720046520233154296875">
        <ele>1516</ele>
        <time>2026-09-05T07:48:54.000Z</time>
      </trkpt>
      <trkpt lat="42.318885326385498046875" lon="1.73481834121048450469970703125">
        <ele>1515</ele>
        <time>2026-09-05T07:48:59.000Z</time>
      </trkpt>
      <trkpt lat="42.31892329640686511993408203125" lon="1.73480191268026828765869140625">
        <ele>1515.199951171875</ele>
        <time>2026-09-05T07:49:02.000Z</time>
      </trkpt>
      <trkpt lat="42.3190095461905002593994140625" lon="1.73477442003786563873291015625">
        <ele>1514.800048828125</ele>
        <time>2026-09-05T07:49:08.000Z</time>
      </trkpt>
      <trkpt lat="42.31903217732906341552734375" lon="1.73477442003786563873291015625">
        <ele>1514.800048828125</ele>
        <time>2026-09-05T07:49:10.000Z</time>
      </trkpt>
      <trkpt lat="42.31910166330635547637939453125" lon="1.734788753092288970947265625">
        <ele>1514.5999755859375</ele>
        <time>2026-09-05T07:49:15.000Z</time>
      </trkpt>
      <trkpt lat="42.31914709322154521942138671875" lon="1.734820939600467681884765625">
        <ele>1514</ele>
        <time>2026-09-05T07:49:19.000Z</time>
      </trkpt>
      <trkpt lat="42.31915983371436595916748046875" lon="1.73481968231499195098876953125">
        <ele>1513.800048828125</ele>
        <time>2026-09-05T07:49:20.000Z</time>
      </trkpt>
      <trkpt lat="42.31922605074942111968994140625" lon="1.73485052771866321563720703125">
        <ele>1513.5999755859375</ele>
        <time>2026-09-05T07:49:26.000Z</time>
      </trkpt>
      <trkpt lat="42.31924918480217456817626953125" lon="1.7348670400679111480712890625">
        <ele>1513.5999755859375</ele>
        <time>2026-09-05T07:49:28.000Z</time>
      </trkpt>
      <trkpt lat="42.3193025775253772735595703125" lon="1.7348935268819332122802734375">
        <ele>1512.800048828125</ele>
        <time>2026-09-05T07:49:33.000Z</time>
      </trkpt>
      <trkpt lat="42.319317497313022613525390625" lon="1.7348995618522167205810546875">
        <ele>1512.5999755859375</ele>
        <time>2026-09-05T07:49:34.000Z</time>
      </trkpt>
      <trkpt lat="42.31939536519348621368408203125" lon="1.73493635840713977813720703125">
        <ele>1512.4000244140625</ele>
        <time>2026-09-05T07:49:40.000Z</time>
      </trkpt>
      <trkpt lat="42.31946267187595367431640625" lon="1.7349602468311786651611328125">
        <ele>1511.800048828125</ele>
        <time>2026-09-05T07:49:46.000Z</time>
      </trkpt>
      <trkpt lat="42.31953299604356288909912109375" lon="1.7349907569587230682373046875">
        <ele>1511.4000244140625</ele>
        <time>2026-09-05T07:49:52.000Z</time>
      </trkpt>
      <trkpt lat="42.31960625387728214263916015625" lon="1.73500039614737033843994140625">
        <ele>1511</ele>
        <time>2026-09-05T07:49:58.000Z</time>
      </trkpt>
      <trkpt lat="42.31962167657911777496337890625" lon="1.73500224016606807708740234375">
        <ele>1510.800048828125</ele>
        <time>2026-09-05T07:49:59.000Z</time>
      </trkpt>
      <trkpt lat="42.31963642872869968414306640625" lon="1.735004000365734100341796875">
        <ele>1510.800048828125</ele>
        <time>2026-09-05T07:50:00.000Z</time>
      </trkpt>
      <trkpt lat="42.3196928389370441436767578125" lon="1.7350122146308422088623046875">
        <ele>1511</ele>
        <time>2026-09-05T07:50:05.000Z</time>
      </trkpt>
      <trkpt lat="42.319756709039211273193359375" lon="1.7350135557353496551513671875">
        <ele>1510.199951171875</ele>
        <time>2026-09-05T07:50:11.000Z</time>
      </trkpt>
      <trkpt lat="42.319831140339374542236328125" lon="1.7349931038916110992431640625">
        <ele>1511.199951171875</ele>
        <time>2026-09-05T07:50:17.000Z</time>
      </trkpt>
      <trkpt lat="42.3199059069156646728515625" lon="1.7349709756672382354736328125">
        <ele>1511.199951171875</ele>
        <time>2026-09-05T07:50:23.000Z</time>
      </trkpt>
      <trkpt lat="42.31991940177977085113525390625" lon="1.734969131648540496826171875">
        <ele>1511.199951171875</ele>
        <time>2026-09-05T07:50:24.000Z</time>
      </trkpt>
      <trkpt lat="42.319980002939701080322265625" lon="1.73494541086256504058837890625">
        <ele>1510.4000244140625</ele>
        <time>2026-09-05T07:50:30.000Z</time>
      </trkpt>
      <trkpt lat="42.31998159550130367279052734375" lon="1.73494792543351650238037109375">
        <ele>1510.4000244140625</ele>
        <time>2026-09-05T07:50:31.000Z</time>
      </trkpt>
      <trkpt lat="42.3199855349957942962646484375" lon="1.73494608141481876373291015625">
        <ele>1510.199951171875</ele>
        <time>2026-09-05T07:50:34.000Z</time>
      </trkpt>
      <trkpt lat="42.32002652250230312347412109375" lon="1.734934933483600616455078125">
        <ele>1510.199951171875</ele>
        <time>2026-09-05T07:50:39.000Z</time>
      </trkpt>
      <trkpt lat="42.32008988969027996063232421875" lon="1.73491640947759151458740234375">
        <ele>1510.800048828125</ele>
        <time>2026-09-05T07:50:45.000Z</time>
      </trkpt>
      <trkpt lat="42.32010237872600555419921875" lon="1.7349126376211643218994140625">
        <ele>1510.800048828125</ele>
        <time>2026-09-05T07:50:46.000Z</time>
      </trkpt>
      <trkpt lat="42.3201628960669040679931640625" lon="1.73488472588360309600830078125">
        <ele>1510.5999755859375</ele>
        <time>2026-09-05T07:50:51.000Z</time>
      </trkpt>
      <trkpt lat="42.320176474750041961669921875" lon="1.7348968796432018280029296875">
        <ele>1510.4000244140625</ele>
        <time>2026-09-05T07:50:57.000Z</time>
      </trkpt>
      <trkpt lat="42.3201756365597248077392578125" lon="1.734893023967742919921875">
        <ele>1510.199951171875</ele>
        <time>2026-09-05T07:51:01.000Z</time>
      </trkpt>
      <trkpt lat="42.3202530853450298309326171875" lon="1.73489637672901153564453125">
        <ele>1509.4000244140625</ele>
        <time>2026-09-05T07:57:39.000Z</time>
      </trkpt>
      <trkpt lat="42.3202735371887683868408203125" lon="1.73490869812667369842529296875">
        <ele>1509.5999755859375</ele>
        <time>2026-09-05T07:57:41.000Z</time>
      </trkpt>
      <trkpt lat="42.320326007902622222900390625" lon="1.73492881469428539276123046875">
        <ele>1510.4000244140625</ele>
        <time>2026-09-05T07:57:46.000Z</time>
      </trkpt>
      <trkpt lat="42.3204059712588787078857421875" lon="1.73495328985154628753662109375">
        <ele>1509.800048828125</ele>
        <time>2026-09-05T07:57:52.000Z</time>
      </trkpt>
      <trkpt lat="42.32042047195136547088623046875" lon="1.73496074974536895751953125">
        <ele>1509.4000244140625</ele>
        <time>2026-09-05T07:57:53.000Z</time>
      </trkpt>
      <trkpt lat="42.32043807394802570343017578125" lon="1.73497575335204601287841796875">
        <ele>1509</ele>
        <time>2026-09-05T07:57:55.000Z</time>
      </trkpt>
      <trkpt lat="42.32048928737640380859375" lon="1.73498447053134441375732421875">
        <ele>1510.199951171875</ele>
        <time>2026-09-05T07:57:59.000Z</time>
      </trkpt>
      <trkpt lat="42.320511080324649810791015625" lon="1.73499251715838909149169921875">
        <ele>1510.5999755859375</ele>
        <time>2026-09-05T07:58:01.000Z</time>
      </trkpt>
      <trkpt lat="42.3205699212849140167236328125" lon="1.7350454069674015045166015625">
        <ele>1509.5999755859375</ele>
        <time>2026-09-05T07:58:06.000Z</time>
      </trkpt>
      <trkpt lat="42.32058559544384479522705078125" lon="1.7350517772138118743896484375">
        <ele>1509.4000244140625</ele>
        <time>2026-09-05T07:58:07.000Z</time>
      </trkpt>
      <trkpt lat="42.32065868563950061798095703125" lon="1.73507214523851871490478515625">
        <ele>1509.4000244140625</ele>
        <time>2026-09-05T07:58:13.000Z</time>
      </trkpt>
      <trkpt lat="42.32074535451829433441162109375" lon="1.73509360291063785552978515625">
        <ele>1509.199951171875</ele>
        <time>2026-09-05T07:58:19.000Z</time>
      </trkpt>
      <trkpt lat="42.32075893320143222808837890625" lon="1.7350916750729084014892578125">
        <ele>1508.800048828125</ele>
        <time>2026-09-05T07:58:20.000Z</time>
      </trkpt>
      <trkpt lat="42.32084157876670360565185546875" lon="1.735092513263225555419921875">
        <ele>1509</ele>
        <time>2026-09-05T07:58:26.000Z</time>
      </trkpt>
      <trkpt lat="42.32086789794266223907470703125" lon="1.73509326763451099395751953125">
        <ele>1509.199951171875</ele>
        <time>2026-09-05T07:58:28.000Z</time>
      </trkpt>
      <trkpt lat="42.32096428982913494110107421875" lon="1.7351169884204864501953125">
        <ele>1509.5999755859375</ele>
        <time>2026-09-05T07:58:34.000Z</time>
      </trkpt>
      <trkpt lat="42.32099689543247222900390625" lon="1.73513383604586124420166015625">
        <ele>1508.4000244140625</ele>
        <time>2026-09-05T07:58:37.000Z</time>
      </trkpt>
      <trkpt lat="42.321064956486225128173828125" lon="1.73516719602048397064208984375">
        <ele>1508.199951171875</ele>
        <time>2026-09-05T07:58:43.000Z</time>
      </trkpt>
      <trkpt lat="42.32108012773096561431884765625" lon="1.73517658375203609466552734375">
        <ele>1508.199951171875</ele>
        <time>2026-09-05T07:58:44.000Z</time>
      </trkpt>
      <trkpt lat="42.32114173471927642822265625" lon="1.73522855155169963836669921875">
        <ele>1508.5999755859375</ele>
        <time>2026-09-05T07:58:50.000Z</time>
      </trkpt>
      <trkpt lat="42.32116780243813991546630859375" lon="1.7352412082254886627197265625">
        <ele>1508.5999755859375</ele>
        <time>2026-09-05T07:58:52.000Z</time>
      </trkpt>
      <trkpt lat="42.32123938389122486114501953125" lon="1.73528395593166351318359375">
        <ele>1509</ele>
        <time>2026-09-05T07:58:58.000Z</time>
      </trkpt>
      <trkpt lat="42.32127928175032138824462890625" lon="1.73530717380344867706298828125">
        <ele>1508.800048828125</ele>
        <time>2026-09-05T07:59:01.000Z</time>
      </trkpt>
      <trkpt lat="42.32134499587118625640869140625" lon="1.7353396117687225341796875">
        <ele>1509</ele>
        <time>2026-09-05T07:59:07.000Z</time>
      </trkpt>
      <trkpt lat="42.3213715665042400360107421875" lon="1.73534673638641834259033203125">
        <ele>1508.800048828125</ele>
        <time>2026-09-05T07:59:09.000Z</time>
      </trkpt>
      <trkpt lat="42.32138338498771190643310546875" lon="1.73535277135670185089111328125">
        <ele>1508.800048828125</ele>
        <time>2026-09-05T07:59:10.000Z</time>
      </trkpt>
      <trkpt lat="42.32145630754530429840087890625" lon="1.735386215150356292724609375">
        <ele>1509.199951171875</ele>
        <time>2026-09-05T07:59:16.000Z</time>
      </trkpt>
      <trkpt lat="42.32153207994997501373291015625" lon="1.7354286275804042816162109375">
        <ele>1509</ele>
        <time>2026-09-05T07:59:22.000Z</time>
      </trkpt>
      <trkpt lat="42.3215432278811931610107421875" lon="1.73543374054133892059326171875">
        <ele>1509</ele>
        <time>2026-09-05T07:59:23.000Z</time>
      </trkpt>
      <trkpt lat="42.32160709798336029052734375" lon="1.73546995036303997039794921875">
        <ele>1509.199951171875</ele>
        <time>2026-09-05T07:59:29.000Z</time>
      </trkpt>
      <trkpt lat="42.32165328226983547210693359375" lon="1.73552476800978183746337890625">
        <ele>1509.4000244140625</ele>
        <time>2026-09-05T07:59:34.000Z</time>
      </trkpt>
      <trkpt lat="42.321703992784023284912109375" lon="1.7355932481586933135986328125">
        <ele>1509.5999755859375</ele>
        <time>2026-09-05T07:59:40.000Z</time>
      </trkpt>
      <trkpt lat="42.32172922231256961822509765625" lon="1.73565275967121124267578125">
        <ele>1510</ele>
        <time>2026-09-05T07:59:44.000Z</time>
      </trkpt>
      <trkpt lat="42.321765013039112091064453125" lon="1.7357434518635272979736328125">
        <ele>1509.5999755859375</ele>
        <time>2026-09-05T07:59:50.000Z</time>
      </trkpt>
      <trkpt lat="42.32179694809019565582275390625" lon="1.7358125187456607818603515625">
        <ele>1509.4000244140625</ele>
        <time>2026-09-05T07:59:55.000Z</time>
      </trkpt>
      <trkpt lat="42.32183902524411678314208984375" lon="1.73589725978672504425048828125">
        <ele>1509.199951171875</ele>
        <time>2026-09-05T08:00:01.000Z</time>
      </trkpt>
      <trkpt lat="42.3218505084514617919921875" lon="1.7359270155429840087890625">
        <ele>1509.199951171875</ele>
        <time>2026-09-05T08:00:03.000Z</time>
      </trkpt>
      <trkpt lat="42.32190457172691822052001953125" lon="1.7360103316605091094970703125">
        <ele>1509.4000244140625</ele>
        <time>2026-09-05T08:00:09.000Z</time>
      </trkpt>
      <trkpt lat="42.3219207488000392913818359375" lon="1.7360425181686878204345703125">
        <ele>1510.199951171875</ele>
        <time>2026-09-05T08:00:11.000Z</time>
      </trkpt>
      <trkpt lat="42.32193843461573123931884765625" lon="1.73607059754431247711181640625">
        <ele>1510.5999755859375</ele>
        <time>2026-09-05T08:00:13.000Z</time>
      </trkpt>
      <trkpt lat="42.3219730518758296966552734375" lon="1.736155338585376739501953125">
        <ele>1510.4000244140625</ele>
        <time>2026-09-05T08:00:18.000Z</time>
      </trkpt>
      <trkpt lat="42.322006411850452423095703125" lon="1.73624326474964618682861328125">
        <ele>1510.199951171875</ele>
        <time>2026-09-05T08:00:24.000Z</time>
      </trkpt>
      <trkpt lat="42.322014458477497100830078125" lon="1.73634636215865612030029296875">
        <ele>1510.4000244140625</ele>
        <time>2026-09-05T08:00:29.000Z</time>
      </trkpt>
      <trkpt lat="42.32200347818434238433837890625" lon="1.736448705196380615234375">
        <ele>1510</ele>
        <time>2026-09-05T08:00:35.000Z</time>
      </trkpt>
      <trkpt lat="42.32199911959469318389892578125" lon="1.73647996969521045684814453125">
        <ele>1510.199951171875</ele>
        <time>2026-09-05T08:00:37.000Z</time>
      </trkpt>
      <trkpt lat="42.3219710402190685272216796875" lon="1.73658549785614013671875">
        <ele>1510.5999755859375</ele>
        <time>2026-09-05T08:00:43.000Z</time>
      </trkpt>
      <trkpt lat="42.3219643346965312957763671875" lon="1.736611314117908477783203125">
        <ele>1510.800048828125</ele>
        <time>2026-09-05T08:00:45.000Z</time>
      </trkpt>
      <trkpt lat="42.32194698415696620941162109375" lon="1.73671080730855464935302734375">
        <ele>1511.4000244140625</ele>
        <time>2026-09-05T08:00:51.000Z</time>
      </trkpt>
      <trkpt lat="42.3219418711960315704345703125" lon="1.73675053752958774566650390625">
        <ele>1511.5999755859375</ele>
        <time>2026-09-05T08:00:53.000Z</time>
      </trkpt>
      <trkpt lat="42.321958802640438079833984375" lon="1.7368455044925212860107421875">
        <ele>1511.4000244140625</ele>
        <time>2026-09-05T08:00:59.000Z</time>
      </trkpt>
      <trkpt lat="42.32197648845613002777099609375" lon="1.73692278563976287841796875">
        <ele>1511.5999755859375</ele>
        <time>2026-09-05T08:01:04.000Z</time>
      </trkpt>
      <trkpt lat="42.32198252342641353607177734375" lon="1.736940555274486541748046875">
        <ele>1511.5999755859375</ele>
        <time>2026-09-05T08:01:05.000Z</time>
      </trkpt>
      <trkpt lat="42.3220409452915191650390625" lon="1.73703401349484920501708984375">
        <ele>1511.800048828125</ele>
        <time>2026-09-05T08:01:11.000Z</time>
      </trkpt>
      <trkpt lat="42.32209936715662479400634765625" lon="1.73710324801504611968994140625">
        <ele>1511.5999755859375</ele>
        <time>2026-09-05T08:01:17.000Z</time>
      </trkpt>
      <trkpt lat="42.322112359106540679931640625" lon="1.73711129464209079742431640625">
        <ele>1511.5999755859375</ele>
        <time>2026-09-05T08:01:18.000Z</time>
      </trkpt>
      <trkpt lat="42.32215887866914272308349609375" lon="1.73721891827881336212158203125">
        <ele>1511.4000244140625</ele>
        <time>2026-09-05T08:01:24.000Z</time>
      </trkpt>
      <trkpt lat="42.32219710014760494232177734375" lon="1.73730759881436824798583984375">
        <ele>1511</ele>
        <time>2026-09-05T08:01:30.000Z</time>
      </trkpt>
      <trkpt lat="42.32220313511788845062255859375" lon="1.73732570372521877288818359375">
        <ele>1510.800048828125</ele>
        <time>2026-09-05T08:01:31.000Z</time>
      </trkpt>
      <trkpt lat="42.322252504527568817138671875" lon="1.73740130849182605743408203125">
        <ele>1510.5999755859375</ele>
        <time>2026-09-05T08:01:37.000Z</time>
      </trkpt>
      <trkpt lat="42.322285361588001251220703125" lon="1.737485714256763458251953125">
        <ele>1510.4000244140625</ele>
        <time>2026-09-05T08:01:43.000Z</time>
      </trkpt>
      <trkpt lat="42.32229449786245822906494140625" lon="1.73749384470283985137939453125">
        <ele>1510.4000244140625</ele>
        <time>2026-09-05T08:01:44.000Z</time>
      </trkpt>
      <trkpt lat="42.3223348148167133331298828125" lon="1.73756383359432220458984375">
        <ele>1510.4000244140625</ele>
        <time>2026-09-05T08:01:50.000Z</time>
      </trkpt>
      <trkpt lat="42.3223425261676311492919921875" lon="1.737577915191650390625">
        <ele>1510.4000244140625</ele>
        <time>2026-09-05T08:01:51.000Z</time>
      </trkpt>
      <trkpt lat="42.3223991878330707550048828125" lon="1.73764924518764019012451171875">
        <ele>1510.4000244140625</ele>
        <time>2026-09-05T08:01:57.000Z</time>
      </trkpt>
      <trkpt lat="42.3224514909088611602783203125" lon="1.7376959323883056640625">
        <ele>1509.4000244140625</ele>
        <time>2026-09-05T08:02:02.000Z</time>
      </trkpt>
      <trkpt lat="42.3225299455225467681884765625" lon="1.73773281276226043701171875">
        <ele>1509.4000244140625</ele>
        <time>2026-09-05T08:02:08.000Z</time>
      </trkpt>
      <trkpt lat="42.3225386627018451690673828125" lon="1.73773809336125850677490234375">
        <ele>1509.199951171875</ele>
        <time>2026-09-05T08:02:09.000Z</time>
      </trkpt>
      <trkpt lat="42.32261384837329387664794921875" lon="1.73777304589748382568359375">
        <ele>1508.800048828125</ele>
        <time>2026-09-05T08:02:15.000Z</time>
      </trkpt>
      <trkpt lat="42.32262725941836833953857421875" lon="1.737776063382625579833984375">
        <ele>1508.5999755859375</ele>
        <time>2026-09-05T08:02:16.000Z</time>
      </trkpt>
      <trkpt lat="42.3226690851151943206787109375" lon="1.7377893067896366119384765625">
        <ele>1508.4000244140625</ele>
        <time>2026-09-05T08:02:19.000Z</time>
      </trkpt>
      <trkpt lat="42.32271728105843067169189453125" lon="1.73781638033688068389892578125">
        <ele>1508.199951171875</ele>
        <time>2026-09-05T08:02:23.000Z</time>
      </trkpt>
      <trkpt lat="42.32278232462704181671142578125" lon="1.73786952160298824310302734375">
        <ele>1507.800048828125</ele>
        <time>2026-09-05T08:02:29.000Z</time>
      </trkpt>
      <trkpt lat="42.32281853444874286651611328125" lon="1.73790740780532360076904296875">
        <ele>1507.4000244140625</ele>
        <time>2026-09-05T08:02:32.000Z</time>
      </trkpt>
      <trkpt lat="42.32284870930016040802001953125" lon="1.73793624155223369598388671875">
        <ele>1507.199951171875</ele>
        <time>2026-09-05T08:02:35.000Z</time>
      </trkpt>
      <trkpt lat="42.32291190885007381439208984375" lon="1.73801553435623645782470703125">
        <ele>1506.4000244140625</ele>
        <time>2026-09-05T08:02:41.000Z</time>
      </trkpt>
      <trkpt lat="42.322919368743896484375" lon="1.738030873239040374755859375">
        <ele>1506.4000244140625</ele>
        <time>2026-09-05T08:02:42.000Z</time>
      </trkpt>
      <trkpt lat="42.322927080094814300537109375" lon="1.73804369755089282989501953125">
        <ele>1506.199951171875</ele>
        <time>2026-09-05T08:02:43.000Z</time>
      </trkpt>
      <trkpt lat="42.3229889385402202606201171875" lon="1.7381219007074832916259765625">
        <ele>1505.800048828125</ele>
        <time>2026-09-05T08:02:49.000Z</time>
      </trkpt>
      <trkpt lat="42.323013246059417724609375" lon="1.73815232701599597930908203125">
        <ele>1505.199951171875</ele>
        <time>2026-09-05T08:02:52.000Z</time>
      </trkpt>
      <trkpt lat="42.3230482824146747589111328125" lon="1.73819993622601032257080078125">
        <ele>1504.4000244140625</ele>
        <time>2026-09-05T08:02:56.000Z</time>
      </trkpt>
      <trkpt lat="42.32306814752519130706787109375" lon="1.73822709359228610992431640625">
        <ele>1504.199951171875</ele>
        <time>2026-09-05T08:02:58.000Z</time>
      </trkpt>
      <trkpt lat="42.32307619415223598480224609375" lon="1.73829599283635616302490234375">
        <ele>1503.5999755859375</ele>
        <time>2026-09-05T08:03:02.000Z</time>
      </trkpt>
      <trkpt lat="42.3230958916246891021728515625" lon="1.738318540155887603759765625">
        <ele>1503.4000244140625</ele>
        <time>2026-09-05T08:03:04.000Z</time>
      </trkpt>
      <trkpt lat="42.32312346808612346649169921875" lon="1.7383824102580547332763671875">
        <ele>1503</ele>
        <time>2026-09-05T08:03:08.000Z</time>
      </trkpt>
      <trkpt lat="42.32316219247877597808837890625" lon="1.7384813167154788970947265625">
        <ele>1502.800048828125</ele>
        <time>2026-09-05T08:03:14.000Z</time>
      </trkpt>
      <trkpt lat="42.32319488190114498138427734375" lon="1.7385751940310001373291015625">
        <ele>1502.5999755859375</ele>
        <time>2026-09-05T08:03:20.000Z</time>
      </trkpt>
      <trkpt lat="42.32320158742368221282958984375" lon="1.73859070055186748504638671875">
        <ele>1502.4000244140625</ele>
        <time>2026-09-05T08:03:21.000Z</time>
      </trkpt>
      <trkpt lat="42.32322354800999164581298828125" lon="1.73867519013583660125732421875">
        <ele>1502.4000244140625</ele>
        <time>2026-09-05T08:03:27.000Z</time>
      </trkpt>
      <trkpt lat="42.32324802316725254058837890625" lon="1.73878482542932033538818359375">
        <ele>1502.199951171875</ele>
        <time>2026-09-05T08:03:33.000Z</time>
      </trkpt>
      <trkpt lat="42.32325254939496517181396484375" lon="1.73879764974117279052734375">
        <ele>1502</ele>
        <time>2026-09-05T08:03:34.000Z</time>
      </trkpt>
      <trkpt lat="42.32327735982835292816162109375" lon="1.738897897303104400634765625">
        <ele>1502.5999755859375</ele>
        <time>2026-09-05T08:03:40.000Z</time>
      </trkpt>
      <trkpt lat="42.32329462654888629913330078125" lon="1.73891038633882999420166015625">
        <ele>1503</ele>
        <time>2026-09-05T08:03:42.000Z</time>
      </trkpt>
      <trkpt lat="42.3233222030103206634521484375" lon="1.73895464278757572174072265625">
        <ele>1502.800048828125</ele>
        <time>2026-09-05T08:03:45.000Z</time>
      </trkpt>
      <trkpt lat="42.32334005646407604217529296875" lon="1.73901298083364963531494140625">
        <ele>1502.5999755859375</ele>
        <time>2026-09-05T08:03:49.000Z</time>
      </trkpt>
      <trkpt lat="42.32336050830781459808349609375" lon="1.739036031067371368408203125">
        <ele>1502.5999755859375</ele>
        <time>2026-09-05T08:03:51.000Z</time>
      </trkpt>
      <trkpt lat="42.32342286966741085052490234375" lon="1.739098392426967620849609375">
        <ele>1501.800048828125</ele>
        <time>2026-09-05T08:03:57.000Z</time>
      </trkpt>
      <trkpt lat="42.32346142642199993133544921875" lon="1.73917106352746486663818359375">
        <ele>1502.199951171875</ele>
        <time>2026-09-05T08:04:03.000Z</time>
      </trkpt>
      <trkpt lat="42.32346544973552227020263671875" lon="1.73918480984866619110107421875">
        <ele>1502.199951171875</ele>
        <time>2026-09-05T08:04:04.000Z</time>
      </trkpt>
      <trkpt lat="42.32351548969745635986328125" lon="1.7392655275762081146240234375">
        <ele>1502</ele>
        <time>2026-09-05T08:04:10.000Z</time>
      </trkpt>
      <trkpt lat="42.3235253803431987762451171875" lon="1.739277429878711700439453125">
        <ele>1502.199951171875</ele>
        <time>2026-09-05T08:04:11.000Z</time>
      </trkpt>
      <trkpt lat="42.32357047498226165771484375" lon="1.73936116509139537811279296875">
        <ele>1502.800048828125</ele>
        <time>2026-09-05T08:04:17.000Z</time>
      </trkpt>
      <trkpt lat="42.3235998116433620452880859375" lon="1.73939041793346405029296875">
        <ele>1502.800048828125</ele>
        <time>2026-09-05T08:04:20.000Z</time>
      </trkpt>
      <trkpt lat="42.32365219853818416595458984375" lon="1.73944414593279361724853515625">
        <ele>1502.4000244140625</ele>
        <time>2026-09-05T08:04:26.000Z</time>
      </trkpt>
      <trkpt lat="42.3237044177949428558349609375" lon="1.73947582952678203582763671875">
        <ele>1502.5999755859375</ele>
        <time>2026-09-05T08:04:30.000Z</time>
      </trkpt>
      <trkpt lat="42.3237728141248226165771484375" lon="1.7395345866680145263671875">
        <ele>1502.800048828125</ele>
        <time>2026-09-05T08:04:36.000Z</time>
      </trkpt>
      <trkpt lat="42.32381832785904407501220703125" lon="1.7395694553852081298828125">
        <ele>1502.800048828125</ele>
        <time>2026-09-05T08:04:41.000Z</time>
      </trkpt>
      <trkpt lat="42.32388102449476718902587890625" lon="1.7396108619868755340576171875">
        <ele>1502.800048828125</ele>
        <time>2026-09-05T08:04:47.000Z</time>
      </trkpt>
      <trkpt lat="42.32390969060361385345458984375" lon="1.7396316491067409515380859375">
        <ele>1502.800048828125</ele>
        <time>2026-09-05T08:04:50.000Z</time>
      </trkpt>
      <trkpt lat="42.3239766620099544525146484375" lon="1.7396752350032329559326171875">
        <ele>1502.5999755859375</ele>
        <time>2026-09-05T08:04:56.000Z</time>
      </trkpt>
      <trkpt lat="42.32400088571012020111083984375" lon="1.73968655057251453399658203125">
        <ele>1502.5999755859375</ele>
        <time>2026-09-05T08:04:58.000Z</time>
      </trkpt>
      <trkpt lat="42.3240794241428375244140625" lon="1.7397077567875385284423828125">
        <ele>1502.800048828125</ele>
        <time>2026-09-05T08:05:04.000Z</time>
      </trkpt>
      <trkpt lat="42.3241245187819004058837890625" lon="1.7397174797952175140380859375">
        <ele>1503</ele>
        <time>2026-09-05T08:05:08.000Z</time>
      </trkpt>
      <trkpt lat="42.32419752515852451324462890625" lon="1.73973105847835540771484375">
        <ele>1503.4000244140625</ele>
        <time>2026-09-05T08:05:14.000Z</time>
      </trkpt>
      <trkpt lat="42.3242472298443317413330078125" lon="1.73975159414112567901611328125">
        <ele>1503.800048828125</ele>
        <time>2026-09-05T08:05:18.000Z</time>
      </trkpt>
      <trkpt lat="42.324295341968536376953125" lon="1.7397660948336124420166015625">
        <ele>1504</ele>
        <time>2026-09-05T08:05:22.000Z</time>
      </trkpt>
      <trkpt lat="42.3243692703545093536376953125" lon="1.73978604376316070556640625">
        <ele>1504.4000244140625</ele>
        <time>2026-09-05T08:05:28.000Z</time>
      </trkpt>
      <trkpt lat="42.32438050210475921630859375" lon="1.7397932521998882293701171875">
        <ele>1504.4000244140625</ele>
        <time>2026-09-05T08:05:29.000Z</time>
      </trkpt>
      <trkpt lat="42.32443423010408878326416015625" lon="1.73982518725097179412841796875">
        <ele>1504.5999755859375</ele>
        <time>2026-09-05T08:05:34.000Z</time>
      </trkpt>
      <trkpt lat="42.3244789056479930877685546875" lon="1.73986039124429225921630859375">
        <ele>1504.5999755859375</ele>
        <time>2026-09-05T08:05:38.000Z</time>
      </trkpt>
      <trkpt lat="42.3245281912386417388916015625" lon="1.73990540206432342529296875">
        <ele>1505</ele>
        <time>2026-09-05T08:05:44.000Z</time>
      </trkpt>
      <trkpt lat="42.32456230558454990386962890625" lon="1.739921160042285919189453125">
        <ele>1505.199951171875</ele>
        <time>2026-09-05T08:05:47.000Z</time>
      </trkpt>
      <trkpt lat="42.324636317789554595947265625" lon="1.7399468086659908294677734375">
        <ele>1505.4000244140625</ele>
        <time>2026-09-05T08:05:53.000Z</time>
      </trkpt>
      <trkpt lat="42.3246586136519908905029296875" lon="1.73995636403560638427734375">
        <ele>1505.5999755859375</ele>
        <time>2026-09-05T08:05:55.000Z</time>
      </trkpt>
      <trkpt lat="42.32472726143896579742431640625" lon="1.73998042009770870208740234375">
        <ele>1505.800048828125</ele>
        <time>2026-09-05T08:06:01.000Z</time>
      </trkpt>
      <trkpt lat="42.3247766308486461639404296875" lon="1.7399900592863559722900390625">
        <ele>1505.800048828125</ele>
        <time>2026-09-05T08:06:05.000Z</time>
      </trkpt>
      <trkpt lat="42.32485047541558742523193359375" lon="1.73997488804161548614501953125">
        <ele>1505.4000244140625</ele>
        <time>2026-09-05T08:06:11.000Z</time>
      </trkpt>
      <trkpt lat="42.32492306269705295562744140625" lon="1.7399696074426174163818359375">
        <ele>1505</ele>
        <time>2026-09-05T08:06:17.000Z</time>
      </trkpt>
      <trkpt lat="42.32494854368269443511962890625" lon="1.7399625666439533233642578125">
        <ele>1505</ele>
        <time>2026-09-05T08:06:20.000Z</time>
      </trkpt>
      <trkpt lat="42.3250062949955463409423828125" lon="1.7399773187935352325439453125">
        <ele>1504.800048828125</ele>
        <time>2026-09-05T08:06:26.000Z</time>
      </trkpt>
      <trkpt lat="42.32501844875514507293701171875" lon="1.73997539095580577850341796875">
        <ele>1504.5999755859375</ele>
        <time>2026-09-05T08:06:27.000Z</time>
      </trkpt>
      <trkpt lat="42.32505231164395809173583984375" lon="1.73996441066265106201171875">
        <ele>1504</ele>
        <time>2026-09-05T08:06:30.000Z</time>
      </trkpt>
      <trkpt lat="42.325123809278011322021484375" lon="1.73992610536515712738037109375">
        <ele>1503</ele>
        <time>2026-09-05T08:06:36.000Z</time>
      </trkpt>
      <trkpt lat="42.32513311319053173065185546875" lon="1.73991587944328784942626953125">
        <ele>1502.800048828125</ele>
        <time>2026-09-05T08:06:37.000Z</time>
      </trkpt>
      <trkpt lat="42.325189523398876190185546875" lon="1.739879585802555084228515625">
        <ele>1502.199951171875</ele>
        <time>2026-09-05T08:06:42.000Z</time>
      </trkpt>
      <trkpt lat="42.325212322175502777099609375" lon="1.73987296409904956817626953125">
        <ele>1502</ele>
        <time>2026-09-05T08:06:44.000Z</time>
      </trkpt>
      <trkpt lat="42.325236797332763671875" lon="1.73986944369971752166748046875">
        <ele>1501.800048828125</ele>
        <time>2026-09-05T08:06:46.000Z</time>
      </trkpt>
      <trkpt lat="42.3252896033227443695068359375" lon="1.7398790828883647918701171875">
        <ele>1500.5999755859375</ele>
        <time>2026-09-05T08:06:51.000Z</time>
      </trkpt>
      <trkpt lat="42.325377278029918670654296875" lon="1.73987128771841526031494140625">
        <ele>1499.800048828125</ele>
        <time>2026-09-05T08:06:57.000Z</time>
      </trkpt>
      <trkpt lat="42.3254076205193996429443359375" lon="1.7398747242987155914306640625">
        <ele>1499.5999755859375</ele>
        <time>2026-09-05T08:06:59.000Z</time>
      </trkpt>
      <trkpt lat="42.3254223726689815521240234375" lon="1.7398752272129058837890625">
        <ele>1499.4000244140625</ele>
        <time>2026-09-05T08:07:00.000Z</time>
      </trkpt>
      <trkpt lat="42.32547274790704250335693359375" lon="1.739899031817913055419921875">
        <ele>1498.4000244140625</ele>
        <time>2026-09-05T08:07:05.000Z</time>
      </trkpt>
      <trkpt lat="42.32550032436847686767578125" lon="1.739906407892704010009765625">
        <ele>1498</ele>
        <time>2026-09-05T08:07:07.000Z</time>
      </trkpt>
      <trkpt lat="42.325540892779827117919921875" lon="1.73992929048836231231689453125">
        <ele>1497.4000244140625</ele>
        <time>2026-09-05T08:07:10.000Z</time>
      </trkpt>
      <trkpt lat="42.3255977220833301544189453125" lon="1.73993901349604129791259765625">
        <ele>1496.4000244140625</ele>
        <time>2026-09-05T08:07:15.000Z</time>
      </trkpt>
      <trkpt lat="42.32564424164593219757080078125" lon="1.7399887181818485260009765625">
        <ele>1496.199951171875</ele>
        <time>2026-09-05T08:07:21.000Z</time>
      </trkpt>
      <trkpt lat="42.325706183910369873046875" lon="1.74005418084561824798583984375">
        <ele>1496</ele>
        <time>2026-09-05T08:07:27.000Z</time>
      </trkpt>
      <trkpt lat="42.3257170803844928741455078125" lon="1.74006499350070953369140625">
        <ele>1496</ele>
        <time>2026-09-05T08:07:28.000Z</time>
      </trkpt>
      <trkpt lat="42.32576644979417324066162109375" lon="1.7401100881397724151611328125">
        <ele>1495.199951171875</ele>
        <time>2026-09-05T08:07:33.000Z</time>
      </trkpt>
      <trkpt lat="42.325776256620883941650390625" lon="1.74011033959686756134033203125">
        <ele>1494.800048828125</ele>
        <time>2026-09-05T08:07:34.000Z</time>
      </trkpt>
      <trkpt lat="42.3258014023303985595703125" lon="1.74014101736247539520263671875">
        <ele>1494.199951171875</ele>
        <time>2026-09-05T08:07:36.000Z</time>
      </trkpt>
      <trkpt lat="42.32582344673573970794677734375" lon="1.7401580326259136199951171875">
        <ele>1494.199951171875</ele>
        <time>2026-09-05T08:07:38.000Z</time>
      </trkpt>
      <trkpt lat="42.32587046921253204345703125" lon="1.74024880863726139068603515625">
        <ele>1494.199951171875</ele>
        <time>2026-09-05T08:07:44.000Z</time>
      </trkpt>
      <trkpt lat="42.32592972926795482635498046875" lon="1.740313433110713958740234375">
        <ele>1493.199951171875</ele>
        <time>2026-09-05T08:07:50.000Z</time>
      </trkpt>
      <trkpt lat="42.325942553579807281494140625" lon="1.7403233237564563751220703125">
        <ele>1493.199951171875</ele>
        <time>2026-09-05T08:07:51.000Z</time>
      </trkpt>
      <trkpt lat="42.3259661905467510223388671875" lon="1.740343607962131500244140625">
        <ele>1493</ele>
        <time>2026-09-05T08:07:53.000Z</time>
      </trkpt>
      <trkpt lat="42.32602058909833431243896484375" lon="1.7404081486165523529052734375">
        <ele>1491.800048828125</ele>
        <time>2026-09-05T08:07:59.000Z</time>
      </trkpt>
      <trkpt lat="42.326081693172454833984375" lon="1.74046170897781848907470703125">
        <ele>1491.4000244140625</ele>
        <time>2026-09-05T08:08:05.000Z</time>
      </trkpt>
      <trkpt lat="42.3260929249227046966552734375" lon="1.74046791158616542816162109375">
        <ele>1491.4000244140625</ele>
        <time>2026-09-05T08:08:06.000Z</time>
      </trkpt>
      <trkpt lat="42.32614581473171710968017578125" lon="1.74051987938582897186279296875">
        <ele>1491</ele>
        <time>2026-09-05T08:08:12.000Z</time>
      </trkpt>
      <trkpt lat="42.32616148889064788818359375" lon="1.7405377328395843505859375">
        <ele>1490.800048828125</ele>
        <time>2026-09-05T08:08:14.000Z</time>
      </trkpt>
      <trkpt lat="42.32616995461285114288330078125" lon="1.74054435454308986663818359375">
        <ele>1490.800048828125</ele>
        <time>2026-09-05T08:08:15.000Z</time>
      </trkpt>
      <trkpt lat="42.3262220062315464019775390625" lon="1.740615852177143096923828125">
        <ele>1489.800048828125</ele>
        <time>2026-09-05T08:08:21.000Z</time>
      </trkpt>
      <trkpt lat="42.32622929848730564117431640625" lon="1.74062616191804409027099609375">
        <ele>1489.800048828125</ele>
        <time>2026-09-05T08:08:22.000Z</time>
      </trkpt>
      <trkpt lat="42.3262401111423969268798828125" lon="1.74063940532505512237548828125">
        <ele>1489.800048828125</ele>
        <time>2026-09-05T08:08:23.000Z</time>
      </trkpt>
      <trkpt lat="42.326288558542728424072265625" lon="1.7407109029591083526611328125">
        <ele>1489</ele>
        <time>2026-09-05T08:08:29.000Z</time>
      </trkpt>
      <trkpt lat="42.32629836536943912506103515625" lon="1.74071735702455043792724609375">
        <ele>1488.800048828125</ele>
        <time>2026-09-05T08:08:30.000Z</time>
      </trkpt>
      <trkpt lat="42.3263061605393886566162109375" lon="1.74072925932705402374267578125">
        <ele>1488.800048828125</ele>
        <time>2026-09-05T08:08:31.000Z</time>
      </trkpt>
      <trkpt lat="42.326312027871608734130859375" lon="1.740729846060276031494140625">
        <ele>1488.5999755859375</ele>
        <time>2026-09-05T08:08:36.000Z</time>
      </trkpt>
      <trkpt lat="42.326312027871608734130859375" lon="1.740729846060276031494140625">
        <ele>1488.5999755859375</ele>
        <time>2026-09-05T08:08:39.000Z</time>
      </trkpt>
      <trkpt lat="42.3263163864612579345703125" lon="1.74073914997279644012451171875">
        <ele>1488.199951171875</ele>
        <time>2026-09-05T08:08:45.000Z</time>
      </trkpt>
      <trkpt lat="42.32631714083254337310791015625" lon="1.74074619077146053314208984375">
        <ele>1488.199951171875</ele>
        <time>2026-09-05T08:08:47.000Z</time>
      </trkpt>
      <trkpt lat="42.32631571590900421142578125" lon="1.740747950971126556396484375">
        <ele>1488.4000244140625</ele>
        <time>2026-09-05T08:08:53.000Z</time>
      </trkpt>
      <trkpt lat="42.32631571590900421142578125" lon="1.740747950971126556396484375">
        <ele>1488.199951171875</ele>
        <time>2026-09-05T08:08:58.000Z</time>
      </trkpt>
      <trkpt lat="42.32631571590900421142578125" lon="1.740747950971126556396484375">
        <ele>1488.4000244140625</ele>
        <time>2026-09-05T08:09:00.000Z</time>
      </trkpt>
      <trkpt lat="42.32631571590900421142578125" lon="1.740747950971126556396484375">
        <ele>1488.4000244140625</ele>
        <time>2026-09-05T08:09:01.000Z</time>
      </trkpt>
      <trkpt lat="42.32631571590900421142578125" lon="1.740747950971126556396484375">
        <ele>1488.5999755859375</ele>
        <time>2026-09-05T08:09:02.000Z</time>
      </trkpt>
      <trkpt lat="42.32631571590900421142578125" lon="1.740747950971126556396484375">
        <ele>1488.4000244140625</ele>
        <time>2026-09-05T08:09:05.000Z</time>
      </trkpt>
      <trkpt lat="42.32631571590900421142578125" lon="1.740747950971126556396484375">
        <ele>1488.4000244140625</ele>
        <time>2026-09-05T08:09:11.000Z</time>
      </trkpt>
      <trkpt lat="42.32631571590900421142578125" lon="1.740747950971126556396484375">
        <ele>1488.199951171875</ele>
        <time>2026-09-05T08:09:17.000Z</time>
      </trkpt>
      <trkpt lat="42.32631395570933818817138671875" lon="1.74074920825660228729248046875">
        <ele>1488.199951171875</ele>
        <time>2026-09-05T08:09:19.000Z</time>
      </trkpt>
      <trkpt lat="42.32632418163120746612548828125" lon="1.740772090852260589599609375">
        <ele>1488.4000244140625</ele>
        <time>2026-09-05T08:09:21.000Z</time>
      </trkpt>
      <trkpt lat="42.32638268731534481048583984375" lon="1.7408493719995021820068359375">
        <ele>1488</ele>
        <time>2026-09-05T08:09:27.000Z</time>
      </trkpt>
      <trkpt lat="42.32640800066292285919189453125" lon="1.7408778704702854156494140625">
        <ele>1487.5999755859375</ele>
        <time>2026-09-05T08:09:30.000Z</time>
      </trkpt>
      <trkpt lat="42.3264302127063274383544921875" lon="1.74090913496911525726318359375">
        <ele>1487.199951171875</ele>
        <time>2026-09-05T08:09:33.000Z</time>
      </trkpt>
      <trkpt lat="42.32646214775741100311279296875" lon="1.74093847163021564483642578125">
        <ele>1486.5999755859375</ele>
        <time>2026-09-05T08:09:36.000Z</time>
      </trkpt>
      <trkpt lat="42.3265026323497295379638671875" lon="1.74097099341452121734619140625">
        <ele>1485.4000244140625</ele>
        <time>2026-09-05T08:09:40.000Z</time>
      </trkpt>
      <trkpt lat="42.32654227875173091888427734375" lon="1.74099161289632320404052734375">
        <ele>1484.800048828125</ele>
        <time>2026-09-05T08:09:46.000Z</time>
      </trkpt>
      <trkpt lat="42.32654227875173091888427734375" lon="1.74099194817245006561279296875">
        <ele>1484.800048828125</ele>
        <time>2026-09-05T08:09:49.000Z</time>
      </trkpt>
      <trkpt lat="42.32654227875173091888427734375" lon="1.74099194817245006561279296875">
        <ele>1484.800048828125</ele>
        <time>2026-09-05T08:09:51.000Z</time>
      </trkpt>
      <trkpt lat="42.32654227875173091888427734375" lon="1.74099194817245006561279296875">
        <ele>1485</ele>
        <time>2026-09-05T08:09:57.000Z</time>
      </trkpt>
      <trkpt lat="42.32654227875173091888427734375" lon="1.74099194817245006561279296875">
        <ele>1485</ele>
        <time>2026-09-05T08:10:02.000Z</time>
      </trkpt>
      <trkpt lat="42.32654227875173091888427734375" lon="1.74099194817245006561279296875">
        <ele>1485</ele>
        <time>2026-09-05T08:10:08.000Z</time>
      </trkpt>
      <trkpt lat="42.32654227875173091888427734375" lon="1.74099194817245006561279296875">
        <ele>1485</ele>
        <time>2026-09-05T08:10:12.000Z</time>
      </trkpt>
      <trkpt lat="42.32654227875173091888427734375" lon="1.74099194817245006561279296875">
        <ele>1485.199951171875</ele>
        <time>2026-09-05T08:10:18.000Z</time>
      </trkpt>
      <trkpt lat="42.32654227875173091888427734375" lon="1.74099194817245006561279296875">
        <ele>1485</ele>
        <time>2026-09-05T08:10:24.000Z</time>
      </trkpt>
      <trkpt lat="42.32654227875173091888427734375" lon="1.74099194817245006561279296875">
        <ele>1485</ele>
        <time>2026-09-05T08:10:30.000Z</time>
      </trkpt>
      <trkpt lat="42.32654227875173091888427734375" lon="1.74099194817245006561279296875">
        <ele>1484.800048828125</ele>
        <time>2026-09-05T08:10:34.000Z</time>
      </trkpt>
      <trkpt lat="42.32654227875173091888427734375" lon="1.74099194817245006561279296875">
        <ele>1485</ele>
        <time>2026-09-05T08:10:37.000Z</time>
      </trkpt>
      <trkpt lat="42.32656256295740604400634765625" lon="1.7409697361290454864501953125">
        <ele>1485.199951171875</ele>
        <time>2026-09-05T08:10:43.000Z</time>
      </trkpt>
      <trkpt lat="42.32657262124121189117431640625" lon="1.74096227623522281646728515625">
        <ele>1485.199951171875</ele>
        <time>2026-09-05T08:10:44.000Z</time>
      </trkpt>
      <trkpt lat="42.3266105912625789642333984375" lon="1.74093947745859622955322265625">
        <ele>1484.4000244140625</ele>
        <time>2026-09-05T08:10:48.000Z</time>
      </trkpt>
      <trkpt lat="42.32661788351833820343017578125" lon="1.7409164272248744964599609375">
        <ele>1483.5999755859375</ele>
        <time>2026-09-05T08:10:50.000Z</time>
      </trkpt>
      <trkpt lat="42.32663691043853759765625" lon="1.74088415689766407012939453125">
        <ele>1483.199951171875</ele>
        <time>2026-09-05T08:10:53.000Z</time>
      </trkpt>
      <trkpt lat="42.326667420566082000732421875" lon="1.74082330428063869476318359375">
        <ele>1482.800048828125</ele>
        <time>2026-09-05T08:10:58.000Z</time>
      </trkpt>
      <trkpt lat="42.326682507991790771484375" lon="1.74076898954808712005615234375">
        <ele>1482.199951171875</ele>
        <time>2026-09-05T08:11:01.000Z</time>
      </trkpt>
      <trkpt lat="42.32669499702751636505126953125" lon="1.7407129146158695220947265625">
        <ele>1481.199951171875</ele>
        <time>2026-09-05T08:11:04.000Z</time>
      </trkpt>
      <trkpt lat="42.3266980983316898345947265625" lon="1.7406934686005115509033203125">
        <ele>1480.800048828125</ele>
        <time>2026-09-05T08:11:05.000Z</time>
      </trkpt>
      <trkpt lat="42.32669524848461151123046875" lon="1.740617193281650543212890625">
        <ele>1480</ele>
        <time>2026-09-05T08:11:09.000Z</time>
      </trkpt>
      <trkpt lat="42.32668309472501277923583984375" lon="1.7405573464930057525634765625">
        <ele>1479.5999755859375</ele>
        <time>2026-09-05T08:11:12.000Z</time>
      </trkpt>
      <trkpt lat="42.32667270116508007049560546875" lon="1.7404946498572826385498046875">
        <ele>1479</ele>
        <time>2026-09-05T08:11:16.000Z</time>
      </trkpt>
      <trkpt lat="42.326662726700305938720703125" lon="1.74046439118683338165283203125">
        <ele>1478.800048828125</ele>
        <time>2026-09-05T08:11:18.000Z</time>
      </trkpt>
      <trkpt lat="42.326653003692626953125" lon="1.74037084914743900299072265625">
        <ele>1477.800048828125</ele>
        <time>2026-09-05T08:11:24.000Z</time>
      </trkpt>
      <trkpt lat="42.32664830982685089111328125" lon="1.74033589661121368408203125">
        <ele>1477.5999755859375</ele>
        <time>2026-09-05T08:11:26.000Z</time>
      </trkpt>
      <trkpt lat="42.32664889656007289886474609375" lon="1.74026657827198505401611328125">
        <ele>1477.199951171875</ele>
        <time>2026-09-05T08:11:30.000Z</time>
      </trkpt>
      <trkpt lat="42.326649986207485198974609375" lon="1.740209162235260009765625">
        <ele>1476.800048828125</ele>
        <time>2026-09-05T08:11:33.000Z</time>
      </trkpt>
      <trkpt lat="42.32665224932134151458740234375" lon="1.7401124350726604461669921875">
        <ele>1475.800048828125</ele>
        <time>2026-09-05T08:11:39.000Z</time>
      </trkpt>
      <trkpt lat="42.32665501534938812255859375" lon="1.7400946654379367828369140625">
        <ele>1475.800048828125</ele>
        <time>2026-09-05T08:11:40.000Z</time>
      </trkpt>
      <trkpt lat="42.32665727846324443817138671875" lon="1.74007982946932315826416015625">
        <ele>1475.800048828125</ele>
        <time>2026-09-05T08:11:41.000Z</time>
      </trkpt>
      <trkpt lat="42.3266598768532276153564453125" lon="1.73997245728969573974609375">
        <ele>1475.199951171875</ele>
        <time>2026-09-05T08:11:47.000Z</time>
      </trkpt>
      <trkpt lat="42.3266682587563991546630859375" lon="1.73985972069203853607177734375">
        <ele>1474.5999755859375</ele>
        <time>2026-09-05T08:11:53.000Z</time>
      </trkpt>
      <trkpt lat="42.3266784846782684326171875" lon="1.7397399432957172393798828125">
        <ele>1474</ele>
        <time>2026-09-05T08:11:59.000Z</time>
      </trkpt>
      <trkpt lat="42.32667454518377780914306640625" lon="1.73972544260323047637939453125">
        <ele>1473.800048828125</ele>
        <time>2026-09-05T08:12:00.000Z</time>
      </trkpt>
      <trkpt lat="42.32667521573603153228759765625" lon="1.7396955192089080810546875">
        <ele>1473.5999755859375</ele>
        <time>2026-09-05T08:12:02.000Z</time>
      </trkpt>
      <trkpt lat="42.326676137745380401611328125" lon="1.7396016418933868408203125">
        <ele>1472.5999755859375</ele>
        <time>2026-09-05T08:12:08.000Z</time>
      </trkpt>
      <trkpt lat="42.32667203061282634735107421875" lon="1.73950164578855037689208984375">
        <ele>1471.800048828125</ele>
        <time>2026-09-05T08:12:14.000Z</time>
      </trkpt>
      <trkpt lat="42.32667420990765094757080078125" lon="1.7394663579761981964111328125">
        <ele>1471.5999755859375</ele>
        <time>2026-09-05T08:12:16.000Z</time>
      </trkpt>
      <trkpt lat="42.3266712762415409088134765625" lon="1.7394361831247806549072265625">
        <ele>1471.4000244140625</ele>
        <time>2026-09-05T08:12:18.000Z</time>
      </trkpt>
      <trkpt lat="42.3266732878983020782470703125" lon="1.73934482038021087646484375">
        <ele>1470.199951171875</ele>
        <time>2026-09-05T08:12:23.000Z</time>
      </trkpt>
      <trkpt lat="42.326643280684947967529296875" lon="1.739264689385890960693359375">
        <ele>1469.5999755859375</ele>
        <time>2026-09-05T08:12:29.000Z</time>
      </trkpt>
      <trkpt lat="42.326641939580440521240234375" lon="1.7392521165311336517333984375">
        <ele>1469.5999755859375</ele>
        <time>2026-09-05T08:12:30.000Z</time>
      </trkpt>
      <trkpt lat="42.3266069032251834869384765625" lon="1.73919520340859889984130859375">
        <ele>1469.199951171875</ele>
        <time>2026-09-05T08:12:36.000Z</time>
      </trkpt>
      <trkpt lat="42.32659592293202877044677734375" lon="1.73918866552412509918212890625">
        <ele>1469</ele>
        <time>2026-09-05T08:12:37.000Z</time>
      </trkpt>
      <trkpt lat="42.3265468887984752655029296875" lon="1.7391294054687023162841796875">
        <ele>1468.199951171875</ele>
        <time>2026-09-05T08:12:43.000Z</time>
      </trkpt>
      <trkpt lat="42.32653724960982799530029296875" lon="1.73912026919424533843994140625">
        <ele>1467.5999755859375</ele>
        <time>2026-09-05T08:12:44.000Z</time>
      </trkpt>
      <trkpt lat="42.326510846614837646484375" lon="1.7391042597591876983642578125">
        <ele>1466.199951171875</ele>
        <time>2026-09-05T08:12:47.000Z</time>
      </trkpt>
      <trkpt lat="42.3264456354081630706787109375" lon="1.7390569858253002166748046875">
        <ele>1465.800048828125</ele>
        <time>2026-09-05T08:12:53.000Z</time>
      </trkpt>
      <trkpt lat="42.32639827765524387359619140625" lon="1.73899940215051174163818359375">
        <ele>1465.199951171875</ele>
        <time>2026-09-05T08:12:59.000Z</time>
      </trkpt>
      <trkpt lat="42.32639090158045291900634765625" lon="1.73899018205702304840087890625">
        <ele>1465.199951171875</ele>
        <time>2026-09-05T08:13:00.000Z</time>
      </trkpt>
      <trkpt lat="42.32637204229831695556640625" lon="1.73897341825067996978759765625">
        <ele>1465</ele>
        <time>2026-09-05T08:13:02.000Z</time>
      </trkpt>
      <trkpt lat="42.3263088427484035491943359375" lon="1.7389141581952571868896484375">
        <ele>1464.4000244140625</ele>
        <time>2026-09-05T08:13:08.000Z</time>
      </trkpt>
      <trkpt lat="42.32625804841518402099609375" lon="1.73890368081629276275634765625">
        <ele>1464.199951171875</ele>
        <time>2026-09-05T08:13:12.000Z</time>
      </trkpt>
      <trkpt lat="42.32624840922653675079345703125" lon="1.7388980649411678314208984375">
        <ele>1464</ele>
        <time>2026-09-05T08:13:13.000Z</time>
      </trkpt>
      <trkpt lat="42.32618839479982852935791015625" lon="1.738881133496761322021484375">
        <ele>1463.4000244140625</ele>
        <time>2026-09-05T08:13:19.000Z</time>
      </trkpt>
      <trkpt lat="42.326166518032550811767578125" lon="1.73887752927839756011962890625">
        <ele>1463.199951171875</ele>
        <time>2026-09-05T08:13:21.000Z</time>
      </trkpt>
      <trkpt lat="42.32615453191101551055908203125" lon="1.7388732545077800750732421875">
        <ele>1463</ele>
        <time>2026-09-05T08:13:22.000Z</time>
      </trkpt>
      <trkpt lat="42.32609015889465808868408203125" lon="1.7388578318059444427490234375">
        <ele>1462</ele>
        <time>2026-09-05T08:13:28.000Z</time>
      </trkpt>
      <trkpt lat="42.32607155106961727142333984375" lon="1.7388534732162952423095703125">
        <ele>1461.800048828125</ele>
        <time>2026-09-05T08:13:30.000Z</time>
      </trkpt>
      <trkpt lat="42.32600399293005466461181640625" lon="1.7388615198433399200439453125">
        <ele>1461</ele>
        <time>2026-09-05T08:13:36.000Z</time>
      </trkpt>
      <trkpt lat="42.32598521746695041656494140625" lon="1.73886126838624477386474609375">
        <ele>1461</ele>
        <time>2026-09-05T08:13:38.000Z</time>
      </trkpt>
      <trkpt lat="42.3259759135544300079345703125" lon="1.7388611845672130584716796875">
        <ele>1460.800048828125</ele>
        <time>2026-09-05T08:13:39.000Z</time>
      </trkpt>
      <trkpt lat="42.3259128816425800323486328125" lon="1.7388615198433399200439453125">
        <ele>1460.199951171875</ele>
        <time>2026-09-05T08:13:45.000Z</time>
      </trkpt>
      <trkpt lat="42.3258709721267223358154296875" lon="1.73886026255786418914794921875">
        <ele>1459.800048828125</ele>
        <time>2026-09-05T08:13:48.000Z</time>
      </trkpt>
      <trkpt lat="42.3258575610816478729248046875" lon="1.7388581670820713043212890625">
        <ele>1459.5999755859375</ele>
        <time>2026-09-05T08:13:49.000Z</time>
      </trkpt>
      <trkpt lat="42.32578991912305355072021484375" lon="1.7388662137091159820556640625">
        <ele>1459</ele>
        <time>2026-09-05T08:13:55.000Z</time>
      </trkpt>
      <trkpt lat="42.325780279934406280517578125" lon="1.7388611845672130584716796875">
        <ele>1458.800048828125</ele>
        <time>2026-09-05T08:13:56.000Z</time>
      </trkpt>
      <trkpt lat="42.3257720656692981719970703125" lon="1.7388625256717205047607421875">
        <ele>1458.800048828125</ele>
        <time>2026-09-05T08:13:57.000Z</time>
      </trkpt>
      <trkpt lat="42.32570685446262359619140625" lon="1.73887149430811405181884765625">
        <ele>1458</ele>
        <time>2026-09-05T08:14:03.000Z</time>
      </trkpt>
      <trkpt lat="42.32567735016345977783203125" lon="1.73888289369642734527587890625">
        <ele>1457.800048828125</ele>
        <time>2026-09-05T08:14:06.000Z</time>
      </trkpt>
      <trkpt lat="42.3256661184132099151611328125" lon="1.73888507299125194549560546875">
        <ele>1457.800048828125</ele>
        <time>2026-09-05T08:14:07.000Z</time>
      </trkpt>
      <trkpt lat="42.325599901378154754638671875" lon="1.73890870995819568634033203125">
        <ele>1457</ele>
        <time>2026-09-05T08:14:12.000Z</time>
      </trkpt>
      <trkpt lat="42.32553125359117984771728515625" lon="1.738929413259029388427734375">
        <ele>1457</ele>
        <time>2026-09-05T08:14:18.000Z</time>
      </trkpt>
      <trkpt lat="42.32550560496747493743896484375" lon="1.73894206993281841278076171875">
        <ele>1456.5999755859375</ele>
        <time>2026-09-05T08:14:20.000Z</time>
      </trkpt>
      <trkpt lat="42.325463108718395233154296875" lon="1.738953888416290283203125">
        <ele>1456</ele>
        <time>2026-09-05T08:14:23.000Z</time>
      </trkpt>
      <trkpt lat="42.3254129849374294281005859375" lon="1.738964281976222991943359375">
        <ele>1455.5999755859375</ele>
        <time>2026-09-05T08:14:28.000Z</time>
      </trkpt>
      <trkpt lat="42.32539412565529346466064453125" lon="1.7389694787561893463134765625">
        <ele>1455.4000244140625</ele>
        <time>2026-09-05T08:14:30.000Z</time>
      </trkpt>
      <trkpt lat="42.3253328539431095123291015625" lon="1.73899588175117969512939453125">
        <ele>1454.800048828125</ele>
        <time>2026-09-05T08:14:36.000Z</time>
      </trkpt>
      <trkpt lat="42.32530653476715087890625" lon="1.739002503454685211181640625">
        <ele>1454.4000244140625</ele>
        <time>2026-09-05T08:14:38.000Z</time>
      </trkpt>
      <trkpt lat="42.32528750784695148468017578125" lon="1.7389996536076068878173828125">
        <ele>1454</ele>
        <time>2026-09-05T08:14:40.000Z</time>
      </trkpt>
      <trkpt lat="42.3252017609775066375732421875" lon="1.7390177585184574127197265625">
        <ele>1454.4000244140625</ele>
        <time>2026-09-05T08:14:46.000Z</time>
      </trkpt>
      <trkpt lat="42.3251809738576412200927734375" lon="1.73901985399425029754638671875">
        <ele>1454.4000244140625</ele>
        <time>2026-09-05T08:14:48.000Z</time>
      </trkpt>
      <trkpt lat="42.32511006295680999755859375" lon="1.73903376795351505279541015625">
        <ele>1454</ele>
        <time>2026-09-05T08:14:54.000Z</time>
      </trkpt>
      <trkpt lat="42.3250659741461277008056640625" lon="1.73902756534516811370849609375">
        <ele>1453.199951171875</ele>
        <time>2026-09-05T08:14:57.000Z</time>
      </trkpt>
      <trkpt lat="42.32500319369137287139892578125" lon="1.739037036895751953125">
        <ele>1452.5999755859375</ele>
        <time>2026-09-05T08:15:03.000Z</time>
      </trkpt>
      <trkpt lat="42.3249486275017261505126953125" lon="1.73903678543865680694580078125">
        <ele>1452.199951171875</ele>
        <time>2026-09-05T08:15:07.000Z</time>
      </trkpt>
      <trkpt lat="42.32490914873778820037841796875" lon="1.73903494141995906829833984375">
        <ele>1451.800048828125</ele>
        <time>2026-09-05T08:15:10.000Z</time>
      </trkpt>
      <trkpt lat="42.3248306103050708770751953125" lon="1.73902991227805614471435546875">
        <ele>1451.199951171875</ele>
        <time>2026-09-05T08:15:16.000Z</time>
      </trkpt>
      <trkpt lat="42.32481501996517181396484375" lon="1.73902521841228008270263671875">
        <ele>1451</ele>
        <time>2026-09-05T08:15:17.000Z</time>
      </trkpt>
      <trkpt lat="42.324785180389881134033203125" lon="1.73901985399425029754638671875">
        <ele>1450.4000244140625</ele>
        <time>2026-09-05T08:15:19.000Z</time>
      </trkpt>
      <trkpt lat="42.32472709380090236663818359375" lon="1.73899739049375057220458984375">
        <ele>1450</ele>
        <time>2026-09-05T08:15:24.000Z</time>
      </trkpt>
      <trkpt lat="42.3246928118169307708740234375" lon="1.73897333443164825439453125">
        <ele>1449.5999755859375</ele>
        <time>2026-09-05T08:15:27.000Z</time>
      </trkpt>
      <trkpt lat="42.324628271162509918212890625" lon="1.7389208637177944183349609375">
        <ele>1449.199951171875</ele>
        <time>2026-09-05T08:15:33.000Z</time>
      </trkpt>
      <trkpt lat="42.3246193863451480865478515625" lon="1.73891122452914714813232421875">
        <ele>1449.199951171875</ele>
        <time>2026-09-05T08:15:34.000Z</time>
      </trkpt>
      <trkpt lat="42.32459147460758686065673828125" lon="1.73889429308474063873291015625">
        <ele>1448.800048828125</ele>
        <time>2026-09-05T08:15:36.000Z</time>
      </trkpt>
      <trkpt lat="42.324563227593898773193359375" lon="1.738865040242671966552734375">
        <ele>1448.4000244140625</ele>
        <time>2026-09-05T08:15:39.000Z</time>
      </trkpt>
      <trkpt lat="42.32452609576284885406494140625" lon="1.7387914471328258514404296875">
        <ele>1448</ele>
        <time>2026-09-05T08:15:45.000Z</time>
      </trkpt>
      <trkpt lat="42.32450790703296661376953125" lon="1.738761775195598602294921875">
        <ele>1447.800048828125</ele>
        <time>2026-09-05T08:15:47.000Z</time>
      </trkpt>
      <trkpt lat="42.32447127811610698699951171875" lon="1.7386995814740657806396484375">
        <ele>1447</ele>
        <time>2026-09-05T08:15:52.000Z</time>
      </trkpt>
      <trkpt lat="42.324458621442317962646484375" lon="1.7386734299361705780029296875">
        <ele>1446.800048828125</ele>
        <time>2026-09-05T08:15:54.000Z</time>
      </trkpt>
      <trkpt lat="42.32442450709640979766845703125" lon="1.7386053688824176788330078125">
        <ele>1446</ele>
        <time>2026-09-05T08:15:59.000Z</time>
      </trkpt>
      <trkpt lat="42.3244175501167774200439453125" lon="1.73859539441764354705810546875">
        <ele>1445.800048828125</ele>
        <time>2026-09-05T08:16:00.000Z</time>
      </trkpt>
      <trkpt lat="42.32437069527804851531982421875" lon="1.7385235615074634552001953125">
        <ele>1445.199951171875</ele>
        <time>2026-09-05T08:16:05.000Z</time>
      </trkpt>
      <trkpt lat="42.32433632947504520416259765625" lon="1.73847452737390995025634765625">
        <ele>1444.800048828125</ele>
        <time>2026-09-05T08:16:09.000Z</time>
      </trkpt>
      <trkpt lat="42.32432459481060504913330078125" lon="1.7384612001478672027587890625">
        <ele>1444.5999755859375</ele>
        <time>2026-09-05T08:16:10.000Z</time>
      </trkpt>
      <trkpt lat="42.32429659925401210784912109375" lon="1.73840596340596675872802734375">
        <ele>1444.199951171875</ele>
        <time>2026-09-05T08:16:14.000Z</time>
      </trkpt>
      <trkpt lat="42.32428151182830333709716796875" lon="1.73837696202099323272705078125">
        <ele>1444.199951171875</ele>
        <time>2026-09-05T08:16:16.000Z</time>
      </trkpt>
      <trkpt lat="42.324256785213947296142578125" lon="1.7383200488984584808349609375">
        <ele>1443.5999755859375</ele>
        <time>2026-09-05T08:16:20.000Z</time>
      </trkpt>
      <trkpt lat="42.3242361657321453094482421875" lon="1.73827403225004673004150390625">
        <ele>1443.199951171875</ele>
        <time>2026-09-05T08:16:23.000Z</time>
      </trkpt>
      <trkpt lat="42.32421613298356533050537109375" lon="1.73821703530848026275634765625">
        <ele>1442.5999755859375</ele>
        <time>2026-09-05T08:16:27.000Z</time>
      </trkpt>
      <trkpt lat="42.3241855390369892120361328125" lon="1.73815232701599597930908203125">
        <ele>1442.5999755859375</ele>
        <time>2026-09-05T08:16:31.000Z</time>
      </trkpt>
      <trkpt lat="42.32413709163665771484375" lon="1.73807973973453044891357421875">
        <ele>1441.5999755859375</ele>
        <time>2026-09-05T08:16:37.000Z</time>
      </trkpt>
      <trkpt lat="42.32411705888807773590087890625" lon="1.73804068006575107574462890625">
        <ele>1440.4000244140625</ele>
        <time>2026-09-05T08:16:40.000Z</time>
      </trkpt>
      <trkpt lat="42.324069701135158538818359375" lon="1.737960465252399444580078125">
        <ele>1439.800048828125</ele>
        <time>2026-09-05T08:16:46.000Z</time>
      </trkpt>
      <trkpt lat="42.32405327260494232177734375" lon="1.7379100061953067779541015625">
        <ele>1439.4000244140625</ele>
        <time>2026-09-05T08:16:49.000Z</time>
      </trkpt>
      <trkpt lat="42.324030809104442596435546875" lon="1.737851835787296295166015625">
        <ele>1438.199951171875</ele>
        <time>2026-09-05T08:16:53.000Z</time>
      </trkpt>
      <trkpt lat="42.32400708831846714019775390625" lon="1.73775267787277698516845703125">
        <ele>1437.5999755859375</ele>
        <time>2026-09-05T08:16:59.000Z</time>
      </trkpt>
      <trkpt lat="42.3240018077194690704345703125" lon="1.73774027265608310699462890625">
        <ele>1437.199951171875</ele>
        <time>2026-09-05T08:17:00.000Z</time>
      </trkpt>
      <trkpt lat="42.323977835476398468017578125" lon="1.73763231374323368072509765625">
        <ele>1436.4000244140625</ele>
        <time>2026-09-05T08:17:06.000Z</time>
      </trkpt>
      <trkpt lat="42.32397171668708324432373046875" lon="1.7375631630420684814453125">
        <ele>1436.199951171875</ele>
        <time>2026-09-05T08:17:09.000Z</time>
      </trkpt>
      <trkpt lat="42.32394958846271038055419921875" lon="1.737493090331554412841796875">
        <ele>1435.199951171875</ele>
        <time>2026-09-05T08:17:13.000Z</time>
      </trkpt>
      <trkpt lat="42.3239196650683879852294921875" lon="1.73742569983005523681640625">
        <ele>1434</ele>
        <time>2026-09-05T08:17:18.000Z</time>
      </trkpt>
      <trkpt lat="42.32390650548040866851806640625" lon="1.7373930104076862335205078125">
        <ele>1433.800048828125</ele>
        <time>2026-09-05T08:17:20.000Z</time>
      </trkpt>
      <trkpt lat="42.32386660762131214141845703125" lon="1.7372976243495941162109375">
        <ele>1433.4000244140625</ele>
        <time>2026-09-05T08:17:26.000Z</time>
      </trkpt>
      <trkpt lat="42.32386359013617038726806640625" lon="1.73725848086178302764892578125">
        <ele>1433</ele>
        <time>2026-09-05T08:17:28.000Z</time>
      </trkpt>
      <trkpt lat="42.32382536865770816802978515625" lon="1.73715974204242229461669921875">
        <ele>1432</ele>
        <time>2026-09-05T08:17:34.000Z</time>
      </trkpt>
      <trkpt lat="42.323821596801280975341796875" lon="1.7371472530066967010498046875">
        <ele>1431.5999755859375</ele>
        <time>2026-09-05T08:17:35.000Z</time>
      </trkpt>
      <trkpt lat="42.32379904948174953460693359375" lon="1.73709168098866939544677734375">
        <ele>1430.800048828125</ele>
        <time>2026-09-05T08:17:39.000Z</time>
      </trkpt>
      <trkpt lat="42.3237811960279941558837890625" lon="1.7370401322841644287109375">
        <ele>1430.5999755859375</ele>
        <time>2026-09-05T08:17:42.000Z</time>
      </trkpt>
      <trkpt lat="42.323745153844356536865234375" lon="1.73695472069084644317626953125">
        <ele>1429.800048828125</ele>
        <time>2026-09-05T08:17:48.000Z</time>
      </trkpt>
      <trkpt lat="42.3237441480159759521484375" lon="1.73689269460737705230712890625">
        <ele>1429.199951171875</ele>
        <time>2026-09-05T08:17:51.000Z</time>
      </trkpt>
      <trkpt lat="42.32374507002532482147216796875" lon="1.7368604242801666259765625">
        <ele>1429</ele>
        <time>2026-09-05T08:17:53.000Z</time>
      </trkpt>
      <trkpt lat="42.32374255545437335968017578125" lon="1.73684475012123584747314453125">
        <ele>1429</ele>
        <time>2026-09-05T08:17:54.000Z</time>
      </trkpt>
      <trkpt lat="42.32373140752315521240234375" lon="1.7368200235068798065185546875">
        <ele>1428.800048828125</ele>
        <time>2026-09-05T08:17:56.000Z</time>
      </trkpt>
      <trkpt lat="42.3237188346683979034423828125" lon="1.7367898486554622650146484375">
        <ele>1428.5999755859375</ele>
        <time>2026-09-05T08:17:58.000Z</time>
      </trkpt>
      <trkpt lat="42.3236940242350101470947265625" lon="1.73675254918634891510009765625">
        <ele>1428.5999755859375</ele>
        <time>2026-09-05T08:18:01.000Z</time>
      </trkpt>
      <trkpt lat="42.32365764677524566650390625" lon="1.7366833984851837158203125">
        <ele>1427.800048828125</ele>
        <time>2026-09-05T08:18:07.000Z</time>
      </trkpt>
      <trkpt lat="42.323635183274745941162109375" lon="1.73666018061339855194091796875">
        <ele>1427.800048828125</ele>
        <time>2026-09-05T08:18:09.000Z</time>
      </trkpt>
      <trkpt lat="42.3235947825014591217041015625" lon="1.73662866465747356414794921875">
        <ele>1427.199951171875</ele>
        <time>2026-09-05T08:18:13.000Z</time>
      </trkpt>
      <trkpt lat="42.323563098907470703125" lon="1.7365578375756740570068359375">
        <ele>1426.800048828125</ele>
        <time>2026-09-05T08:18:17.000Z</time>
      </trkpt>
      <trkpt lat="42.32355513609945774078369140625" lon="1.7364931292831897735595703125">
        <ele>1426.5999755859375</ele>
        <time>2026-09-05T08:18:20.000Z</time>
      </trkpt>
      <trkpt lat="42.32355161570012569427490234375" lon="1.73641995526850223541259765625">
        <ele>1426</ele>
        <time>2026-09-05T08:18:24.000Z</time>
      </trkpt>
      <trkpt lat="42.32355480082333087921142578125" lon="1.73638056032359600067138671875">
        <ele>1425.5999755859375</ele>
        <time>2026-09-05T08:18:26.000Z</time>
      </trkpt>
      <trkpt lat="42.3235800303518772125244140625" lon="1.736299507319927215576171875">
        <ele>1424.800048828125</ele>
        <time>2026-09-05T08:18:32.000Z</time>
      </trkpt>
      <trkpt lat="42.32358095236122608184814453125" lon="1.7363013513386249542236328125">
        <ele>1425</ele>
        <time>2026-09-05T08:18:33.000Z</time>
      </trkpt>
      <trkpt lat="42.32358078472316265106201171875" lon="1.7363013513386249542236328125">
        <ele>1425.199951171875</ele>
        <time>2026-09-05T08:18:39.000Z</time>
      </trkpt>
      <trkpt lat="42.32358078472316265106201171875" lon="1.7363013513386249542236328125">
        <ele>1425.199951171875</ele>
        <time>2026-09-05T08:18:45.000Z</time>
      </trkpt>
      <trkpt lat="42.32358078472316265106201171875" lon="1.7363013513386249542236328125">
        <ele>1425.199951171875</ele>
        <time>2026-09-05T08:18:51.000Z</time>
      </trkpt>
      <trkpt lat="42.32358078472316265106201171875" lon="1.7363013513386249542236328125">
        <ele>1425.199951171875</ele>
        <time>2026-09-05T08:18:57.000Z</time>
      </trkpt>
      <trkpt lat="42.323588915169239044189453125" lon="1.73630646429955959320068359375">
        <ele>1425</ele>
        <time>2026-09-05T08:19:01.000Z</time>
      </trkpt>
      <trkpt lat="42.3236306570470333099365234375" lon="1.73633412458002567291259765625">
        <ele>1425.4000244140625</ele>
        <time>2026-09-05T08:19:04.000Z</time>
      </trkpt>
      <trkpt lat="42.323680110275745391845703125" lon="1.73637100495398044586181640625">
        <ele>1424.800048828125</ele>
        <time>2026-09-05T08:19:09.000Z</time>
      </trkpt>
      <trkpt lat="42.32368706725537776947021484375" lon="1.7363851703703403472900390625">
        <ele>1424.5999755859375</ele>
        <time>2026-09-05T08:19:10.000Z</time>
      </trkpt>
      <trkpt lat="42.32371791265904903411865234375" lon="1.73647125251591205596923828125">
        <ele>1423.5999755859375</ele>
        <time>2026-09-05T08:19:15.000Z</time>
      </trkpt>
      <trkpt lat="42.32372160069644451141357421875" lon="1.73648449592292308807373046875">
        <ele>1423.4000244140625</ele>
        <time>2026-09-05T08:19:16.000Z</time>
      </trkpt>
      <trkpt lat="42.32375982217490673065185546875" lon="1.7365561611950397491455078125">
        <ele>1422.199951171875</ele>
        <time>2026-09-05T08:19:22.000Z</time>
      </trkpt>
      <trkpt lat="42.32378639280796051025390625" lon="1.736603267490863800048828125">
        <ele>1421.800048828125</ele>
        <time>2026-09-05T08:19:26.000Z</time>
      </trkpt>
      <trkpt lat="42.32379921711981296539306640625" lon="1.7366098053753376007080078125">
        <ele>1421.5999755859375</ele>
        <time>2026-09-05T08:19:27.000Z</time>
      </trkpt>
      <trkpt lat="42.32382126152515411376953125" lon="1.73663184978067874908447265625">
        <ele>1421.199951171875</ele>
        <time>2026-09-05T08:19:29.000Z</time>
      </trkpt>
      <trkpt lat="42.3238621652126312255859375" lon="1.73667929135262966156005859375">
        <ele>1420</ele>
        <time>2026-09-05T08:19:34.000Z</time>
      </trkpt>
      <trkpt lat="42.3238723911345005035400390625" lon="1.73668867908418178558349609375">
        <ele>1419.800048828125</ele>
        <time>2026-09-05T08:19:35.000Z</time>
      </trkpt>
      <trkpt lat="42.32391321100294589996337890625" lon="1.73673796467483043670654296875">
        <ele>1419.199951171875</ele>
        <time>2026-09-05T08:19:39.000Z</time>
      </trkpt>
      <trkpt lat="42.323923520743846893310546875" lon="1.7367492802441120147705078125">
        <ele>1419</ele>
        <time>2026-09-05T08:19:40.000Z</time>
      </trkpt>
      <trkpt lat="42.32394657097756862640380859375" lon="1.73676679842174053192138671875">
        <ele>1418.5999755859375</ele>
        <time>2026-09-05T08:19:42.000Z</time>
      </trkpt>
      <trkpt lat="42.3240001313388347625732421875" lon="1.7368163354694843292236328125">
        <ele>1418</ele>
        <time>2026-09-05T08:19:48.000Z</time>
      </trkpt>
      <trkpt lat="42.32401312328875064849853515625" lon="1.7368257232010364532470703125">
        <ele>1418</ele>
        <time>2026-09-05T08:19:49.000Z</time>
      </trkpt>
      <trkpt lat="42.3240876384079456329345703125" lon="1.73685749061405658721923828125">
        <ele>1417</ele>
        <time>2026-09-05T08:19:55.000Z</time>
      </trkpt>
      <trkpt lat="42.32411320321261882781982421875" lon="1.736869476735591888427734375">
        <ele>1416.800048828125</ele>
        <time>2026-09-05T08:19:57.000Z</time>
      </trkpt>
      <trkpt lat="42.3241741396486759185791015625" lon="1.73687928356230258941650390625">
        <ele>1415.5999755859375</ele>
        <time>2026-09-05T08:20:02.000Z</time>
      </trkpt>
      <trkpt lat="42.32420749962329864501953125" lon="1.7368914373219013214111328125">
        <ele>1414.199951171875</ele>
        <time>2026-09-05T08:20:05.000Z</time>
      </trkpt>
      <trkpt lat="42.32427262701094150543212890625" lon="1.73689101822674274444580078125">
        <ele>1413.5999755859375</ele>
        <time>2026-09-05T08:20:11.000Z</time>
      </trkpt>
      <trkpt lat="42.32428821735084056854248046875" lon="1.73688925802707672119140625">
        <ele>1413.4000244140625</ele>
        <time>2026-09-05T08:20:12.000Z</time>
      </trkpt>
      <trkpt lat="42.32431478798389434814453125" lon="1.73688800074160099029541015625">
        <ele>1413.199951171875</ele>
        <time>2026-09-05T08:20:14.000Z</time>
      </trkpt>
      <trkpt lat="42.324397601187229156494140625" lon="1.73688079230487346649169921875">
        <ele>1412.4000244140625</ele>
        <time>2026-09-05T08:20:20.000Z</time>
      </trkpt>
      <trkpt lat="42.3244235850870609283447265625" lon="1.73688464798033237457275390625">
        <ele>1412.199951171875</ele>
        <time>2026-09-05T08:20:22.000Z</time>
      </trkpt>
      <trkpt lat="42.32443557120859622955322265625" lon="1.73688548617064952850341796875">
        <ele>1412.199951171875</ele>
        <time>2026-09-05T08:20:23.000Z</time>
      </trkpt>
      <trkpt lat="42.32444680295884609222412109375" lon="1.7368874140083789825439453125">
        <ele>1412</ele>
        <time>2026-09-05T08:20:24.000Z</time>
      </trkpt>
      <trkpt lat="42.324506901204586029052734375" lon="1.7369061894714832305908203125">
        <ele>1410.800048828125</ele>
        <time>2026-09-05T08:20:29.000Z</time>
      </trkpt>
      <trkpt lat="42.32451754622161388397216796875" lon="1.73690736293792724609375">
        <ele>1410.800048828125</ele>
        <time>2026-09-05T08:20:30.000Z</time>
      </trkpt>
      <trkpt lat="42.32458837330341339111328125" lon="1.73693376593291759490966796875">
        <ele>1410.4000244140625</ele>
        <time>2026-09-05T08:20:36.000Z</time>
      </trkpt>
      <trkpt lat="42.32463003136217594146728515625" lon="1.7369464226067066192626953125">
        <ele>1409.800048828125</ele>
        <time>2026-09-05T08:20:39.000Z</time>
      </trkpt>
      <trkpt lat="42.324706055223941802978515625" lon="1.73697064630687236785888671875">
        <ele>1408.800048828125</ele>
        <time>2026-09-05T08:20:45.000Z</time>
      </trkpt>
      <trkpt lat="42.32471452094614505767822265625" lon="1.7369782738387584686279296875">
        <ele>1408.800048828125</ele>
        <time>2026-09-05T08:20:46.000Z</time>
      </trkpt>
      <trkpt lat="42.32473899610340595245361328125" lon="1.736987493932247161865234375">
        <ele>1408.4000244140625</ele>
        <time>2026-09-05T08:20:48.000Z</time>
      </trkpt>
      <trkpt lat="42.32480295002460479736328125" lon="1.73702345229685306549072265625">
        <ele>1407.5999755859375</ele>
        <time>2026-09-05T08:20:54.000Z</time>
      </trkpt>
      <trkpt lat="42.32483915984630584716796875" lon="1.73703250475227832794189453125">
        <ele>1407</ele>
        <time>2026-09-05T08:20:57.000Z</time>
      </trkpt>
      <trkpt lat="42.324885427951812744140625" lon="1.73704080283641815185546875">
        <ele>1406.5999755859375</ele>
        <time>2026-09-05T08:21:01.000Z</time>
      </trkpt>
      <trkpt lat="42.324944436550140380859375" lon="1.7370379529893398284912109375">
        <ele>1405.800048828125</ele>
        <time>2026-09-05T08:21:06.000Z</time>
      </trkpt>
      <trkpt lat="42.3249925486743450164794921875" lon="1.737037114799022674560546875">
        <ele>1405.5999755859375</ele>
        <time>2026-09-05T08:21:10.000Z</time>
      </trkpt>
      <trkpt lat="42.3250532336533069610595703125" lon="1.73702160827815532684326171875">
        <ele>1404.5999755859375</ele>
        <time>2026-09-05T08:21:15.000Z</time>
      </trkpt>
      <trkpt lat="42.3250636272132396697998046875" lon="1.73701859079301357269287109375">
        <ele>1404.4000244140625</ele>
        <time>2026-09-05T08:21:16.000Z</time>
      </trkpt>
      <trkpt lat="42.3251263238489627838134765625" lon="1.73697450198233127593994140625">
        <ele>1403.5999755859375</ele>
        <time>2026-09-05T08:21:22.000Z</time>
      </trkpt>
      <trkpt lat="42.32515255920588970184326171875" lon="1.73695438541471958160400390625">
        <ele>1403.4000244140625</ele>
        <time>2026-09-05T08:21:25.000Z</time>
      </trkpt>
      <trkpt lat="42.32522028498351573944091796875" lon="1.73689219169318675994873046875">
        <ele>1402.800048828125</ele>
        <time>2026-09-05T08:21:31.000Z</time>
      </trkpt>
      <trkpt lat="42.32524308376014232635498046875" lon="1.7368763498961925506591796875">
        <ele>1402.5999755859375</ele>
        <time>2026-09-05T08:21:33.000Z</time>
      </trkpt>
      <trkpt lat="42.32530913315713405609130859375" lon="1.73682061024010181427001953125">
        <ele>1402.4000244140625</ele>
        <time>2026-09-05T08:21:39.000Z</time>
      </trkpt>
      <trkpt lat="42.3253328539431095123291015625" lon="1.7368052713572978973388671875">
        <ele>1402.4000244140625</ele>
        <time>2026-09-05T08:21:41.000Z</time>
      </trkpt>
      <trkpt lat="42.32540116645395755767822265625" lon="1.7367509566247463226318359375">
        <ele>1402.199951171875</ele>
        <time>2026-09-05T08:21:47.000Z</time>
      </trkpt>
      <trkpt lat="42.3254545591771602630615234375" lon="1.7366983182728290557861328125">
        <ele>1401.5999755859375</ele>
        <time>2026-09-05T08:21:53.000Z</time>
      </trkpt>
      <trkpt lat="42.32547207735478878021240234375" lon="1.73668398521840572357177734375">
        <ele>1401.4000244140625</ele>
        <time>2026-09-05T08:21:55.000Z</time>
      </trkpt>
      <trkpt lat="42.32553921639919281005859375" lon="1.73663067631423473358154296875">
        <ele>1400.5999755859375</ele>
        <time>2026-09-05T08:22:01.000Z</time>
      </trkpt>
      <trkpt lat="42.32556025497615337371826171875" lon="1.73661793582141399383544921875">
        <ele>1400.199951171875</ele>
        <time>2026-09-05T08:22:03.000Z</time>
      </trkpt>
      <trkpt lat="42.32557064853608608245849609375" lon="1.73661039210855960845947265625">
        <ele>1400</ele>
        <time>2026-09-05T08:22:04.000Z</time>
      </trkpt>
      <trkpt lat="42.325636111199855804443359375" lon="1.7365638725459575653076171875">
        <ele>1399.199951171875</ele>
        <time>2026-09-05T08:22:10.000Z</time>
      </trkpt>
      <trkpt lat="42.32566184364259243011474609375" lon="1.7365367151796817779541015625">
        <ele>1399</ele>
        <time>2026-09-05T08:22:13.000Z</time>
      </trkpt>
      <trkpt lat="42.3256527073681354522705078125" lon="1.73654635436832904815673828125">
        <ele>1398.5999755859375</ele>
        <time>2026-09-05T08:22:19.000Z</time>
      </trkpt>
      <trkpt lat="42.325649522244930267333984375" lon="1.73654333688318729400634765625">
        <ele>1398.800048828125</ele>
        <time>2026-09-05T08:22:25.000Z</time>
      </trkpt>
      <trkpt lat="42.32565564103424549102783203125" lon="1.73653730191290378570556640625">
        <ele>1399.199951171875</ele>
        <time>2026-09-05T08:22:27.000Z</time>
      </trkpt>
      <trkpt lat="42.32567508704960346221923828125" lon="1.7365300096571445465087890625">
        <ele>1399.5999755859375</ele>
        <time>2026-09-05T08:22:29.000Z</time>
      </trkpt>
      <trkpt lat="42.32575111091136932373046875" lon="1.73652791418135166168212890625">
        <ele>1399.199951171875</ele>
        <time>2026-09-05T08:22:35.000Z</time>
      </trkpt>
      <trkpt lat="42.3258089460432529449462890625" lon="1.7365621961653232574462890625">
        <ele>1398.4000244140625</ele>
        <time>2026-09-05T08:22:41.000Z</time>
      </trkpt>
      <trkpt lat="42.32581959106028079986572265625" lon="1.736572422087192535400390625">
        <ele>1398.4000244140625</ele>
        <time>2026-09-05T08:22:42.000Z</time>
      </trkpt>
      <trkpt lat="42.3258267156779766082763671875" lon="1.73658323474228382110595703125">
        <ele>1398.199951171875</ele>
        <time>2026-09-05T08:22:43.000Z</time>
      </trkpt>
      <trkpt lat="42.325878851115703582763671875" lon="1.7366404831409454345703125">
        <ele>1397</ele>
        <time>2026-09-05T08:22:48.000Z</time>
      </trkpt>
      <trkpt lat="42.32590978033840656280517578125" lon="1.73669219948351383209228515625">
        <ele>1396.199951171875</ele>
        <time>2026-09-05T08:22:53.000Z</time>
      </trkpt>
      <trkpt lat="42.3259356804192066192626953125" lon="1.7367291636765003204345703125">
        <ele>1395.800048828125</ele>
        <time>2026-09-05T08:22:56.000Z</time>
      </trkpt>
      <trkpt lat="42.3259688727557659149169921875" lon="1.736786328256130218505859375">
        <ele>1395</ele>
        <time>2026-09-05T08:23:00.000Z</time>
      </trkpt>
      <trkpt lat="42.3259772546589374542236328125" lon="1.7367978952825069427490234375">
        <ele>1394.800048828125</ele>
        <time>2026-09-05T08:23:01.000Z</time>
      </trkpt>
      <trkpt lat="42.3260050825774669647216796875" lon="1.73687207512557506561279296875">
        <ele>1394</ele>
        <time>2026-09-05T08:23:07.000Z</time>
      </trkpt>
      <trkpt lat="42.32600499875843524932861328125" lon="1.7368753440678119659423828125">
        <ele>1393.5999755859375</ele>
        <time>2026-09-05T08:23:08.000Z</time>
      </trkpt>
      <trkpt lat="42.326006256043910980224609375" lon="1.73690132796764373779296875">
        <ele>1393.4000244140625</ele>
        <time>2026-09-05T08:23:14.000Z</time>
      </trkpt>
      <trkpt lat="42.32600457966327667236328125" lon="1.73690074123442173004150390625">
        <ele>1392.800048828125</ele>
        <time>2026-09-05T08:23:17.000Z</time>
      </trkpt>
      <trkpt lat="42.32600550167262554168701171875" lon="1.7368978075683116912841796875">
        <ele>1393</ele>
        <time>2026-09-05T08:23:21.000Z</time>
      </trkpt>
      <trkpt lat="42.326015643775463104248046875" lon="1.736903674900531768798828125">
        <ele>1393.5999755859375</ele>
        <time>2026-09-05T08:23:27.000Z</time>
      </trkpt>
      <trkpt lat="42.326050512492656707763671875" lon="1.736974418163299560546875">
        <ele>1393</ele>
        <time>2026-09-05T08:23:33.000Z</time>
      </trkpt>
      <trkpt lat="42.326067946851253509521484375" lon="1.73703434877097606658935546875">
        <ele>1392.5999755859375</ele>
        <time>2026-09-05T08:23:37.000Z</time>
      </trkpt>
      <trkpt lat="42.3260959424078464508056640625" lon="1.7370801977813243865966796875">
        <ele>1391.800048828125</ele>
        <time>2026-09-05T08:23:40.000Z</time>
      </trkpt>
      <trkpt lat="42.32612988911569118499755859375" lon="1.73711431212723255157470703125">
        <ele>1391.4000244140625</ele>
        <time>2026-09-05T08:23:43.000Z</time>
      </trkpt>
      <trkpt lat="42.3261599801480770111083984375" lon="1.73714985139667987823486328125">
        <ele>1390.800048828125</ele>
        <time>2026-09-05T08:23:46.000Z</time>
      </trkpt>
      <trkpt lat="42.3261670209467411041259765625" lon="1.73715873621404170989990234375">
        <ele>1390.199951171875</ele>
        <time>2026-09-05T08:23:47.000Z</time>
      </trkpt>
      <trkpt lat="42.32618018053472042083740234375" lon="1.73717969097197055816650390625">
        <ele>1389</ele>
        <time>2026-09-05T08:23:49.000Z</time>
      </trkpt>
      <trkpt lat="42.3262327350676059722900390625" lon="1.7372401244938373565673828125">
        <ele>1388.199951171875</ele>
        <time>2026-09-05T08:23:55.000Z</time>
      </trkpt>
      <trkpt lat="42.32626869343221187591552734375" lon="1.737285219132900238037109375">
        <ele>1388</ele>
        <time>2026-09-05T08:24:00.000Z</time>
      </trkpt>
      <trkpt lat="42.3262954317033290863037109375" lon="1.73731413669884204864501953125">
        <ele>1387.800048828125</ele>
        <time>2026-09-05T08:24:03.000Z</time>
      </trkpt>
      <trkpt lat="42.32632535509765148162841796875" lon="1.73734012059867382049560546875">
        <ele>1387.4000244140625</ele>
        <time>2026-09-05T08:24:06.000Z</time>
      </trkpt>
      <trkpt lat="42.326358966529369354248046875" lon="1.7373668588697910308837890625">
        <ele>1386.800048828125</ele>
        <time>2026-09-05T08:24:09.000Z</time>
      </trkpt>
      <trkpt lat="42.32638939283788204193115234375" lon="1.73739342950284481048583984375">
        <ele>1386</ele>
        <time>2026-09-05T08:24:12.000Z</time>
      </trkpt>
      <trkpt lat="42.32644035480916500091552734375" lon="1.73743265680968761444091796875">
        <ele>1385.800048828125</ele>
        <time>2026-09-05T08:24:16.000Z</time>
      </trkpt>
      <trkpt lat="42.32648544944822788238525390625" lon="1.7374681122601032257080078125">
        <ele>1385</ele>
        <time>2026-09-05T08:24:20.000Z</time>
      </trkpt>
      <trkpt lat="42.32650372199714183807373046875" lon="1.7374741472303867340087890625">
        <ele>1384.5999755859375</ele>
        <time>2026-09-05T08:24:22.000Z</time>
      </trkpt>
      <trkpt lat="42.32655032537877559661865234375" lon="1.73748604953289031982421875">
        <ele>1383.800048828125</ele>
        <time>2026-09-05T08:24:26.000Z</time>
      </trkpt>
      <trkpt lat="42.32658301480114459991455078125" lon="1.73750943504273891448974609375">
        <ele>1383.4000244140625</ele>
        <time>2026-09-05T08:24:29.000Z</time>
      </trkpt>
      <trkpt lat="42.3266494832932949066162109375" lon="1.73753625713288784027099609375">
        <ele>1382.4000244140625</ele>
        <time>2026-09-05T08:24:35.000Z</time>
      </trkpt>
      <trkpt lat="42.32670857571065425872802734375" lon="1.73755268566310405731201171875">
        <ele>1381.5999755859375</ele>
        <time>2026-09-05T08:24:41.000Z</time>
      </trkpt>
      <trkpt lat="42.3267306201159954071044921875" lon="1.73756022937595844268798828125">
        <ele>1381.199951171875</ele>
        <time>2026-09-05T08:24:43.000Z</time>
      </trkpt>
      <trkpt lat="42.32676473446190357208251953125" lon="1.7375646717846393585205078125">
        <ele>1380.800048828125</ele>
        <time>2026-09-05T08:24:46.000Z</time>
      </trkpt>
      <trkpt lat="42.32683296315371990203857421875" lon="1.737577915191650390625">
        <ele>1380.199951171875</ele>
        <time>2026-09-05T08:24:52.000Z</time>
      </trkpt>
      <trkpt lat="42.3268442787230014801025390625" lon="1.7375797592103481292724609375">
        <ele>1380</ele>
        <time>2026-09-05T08:24:53.000Z</time>
      </trkpt>
      <trkpt lat="42.32690487988293170928955078125" lon="1.737574897706508636474609375">
        <ele>1379</ele>
        <time>2026-09-05T08:24:58.000Z</time>
      </trkpt>
      <trkpt lat="42.326949052512645721435546875" lon="1.73756827600300312042236328125">
        <ele>1378.4000244140625</ele>
        <time>2026-09-05T08:25:02.000Z</time>
      </trkpt>
      <trkpt lat="42.32701937668025493621826171875" lon="1.7375603131949901580810546875">
        <ele>1378</ele>
        <time>2026-09-05T08:25:08.000Z</time>
      </trkpt>
      <trkpt lat="42.327059023082256317138671875" lon="1.7375660128891468048095703125">
        <ele>1377.5999755859375</ele>
        <time>2026-09-05T08:25:11.000Z</time>
      </trkpt>
      <trkpt lat="42.32712708413600921630859375" lon="1.73755712807178497314453125">
        <ele>1377.199951171875</ele>
        <time>2026-09-05T08:25:17.000Z</time>
      </trkpt>
      <trkpt lat="42.3271513916552066802978515625" lon="1.73755335621535778045654296875">
        <ele>1377.4000244140625</ele>
        <time>2026-09-05T08:25:19.000Z</time>
      </trkpt>
      <trkpt lat="42.3272337019443511962890625" lon="1.7375457286834716796875">
        <ele>1377.4000244140625</ele>
        <time>2026-09-05T08:25:25.000Z</time>
      </trkpt>
      <trkpt lat="42.32724384404718875885009765625" lon="1.7375425435602664947509765625">
        <ele>1377.199951171875</ele>
        <time>2026-09-05T08:25:26.000Z</time>
      </trkpt>
      <trkpt lat="42.32726530171930789947509765625" lon="1.73753525130450725555419921875">
        <ele>1376.800048828125</ele>
        <time>2026-09-05T08:25:28.000Z</time>
      </trkpt>
      <trkpt lat="42.32734442688524723052978515625" lon="1.7375197447836399078369140625">
        <ele>1376</ele>
        <time>2026-09-05T08:25:34.000Z</time>
      </trkpt>
      <trkpt lat="42.327370829880237579345703125" lon="1.73752033151686191558837890625">
        <ele>1375.800048828125</ele>
        <time>2026-09-05T08:25:36.000Z</time>
      </trkpt>
      <trkpt lat="42.32742791064083576202392578125" lon="1.73753391019999980926513671875">
        <ele>1375.199951171875</ele>
        <time>2026-09-05T08:25:41.000Z</time>
      </trkpt>
      <trkpt lat="42.3274678923189640045166015625" lon="1.737529970705509185791015625">
        <ele>1374.800048828125</ele>
        <time>2026-09-05T08:25:44.000Z</time>
      </trkpt>
      <trkpt lat="42.32750284485518932342529296875" lon="1.7375053279101848602294921875">
        <ele>1374.199951171875</ele>
        <time>2026-09-05T08:25:48.000Z</time>
      </trkpt>
      <trkpt lat="42.3275399766862392425537109375" lon="1.7375090159475803375244140625">
        <ele>1373.5999755859375</ele>
        <time>2026-09-05T08:25:51.000Z</time>
      </trkpt>
      <trkpt lat="42.3275751806795597076416015625" lon="1.73751111142337322235107421875">
        <ele>1372.800048828125</ele>
        <time>2026-09-05T08:25:54.000Z</time>
      </trkpt>
      <trkpt lat="42.327637039124965667724609375" lon="1.737505160272121429443359375">
        <ele>1372.5999755859375</ele>
        <time>2026-09-05T08:26:00.000Z</time>
      </trkpt>
      <trkpt lat="42.32765925116837024688720703125" lon="1.737505830824375152587890625">
        <ele>1372.4000244140625</ele>
        <time>2026-09-05T08:26:02.000Z</time>
      </trkpt>
      <trkpt lat="42.32773133553564548492431640625" lon="1.7374969460070133209228515625">
        <ele>1372</ele>
        <time>2026-09-05T08:26:08.000Z</time>
      </trkpt>
      <trkpt lat="42.32776955701410770416259765625" lon="1.73749367706477642059326171875">
        <ele>1371.5999755859375</ele>
        <time>2026-09-05T08:26:11.000Z</time>
      </trkpt>
      <trkpt lat="42.3278112150728702545166015625" lon="1.7374880611896514892578125">
        <ele>1370.800048828125</ele>
        <time>2026-09-05T08:26:14.000Z</time>
      </trkpt>
      <trkpt lat="42.32784667052328586578369140625" lon="1.73749736510217189788818359375">
        <ele>1370.4000244140625</ele>
        <time>2026-09-05T08:26:17.000Z</time>
      </trkpt>
      <trkpt lat="42.32787550427019596099853515625" lon="1.7374939285218715667724609375">
        <ele>1369.800048828125</ele>
        <time>2026-09-05T08:26:20.000Z</time>
      </trkpt>
      <trkpt lat="42.3278963752090930938720703125" lon="1.73750675283372402191162109375">
        <ele>1369.5999755859375</ele>
        <time>2026-09-05T08:26:22.000Z</time>
      </trkpt>
      <trkpt lat="42.327920682728290557861328125" lon="1.7375170625746250152587890625">
        <ele>1369.199951171875</ele>
        <time>2026-09-05T08:26:24.000Z</time>
      </trkpt>
      <trkpt lat="42.327932082116603851318359375" lon="1.737509854137897491455078125">
        <ele>1369.199951171875</ele>
        <time>2026-09-05T08:26:25.000Z</time>
      </trkpt>
      <trkpt lat="42.3280009813606739044189453125" lon="1.73751262016594409942626953125">
        <ele>1368.800048828125</ele>
        <time>2026-09-05T08:26:31.000Z</time>
      </trkpt>
      <trkpt lat="42.32801497913897037506103515625" lon="1.7375150509178638458251953125">
        <ele>1368.5999755859375</ele>
        <time>2026-09-05T08:26:32.000Z</time>
      </trkpt>
      <trkpt lat="42.32805781066417694091796875" lon="1.73751379363238811492919921875">
        <ele>1368.199951171875</ele>
        <time>2026-09-05T08:26:35.000Z</time>
      </trkpt>
      <trkpt lat="42.32809075154364109039306640625" lon="1.737494431436061859130859375">
        <ele>1368</ele>
        <time>2026-09-05T08:26:38.000Z</time>
      </trkpt>
      <trkpt lat="42.32816434465348720550537109375" lon="1.73749133013188838958740234375">
        <ele>1367.800048828125</ele>
        <time>2026-09-05T08:26:44.000Z</time>
      </trkpt>
      <trkpt lat="42.32818110845983028411865234375" lon="1.7374905757606029510498046875">
        <ele>1367.800048828125</ele>
        <time>2026-09-05T08:26:45.000Z</time>
      </trkpt>
      <trkpt lat="42.3282453976571559906005859375" lon="1.73747389577329158782958984375">
        <ele>1367.199951171875</ele>
        <time>2026-09-05T08:26:51.000Z</time>
      </trkpt>
      <trkpt lat="42.32829476706683635711669921875" lon="1.73746735788881778717041015625">
        <ele>1367.199951171875</ele>
        <time>2026-09-05T08:26:55.000Z</time>
      </trkpt>
      <trkpt lat="42.32831639237701892852783203125" lon="1.7374721355736255645751953125">
        <ele>1366.4000244140625</ele>
        <time>2026-09-05T08:26:57.000Z</time>
      </trkpt>
      <trkpt lat="42.32833432964980602264404296875" lon="1.7374671064317226409912109375">
        <ele>1366.199951171875</ele>
        <time>2026-09-05T08:26:58.000Z</time>
      </trkpt>
      <trkpt lat="42.3283996246755123138427734375" lon="1.737465597689151763916015625">
        <ele>1365.4000244140625</ele>
        <time>2026-09-05T08:27:04.000Z</time>
      </trkpt>
      <trkpt lat="42.32848201878368854522705078125" lon="1.73747037537395954132080078125">
        <ele>1365.199951171875</ele>
        <time>2026-09-05T08:27:10.000Z</time>
      </trkpt>
      <trkpt lat="42.32851470820605754852294921875" lon="1.7374644242227077484130859375">
        <ele>1365.199951171875</ele>
        <time>2026-09-05T08:27:12.000Z</time>
      </trkpt>
      <trkpt lat="42.32853163965046405792236328125" lon="1.7374650947749614715576171875">
        <ele>1365</ele>
        <time>2026-09-05T08:27:13.000Z</time>
      </trkpt>
      <trkpt lat="42.32861177064478397369384765625" lon="1.73747255466878414154052734375">
        <ele>1364.800048828125</ele>
        <time>2026-09-05T08:27:19.000Z</time>
      </trkpt>
      <trkpt lat="42.32863456942141056060791015625" lon="1.73748278059065341949462890625">
        <ele>1364.5999755859375</ele>
        <time>2026-09-05T08:27:21.000Z</time>
      </trkpt>
      <trkpt lat="42.3287074081599712371826171875" lon="1.73749082721769809722900390625">
        <ele>1364.199951171875</ele>
        <time>2026-09-05T08:27:27.000Z</time>
      </trkpt>
      <trkpt lat="42.328744791448116302490234375" lon="1.73749820329248905181884765625">
        <ele>1364.199951171875</ele>
        <time>2026-09-05T08:27:30.000Z</time>
      </trkpt>
      <trkpt lat="42.32879784889519214630126953125" lon="1.73750893212854862213134765625">
        <ele>1364</ele>
        <time>2026-09-05T08:27:34.000Z</time>
      </trkpt>
      <trkpt lat="42.3288720287382602691650390625" lon="1.737519912421703338623046875">
        <ele>1363.5999755859375</ele>
        <time>2026-09-05T08:27:40.000Z</time>
      </trkpt>
      <trkpt lat="42.32893782667815685272216796875" lon="1.7375415377318859100341796875">
        <ele>1363.5999755859375</ele>
        <time>2026-09-05T08:27:46.000Z</time>
      </trkpt>
      <trkpt lat="42.32897286303341388702392578125" lon="1.73753843642771244049072265625">
        <ele>1363.800048828125</ele>
        <time>2026-09-05T08:27:49.000Z</time>
      </trkpt>
      <trkpt lat="42.32903639785945415496826171875" lon="1.7375693656504154205322265625">
        <ele>1363.4000244140625</ele>
        <time>2026-09-05T08:27:55.000Z</time>
      </trkpt>
      <trkpt lat="42.32905835844576358795166015625" lon="1.73757364042103290557861328125">
        <ele>1363.199951171875</ele>
        <time>2026-09-05T08:27:57.000Z</time>
      </trkpt>
      <trkpt lat="42.32910345308482646942138671875" lon="1.73757414333522319793701171875">
        <ele>1364.5999755859375</ele>
        <time>2026-09-05T08:28:01.000Z</time>
      </trkpt>
      <trkpt lat="42.32911703176796436309814453125" lon="1.7375797592103481292724609375">
        <ele>1365</ele>
        <time>2026-09-05T08:28:02.000Z</time>
      </trkpt>
      <trkpt lat="42.32913027517497539520263671875" lon="1.73758604563772678375244140625">
        <ele>1365.4000244140625</ele>
        <time>2026-09-05T08:28:03.000Z</time>
      </trkpt>
      <trkpt lat="42.3291985876858234405517578125" lon="1.7375911585986614227294921875">
        <ele>1365.199951171875</ele>
        <time>2026-09-05T08:28:08.000Z</time>
      </trkpt>
      <trkpt lat="42.329212836921215057373046875" lon="1.73759258352220058441162109375">
        <ele>1365.199951171875</ele>
        <time>2026-09-05T08:28:09.000Z</time>
      </trkpt>
      <trkpt lat="42.329275198280811309814453125" lon="1.7376049049198627471923828125">
        <ele>1364</ele>
        <time>2026-09-05T08:28:14.000Z</time>
      </trkpt>
      <trkpt lat="42.32929439283907413482666015625" lon="1.73761035315692424774169921875">
        <ele>1363.4000244140625</ele>
        <time>2026-09-05T08:28:16.000Z</time>
      </trkpt>
      <trkpt lat="42.3293638788163661956787109375" lon="1.73763600178062915802001953125">
        <ele>1363.4000244140625</ele>
        <time>2026-09-05T08:28:22.000Z</time>
      </trkpt>
      <trkpt lat="42.32937703840434551239013671875" lon="1.7376380972564220428466796875">
        <ele>1363.4000244140625</ele>
        <time>2026-09-05T08:28:23.000Z</time>
      </trkpt>
      <trkpt lat="42.32941777445375919342041015625" lon="1.737656034529209136962890625">
        <ele>1363.199951171875</ele>
        <time>2026-09-05T08:28:26.000Z</time>
      </trkpt>
      <trkpt lat="42.32947695069015026092529296875" lon="1.737682186067104339599609375">
        <ele>1363</ele>
        <time>2026-09-05T08:28:31.000Z</time>
      </trkpt>
      <trkpt lat="42.3294889368116855621337890625" lon="1.73768260516226291656494140625">
        <ele>1363</ele>
        <time>2026-09-05T08:28:32.000Z</time>
      </trkpt>
      <trkpt lat="42.329514920711517333984375" lon="1.73768444918096065521240234375">
        <ele>1362.800048828125</ele>
        <time>2026-09-05T08:28:34.000Z</time>
      </trkpt>
      <trkpt lat="42.32955104671418666839599609375" lon="1.7376959323883056640625">
        <ele>1362.4000244140625</ele>
        <time>2026-09-05T08:28:37.000Z</time>
      </trkpt>
      <trkpt lat="42.3295859992504119873046875" lon="1.73770330846309661865234375">
        <ele>1362.199951171875</ele>
        <time>2026-09-05T08:28:40.000Z</time>
      </trkpt>
      <trkpt lat="42.329659759998321533203125" lon="1.737721748650074005126953125">
        <ele>1362</ele>
        <time>2026-09-05T08:28:46.000Z</time>
      </trkpt>
      <trkpt lat="42.3296844027936458587646484375" lon="1.7377282865345478057861328125">
        <ele>1361.800048828125</ele>
        <time>2026-09-05T08:28:48.000Z</time>
      </trkpt>
      <trkpt lat="42.32971013523638248443603515625" lon="1.73773691989481449127197265625">
        <ele>1361.199951171875</ele>
        <time>2026-09-05T08:28:54.000Z</time>
      </trkpt>
      <trkpt lat="42.32975791208446025848388671875" lon="1.737762987613677978515625">
        <ele>1361.199951171875</ele>
        <time>2026-09-05T08:29:00.000Z</time>
      </trkpt>
      <trkpt lat="42.32980652712285518646240234375" lon="1.73778167925775051116943359375">
        <ele>1360.800048828125</ele>
        <time>2026-09-05T08:29:04.000Z</time>
      </trkpt>
      <trkpt lat="42.32986268587410449981689453125" lon="1.73781420104205608367919921875">
        <ele>1360.4000244140625</ele>
        <time>2026-09-05T08:29:09.000Z</time>
      </trkpt>
      <trkpt lat="42.329929657280445098876953125" lon="1.7378530092537403106689453125">
        <ele>1359.5999755859375</ele>
        <time>2026-09-05T08:29:15.000Z</time>
      </trkpt>
      <trkpt lat="42.3299724049866199493408203125" lon="1.73788393847644329071044921875">
        <ele>1359</ele>
        <time>2026-09-05T08:29:19.000Z</time>
      </trkpt>
      <trkpt lat="42.33003736473619937896728515625" lon="1.73793397843837738037109375">
        <ele>1359.5999755859375</ele>
        <time>2026-09-05T08:29:25.000Z</time>
      </trkpt>
      <trkpt lat="42.33004675246775150299072265625" lon="1.737946383655071258544921875">
        <ele>1359.5999755859375</ele>
        <time>2026-09-05T08:29:26.000Z</time>
      </trkpt>
      <trkpt lat="42.33010961674153804779052734375" lon="1.7379988543689250946044921875">
        <ele>1358.4000244140625</ele>
        <time>2026-09-05T08:29:32.000Z</time>
      </trkpt>
      <trkpt lat="42.3301226086914539337158203125" lon="1.73800430260598659515380859375">
        <ele>1358</ele>
        <time>2026-09-05T08:29:33.000Z</time>
      </trkpt>
      <trkpt lat="42.330142892897129058837890625" lon="1.73802006058394908905029296875">
        <ele>1357.4000244140625</ele>
        <time>2026-09-05T08:29:35.000Z</time>
      </trkpt>
      <trkpt lat="42.3301893286406993865966796875" lon="1.738063730299472808837890625">
        <ele>1358.199951171875</ele>
        <time>2026-09-05T08:29:40.000Z</time>
      </trkpt>
      <trkpt lat="42.33022578991949558258056640625" lon="1.738092899322509765625">
        <ele>1358</ele>
        <time>2026-09-05T08:29:44.000Z</time>
      </trkpt>
      <trkpt lat="42.3302332498133182525634765625" lon="1.7381017841398715972900390625">
        <ele>1357.800048828125</ele>
        <time>2026-09-05T08:29:45.000Z</time>
      </trkpt>
      <trkpt lat="42.33024640940129756927490234375" lon="1.73811444081366062164306640625">
        <ele>1357.5999755859375</ele>
        <time>2026-09-05T08:29:46.000Z</time>
      </trkpt>
      <trkpt lat="42.33025596477091312408447265625" lon="1.7381255887448787689208984375">
        <ele>1357.4000244140625</ele>
        <time>2026-09-05T08:29:47.000Z</time>
      </trkpt>
      <trkpt lat="42.3303231038153171539306640625" lon="1.73818987794220447540283203125">
        <ele>1357</ele>
        <time>2026-09-05T08:29:53.000Z</time>
      </trkpt>
      <trkpt lat="42.3303328268229961395263671875" lon="1.73819524236023426055908203125">
        <ele>1356.800048828125</ele>
        <time>2026-09-05T08:29:54.000Z</time>
      </trkpt>
      <trkpt lat="42.33037934638559818267822265625" lon="1.73824972473084926605224609375">
        <ele>1356.4000244140625</ele>
        <time>2026-09-05T08:29:59.000Z</time>
      </trkpt>
      <trkpt lat="42.33038999140262603759765625" lon="1.738262884318828582763671875">
        <ele>1356.199951171875</ele>
        <time>2026-09-05T08:30:00.000Z</time>
      </trkpt>
      <trkpt lat="42.33045076020061969757080078125" lon="1.73830948770046234130859375">
        <ele>1356</ele>
        <time>2026-09-05T08:30:06.000Z</time>
      </trkpt>
      <trkpt lat="42.330474816262722015380859375" lon="1.73834477551281452178955078125">
        <ele>1355.5999755859375</ele>
        <time>2026-09-05T08:30:11.000Z</time>
      </trkpt>
      <trkpt lat="42.3304907418787479400634765625" lon="1.73835416324436664581298828125">
        <ele>1355.199951171875</ele>
        <time>2026-09-05T08:30:14.000Z</time>
      </trkpt>
      <trkpt lat="42.33049183152616024017333984375" lon="1.7383532412350177764892578125">
        <ele>1355.4000244140625</ele>
        <time>2026-09-05T08:30:17.000Z</time>
      </trkpt>
      <trkpt lat="42.3305021412670612335205078125" lon="1.73836338333785533905029296875">
        <ele>1355.5999755859375</ele>
        <time>2026-09-05T08:30:23.000Z</time>
      </trkpt>
      <trkpt lat="42.33052485622465610504150390625" lon="1.7383830808103084564208984375">
        <ele>1355.4000244140625</ele>
        <time>2026-09-05T08:30:25.000Z</time>
      </trkpt>
      <trkpt lat="42.33059392310678958892822265625" lon="1.73846103250980377197265625">
        <ele>1355.199951171875</ele>
        <time>2026-09-05T08:30:31.000Z</time>
      </trkpt>
      <trkpt lat="42.3306054063141345977783203125" lon="1.7384722642600536346435546875">
        <ele>1355.199951171875</ele>
        <time>2026-09-05T08:30:32.000Z</time>
      </trkpt>
      <trkpt lat="42.330616302788257598876953125" lon="1.73848190344870090484619140625">
        <ele>1355</ele>
        <time>2026-09-05T08:30:33.000Z</time>
      </trkpt>
      <trkpt lat="42.33063717372715473175048828125" lon="1.7385004274547100067138671875">
        <ele>1354.5999755859375</ele>
        <time>2026-09-05T08:30:35.000Z</time>
      </trkpt>
      <trkpt lat="42.3306476511061191558837890625" lon="1.73850570805370807647705078125">
        <ele>1354</ele>
        <time>2026-09-05T08:30:37.000Z</time>
      </trkpt>
      <trkpt lat="42.3306473158299922943115234375" lon="1.73850528895854949951171875">
        <ele>1354</ele>
        <time>2026-09-05T08:30:38.000Z</time>
      </trkpt>
      <trkpt lat="42.33064790256321430206298828125" lon="1.7385051213204860687255859375">
        <ele>1353.5999755859375</ele>
        <time>2026-09-05T08:30:44.000Z</time>
      </trkpt>
      <trkpt lat="42.330656535923480987548828125" lon="1.73851660452783107757568359375">
        <ele>1354</ele>
        <time>2026-09-05T08:30:50.000Z</time>
      </trkpt>
      <trkpt lat="42.33067221008241176605224609375" lon="1.73853403888642787933349609375">
        <ele>1354</ele>
        <time>2026-09-05T08:30:52.000Z</time>
      </trkpt>
      <trkpt lat="42.330680005252361297607421875" lon="1.73854342661798000335693359375">
        <ele>1354</ele>
        <time>2026-09-05T08:30:53.000Z</time>
      </trkpt>
      <trkpt lat="42.330698780715465545654296875" lon="1.73855935223400592803955078125">
        <ele>1354</ele>
        <time>2026-09-05T08:30:55.000Z</time>
      </trkpt>
      <trkpt lat="42.33072350732982158660888671875" lon="1.7385899461805820465087890625">
        <ele>1353.800048828125</ele>
        <time>2026-09-05T08:30:58.000Z</time>
      </trkpt>
      <trkpt lat="42.33079274185001850128173828125" lon="1.738675273954868316650390625">
        <ele>1354</ele>
        <time>2026-09-05T08:31:04.000Z</time>
      </trkpt>
      <trkpt lat="42.330850325524806976318359375" lon="1.7387361265718936920166015625">
        <ele>1353.4000244140625</ele>
        <time>2026-09-05T08:31:10.000Z</time>
      </trkpt>
      <trkpt lat="42.3308897204697132110595703125" lon="1.7387891001999378204345703125">
        <ele>1353</ele>
        <time>2026-09-05T08:31:14.000Z</time>
      </trkpt>
      <trkpt lat="42.33090707100927829742431640625" lon="1.7388129048049449920654296875">
        <ele>1352.800048828125</ele>
        <time>2026-09-05T08:31:16.000Z</time>
      </trkpt>
      <trkpt lat="42.3309517465531826019287109375" lon="1.73887568525969982147216796875">
        <ele>1352.5999755859375</ele>
        <time>2026-09-05T08:31:22.000Z</time>
      </trkpt>
      <trkpt lat="42.33096121810376644134521484375" lon="1.73888540826737880706787109375">
        <ele>1352.5999755859375</ele>
        <time>2026-09-05T08:31:23.000Z</time>
      </trkpt>
      <trkpt lat="42.33099223114550113677978515625" lon="1.738920025527477264404296875">
        <ele>1352.5999755859375</ele>
        <time>2026-09-05T08:31:29.000Z</time>
      </trkpt>
      <trkpt lat="42.3309936560690402984619140625" lon="1.738921701908111572265625">
        <ele>1351.800048828125</ele>
        <time>2026-09-05T08:31:34.000Z</time>
      </trkpt>
      <trkpt lat="42.3309936560690402984619140625" lon="1.738921701908111572265625">
        <ele>1351.199951171875</ele>
        <time>2026-09-05T08:31:40.000Z</time>
      </trkpt>
      <trkpt lat="42.33099885284900665283203125" lon="1.7389242164790630340576171875">
        <ele>1351.5999755859375</ele>
        <time>2026-09-05T08:31:45.000Z</time>
      </trkpt>
      <trkpt lat="42.331041432917118072509765625" lon="1.738983057439327239990234375">
        <ele>1352.800048828125</ele>
        <time>2026-09-05T08:31:50.000Z</time>
      </trkpt>
      <trkpt lat="42.33104470185935497283935546875" lon="1.7389954626560211181640625">
        <ele>1352.800048828125</ele>
        <time>2026-09-05T08:31:51.000Z</time>
      </trkpt>
      <trkpt lat="42.33108342625200748443603515625" lon="1.73904977738857269287109375">
        <ele>1352.199951171875</ele>
        <time>2026-09-05T08:31:56.000Z</time>
      </trkpt>
      <trkpt lat="42.33112567104399204254150390625" lon="1.73911775462329387664794921875">
        <ele>1351.800048828125</ele>
        <time>2026-09-05T08:32:01.000Z</time>
      </trkpt>
      <trkpt lat="42.3311519064009189605712890625" lon="1.73915094695985317230224609375">
        <ele>1351.800048828125</ele>
        <time>2026-09-05T08:32:04.000Z</time>
      </trkpt>
      <trkpt lat="42.33120462857186794281005859375" lon="1.73922638408839702606201171875">
        <ele>1351.800048828125</ele>
        <time>2026-09-05T08:32:10.000Z</time>
      </trkpt>
      <trkpt lat="42.33124268241226673126220703125" lon="1.7392732389271259307861328125">
        <ele>1351.199951171875</ele>
        <time>2026-09-05T08:32:15.000Z</time>
      </trkpt>
      <trkpt lat="42.3312853462994098663330078125" lon="1.73933182843029499053955078125">
        <ele>1351</ele>
        <time>2026-09-05T08:32:20.000Z</time>
      </trkpt>
      <trkpt lat="42.33133287169039249420166015625" lon="1.73940290696918964385986328125">
        <ele>1350.800048828125</ele>
        <time>2026-09-05T08:32:26.000Z</time>
      </trkpt>
      <trkpt lat="42.3313413374125957489013671875" lon="1.7394170723855495452880859375">
        <ele>1350.800048828125</ele>
        <time>2026-09-05T08:32:27.000Z</time>
      </trkpt>
      <trkpt lat="42.33137260191142559051513671875" lon="1.7394516058266162872314453125">
        <ele>1350.5999755859375</ele>
        <time>2026-09-05T08:32:30.000Z</time>
      </trkpt>
      <trkpt lat="42.33141333796083927154541015625" lon="1.73949862830340862274169921875">
        <ele>1350.800048828125</ele>
        <time>2026-09-05T08:32:35.000Z</time>
      </trkpt>
      <trkpt lat="42.3314466141164302825927734375" lon="1.73954472877085208892822265625">
        <ele>1349.199951171875</ele>
        <time>2026-09-05T08:32:39.000Z</time>
      </trkpt>
      <trkpt lat="42.33147494494915008544921875" lon="1.739589236676692962646484375">
        <ele>1348.199951171875</ele>
        <time>2026-09-05T08:32:43.000Z</time>
      </trkpt>
      <trkpt lat="42.3314850032329559326171875" lon="1.73960222862660884857177734375">
        <ele>1348</ele>
        <time>2026-09-05T08:32:44.000Z</time>
      </trkpt>
      <trkpt lat="42.33155465684831142425537109375" lon="1.73965604044497013092041015625">
        <ele>1348</ele>
        <time>2026-09-05T08:32:50.000Z</time>
      </trkpt>
      <trkpt lat="42.3315767012536525726318359375" lon="1.7396772466599941253662109375">
        <ele>1347.800048828125</ele>
        <time>2026-09-05T08:32:52.000Z</time>
      </trkpt>
      <trkpt lat="42.3316467739641666412353515625" lon="1.73974514007568359375">
        <ele>1348</ele>
        <time>2026-09-05T08:32:58.000Z</time>
      </trkpt>
      <trkpt lat="42.33165607787668704986572265625" lon="1.739748828113079071044921875">
        <ele>1348</ele>
        <time>2026-09-05T08:32:59.000Z</time>
      </trkpt>
      <trkpt lat="42.3317252285778522491455078125" lon="1.7398023046553134918212890625">
        <ele>1347.5999755859375</ele>
        <time>2026-09-05T08:33:05.000Z</time>
      </trkpt>
      <trkpt lat="42.33173922635614871978759765625" lon="1.7398059926927089691162109375">
        <ele>1347.5999755859375</ele>
        <time>2026-09-05T08:33:06.000Z</time>
      </trkpt>
      <trkpt lat="42.33180292882025241851806640625" lon="1.7398365028202533721923828125">
        <ele>1348</ele>
        <time>2026-09-05T08:33:11.000Z</time>
      </trkpt>
      <trkpt lat="42.33185112476348876953125" lon="1.7398730479180812835693359375">
        <ele>1347.199951171875</ele>
        <time>2026-09-05T08:33:16.000Z</time>
      </trkpt>
      <trkpt lat="42.33186327852308750152587890625" lon="1.73987933434545993804931640625">
        <ele>1347</ele>
        <time>2026-09-05T08:33:17.000Z</time>
      </trkpt>
      <trkpt lat="42.33194827102124691009521484375" lon="1.739938259124755859375">
        <ele>1347.4000244140625</ele>
        <time>2026-09-05T08:33:23.000Z</time>
      </trkpt>
      <trkpt lat="42.33201834373176097869873046875" lon="1.739974804222583770751953125">
        <ele>1346.800048828125</ele>
        <time>2026-09-05T08:33:29.000Z</time>
      </trkpt>
      <trkpt lat="42.33202840201556682586669921875" lon="1.73998276703059673309326171875">
        <ele>1346.800048828125</ele>
        <time>2026-09-05T08:33:30.000Z</time>
      </trkpt>
      <trkpt lat="42.332094870507717132568359375" lon="1.740044541656970977783203125">
        <ele>1346.199951171875</ele>
        <time>2026-09-05T08:33:36.000Z</time>
      </trkpt>
      <trkpt lat="42.3321071080863475799560546875" lon="1.74005032517015933990478515625">
        <ele>1346.4000244140625</ele>
        <time>2026-09-05T08:33:37.000Z</time>
      </trkpt>
      <trkpt lat="42.33217894099652767181396484375" lon="1.7400859482586383819580078125">
        <ele>1346</ele>
        <time>2026-09-05T08:33:43.000Z</time>
      </trkpt>
      <trkpt lat="42.332190759479999542236328125" lon="1.7400970123708248138427734375">
        <ele>1345.800048828125</ele>
        <time>2026-09-05T08:33:44.000Z</time>
      </trkpt>
      <trkpt lat="42.3322013206779956817626953125" lon="1.740109585225582122802734375">
        <ele>1345.5999755859375</ele>
        <time>2026-09-05T08:33:45.000Z</time>
      </trkpt>
      <trkpt lat="42.3322713933885097503662109375" lon="1.74016465432941913604736328125">
        <ele>1345.199951171875</ele>
        <time>2026-09-05T08:33:51.000Z</time>
      </trkpt>
      <trkpt lat="42.33228069730103015899658203125" lon="1.74017068929970264434814453125">
        <ele>1345.199951171875</ele>
        <time>2026-09-05T08:33:52.000Z</time>
      </trkpt>
      <trkpt lat="42.3323454894125461578369140625" lon="1.740221567451953887939453125">
        <ele>1344.800048828125</ele>
        <time>2026-09-05T08:33:58.000Z</time>
      </trkpt>
      <trkpt lat="42.33235663734376430511474609375" lon="1.7402338050305843353271484375">
        <ele>1344.5999755859375</ele>
        <time>2026-09-05T08:33:59.000Z</time>
      </trkpt>
      <trkpt lat="42.33241162262856960296630859375" lon="1.7402867786586284637451171875">
        <ele>1344.199951171875</ele>
        <time>2026-09-05T08:34:05.000Z</time>
      </trkpt>
      <trkpt lat="42.332444898784160614013671875" lon="1.740280576050281524658203125">
        <ele>1343.800048828125</ele>
        <time>2026-09-05T08:34:08.000Z</time>
      </trkpt>
      <trkpt lat="42.33247113414108753204345703125" lon="1.74029893241822719573974609375">
        <ele>1343.199951171875</ele>
        <time>2026-09-05T08:34:10.000Z</time>
      </trkpt>
      <trkpt lat="42.33255763538181781768798828125" lon="1.74033195711672306060791015625">
        <ele>1343</ele>
        <time>2026-09-05T08:34:16.000Z</time>
      </trkpt>
      <trkpt lat="42.33260281383991241455078125" lon="1.7403410933911800384521484375">
        <ele>1342.5999755859375</ele>
        <time>2026-09-05T08:34:20.000Z</time>
      </trkpt>
      <trkpt lat="42.33263374306261539459228515625" lon="1.74035375006496906280517578125">
        <ele>1342.5999755859375</ele>
        <time>2026-09-05T08:34:23.000Z</time>
      </trkpt>
      <trkpt lat="42.33271169476211071014404296875" lon="1.740378476679325103759765625">
        <ele>1342.199951171875</ele>
        <time>2026-09-05T08:34:29.000Z</time>
      </trkpt>
      <trkpt lat="42.33272083103656768798828125" lon="1.74037990160286426544189453125">
        <ele>1342.4000244140625</ele>
        <time>2026-09-05T08:34:30.000Z</time>
      </trkpt>
      <trkpt lat="42.33279266394674777984619140625" lon="1.74040429294109344482421875">
        <ele>1342.5999755859375</ele>
        <time>2026-09-05T08:34:36.000Z</time>
      </trkpt>
      <trkpt lat="42.3328665085136890411376953125" lon="1.74042214639484882354736328125">
        <ele>1342.800048828125</ele>
        <time>2026-09-05T08:34:42.000Z</time>
      </trkpt>
      <trkpt lat="42.3328769020736217498779296875" lon="1.7404272593557834625244140625">
        <ele>1342.4000244140625</ele>
        <time>2026-09-05T08:34:43.000Z</time>
      </trkpt>
      <trkpt lat="42.3329070769250392913818359375" lon="1.7404384911060333251953125">
        <ele>1341.4000244140625</ele>
        <time>2026-09-05T08:34:46.000Z</time>
      </trkpt>
      <trkpt lat="42.332946471869945526123046875" lon="1.74046061933040618896484375">
        <ele>1341.4000244140625</ele>
        <time>2026-09-05T08:34:50.000Z</time>
      </trkpt>
      <trkpt lat="42.3330153711140155792236328125" lon="1.740481071174144744873046875">
        <ele>1342</ele>
        <time>2026-09-05T08:34:56.000Z</time>
      </trkpt>
      <trkpt lat="42.3330581188201904296875" lon="1.7404933087527751922607421875">
        <ele>1342</ele>
        <time>2026-09-05T08:34:59.000Z</time>
      </trkpt>
      <trkpt lat="42.33313011936843395233154296875" lon="1.740505211055278778076171875">
        <ele>1342.199951171875</ele>
        <time>2026-09-05T08:35:05.000Z</time>
      </trkpt>
      <trkpt lat="42.3331399261951446533203125" lon="1.74051049165427684783935546875">
        <ele>1342</ele>
        <time>2026-09-05T08:35:06.000Z</time>
      </trkpt>
      <trkpt lat="42.33319030143320560455322265625" lon="1.74053597263991832733154296875">
        <ele>1341.800048828125</ele>
        <time>2026-09-05T08:35:12.000Z</time>
      </trkpt>
      <trkpt lat="42.333237491548061370849609375" lon="1.74055340699851512908935546875">
        <ele>1341.800048828125</ele>
        <time>2026-09-05T08:35:16.000Z</time>
      </trkpt>
      <trkpt lat="42.333323657512664794921875" lon="1.7405818216502666473388671875">
        <ele>1341.5999755859375</ele>
        <time>2026-09-05T08:35:22.000Z</time>
      </trkpt>
      <trkpt lat="42.3333519883453845977783203125" lon="1.74058659933507442474365234375">
        <ele>1341.5999755859375</ele>
        <time>2026-09-05T08:35:24.000Z</time>
      </trkpt>
      <trkpt lat="42.33342952094972133636474609375" lon="1.7406036145985126495361328125">
        <ele>1341.5999755859375</ele>
        <time>2026-09-05T08:35:30.000Z</time>
      </trkpt>
      <trkpt lat="42.33346221037209033966064453125" lon="1.7406128346920013427734375">
        <ele>1341.5999755859375</ele>
        <time>2026-09-05T08:35:33.000Z</time>
      </trkpt>
      <trkpt lat="42.33353278599679470062255859375" lon="1.74063119105994701385498046875">
        <ele>1341.5999755859375</ele>
        <time>2026-09-05T08:35:39.000Z</time>
      </trkpt>
      <trkpt lat="42.333591543138027191162109375" lon="1.740652061998844146728515625">
        <ele>1341.800048828125</ele>
        <time>2026-09-05T08:35:44.000Z</time>
      </trkpt>
      <trkpt lat="42.3336627893149852752685546875" lon="1.74066941253840923309326171875">
        <ele>1341.800048828125</ele>
        <time>2026-09-05T08:35:50.000Z</time>
      </trkpt>
      <trkpt lat="42.3336879350244998931884765625" lon="1.740675866603851318359375">
        <ele>1341.800048828125</ele>
        <time>2026-09-05T08:35:52.000Z</time>
      </trkpt>
      <trkpt lat="42.3337595164775848388671875" lon="1.7406881041824817657470703125">
        <ele>1342.4000244140625</ele>
        <time>2026-09-05T08:35:58.000Z</time>
      </trkpt>
      <trkpt lat="42.3338310979306697845458984375" lon="1.74070578999817371368408203125">
        <ele>1343</ele>
        <time>2026-09-05T08:36:04.000Z</time>
      </trkpt>
      <trkpt lat="42.33387141488492488861083984375" lon="1.7407300136983394622802734375">
        <ele>1343.199951171875</ele>
        <time>2026-09-05T08:36:08.000Z</time>
      </trkpt>
      <trkpt lat="42.3339276574552059173583984375" lon="1.7407508008182048797607421875">
        <ele>1343.199951171875</ele>
        <time>2026-09-05T08:36:13.000Z</time>
      </trkpt>
      <trkpt lat="42.3339752666652202606201171875" lon="1.7407469451427459716796875">
        <ele>1343.4000244140625</ele>
        <time>2026-09-05T08:36:17.000Z</time>
      </trkpt>
      <trkpt lat="42.33401767909526824951171875" lon="1.74074049107730388641357421875">
        <ele>1344.199951171875</ele>
        <time>2026-09-05T08:36:21.000Z</time>
      </trkpt>
      <trkpt lat="42.334029413759708404541015625" lon="1.74074065871536731719970703125">
        <ele>1344.199951171875</ele>
        <time>2026-09-05T08:36:22.000Z</time>
      </trkpt>
      <trkpt lat="42.33409906737506389617919921875" lon="1.74073546193540096282958984375">
        <ele>1344.199951171875</ele>
        <time>2026-09-05T08:36:28.000Z</time>
      </trkpt>
      <trkpt lat="42.33412488363683223724365234375" lon="1.7407333664596080780029296875">
        <ele>1344.800048828125</ele>
        <time>2026-09-05T08:36:30.000Z</time>
      </trkpt>
      <trkpt lat="42.3341358639299869537353515625" lon="1.74073328264057636260986328125">
        <ele>1345.199951171875</ele>
        <time>2026-09-05T08:36:31.000Z</time>
      </trkpt>
      <trkpt lat="42.33419981785118579864501953125" lon="1.740745268762111663818359375">
        <ele>1345.4000244140625</ele>
        <time>2026-09-05T08:36:36.000Z</time>
      </trkpt>
      <trkpt lat="42.3342750035226345062255859375" lon="1.74076077528297901153564453125">
        <ele>1345.4000244140625</ele>
        <time>2026-09-05T08:36:42.000Z</time>
      </trkpt>
      <trkpt lat="42.33435689471662044525146484375" lon="1.74077250994741916656494140625">
        <ele>1345.199951171875</ele>
        <time>2026-09-05T08:36:48.000Z</time>
      </trkpt>
      <trkpt lat="42.3343678750097751617431640625" lon="1.7407762818038463592529296875">
        <ele>1345.4000244140625</ele>
        <time>2026-09-05T08:36:49.000Z</time>
      </trkpt>
      <trkpt lat="42.33438782393932342529296875" lon="1.7407675646245479583740234375">
        <ele>1346</ele>
        <time>2026-09-05T08:36:51.000Z</time>
      </trkpt>
      <trkpt lat="42.33442361466586589813232421875" lon="1.74076882191002368927001953125">
        <ele>1346.199951171875</ele>
        <time>2026-09-05T08:36:54.000Z</time>
      </trkpt>
      <trkpt lat="42.3345143906772136688232421875" lon="1.74076060764491558074951171875">
        <ele>1345.800048828125</ele>
        <time>2026-09-05T08:37:00.000Z</time>
      </trkpt>
      <trkpt lat="42.33452729880809783935546875" lon="1.7407588474452495574951171875">
        <ele>1346</ele>
        <time>2026-09-05T08:37:01.000Z</time>
      </trkpt>
      <trkpt lat="42.334597371518611907958984375" lon="1.7407665587961673736572265625">
        <ele>1346.199951171875</ele>
        <time>2026-09-05T08:37:07.000Z</time>
      </trkpt>
      <trkpt lat="42.334610782563686370849609375" lon="1.74076898954808712005615234375">
        <ele>1346.199951171875</ele>
        <time>2026-09-05T08:37:08.000Z</time>
      </trkpt>
      <trkpt lat="42.33469367958605289459228515625" lon="1.740780808031558990478515625">
        <ele>1346.4000244140625</ele>
        <time>2026-09-05T08:37:14.000Z</time>
      </trkpt>
      <trkpt lat="42.33471580781042575836181640625" lon="1.74078382551670074462890625">
        <ele>1346.199951171875</ele>
        <time>2026-09-05T08:37:16.000Z</time>
      </trkpt>
      <trkpt lat="42.3347933404147624969482421875" lon="1.7407952249050140380859375">
        <ele>1346.4000244140625</ele>
        <time>2026-09-05T08:37:22.000Z</time>
      </trkpt>
      <trkpt lat="42.33485746197402477264404296875" lon="1.7408140003681182861328125">
        <ele>1346.4000244140625</ele>
        <time>2026-09-05T08:37:27.000Z</time>
      </trkpt>
      <trkpt lat="42.33492233790457248687744140625" lon="1.74083076417446136474609375">
        <ele>1347</ele>
        <time>2026-09-05T08:37:33.000Z</time>
      </trkpt>
      <trkpt lat="42.33493767678737640380859375" lon="1.74083185382187366485595703125">
        <ele>1347</ele>
        <time>2026-09-05T08:37:34.000Z</time>
      </trkpt>
      <trkpt lat="42.33500816859304904937744140625" lon="1.740863285958766937255859375">
        <ele>1347</ele>
        <time>2026-09-05T08:37:40.000Z</time>
      </trkpt>
      <trkpt lat="42.33509265817701816558837890625" lon="1.7409040220081806182861328125">
        <ele>1346.800048828125</ele>
        <time>2026-09-05T08:37:46.000Z</time>
      </trkpt>
      <trkpt lat="42.3351490683853626251220703125" lon="1.7409278266131877899169921875">
        <ele>1346.800048828125</ele>
        <time>2026-09-05T08:37:51.000Z</time>
      </trkpt>
      <trkpt lat="42.335206232964992523193359375" lon="1.7409747652709484100341796875">
        <ele>1347.199951171875</ele>
        <time>2026-09-05T08:37:57.000Z</time>
      </trkpt>
      <trkpt lat="42.3352181352674961090087890625" lon="1.74098742194473743438720703125">
        <ele>1347.199951171875</ele>
        <time>2026-09-05T08:37:58.000Z</time>
      </trkpt>
      <trkpt lat="42.33528158627450466156005859375" lon="1.7410391382873058319091796875">
        <ele>1347.4000244140625</ele>
        <time>2026-09-05T08:38:04.000Z</time>
      </trkpt>
      <trkpt lat="42.33532735146582126617431640625" lon="1.74111231230199337005615234375">
        <ele>1347.4000244140625</ele>
        <time>2026-09-05T08:38:09.000Z</time>
      </trkpt>
      <trkpt lat="42.33537512831389904022216796875" lon="1.741194538772106170654296875">
        <ele>1346.800048828125</ele>
        <time>2026-09-05T08:38:15.000Z</time>
      </trkpt>
      <trkpt lat="42.3353824205696582794189453125" lon="1.7412101291120052337646484375">
        <ele>1346.5999755859375</ele>
        <time>2026-09-05T08:38:16.000Z</time>
      </trkpt>
      <trkpt lat="42.33541402034461498260498046875" lon="1.7412885837256908416748046875">
        <ele>1347.5999755859375</ele>
        <time>2026-09-05T08:38:22.000Z</time>
      </trkpt>
      <trkpt lat="42.33541754074394702911376953125" lon="1.74130610190331935882568359375">
        <ele>1347.5999755859375</ele>
        <time>2026-09-05T08:38:23.000Z</time>
      </trkpt>
      <trkpt lat="42.335443608462810516357421875" lon="1.741383634507656097412109375">
        <ele>1347.5999755859375</ele>
        <time>2026-09-05T08:38:28.000Z</time>
      </trkpt>
      <trkpt lat="42.33548208139836788177490234375" lon="1.7414656095206737518310546875">
        <ele>1348</ele>
        <time>2026-09-05T08:38:34.000Z</time>
      </trkpt>
      <trkpt lat="42.33549021184444427490234375" lon="1.74147675745189189910888671875">
        <ele>1348.199951171875</ele>
        <time>2026-09-05T08:38:35.000Z</time>
      </trkpt>
      <trkpt lat="42.33555860817432403564453125" lon="1.74151984043419361114501953125">
        <ele>1348.199951171875</ele>
        <time>2026-09-05T08:38:41.000Z</time>
      </trkpt>
      <trkpt lat="42.3355755396187305450439453125" lon="1.74152302555739879608154296875">
        <ele>1348.199951171875</ele>
        <time>2026-09-05T08:38:42.000Z</time>
      </trkpt>
      <trkpt lat="42.3356449417769908905029296875" lon="1.74152838997542858123779296875">
        <ele>1348</ele>
        <time>2026-09-05T08:38:48.000Z</time>
      </trkpt>
      <trkpt lat="42.33565474860370159149169921875" lon="1.7415313236415386199951171875">
        <ele>1347.5999755859375</ele>
        <time>2026-09-05T08:38:49.000Z</time>
      </trkpt>
      <trkpt lat="42.3356875218451023101806640625" lon="1.74152554012835025787353515625">
        <ele>1346.800048828125</ele>
        <time>2026-09-05T08:38:52.000Z</time>
      </trkpt>
      <trkpt lat="42.33574778772890567779541015625" lon="1.7415420524775981903076171875">
        <ele>1346.5999755859375</ele>
        <time>2026-09-05T08:38:57.000Z</time>
      </trkpt>
      <trkpt lat="42.3358115740120410919189453125" lon="1.74157247878611087799072265625">
        <ele>1347.199951171875</ele>
        <time>2026-09-05T08:39:03.000Z</time>
      </trkpt>
      <trkpt lat="42.33583278022706508636474609375" lon="1.74158622510731220245361328125">
        <ele>1347.199951171875</ele>
        <time>2026-09-05T08:39:05.000Z</time>
      </trkpt>
      <trkpt lat="42.33589044772088527679443359375" lon="1.7415960319340229034423828125">
        <ele>1346.5999755859375</ele>
        <time>2026-09-05T08:39:11.000Z</time>
      </trkpt>
      <trkpt lat="42.3359326086938381195068359375" lon="1.74158873967826366424560546875">
        <ele>1346.5999755859375</ele>
        <time>2026-09-05T08:39:14.000Z</time>
      </trkpt>
      <trkpt lat="42.336013577878475189208984375" lon="1.74154180102050304412841796875">
        <ele>1347.199951171875</ele>
        <time>2026-09-05T08:39:20.000Z</time>
      </trkpt>
      <trkpt lat="42.33603578992187976837158203125" lon="1.74152671359479427337646484375">
        <ele>1347.199951171875</ele>
        <time>2026-09-05T08:39:22.000Z</time>
      </trkpt>
      <trkpt lat="42.336083985865116119384765625" lon="1.7414542101323604583740234375">
        <ele>1347.4000244140625</ele>
        <time>2026-09-05T08:39:28.000Z</time>
      </trkpt>
      <trkpt lat="42.33610309660434722900390625" lon="1.7414153181016445159912109375">
        <ele>1347.800048828125</ele>
        <time>2026-09-05T08:39:31.000Z</time>
      </trkpt>
      <trkpt lat="42.3361079581081867218017578125" lon="1.74140417017042636871337890625">
        <ele>1348</ele>
        <time>2026-09-05T08:39:32.000Z</time>
      </trkpt>
      <trkpt lat="42.33614190481603145599365234375" lon="1.7413532920181751251220703125">
        <ele>1348.5999755859375</ele>
        <time>2026-09-05T08:39:37.000Z</time>
      </trkpt>
      <trkpt lat="42.33615498058497905731201171875" lon="1.7413361929357051849365234375">
        <ele>1348.800048828125</ele>
        <time>2026-09-05T08:39:39.000Z</time>
      </trkpt>
      <trkpt lat="42.336157076060771942138671875" lon="1.7413358576595783233642578125">
        <ele>1348.800048828125</ele>
        <time>2026-09-05T08:39:40.000Z</time>
      </trkpt>
      <trkpt lat="42.3361542262136936187744140625" lon="1.74132831394672393798828125">
        <ele>1349</ele>
        <time>2026-09-05T08:39:44.000Z</time>
      </trkpt>
      <trkpt lat="42.3361538909375667572021484375" lon="1.74132831394672393798828125">
        <ele>1349</ele>
        <time>2026-09-05T08:39:50.000Z</time>
      </trkpt>
      <trkpt lat="42.3361538909375667572021484375" lon="1.74132831394672393798828125">
        <ele>1348.4000244140625</ele>
        <time>2026-09-05T08:39:56.000Z</time>
      </trkpt>
      <trkpt lat="42.3361538909375667572021484375" lon="1.74132831394672393798828125">
        <ele>1348.4000244140625</ele>
        <time>2026-09-05T08:39:57.000Z</time>
      </trkpt>
      <trkpt lat="42.336170487105846405029296875" lon="1.74130945466458797454833984375">
        <ele>1349.4000244140625</ele>
        <time>2026-09-05T08:40:00.000Z</time>
      </trkpt>
      <trkpt lat="42.33619295060634613037109375" lon="1.741288416087627410888671875">
        <ele>1350.199951171875</ele>
        <time>2026-09-05T08:40:02.000Z</time>
      </trkpt>
      <trkpt lat="42.336198985576629638671875" lon="1.74128363840281963348388671875">
        <ele>1350.4000244140625</ele>
        <time>2026-09-05T08:40:03.000Z</time>
      </trkpt>
      <trkpt lat="42.33625003136694431304931640625" lon="1.7412399686872959136962890625">
        <ele>1350.800048828125</ele>
        <time>2026-09-05T08:40:09.000Z</time>
      </trkpt>
      <trkpt lat="42.3362595029175281524658203125" lon="1.74123502336442470550537109375">
        <ele>1350.800048828125</ele>
        <time>2026-09-05T08:40:10.000Z</time>
      </trkpt>
      <trkpt lat="42.33630585484206676483154296875" lon="1.741203255951404571533203125">
        <ele>1351.199951171875</ele>
        <time>2026-09-05T08:40:15.000Z</time>
      </trkpt>
      <trkpt lat="42.33632379211485385894775390625" lon="1.74119277857244014739990234375">
        <ele>1351.5999755859375</ele>
        <time>2026-09-05T08:40:17.000Z</time>
      </trkpt>
      <trkpt lat="42.33637659810483455657958984375" lon="1.74117936752736568450927734375">
        <ele>1352.4000244140625</ele>
        <time>2026-09-05T08:40:22.000Z</time>
      </trkpt>
      <trkpt lat="42.33640040270984172821044921875" lon="1.74117098562419414520263671875">
        <ele>1352.800048828125</ele>
        <time>2026-09-05T08:40:24.000Z</time>
      </trkpt>
      <trkpt lat="42.3364241234958171844482421875" lon="1.74117500893771648406982421875">
        <ele>1353</ele>
        <time>2026-09-05T08:40:27.000Z</time>
      </trkpt>
      <trkpt lat="42.3364465869963169097900390625" lon="1.74117802642285823822021484375">
        <ele>1353</ele>
        <time>2026-09-05T08:40:29.000Z</time>
      </trkpt>
      <trkpt lat="42.336456812918186187744140625" lon="1.74117081798613071441650390625">
        <ele>1353.199951171875</ele>
        <time>2026-09-05T08:40:30.000Z</time>
      </trkpt>
      <trkpt lat="42.33647416345775127410888671875" lon="1.74116075970232486724853515625">
        <ele>1353.4000244140625</ele>
        <time>2026-09-05T08:40:32.000Z</time>
      </trkpt>
      <trkpt lat="42.336520515382289886474609375" lon="1.74115556292235851287841796875">
        <ele>1354.199951171875</ele>
        <time>2026-09-05T08:40:36.000Z</time>
      </trkpt>
      <trkpt lat="42.336529903113842010498046875" lon="1.74114952795207500457763671875">
        <ele>1354.4000244140625</ele>
        <time>2026-09-05T08:40:37.000Z</time>
      </trkpt>
      <trkpt lat="42.336535938084125518798828125" lon="1.7411514557898044586181640625">
        <ele>1354.5999755859375</ele>
        <time>2026-09-05T08:40:41.000Z</time>
      </trkpt>
      <trkpt lat="42.336535938084125518798828125" lon="1.74115137197077274322509765625">
        <ele>1354.5999755859375</ele>
        <time>2026-09-05T08:40:47.000Z</time>
      </trkpt>
      <trkpt lat="42.336535938084125518798828125" lon="1.74115137197077274322509765625">
        <ele>1354.199951171875</ele>
        <time>2026-09-05T08:40:52.000Z</time>
      </trkpt>
      <trkpt lat="42.33653870411217212677001953125" lon="1.74114852212369441986083984375">
        <ele>1353.800048828125</ele>
        <time>2026-09-05T08:40:58.000Z</time>
      </trkpt>
      <trkpt lat="42.33654775656759738922119140625" lon="1.74114299006760120391845703125">
        <ele>1353.800048828125</ele>
        <time>2026-09-05T08:40:59.000Z</time>
      </trkpt>
      <trkpt lat="42.3365662805736064910888671875" lon="1.74113276414573192596435546875">
        <ele>1354</ele>
        <time>2026-09-05T08:41:01.000Z</time>
      </trkpt>
      <trkpt lat="42.33657575212419033050537109375" lon="1.7411273159086704254150390625">
        <ele>1354.199951171875</ele>
        <time>2026-09-05T08:41:02.000Z</time>
      </trkpt>
      <trkpt lat="42.33663995750248432159423828125" lon="1.741098649799823760986328125">
        <ele>1354.800048828125</ele>
        <time>2026-09-05T08:41:08.000Z</time>
      </trkpt>
      <trkpt lat="42.33667667023837566375732421875" lon="1.7410897649824619293212890625">
        <ele>1355.4000244140625</ele>
        <time>2026-09-05T08:41:12.000Z</time>
      </trkpt>
      <trkpt lat="42.3366836272180080413818359375" lon="1.7411021701991558074951171875">
        <ele>1355.5999755859375</ele>
        <time>2026-09-05T08:41:13.000Z</time>
      </trkpt>
      <trkpt lat="42.33669184148311614990234375" lon="1.74111784435808658599853515625">
        <ele>1356</ele>
        <time>2026-09-05T08:41:17.000Z</time>
      </trkpt>
      <trkpt lat="42.3366920091211795806884765625" lon="1.74111767672002315521240234375">
        <ele>1356</ele>
        <time>2026-09-05T08:41:23.000Z</time>
      </trkpt>
      <trkpt lat="42.33673484064638614654541015625" lon="1.7411082051694393157958984375">
        <ele>1356.4000244140625</ele>
        <time>2026-09-05T08:41:28.000Z</time>
      </trkpt>
      <trkpt lat="42.336804829537868499755859375" lon="1.7410968057811260223388671875">
        <ele>1356.5999755859375</ele>
        <time>2026-09-05T08:41:34.000Z</time>
      </trkpt>
      <trkpt lat="42.3368247784674167633056640625" lon="1.74110460095107555389404296875">
        <ele>1356.800048828125</ele>
        <time>2026-09-05T08:41:36.000Z</time>
      </trkpt>
      <trkpt lat="42.3368673585355281829833984375" lon="1.741142570972442626953125">
        <ele>1356.800048828125</ele>
        <time>2026-09-05T08:41:40.000Z</time>
      </trkpt>
      <trkpt lat="42.3369210027158260345458984375" lon="1.74117945134639739990234375">
        <ele>1357.199951171875</ele>
        <time>2026-09-05T08:41:45.000Z</time>
      </trkpt>
      <trkpt lat="42.336997948586940765380859375" lon="1.7411920242011547088623046875">
        <ele>1357.5999755859375</ele>
        <time>2026-09-05T08:41:51.000Z</time>
      </trkpt>
      <trkpt lat="42.3370477370917797088623046875" lon="1.7411787807941436767578125">
        <ele>1357.4000244140625</ele>
        <time>2026-09-05T08:41:57.000Z</time>
      </trkpt>
      <trkpt lat="42.33706542290747165679931640625" lon="1.74117299728095531463623046875">
        <ele>1357.4000244140625</ele>
        <time>2026-09-05T08:42:03.000Z</time>
      </trkpt>
      <trkpt lat="42.33714823611080646514892578125" lon="1.7411514557898044586181640625">
        <ele>1357.5999755859375</ele>
        <time>2026-09-05T08:42:09.000Z</time>
      </trkpt>
      <trkpt lat="42.33722534961998462677001953125" lon="1.7411588318645954132080078125">
        <ele>1357.4000244140625</ele>
        <time>2026-09-05T08:42:15.000Z</time>
      </trkpt>
      <trkpt lat="42.3372941650450229644775390625" lon="1.7411814630031585693359375">
        <ele>1357</ele>
        <time>2026-09-05T08:42:21.000Z</time>
      </trkpt>
      <trkpt lat="42.3373028822243213653564453125" lon="1.741182468831539154052734375">
        <ele>1357</ele>
        <time>2026-09-05T08:42:22.000Z</time>
      </trkpt>
      <trkpt lat="42.33737790025770664215087890625" lon="1.7412118054926395416259765625">
        <ele>1357</ele>
        <time>2026-09-05T08:42:28.000Z</time>
      </trkpt>
      <trkpt lat="42.33738695271313190460205078125" lon="1.74121306277811527252197265625">
        <ele>1357</ele>
        <time>2026-09-05T08:42:29.000Z</time>
      </trkpt>
      <trkpt lat="42.33744998462498188018798828125" lon="1.741248182952404022216796875">
        <ele>1355.800048828125</ele>
        <time>2026-09-05T08:42:35.000Z</time>
      </trkpt>
      <trkpt lat="42.337458617985248565673828125" lon="1.74125731922686100006103515625">
        <ele>1355.5999755859375</ele>
        <time>2026-09-05T08:42:36.000Z</time>
      </trkpt>
      <trkpt lat="42.33752927742898464202880859375" lon="1.7412912659347057342529296875">
        <ele>1355.5999755859375</ele>
        <time>2026-09-05T08:42:42.000Z</time>
      </trkpt>
      <trkpt lat="42.33756548725068569183349609375" lon="1.74129973165690898895263671875">
        <ele>1355.4000244140625</ele>
        <time>2026-09-05T08:42:45.000Z</time>
      </trkpt>
      <trkpt lat="42.33763438649475574493408203125" lon="1.74132035113871097564697265625">
        <ele>1354.800048828125</ele>
        <time>2026-09-05T08:42:51.000Z</time>
      </trkpt>
      <trkpt lat="42.33768559992313385009765625" lon="1.741307862102985382080078125">
        <ele>1354.800048828125</ele>
        <time>2026-09-05T08:42:55.000Z</time>
      </trkpt>
      <trkpt lat="42.3376975022256374359130859375" lon="1.74130056984722614288330078125">
        <ele>1354.5999755859375</ele>
        <time>2026-09-05T08:42:56.000Z</time>
      </trkpt>
      <trkpt lat="42.337770424783229827880859375" lon="1.74127609468996524810791015625">
        <ele>1353.800048828125</ele>
        <time>2026-09-05T08:43:02.000Z</time>
      </trkpt>
      <trkpt lat="42.33781845308840274810791015625" lon="1.74125321209430694580078125">
        <ele>1353.5999755859375</ele>
        <time>2026-09-05T08:43:06.000Z</time>
      </trkpt>
      <trkpt lat="42.33788399957120418548583984375" lon="1.7412128113210201263427734375">
        <ele>1353</ele>
        <time>2026-09-05T08:43:12.000Z</time>
      </trkpt>
      <trkpt lat="42.337910570204257965087890625" lon="1.74119177274405956268310546875">
        <ele>1353.199951171875</ele>
        <time>2026-09-05T08:43:15.000Z</time>
      </trkpt>
      <trkpt lat="42.33796748332679271697998046875" lon="1.741132177412509918212890625">
        <ele>1354</ele>
        <time>2026-09-05T08:43:21.000Z</time>
      </trkpt>
      <trkpt lat="42.337979972362518310546875" lon="1.7411090433597564697265625">
        <ele>1354</ele>
        <time>2026-09-05T08:43:23.000Z</time>
      </trkpt>
      <trkpt lat="42.338025234639644622802734375" lon="1.7410270683467388153076171875">
        <ele>1354.199951171875</ele>
        <time>2026-09-05T08:43:29.000Z</time>
      </trkpt>
      <trkpt lat="42.3380357958376407623291015625" lon="1.74098826013505458831787109375">
        <ele>1354</ele>
        <time>2026-09-05T08:43:31.000Z</time>
      </trkpt>
      <trkpt lat="42.33806152828037738800048828125" lon="1.7409056983888149261474609375">
        <ele>1354</ele>
        <time>2026-09-05T08:43:37.000Z</time>
      </trkpt>
      <trkpt lat="42.338070161640644073486328125" lon="1.74086890183389186859130859375">
        <ele>1354</ele>
        <time>2026-09-05T08:43:42.000Z</time>
      </trkpt>
      <trkpt lat="42.3380911163985729217529296875" lon="1.74079681746661663055419921875">
        <ele>1353.5999755859375</ele>
        <time>2026-09-05T08:43:46.000Z</time>
      </trkpt>
      <trkpt lat="42.338135540485382080078125" lon="1.740719787776470184326171875">
        <ele>1353.800048828125</ele>
        <time>2026-09-05T08:43:52.000Z</time>
      </trkpt>
      <trkpt lat="42.33818490989506244659423828125" lon="1.74065566621720790863037109375">
        <ele>1354</ele>
        <time>2026-09-05T08:43:58.000Z</time>
      </trkpt>
      <trkpt lat="42.33820552937686443328857421875" lon="1.74063672311604022979736328125">
        <ele>1354.199951171875</ele>
        <time>2026-09-05T08:44:00.000Z</time>
      </trkpt>
      <trkpt lat="42.3382493667304515838623046875" lon="1.7405699193477630615234375">
        <ele>1354.4000244140625</ele>
        <time>2026-09-05T08:44:06.000Z</time>
      </trkpt>
      <trkpt lat="42.338253557682037353515625" lon="1.7405637167394161224365234375">
        <ele>1354.5999755859375</ele>
        <time>2026-09-05T08:44:07.000Z</time>
      </trkpt>
      <trkpt lat="42.33825900591909885406494140625" lon="1.7405637167394161224365234375">
        <ele>1354.5999755859375</ele>
        <time>2026-09-05T08:44:08.000Z</time>
      </trkpt>
      <trkpt lat="42.3382594250142574310302734375" lon="1.7405627109110355377197265625">
        <ele>1354.199951171875</ele>
        <time>2026-09-05T08:44:14.000Z</time>
      </trkpt>
      <trkpt lat="42.3382594250142574310302734375" lon="1.7405627109110355377197265625">
        <ele>1353.5999755859375</ele>
        <time>2026-09-05T08:44:17.000Z</time>
      </trkpt>
      <trkpt lat="42.3382594250142574310302734375" lon="1.7405627109110355377197265625">
        <ele>1353.800048828125</ele>
        <time>2026-09-05T08:44:23.000Z</time>
      </trkpt>
      <trkpt lat="42.3382594250142574310302734375" lon="1.7405627109110355377197265625">
        <ele>1353.800048828125</ele>
        <time>2026-09-05T08:44:25.000Z</time>
      </trkpt>
      <trkpt lat="42.3382594250142574310302734375" lon="1.7405627109110355377197265625">
        <ele>1353.800048828125</ele>
        <time>2026-09-05T08:44:27.000Z</time>
      </trkpt>
      <trkpt lat="42.3382594250142574310302734375" lon="1.7405627109110355377197265625">
        <ele>1354</ele>
        <time>2026-09-05T08:44:33.000Z</time>
      </trkpt>
      <trkpt lat="42.3382594250142574310302734375" lon="1.7405627109110355377197265625">
        <ele>1353.800048828125</ele>
        <time>2026-09-05T08:44:39.000Z</time>
      </trkpt>
      <trkpt lat="42.3382594250142574310302734375" lon="1.7405627109110355377197265625">
        <ele>1353.5999755859375</ele>
        <time>2026-09-05T08:44:45.000Z</time>
      </trkpt>
      <trkpt lat="42.3382594250142574310302734375" lon="1.7405627109110355377197265625">
        <ele>1353.4000244140625</ele>
        <time>2026-09-05T08:44:50.000Z</time>
      </trkpt>
      <trkpt lat="42.3382594250142574310302734375" lon="1.7405627109110355377197265625">
        <ele>1353.800048828125</ele>
        <time>2026-09-05T08:44:54.000Z</time>
      </trkpt>
      <trkpt lat="42.3382594250142574310302734375" lon="1.7405627109110355377197265625">
        <ele>1354.800048828125</ele>
        <time>2026-09-05T08:44:58.000Z</time>
      </trkpt>
      <trkpt lat="42.3382594250142574310302734375" lon="1.7405627109110355377197265625">
        <ele>1354.800048828125</ele>
        <time>2026-09-05T08:45:01.000Z</time>
      </trkpt>
      <trkpt lat="42.3382594250142574310302734375" lon="1.7405627109110355377197265625">
        <ele>1354.5999755859375</ele>
        <time>2026-09-05T08:45:07.000Z</time>
      </trkpt>
      <trkpt lat="42.3382761888206005096435546875" lon="1.74060587771236896514892578125">
        <ele>1354.199951171875</ele>
        <time>2026-09-05T08:45:12.000Z</time>
      </trkpt>
      <trkpt lat="42.3382912762463092803955078125" lon="1.74062230624258518218994140625">
        <ele>1353.199951171875</ele>
        <time>2026-09-05T08:45:14.000Z</time>
      </trkpt>
      <trkpt lat="42.338309548795223236083984375" lon="1.7406369745731353759765625">
        <ele>1352</ele>
        <time>2026-09-05T08:45:16.000Z</time>
      </trkpt>
      <trkpt lat="42.3383268155157566070556640625" lon="1.74065432511270046234130859375">
        <ele>1351.5999755859375</ele>
        <time>2026-09-05T08:45:18.000Z</time>
      </trkpt>
      <trkpt lat="42.33838825486600399017333984375" lon="1.74068190157413482666015625">
        <ele>1351.800048828125</ele>
        <time>2026-09-05T08:45:24.000Z</time>
      </trkpt>
      <trkpt lat="42.3384196870028972625732421875" lon="1.740703023970127105712890625">
        <ele>1352</ele>
        <time>2026-09-05T08:45:27.000Z</time>
      </trkpt>
      <trkpt lat="42.3384869098663330078125" lon="1.7407531477510929107666015625">
        <ele>1352</ele>
        <time>2026-09-05T08:45:33.000Z</time>
      </trkpt>
      <trkpt lat="42.3385169170796871185302734375" lon="1.740776114165782928466796875">
        <ele>1352.4000244140625</ele>
        <time>2026-09-05T08:45:36.000Z</time>
      </trkpt>
      <trkpt lat="42.33856737613677978515625" lon="1.74081743694841861724853515625">
        <ele>1352.4000244140625</ele>
        <time>2026-09-05T08:45:42.000Z</time>
      </trkpt>
      <trkpt lat="42.338610626757144927978515625" lon="1.74082137644290924072265625">
        <ele>1352.5999755859375</ele>
        <time>2026-09-05T08:45:46.000Z</time>
      </trkpt>
      <trkpt lat="42.33864373527467250823974609375" lon="1.7408327758312225341796875">
        <ele>1353</ele>
        <time>2026-09-05T08:45:49.000Z</time>
      </trkpt>
      <trkpt lat="42.33869813382625579833984375" lon="1.74084157682955265045166015625">
        <ele>1353.4000244140625</ele>
        <time>2026-09-05T08:45:54.000Z</time>
      </trkpt>
      <trkpt lat="42.33872805722057819366455078125" lon="1.74084023572504520416259765625">
        <ele>1353.800048828125</ele>
        <time>2026-09-05T08:45:57.000Z</time>
      </trkpt>
      <trkpt lat="42.3387392051517963409423828125" lon="1.7408403195440769195556640625">
        <ele>1354</ele>
        <time>2026-09-05T08:45:58.000Z</time>
      </trkpt>
      <trkpt lat="42.33878673054277896881103515625" lon="1.74084543250501155853271484375">
        <ele>1353.800048828125</ele>
        <time>2026-09-05T08:46:02.000Z</time>
      </trkpt>
      <trkpt lat="42.33881087042391300201416015625" lon="1.7408408224582672119140625">
        <ele>1353.4000244140625</ele>
        <time>2026-09-05T08:46:04.000Z</time>
      </trkpt>
      <trkpt lat="42.33883383683860301971435546875" lon="1.7408316023647785186767578125">
        <ele>1353</ele>
        <time>2026-09-05T08:46:07.000Z</time>
      </trkpt>
      <trkpt lat="42.33883601613342761993408203125" lon="1.7408285848796367645263671875">
        <ele>1352.800048828125</ele>
        <time>2026-09-05T08:46:10.000Z</time>
      </trkpt>
      <trkpt lat="42.33883601613342761993408203125" lon="1.7408285848796367645263671875">
        <ele>1353</ele>
        <time>2026-09-05T08:46:16.000Z</time>
      </trkpt>
      <trkpt lat="42.33883601613342761993408203125" lon="1.7408285848796367645263671875">
        <ele>1352.800048828125</ele>
        <time>2026-09-05T08:46:19.000Z</time>
      </trkpt>
      <trkpt lat="42.33883601613342761993408203125" lon="1.7408285848796367645263671875">
        <ele>1352.800048828125</ele>
        <time>2026-09-05T08:46:20.000Z</time>
      </trkpt>
      <trkpt lat="42.33883601613342761993408203125" lon="1.7408285848796367645263671875">
        <ele>1353</ele>
        <time>2026-09-05T08:46:26.000Z</time>
      </trkpt>
      <trkpt lat="42.33883601613342761993408203125" lon="1.7408285848796367645263671875">
        <ele>1352.800048828125</ele>
        <time>2026-09-05T08:46:27.000Z</time>
      </trkpt>
      <trkpt lat="42.33883970417082309722900390625" lon="1.7408319376409053802490234375">
        <ele>1352.800048828125</ele>
        <time>2026-09-05T08:46:33.000Z</time>
      </trkpt>
      <trkpt lat="42.33888597227632999420166015625" lon="1.740820370614528656005859375">
        <ele>1352.800048828125</ele>
        <time>2026-09-05T08:46:37.000Z</time>
      </trkpt>
      <trkpt lat="42.338956296443939208984375" lon="1.74080704338848590850830078125">
        <ele>1352</ele>
        <time>2026-09-05T08:46:43.000Z</time>
      </trkpt>
      <trkpt lat="42.33899057842791080474853515625" lon="1.7408054508268833160400390625">
        <ele>1351.5999755859375</ele>
        <time>2026-09-05T08:46:46.000Z</time>
      </trkpt>
      <trkpt lat="42.3390620760619640350341796875" lon="1.74080662429332733154296875">
        <ele>1351</ele>
        <time>2026-09-05T08:46:52.000Z</time>
      </trkpt>
      <trkpt lat="42.3390731401741504669189453125" lon="1.740806289017200469970703125">
        <ele>1350.800048828125</ele>
        <time>2026-09-05T08:46:53.000Z</time>
      </trkpt>
      <trkpt lat="42.33910976909101009368896484375" lon="1.7408086359500885009765625">
        <ele>1350.5999755859375</ele>
        <time>2026-09-05T08:46:56.000Z</time>
      </trkpt>
      <trkpt lat="42.3391663469374179840087890625" lon="1.740791536867618560791015625">
        <ele>1349.800048828125</ele>
        <time>2026-09-05T08:47:01.000Z</time>
      </trkpt>
      <trkpt lat="42.339228875935077667236328125" lon="1.74076463095843791961669921875">
        <ele>1348.800048828125</ele>
        <time>2026-09-05T08:47:07.000Z</time>
      </trkpt>
      <trkpt lat="42.33923817984759807586669921875" lon="1.74075909890234470367431640625">
        <ele>1348.800048828125</ele>
        <time>2026-09-05T08:47:08.000Z</time>
      </trkpt>
      <trkpt lat="42.3392481543123722076416015625" lon="1.74075138755142688751220703125">
        <ele>1348.5999755859375</ele>
        <time>2026-09-05T08:47:09.000Z</time>
      </trkpt>
      <trkpt lat="42.33930858783423900604248046875" lon="1.740707047283649444580078125">
        <ele>1348.199951171875</ele>
        <time>2026-09-05T08:47:15.000Z</time>
      </trkpt>
      <trkpt lat="42.3393698595464229583740234375" lon="1.74066186882555484771728515625">
        <ele>1347.5999755859375</ele>
        <time>2026-09-05T08:47:21.000Z</time>
      </trkpt>
      <trkpt lat="42.339430712163448333740234375" lon="1.7406187020242214202880859375">
        <ele>1347</ele>
        <time>2026-09-05T08:47:27.000Z</time>
      </trkpt>
      <trkpt lat="42.33949298970401287078857421875" lon="1.740568578243255615234375">
        <ele>1347</ele>
        <time>2026-09-05T08:47:33.000Z</time>
      </trkpt>
      <trkpt lat="42.3395150341093540191650390625" lon="1.7405509762465953826904296875">
        <ele>1346.800048828125</ele>
        <time>2026-09-05T08:47:35.000Z</time>
      </trkpt>
      <trkpt lat="42.33957680873572826385498046875" lon="1.74049657769501209259033203125">
        <ele>1347.5999755859375</ele>
        <time>2026-09-05T08:47:41.000Z</time>
      </trkpt>
      <trkpt lat="42.3396136052906513214111328125" lon="1.74046992324292659759521484375">
        <ele>1348.199951171875</ele>
        <time>2026-09-05T08:47:44.000Z</time>
      </trkpt>
      <trkpt lat="42.339680157601833343505859375" lon="1.740440167486667633056640625">
        <ele>1347.800048828125</ele>
        <time>2026-09-05T08:47:50.000Z</time>
      </trkpt>
      <trkpt lat="42.3396917246282100677490234375" lon="1.7404399998486042022705078125">
        <ele>1347.800048828125</ele>
        <time>2026-09-05T08:47:51.000Z</time>
      </trkpt>
      <trkpt lat="42.33976942487061023712158203125" lon="1.7404473759233951568603515625">
        <ele>1347.5999755859375</ele>
        <time>2026-09-05T08:47:57.000Z</time>
      </trkpt>
      <trkpt lat="42.3398375697433948516845703125" lon="1.74044595099985599517822265625">
        <ele>1347.5999755859375</ele>
        <time>2026-09-05T08:48:03.000Z</time>
      </trkpt>
      <trkpt lat="42.339841090142726898193359375" lon="1.7404550872743129730224609375">
        <ele>1347.4000244140625</ele>
        <time>2026-09-05T08:48:09.000Z</time>
      </trkpt>
      <trkpt lat="42.339841090142726898193359375" lon="1.7404550872743129730224609375">
        <ele>1347.199951171875</ele>
        <time>2026-09-05T08:48:11.000Z</time>
      </trkpt>
      <trkpt lat="42.339874617755413055419921875" lon="1.74045416526496410369873046875">
        <ele>1347.4000244140625</ele>
        <time>2026-09-05T08:48:17.000Z</time>
      </trkpt>
      <trkpt lat="42.33988576568663120269775390625" lon="1.7404545843601226806640625">
        <ele>1347.4000244140625</ele>
        <time>2026-09-05T08:48:18.000Z</time>
      </trkpt>
      <trkpt lat="42.3399629630148410797119140625" lon="1.74044745974242687225341796875">
        <ele>1347.199951171875</ele>
        <time>2026-09-05T08:48:24.000Z</time>
      </trkpt>
      <trkpt lat="42.33997276984155178070068359375" lon="1.740446873009204864501953125">
        <ele>1347.199951171875</ele>
        <time>2026-09-05T08:48:25.000Z</time>
      </trkpt>
      <trkpt lat="42.3400451056659221649169921875" lon="1.7404343001544475555419921875">
        <ele>1347.5999755859375</ele>
        <time>2026-09-05T08:48:31.000Z</time>
      </trkpt>
      <trkpt lat="42.34006564132869243621826171875" lon="1.740418039262294769287109375">
        <ele>1347.5999755859375</ele>
        <time>2026-09-05T08:48:33.000Z</time>
      </trkpt>
      <trkpt lat="42.340131103992462158203125" lon="1.74041225574910640716552734375">
        <ele>1347.4000244140625</ele>
        <time>2026-09-05T08:48:39.000Z</time>
      </trkpt>
      <trkpt lat="42.340191788971424102783203125" lon="1.7403796501457691192626953125">
        <ele>1347.5999755859375</ele>
        <time>2026-09-05T08:48:45.000Z</time>
      </trkpt>
      <trkpt lat="42.34025607816874980926513671875" lon="1.7403431050479412078857421875">
        <ele>1348.199951171875</ele>
        <time>2026-09-05T08:48:51.000Z</time>
      </trkpt>
      <trkpt lat="42.34027468599379062652587890625" lon="1.74032877199351787567138671875">
        <ele>1348.199951171875</ele>
        <time>2026-09-05T08:48:53.000Z</time>
      </trkpt>
      <trkpt lat="42.340327240526676177978515625" lon="1.740280576050281524658203125">
        <ele>1348.4000244140625</ele>
        <time>2026-09-05T08:48:59.000Z</time>
      </trkpt>
      <trkpt lat="42.3403451777994632720947265625" lon="1.74025802873075008392333984375">
        <ele>1348.5999755859375</ele>
        <time>2026-09-05T08:49:01.000Z</time>
      </trkpt>
      <trkpt lat="42.3403537273406982421875" lon="1.74024847336113452911376953125">
        <ele>1348.800048828125</ele>
        <time>2026-09-05T08:49:02.000Z</time>
      </trkpt>
      <trkpt lat="42.34039287082850933074951171875" lon="1.740193404257297515869140625">
        <ele>1349.4000244140625</ele>
        <time>2026-09-05T08:49:08.000Z</time>
      </trkpt>
      <trkpt lat="42.3404403962194919586181640625" lon="1.740133725106716156005859375">
        <ele>1349.800048828125</ele>
        <time>2026-09-05T08:49:14.000Z</time>
      </trkpt>
      <trkpt lat="42.340476773679256439208984375" lon="1.7400799132883548736572265625">
        <ele>1350.5999755859375</ele>
        <time>2026-09-05T08:49:19.000Z</time>
      </trkpt>
      <trkpt lat="42.34051642008125782012939453125" lon="1.740028448402881622314453125">
        <ele>1350.800048828125</ele>
        <time>2026-09-05T08:49:24.000Z</time>
      </trkpt>
      <trkpt lat="42.340525723993778228759765625" lon="1.74002568237483501434326171875">
        <ele>1350.800048828125</ele>
        <time>2026-09-05T08:49:25.000Z</time>
      </trkpt>
      <trkpt lat="42.34055028297007083892822265625" lon="1.7400017939507961273193359375">
        <ele>1350.800048828125</ele>
        <time>2026-09-05T08:49:30.000Z</time>
      </trkpt>
      <trkpt lat="42.340550534427165985107421875" lon="1.74000171013176441192626953125">
        <ele>1350.199951171875</ele>
        <time>2026-09-05T08:49:36.000Z</time>
      </trkpt>
      <trkpt lat="42.3405560664832592010498046875" lon="1.73998712562024593353271484375">
        <ele>1350.4000244140625</ele>
        <time>2026-09-05T08:49:38.000Z</time>
      </trkpt>
      <trkpt lat="42.34057056717574596405029296875" lon="1.73996441066265106201171875">
        <ele>1350.800048828125</ele>
        <time>2026-09-05T08:49:41.000Z</time>
      </trkpt>
      <trkpt lat="42.34059319831430912017822265625" lon="1.7399323917925357818603515625">
        <ele>1352.199951171875</ele>
        <time>2026-09-05T08:49:45.000Z</time>
      </trkpt>
      <trkpt lat="42.3405976407229900360107421875" lon="1.7399166338145732879638671875">
        <ele>1352.800048828125</ele>
        <time>2026-09-05T08:49:47.000Z</time>
      </trkpt>
      <trkpt lat="42.34062974341213703155517578125" lon="1.73986206762492656707763671875">
        <ele>1353.199951171875</ele>
        <time>2026-09-05T08:49:52.000Z</time>
      </trkpt>
      <trkpt lat="42.3406442441046237945556640625" lon="1.73985217697918415069580078125">
        <ele>1353.199951171875</ele>
        <time>2026-09-05T08:49:53.000Z</time>
      </trkpt>
      <trkpt lat="42.340699397027492523193359375" lon="1.73982216976583003997802734375">
        <ele>1353.5999755859375</ele>
        <time>2026-09-05T08:49:58.000Z</time>
      </trkpt>
      <trkpt lat="42.34076184220612049102783203125" lon="1.73980347812175750732421875">
        <ele>1353.800048828125</ele>
        <time>2026-09-05T08:50:04.000Z</time>
      </trkpt>
      <trkpt lat="42.34078028239309787750244140625" lon="1.7398069985210895538330078125">
        <ele>1353.5999755859375</ele>
        <time>2026-09-05T08:50:09.000Z</time>
      </trkpt>
      <trkpt lat="42.340780198574066162109375" lon="1.739806830883026123046875">
        <ele>1353.199951171875</ele>
        <time>2026-09-05T08:50:15.000Z</time>
      </trkpt>
      <trkpt lat="42.34078028239309787750244140625" lon="1.73980691470205783843994140625">
        <ele>1353</ele>
        <time>2026-09-05T08:50:18.000Z</time>
      </trkpt>
      <trkpt lat="42.34077391214668750762939453125" lon="1.73983071930706501007080078125">
        <ele>1353.4000244140625</ele>
        <time>2026-09-05T08:50:23.000Z</time>
      </trkpt>
      <trkpt lat="42.3407736606895923614501953125" lon="1.73983155749738216400146484375">
        <ele>1353.199951171875</ele>
        <time>2026-09-05T08:50:29.000Z</time>
      </trkpt>
      <trkpt lat="42.3407585732638835906982421875" lon="1.739873550832271575927734375">
        <ele>1353.4000244140625</ele>
        <time>2026-09-05T08:50:32.000Z</time>
      </trkpt>
      <trkpt lat="42.34076385386288166046142578125" lon="1.7398832738399505615234375">
        <ele>1353.4000244140625</ele>
        <time>2026-09-05T08:50:33.000Z</time>
      </trkpt>
      <trkpt lat="42.34079402871429920196533203125" lon="1.73990900628268718719482421875">
        <ele>1352.5999755859375</ele>
        <time>2026-09-05T08:50:38.000Z</time>
      </trkpt>
      <trkpt lat="42.340790927410125732421875" lon="1.7399333976209163665771484375">
        <ele>1352.199951171875</ele>
        <time>2026-09-05T08:50:41.000Z</time>
      </trkpt>
      <trkpt lat="42.34079134650528430938720703125" lon="1.7399501614272594451904296875">
        <ele>1351.5999755859375</ele>
        <time>2026-09-05T08:50:43.000Z</time>
      </trkpt>
      <trkpt lat="42.34078732319176197052001953125" lon="1.7399756424129009246826171875">
        <ele>1351</ele>
        <time>2026-09-05T08:50:45.000Z</time>
      </trkpt>
      <trkpt lat="42.34076787717640399932861328125" lon="1.7400093376636505126953125">
        <ele>1350.199951171875</ele>
        <time>2026-09-05T08:50:49.000Z</time>
      </trkpt>
      <trkpt lat="42.34076418913900852203369140625" lon="1.740015707910060882568359375">
        <ele>1350</ele>
        <time>2026-09-05T08:50:50.000Z</time>
      </trkpt>
      <trkpt lat="42.34076200984418392181396484375" lon="1.74004110507667064666748046875">
        <ele>1349.4000244140625</ele>
        <time>2026-09-05T08:50:55.000Z</time>
      </trkpt>
      <trkpt lat="42.34075915999710559844970703125" lon="1.740057282149791717529296875">
        <ele>1348.800048828125</ele>
        <time>2026-09-05T08:50:57.000Z</time>
      </trkpt>
      <trkpt lat="42.34075698070228099822998046875" lon="1.74006205983459949493408203125">
        <ele>1348.4000244140625</ele>
        <time>2026-09-05T08:51:02.000Z</time>
      </trkpt>
      <trkpt lat="42.3407579027116298675537109375" lon="1.74006097018718719482421875">
        <ele>1348.5999755859375</ele>
        <time>2026-09-05T08:51:08.000Z</time>
      </trkpt>
      <trkpt lat="42.34076184220612049102783203125" lon="1.74005853943526744842529296875">
        <ele>1348.199951171875</ele>
        <time>2026-09-05T08:51:10.000Z</time>
      </trkpt>
      <trkpt lat="42.3407689668238162994384765625" lon="1.74006122164428234100341796875">
        <ele>1347.800048828125</ele>
        <time>2026-09-05T08:51:13.000Z</time>
      </trkpt>
      <trkpt lat="42.34077324159443378448486328125" lon="1.74006507731974124908447265625">
        <ele>1347.199951171875</ele>
        <time>2026-09-05T08:51:16.000Z</time>
      </trkpt>
      <trkpt lat="42.3407827131450176239013671875" lon="1.74006189219653606414794921875">
        <ele>1346.800048828125</ele>
        <time>2026-09-05T08:51:20.000Z</time>
      </trkpt>
      <trkpt lat="42.3407827131450176239013671875" lon="1.74006189219653606414794921875">
        <ele>1346.5999755859375</ele>
        <time>2026-09-05T08:51:21.000Z</time>
      </trkpt>
      <trkpt lat="42.3407827131450176239013671875" lon="1.74006189219653606414794921875">
        <ele>1346.800048828125</ele>
        <time>2026-09-05T08:51:27.000Z</time>
      </trkpt>
      <trkpt lat="42.340794615447521209716796875" lon="1.74007362686097621917724609375">
        <ele>1346.199951171875</ele>
        <time>2026-09-05T08:51:32.000Z</time>
      </trkpt>
      <trkpt lat="42.340794615447521209716796875" lon="1.74007362686097621917724609375">
        <ele>1345.5999755859375</ele>
        <time>2026-09-05T08:51:35.000Z</time>
      </trkpt>
      <trkpt lat="42.34081028960645198822021484375" lon="1.74006340093910694122314453125">
        <ele>1345.5999755859375</ele>
        <time>2026-09-05T08:51:40.000Z</time>
      </trkpt>
      <trkpt lat="42.3408179171383380889892578125" lon="1.7400675080716609954833984375">
        <ele>1345.199951171875</ele>
        <time>2026-09-05T08:51:45.000Z</time>
      </trkpt>
      <trkpt lat="42.3408474214375019073486328125" lon="1.7400933243334293365478515625">
        <ele>1344.4000244140625</ele>
        <time>2026-09-05T08:51:48.000Z</time>
      </trkpt>
      <trkpt lat="42.3408504389226436614990234375" lon="1.74009944312274456024169921875">
        <ele>1344</ele>
        <time>2026-09-05T08:51:49.000Z</time>
      </trkpt>
      <trkpt lat="42.3408722318708896636962890625" lon="1.74016113393008708953857421875">
        <ele>1342.5999755859375</ele>
        <time>2026-09-05T08:51:53.000Z</time>
      </trkpt>
      <trkpt lat="42.34090249054133892059326171875" lon="1.74015752971172332763671875">
        <ele>1341.5999755859375</ele>
        <time>2026-09-05T08:51:56.000Z</time>
      </trkpt>
      <trkpt lat="42.3409141413867473602294921875" lon="1.7401540093123912811279296875">
        <ele>1341.5999755859375</ele>
        <time>2026-09-05T08:51:57.000Z</time>
      </trkpt>
      <trkpt lat="42.3409610800445079803466796875" lon="1.74014789052307605743408203125">
        <ele>1340.199951171875</ele>
        <time>2026-09-05T08:52:02.000Z</time>
      </trkpt>
      <trkpt lat="42.3409895785152912139892578125" lon="1.7401359044015407562255859375">
        <ele>1339</ele>
        <time>2026-09-05T08:52:06.000Z</time>
      </trkpt>
      <trkpt lat="42.34100575558841228485107421875" lon="1.74011989496648311614990234375">
        <ele>1338.199951171875</ele>
        <time>2026-09-05T08:52:08.000Z</time>
      </trkpt>
      <trkpt lat="42.3410127125680446624755859375" lon="1.740117631852626800537109375">
        <ele>1337.800048828125</ele>
        <time>2026-09-05T08:52:09.000Z</time>
      </trkpt>
      <trkpt lat="42.3410328291356563568115234375" lon="1.74010195769369602203369140625">
        <ele>1336.800048828125</ele>
        <time>2026-09-05T08:52:12.000Z</time>
      </trkpt>
      <trkpt lat="42.34105839394032955169677734375" lon="1.740088798105716705322265625">
        <ele>1336.199951171875</ele>
        <time>2026-09-05T08:52:15.000Z</time>
      </trkpt>
      <trkpt lat="42.34108664095401763916015625" lon="1.7400658316910266876220703125">
        <ele>1335.800048828125</ele>
        <time>2026-09-05T08:52:19.000Z</time>
      </trkpt>
      <trkpt lat="42.34109393320977687835693359375" lon="1.74005837179720401763916015625">
        <ele>1335.5999755859375</ele>
        <time>2026-09-05T08:52:20.000Z</time>
      </trkpt>
      <trkpt lat="42.34113852493464946746826171875" lon="1.74002886749804019927978515625">
        <ele>1334.5999755859375</ele>
        <time>2026-09-05T08:52:25.000Z</time>
      </trkpt>
      <trkpt lat="42.3411588929593563079833984375" lon="1.7400272749364376068115234375">
        <ele>1334.199951171875</ele>
        <time>2026-09-05T08:52:27.000Z</time>
      </trkpt>
      <trkpt lat="42.34117926098406314849853515625" lon="1.74000606872141361236572265625">
        <ele>1333.4000244140625</ele>
        <time>2026-09-05T08:52:30.000Z</time>
      </trkpt>
      <trkpt lat="42.34120490960776805877685546875" lon="1.73997036181390285491943359375">
        <ele>1332.800048828125</ele>
        <time>2026-09-05T08:52:34.000Z</time>
      </trkpt>
      <trkpt lat="42.34122075140476226806640625" lon="1.73994186334311962127685546875">
        <ele>1332.4000244140625</ele>
        <time>2026-09-05T08:52:37.000Z</time>
      </trkpt>
      <trkpt lat="42.341245226562023162841796875" lon="1.73991889692842960357666015625">
        <ele>1332</ele>
        <time>2026-09-05T08:52:40.000Z</time>
      </trkpt>
      <trkpt lat="42.3412936739623546600341796875" lon="1.73988436348736286163330078125">
        <ele>1331.4000244140625</ele>
        <time>2026-09-05T08:52:46.000Z</time>
      </trkpt>
      <trkpt lat="42.34130968339741230010986328125" lon="1.7398663423955440521240234375">
        <ele>1330</ele>
        <time>2026-09-05T08:52:49.000Z</time>
      </trkpt>
      <trkpt lat="42.34133181162178516387939453125" lon="1.7398499138653278350830078125">
        <ele>1328.800048828125</ele>
        <time>2026-09-05T08:52:51.000Z</time>
      </trkpt>
      <trkpt lat="42.34134036116302013397216796875" lon="1.73983189277350902557373046875">
        <ele>1328.5999755859375</ele>
        <time>2026-09-05T08:52:53.000Z</time>
      </trkpt>
      <trkpt lat="42.34137422405183315277099609375" lon="1.7397717945277690887451171875">
        <ele>1328.199951171875</ele>
        <time>2026-09-05T08:52:59.000Z</time>
      </trkpt>
      <trkpt lat="42.34138646163046360015869140625" lon="1.73975612036883831024169921875">
        <ele>1327.800048828125</ele>
        <time>2026-09-05T08:53:01.000Z</time>
      </trkpt>
      <trkpt lat="42.3413930833339691162109375" lon="1.73974522389471530914306640625">
        <ele>1327.5999755859375</ele>
        <time>2026-09-05T08:53:02.000Z</time>
      </trkpt>
      <trkpt lat="42.341432310640811920166015625" lon="1.7396940104663372039794921875">
        <ele>1326.5999755859375</ele>
        <time>2026-09-05T08:53:08.000Z</time>
      </trkpt>
      <trkpt lat="42.34143826179206371307373046875" lon="1.73968755640089511871337890625">
        <ele>1326.5999755859375</ele>
        <time>2026-09-05T08:53:09.000Z</time>
      </trkpt>
      <trkpt lat="42.3414636589586734771728515625" lon="1.7396571300923824310302734375">
        <ele>1325.5999755859375</ele>
        <time>2026-09-05T08:53:14.000Z</time>
      </trkpt>
      <trkpt lat="42.3414706997573375701904296875" lon="1.7396472394466400146484375">
        <ele>1325.4000244140625</ele>
        <time>2026-09-05T08:53:15.000Z</time>
      </trkpt>
      <trkpt lat="42.3414723761379718780517578125" lon="1.73963458277285099029541015625">
        <ele>1324.800048828125</ele>
        <time>2026-09-05T08:53:20.000Z</time>
      </trkpt>
      <trkpt lat="42.3414690233767032623291015625" lon="1.73962821252644062042236328125">
        <ele>1324.5999755859375</ele>
        <time>2026-09-05T08:53:26.000Z</time>
      </trkpt>
      <trkpt lat="42.3414690233767032623291015625" lon="1.73962821252644062042236328125">
        <ele>1324.5999755859375</ele>
        <time>2026-09-05T08:53:31.000Z</time>
      </trkpt>
      <trkpt lat="42.34147346578538417816162109375" lon="1.7396202497184276580810546875">
        <ele>1324.5999755859375</ele>
        <time>2026-09-05T08:53:33.000Z</time>
      </trkpt>
      <trkpt lat="42.3414804227650165557861328125" lon="1.73961035907268524169921875">
        <ele>1324.5999755859375</ele>
        <time>2026-09-05T08:53:34.000Z</time>
      </trkpt>
      <trkpt lat="42.34149408526718616485595703125" lon="1.7395961098372936248779296875">
        <ele>1324.4000244140625</ele>
        <time>2026-09-05T08:53:36.000Z</time>
      </trkpt>
      <trkpt lat="42.3415337316691875457763671875" lon="1.73957423307001590728759765625">
        <ele>1324.800048828125</ele>
        <time>2026-09-05T08:53:41.000Z</time>
      </trkpt>
      <trkpt lat="42.3415856994688510894775390625" lon="1.7395622469484806060791015625">
        <ele>1324.199951171875</ele>
        <time>2026-09-05T08:53:47.000Z</time>
      </trkpt>
      <trkpt lat="42.34165049158036708831787109375" lon="1.73957473598420619964599609375">
        <ele>1323.5999755859375</ele>
        <time>2026-09-05T08:53:53.000Z</time>
      </trkpt>
      <trkpt lat="42.34165920875966548919677734375" lon="1.73957993276417255401611328125">
        <ele>1323.4000244140625</ele>
        <time>2026-09-05T08:53:54.000Z</time>
      </trkpt>
      <trkpt lat="42.3416638188064098358154296875" lon="1.7395816929638385772705078125">
        <ele>1323.199951171875</ele>
        <time>2026-09-05T08:53:55.000Z</time>
      </trkpt>
      <trkpt lat="42.34169818460941314697265625" lon="1.73960910178720951080322265625">
        <ele>1322</ele>
        <time>2026-09-05T08:54:00.000Z</time>
      </trkpt>
      <trkpt lat="42.34173037111759185791015625" lon="1.7396450601518154144287109375">
        <ele>1321.199951171875</ele>
        <time>2026-09-05T08:54:06.000Z</time>
      </trkpt>
      <trkpt lat="42.3417442850768566131591796875" lon="1.73965394496917724609375">
        <ele>1321</ele>
        <time>2026-09-05T08:54:08.000Z</time>
      </trkpt>
      <trkpt lat="42.34174512326717376708984375" lon="1.73967045731842517852783203125">
        <ele>1320.199951171875</ele>
        <time>2026-09-05T08:54:13.000Z</time>
      </trkpt>
      <trkpt lat="42.3417444527149200439453125" lon="1.73967096023261547088623046875">
        <ele>1319.800048828125</ele>
        <time>2026-09-05T08:54:15.000Z</time>
      </trkpt>
      <trkpt lat="42.3417444527149200439453125" lon="1.73967096023261547088623046875">
        <ele>1319.5999755859375</ele>
        <time>2026-09-05T08:54:21.000Z</time>
      </trkpt>
      <trkpt lat="42.3417444527149200439453125" lon="1.73967096023261547088623046875">
        <ele>1319.5999755859375</ele>
        <time>2026-09-05T08:54:27.000Z</time>
      </trkpt>
      <trkpt lat="42.3417444527149200439453125" lon="1.73967096023261547088623046875">
        <ele>1319.800048828125</ele>
        <time>2026-09-05T08:54:33.000Z</time>
      </trkpt>
      <trkpt lat="42.3417444527149200439453125" lon="1.73967096023261547088623046875">
        <ele>1320</ele>
        <time>2026-09-05T08:54:37.000Z</time>
      </trkpt>
      <trkpt lat="42.34177035279572010040283203125" lon="1.73968604765832424163818359375">
        <ele>1319.800048828125</ele>
        <time>2026-09-05T08:54:43.000Z</time>
      </trkpt>
      <trkpt lat="42.3418103344738483428955078125" lon="1.73967146314680576324462890625">
        <ele>1318.800048828125</ele>
        <time>2026-09-05T08:54:49.000Z</time>
      </trkpt>
      <trkpt lat="42.34181712381541728973388671875" lon="1.73966945149004459381103515625">
        <ele>1318.5999755859375</ele>
        <time>2026-09-05T08:54:50.000Z</time>
      </trkpt>
      <trkpt lat="42.341837324202060699462890625" lon="1.739656627178192138671875">
        <ele>1317.5999755859375</ele>
        <time>2026-09-05T08:54:53.000Z</time>
      </trkpt>
      <trkpt lat="42.34187177382409572601318359375" lon="1.7396420426666736602783203125">
        <ele>1316.800048828125</ele>
        <time>2026-09-05T08:54:59.000Z</time>
      </trkpt>
      <trkpt lat="42.34188753180205821990966796875" lon="1.73963475041091442108154296875">
        <ele>1316.5999755859375</ele>
        <time>2026-09-05T08:55:01.000Z</time>
      </trkpt>
      <trkpt lat="42.3419337160885334014892578125" lon="1.7396336607635021209716796875">
        <ele>1315.800048828125</ele>
        <time>2026-09-05T08:55:07.000Z</time>
      </trkpt>
      <trkpt lat="42.3419431038200855255126953125" lon="1.73963156528770923614501953125">
        <ele>1315.4000244140625</ele>
        <time>2026-09-05T08:55:09.000Z</time>
      </trkpt>
      <trkpt lat="42.34194821678102016448974609375" lon="1.73962804488837718963623046875">
        <ele>1315.199951171875</ele>
        <time>2026-09-05T08:55:14.000Z</time>
      </trkpt>
      <trkpt lat="42.3419685848057270050048828125" lon="1.73963449895381927490234375">
        <ele>1314.4000244140625</ele>
        <time>2026-09-05T08:55:20.000Z</time>
      </trkpt>
      <trkpt lat="42.3419749550521373748779296875" lon="1.7396360076963901519775390625">
        <ele>1314.4000244140625</ele>
        <time>2026-09-05T08:55:21.000Z</time>
      </trkpt>
      <trkpt lat="42.34202717430889606475830078125" lon="1.7396510951220989227294921875">
        <ele>1314.199951171875</ele>
        <time>2026-09-05T08:55:27.000Z</time>
      </trkpt>
      <trkpt lat="42.3420567624270915985107421875" lon="1.7396618239581584930419921875">
        <ele>1313.4000244140625</ele>
        <time>2026-09-05T08:55:31.000Z</time>
      </trkpt>
      <trkpt lat="42.3420715145766735076904296875" lon="1.7396621592342853546142578125">
        <ele>1313</ele>
        <time>2026-09-05T08:55:33.000Z</time>
      </trkpt>
      <trkpt lat="42.34211585484445095062255859375" lon="1.739665009081363677978515625">
        <ele>1312.4000244140625</ele>
        <time>2026-09-05T08:55:39.000Z</time>
      </trkpt>
      <trkpt lat="42.3421214707195758819580078125" lon="1.739669032394886016845703125">
        <ele>1312.199951171875</ele>
        <time>2026-09-05T08:55:40.000Z</time>
      </trkpt>
      <trkpt lat="42.34218006022274494171142578125" lon="1.73966727219521999359130859375">
        <ele>1311.5999755859375</ele>
        <time>2026-09-05T08:55:46.000Z</time>
      </trkpt>
      <trkpt lat="42.34218492172658443450927734375" lon="1.7396681942045688629150390625">
        <ele>1311.5999755859375</ele>
        <time>2026-09-05T08:55:47.000Z</time>
      </trkpt>
      <trkpt lat="42.34220319427549839019775390625" lon="1.73967364244163036346435546875">
        <ele>1311.199951171875</ele>
        <time>2026-09-05T08:55:49.000Z</time>
      </trkpt>
      <trkpt lat="42.34224560670554637908935546875" lon="1.73967464827001094818115234375">
        <ele>1310.4000244140625</ele>
        <time>2026-09-05T08:55:53.000Z</time>
      </trkpt>
      <trkpt lat="42.3422527313232421875" lon="1.73967749811708927154541015625">
        <ele>1310.199951171875</ele>
        <time>2026-09-05T08:55:54.000Z</time>
      </trkpt>
      <trkpt lat="42.34229455702006816864013671875" lon="1.7397111095488071441650390625">
        <ele>1309.800048828125</ele>
        <time>2026-09-05T08:56:00.000Z</time>
      </trkpt>
      <trkpt lat="42.34232288785278797149658203125" lon="1.739732064306735992431640625">
        <ele>1309</ele>
        <time>2026-09-05T08:56:04.000Z</time>
      </trkpt>
      <trkpt lat="42.3423404060304164886474609375" lon="1.73974354751408100128173828125">
        <ele>1308.800048828125</ele>
        <time>2026-09-05T08:56:06.000Z</time>
      </trkpt>
      <trkpt lat="42.34236261807382106781005859375" lon="1.739760898053646087646484375">
        <ele>1308.4000244140625</ele>
        <time>2026-09-05T08:56:12.000Z</time>
      </trkpt>
      <trkpt lat="42.3423625342547893524169921875" lon="1.73976064659655094146728515625">
        <ele>1308.199951171875</ele>
        <time>2026-09-05T08:56:13.000Z</time>
      </trkpt>
      <trkpt lat="42.34236580319702625274658203125" lon="1.73976081423461437225341796875">
        <ele>1308</ele>
        <time>2026-09-05T08:56:15.000Z</time>
      </trkpt>
      <trkpt lat="42.342377789318561553955078125" lon="1.73977171070873737335205078125">
        <ele>1308</ele>
        <time>2026-09-05T08:56:18.000Z</time>
      </trkpt>
      <trkpt lat="42.342401929199695587158203125" lon="1.7397909052670001983642578125">
        <ele>1306.5999755859375</ele>
        <time>2026-09-05T08:56:22.000Z</time>
      </trkpt>
      <trkpt lat="42.34240762889385223388671875" lon="1.73979945480823516845703125">
        <ele>1306</ele>
        <time>2026-09-05T08:56:24.000Z</time>
      </trkpt>
      <trkpt lat="42.342414669692516326904296875" lon="1.7398029752075672149658203125">
        <ele>1306</ele>
        <time>2026-09-05T08:56:30.000Z</time>
      </trkpt>
      <trkpt lat="42.34243185259401798248291015625" lon="1.7398113571107387542724609375">
        <ele>1306</ele>
        <time>2026-09-05T08:56:33.000Z</time>
      </trkpt>
      <trkpt lat="42.34243847429752349853515625" lon="1.73981680534780025482177734375">
        <ele>1305.4000244140625</ele>
        <time>2026-09-05T08:56:35.000Z</time>
      </trkpt>
      <trkpt lat="42.34246127307415008544921875" lon="1.73982367850840091705322265625">
        <ele>1304.199951171875</ele>
        <time>2026-09-05T08:56:39.000Z</time>
      </trkpt>
      <trkpt lat="42.34249077737331390380859375" lon="1.73979618586599826812744140625">
        <ele>1303.800048828125</ele>
        <time>2026-09-05T08:56:45.000Z</time>
      </trkpt>
      <trkpt lat="42.34249480068683624267578125" lon="1.73979518003761768341064453125">
        <ele>1303.5999755859375</ele>
        <time>2026-09-05T08:56:46.000Z</time>
      </trkpt>
      <trkpt lat="42.3425020091235637664794921875" lon="1.73978663049638271331787109375">
        <ele>1303.199951171875</ele>
        <time>2026-09-05T08:56:49.000Z</time>
      </trkpt>
      <trkpt lat="42.34254039824008941650390625" lon="1.7397614009678363800048828125">
        <ele>1302.5999755859375</ele>
        <time>2026-09-05T08:56:54.000Z</time>
      </trkpt>
      <trkpt lat="42.3425636999309062957763671875" lon="1.73976567573845386505126953125">
        <ele>1302.199951171875</ele>
        <time>2026-09-05T08:56:57.000Z</time>
      </trkpt>
      <trkpt lat="42.342604435980319976806640625" lon="1.73978026024997234344482421875">
        <ele>1301.800048828125</ele>
        <time>2026-09-05T08:57:01.000Z</time>
      </trkpt>
      <trkpt lat="42.3426290787756443023681640625" lon="1.7397788353264331817626953125">
        <ele>1301.199951171875</ele>
        <time>2026-09-05T08:57:06.000Z</time>
      </trkpt>
      <trkpt lat="42.3426361195743083953857421875" lon="1.7397741414606571197509765625">
        <ele>1301</ele>
        <time>2026-09-05T08:57:07.000Z</time>
      </trkpt>
      <trkpt lat="42.34266956336796283721923828125" lon="1.739738099277019500732421875">
        <ele>1300</ele>
        <time>2026-09-05T08:57:13.000Z</time>
      </trkpt>
      <trkpt lat="42.34268523752689361572265625" lon="1.73972477205097675323486328125">
        <ele>1300</ele>
        <time>2026-09-05T08:57:15.000Z</time>
      </trkpt>
      <trkpt lat="42.342719770967960357666015625" lon="1.73968655057251453399658203125">
        <ele>1299</ele>
        <time>2026-09-05T08:57:20.000Z</time>
      </trkpt>
      <trkpt lat="42.34272622503340244293212890625" lon="1.73966861329972743988037109375">
        <ele>1298.5999755859375</ele>
        <time>2026-09-05T08:57:22.000Z</time>
      </trkpt>
      <trkpt lat="42.3427346907556056976318359375" lon="1.73963558860123157501220703125">
        <ele>1297.800048828125</ele>
        <time>2026-09-05T08:57:25.000Z</time>
      </trkpt>
      <trkpt lat="42.34275505878031253814697265625" lon="1.73960776068270206451416015625">
        <ele>1297</ele>
        <time>2026-09-05T08:57:28.000Z</time>
      </trkpt>
      <trkpt lat="42.34275765717029571533203125" lon="1.73960424028337001800537109375">
        <ele>1296.800048828125</ele>
        <time>2026-09-05T08:57:29.000Z</time>
      </trkpt>
      <trkpt lat="42.3427548073232173919677734375" lon="1.739584542810916900634765625">
        <ele>1296.199951171875</ele>
        <time>2026-09-05T08:57:32.000Z</time>
      </trkpt>
      <trkpt lat="42.3427571542561054229736328125" lon="1.7395756579935550689697265625">
        <ele>1296.199951171875</ele>
        <time>2026-09-05T08:57:33.000Z</time>
      </trkpt>
      <trkpt lat="42.3427772708237171173095703125" lon="1.7395203374326229095458984375">
        <ele>1296</ele>
        <time>2026-09-05T08:57:39.000Z</time>
      </trkpt>
      <trkpt lat="42.34278053976595401763916015625" lon="1.73951321281492710113525390625">
        <ele>1295.800048828125</ele>
        <time>2026-09-05T08:57:40.000Z</time>
      </trkpt>
      <trkpt lat="42.34278338961303234100341796875" lon="1.7395102791488170623779296875">
        <ele>1295.4000244140625</ele>
        <time>2026-09-05T08:57:41.000Z</time>
      </trkpt>
      <trkpt lat="42.34280300326645374298095703125" lon="1.7394817806780338287353515625">
        <ele>1294.199951171875</ele>
        <time>2026-09-05T08:57:45.000Z</time>
      </trkpt>
      <trkpt lat="42.342807613313198089599609375" lon="1.739473231136798858642578125">
        <ele>1294</ele>
        <time>2026-09-05T08:57:46.000Z</time>
      </trkpt>
      <trkpt lat="42.3428097926080226898193359375" lon="1.73945403657853603363037109375">
        <ele>1293.800048828125</ele>
        <time>2026-09-05T08:57:47.000Z</time>
      </trkpt>
      <trkpt lat="42.34282462857663631439208984375" lon="1.73940525390207767486572265625">
        <ele>1293.199951171875</ele>
        <time>2026-09-05T08:57:51.000Z</time>
      </trkpt>
      <trkpt lat="42.3428325913846492767333984375" lon="1.7393567226827144622802734375">
        <ele>1292</ele>
        <time>2026-09-05T08:57:56.000Z</time>
      </trkpt>
      <trkpt lat="42.3428480140864849090576171875" lon="1.73932746984064579010009765625">
        <ele>1291.199951171875</ele>
        <time>2026-09-05T08:58:00.000Z</time>
      </trkpt>
      <trkpt lat="42.34285228885710239410400390625" lon="1.7393242008984088897705078125">
        <ele>1291</ele>
        <time>2026-09-05T08:58:01.000Z</time>
      </trkpt>
      <trkpt lat="42.34287307597696781158447265625" lon="1.73927550204098224639892578125">
        <ele>1290.4000244140625</ele>
        <time>2026-09-05T08:58:06.000Z</time>
      </trkpt>
      <trkpt lat="42.342882044613361358642578125" lon="1.73925588838756084442138671875">
        <ele>1290</ele>
        <time>2026-09-05T08:58:08.000Z</time>
      </trkpt>
      <trkpt lat="42.3428936116397380828857421875" lon="1.73922487534582614898681640625">
        <ele>1288.800048828125</ele>
        <time>2026-09-05T08:58:11.000Z</time>
      </trkpt>
      <trkpt lat="42.34289922751486301422119140625" lon="1.7392118833959102630615234375">
        <ele>1288</ele>
        <time>2026-09-05T08:58:13.000Z</time>
      </trkpt>
      <trkpt lat="42.342901490628719329833984375" lon="1.7392048425972461700439453125">
        <ele>1287.5999755859375</ele>
        <time>2026-09-05T08:58:14.000Z</time>
      </trkpt>
      <trkpt lat="42.34293024055659770965576171875" lon="1.73914625309407711029052734375">
        <ele>1287</ele>
        <time>2026-09-05T08:58:20.000Z</time>
      </trkpt>
      <trkpt lat="42.34293594025075435638427734375" lon="1.7391294054687023162841796875">
        <ele>1286.800048828125</ele>
        <time>2026-09-05T08:58:22.000Z</time>
      </trkpt>
      <trkpt lat="42.34294264577329158782958984375" lon="1.739108450710773468017578125">
        <ele>1287.199951171875</ele>
        <time>2026-09-05T08:58:24.000Z</time>
      </trkpt>
      <trkpt lat="42.3429613374173641204833984375" lon="1.73905958421528339385986328125">
        <ele>1287.199951171875</ele>
        <time>2026-09-05T08:58:28.000Z</time>
      </trkpt>
      <trkpt lat="42.342975251376628875732421875" lon="1.73901549540460109710693359375">
        <ele>1286.800048828125</ele>
        <time>2026-09-05T08:58:32.000Z</time>
      </trkpt>
      <trkpt lat="42.34297583810985088348388671875" lon="1.73900694586336612701416015625">
        <ele>1286.5999755859375</ele>
        <time>2026-09-05T08:58:33.000Z</time>
      </trkpt>
      <trkpt lat="42.34297835268080234527587890625" lon="1.738991774618625640869140625">
        <ele>1286.4000244140625</ele>
        <time>2026-09-05T08:58:34.000Z</time>
      </trkpt>
      <trkpt lat="42.343001402914524078369140625" lon="1.73892438411712646484375">
        <ele>1285.800048828125</ele>
        <time>2026-09-05T08:58:40.000Z</time>
      </trkpt>
      <trkpt lat="42.34301355667412281036376953125" lon="1.7388990707695484161376953125">
        <ele>1285.5999755859375</ele>
        <time>2026-09-05T08:58:42.000Z</time>
      </trkpt>
      <trkpt lat="42.34302964992821216583251953125" lon="1.73885053955018520355224609375">
        <ele>1284.800048828125</ele>
        <time>2026-09-05T08:58:47.000Z</time>
      </trkpt>
      <trkpt lat="42.3430367745459079742431640625" lon="1.7388316802680492401123046875">
        <ele>1284.4000244140625</ele>
        <time>2026-09-05T08:58:49.000Z</time>
      </trkpt>
      <trkpt lat="42.34305831603705883026123046875" lon="1.7387782037258148193359375">
        <ele>1284</ele>
        <time>2026-09-05T08:58:54.000Z</time>
      </trkpt>
      <trkpt lat="42.34307759441435337066650390625" lon="1.738719530403614044189453125">
        <ele>1283.4000244140625</ele>
        <time>2026-09-05T08:58:59.000Z</time>
      </trkpt>
      <trkpt lat="42.3430847190320491790771484375" lon="1.73869061283767223358154296875">
        <ele>1283.199951171875</ele>
        <time>2026-09-05T08:59:01.000Z</time>
      </trkpt>
      <trkpt lat="42.34310223720967769622802734375" lon="1.7386171035468578338623046875">
        <ele>1282.5999755859375</ele>
        <time>2026-09-05T08:59:07.000Z</time>
      </trkpt>
      <trkpt lat="42.343104667961597442626953125" lon="1.73861064948141574859619140625">
        <ele>1282.4000244140625</ele>
        <time>2026-09-05T08:59:08.000Z</time>
      </trkpt>
      <trkpt lat="42.34310768544673919677734375" lon="1.7386046983301639556884765625">
        <ele>1282.199951171875</ele>
        <time>2026-09-05T08:59:09.000Z</time>
      </trkpt>
      <trkpt lat="42.34311028383672237396240234375" lon="1.7385839112102985382080078125">
        <ele>1282</ele>
        <time>2026-09-05T08:59:12.000Z</time>
      </trkpt>
      <trkpt lat="42.343121431767940521240234375" lon="1.73856069333851337432861328125">
        <ele>1281.4000244140625</ele>
        <time>2026-09-05T08:59:15.000Z</time>
      </trkpt>
      <trkpt lat="42.3431231081485748291015625" lon="1.7385530658066272735595703125">
        <ele>1281.199951171875</ele>
        <time>2026-09-05T08:59:16.000Z</time>
      </trkpt>
      <trkpt lat="42.34315068461000919342041015625" lon="1.7385088093578815460205078125">
        <ele>1280.800048828125</ele>
        <time>2026-09-05T08:59:22.000Z</time>
      </trkpt>
      <trkpt lat="42.343163006007671356201171875" lon="1.73849849961698055267333984375">
        <ele>1280.5999755859375</ele>
        <time>2026-09-05T08:59:24.000Z</time>
      </trkpt>
      <trkpt lat="42.3431785963475704193115234375" lon="1.73848844133317470550537109375">
        <ele>1280.4000244140625</ele>
        <time>2026-09-05T08:59:26.000Z</time>
      </trkpt>
      <trkpt lat="42.34318840317428112030029296875" lon="1.73848777078092098236083984375">
        <ele>1279.199951171875</ele>
        <time>2026-09-05T08:59:31.000Z</time>
      </trkpt>
      <trkpt lat="42.34318840317428112030029296875" lon="1.73848777078092098236083984375">
        <ele>1279</ele>
        <time>2026-09-05T08:59:33.000Z</time>
      </trkpt>
      <trkpt lat="42.34319695271551609039306640625" lon="1.73847301863133907318115234375">
        <ele>1279</ele>
        <time>2026-09-05T08:59:39.000Z</time>
      </trkpt>
      <trkpt lat="42.3432010598480701446533203125" lon="1.7384672351181507110595703125">
        <ele>1279</ele>
        <time>2026-09-05T08:59:40.000Z</time>
      </trkpt>
      <trkpt lat="42.34323550947010517120361328125" lon="1.73841015435755252838134765625">
        <ele>1278.199951171875</ele>
        <time>2026-09-05T08:59:45.000Z</time>
      </trkpt>
      <trkpt lat="42.3432419635355472564697265625" lon="1.738405711948871612548828125">
        <ele>1278</ele>
        <time>2026-09-05T08:59:46.000Z</time>
      </trkpt>
      <trkpt lat="42.34326384030282497406005859375" lon="1.738337315618991851806640625">
        <ele>1277</ele>
        <time>2026-09-05T08:59:51.000Z</time>
      </trkpt>
      <trkpt lat="42.3432798497378826141357421875" lon="1.73831124790012836456298828125">
        <ele>1276.5999755859375</ele>
        <time>2026-09-05T08:59:54.000Z</time>
      </trkpt>
      <trkpt lat="42.343287058174610137939453125" lon="1.738303788006305694580078125">
        <ele>1276.5999755859375</ele>
        <time>2026-09-05T08:59:55.000Z</time>
      </trkpt>
      <trkpt lat="42.34330675564706325531005859375" lon="1.7382667399942874908447265625">
        <ele>1276.199951171875</ele>
        <time>2026-09-05T08:59:59.000Z</time>
      </trkpt>
      <trkpt lat="42.34331555664539337158203125" lon="1.738248132169246673583984375">
        <ele>1276</ele>
        <time>2026-09-05T09:00:01.000Z</time>
      </trkpt>
      <trkpt lat="42.3433489166200160980224609375" lon="1.73819021321833133697509765625">
        <ele>1275</ele>
        <time>2026-09-05T09:00:07.000Z</time>
      </trkpt>
      <trkpt lat="42.343355119228363037109375" lon="1.738183088600635528564453125">
        <ele>1275</ele>
        <time>2026-09-05T09:00:08.000Z</time>
      </trkpt>
      <trkpt lat="42.343381941318511962890625" lon="1.73812801949679851531982421875">
        <ele>1274</ele>
        <time>2026-09-05T09:00:14.000Z</time>
      </trkpt>
      <trkpt lat="42.34339359216392040252685546875" lon="1.73811024986207485198974609375">
        <ele>1273.800048828125</ele>
        <time>2026-09-05T09:00:16.000Z</time>
      </trkpt>
      <trkpt lat="42.34340214170515537261962890625" lon="1.73810957930982112884521484375">
        <ele>1273.199951171875</ele>
        <time>2026-09-05T09:00:20.000Z</time>
      </trkpt>
      <trkpt lat="42.34340448863804340362548828125" lon="1.738107316195964813232421875">
        <ele>1273.4000244140625</ele>
        <time>2026-09-05T09:00:26.000Z</time>
      </trkpt>
      <trkpt lat="42.3434079252183437347412109375" lon="1.7380977608263492584228515625">
        <ele>1273</ele>
        <time>2026-09-05T09:00:28.000Z</time>
      </trkpt>
      <trkpt lat="42.343409769237041473388671875" lon="1.73808686435222625732421875">
        <ele>1272.5999755859375</ele>
        <time>2026-09-05T09:00:30.000Z</time>
      </trkpt>
      <trkpt lat="42.343414463102817535400390625" lon="1.73805174417793750762939453125">
        <ele>1272.4000244140625</ele>
        <time>2026-09-05T09:00:34.000Z</time>
      </trkpt>
      <trkpt lat="42.3434189893305301666259765625" lon="1.73802425153553485870361328125">
        <ele>1271.5999755859375</ele>
        <time>2026-09-05T09:00:37.000Z</time>
      </trkpt>
      <trkpt lat="42.3434404470026493072509765625" lon="1.73797312192618846893310546875">
        <ele>1270.800048828125</ele>
        <time>2026-09-05T09:00:42.000Z</time>
      </trkpt>
      <trkpt lat="42.3434530198574066162109375" lon="1.73795568756759166717529296875">
        <ele>1270.5999755859375</ele>
        <time>2026-09-05T09:00:44.000Z</time>
      </trkpt>
      <trkpt lat="42.343484871089458465576171875" lon="1.737907491624355316162109375">
        <ele>1269.800048828125</ele>
        <time>2026-09-05T09:00:48.000Z</time>
      </trkpt>
      <trkpt lat="42.3434914089739322662353515625" lon="1.73787186853587627410888671875">
        <ele>1269.4000244140625</ele>
        <time>2026-09-05T09:00:51.000Z</time>
      </trkpt>
      <trkpt lat="42.343495599925518035888671875" lon="1.73786013387143611907958984375">
        <ele>1269.199951171875</ele>
        <time>2026-09-05T09:00:52.000Z</time>
      </trkpt>
      <trkpt lat="42.34352451749145984649658203125" lon="1.73779894597828388214111328125">
        <ele>1268.4000244140625</ele>
        <time>2026-09-05T09:00:58.000Z</time>
      </trkpt>
      <trkpt lat="42.34353256411850452423095703125" lon="1.73779056407511234283447265625">
        <ele>1268.4000244140625</ele>
        <time>2026-09-05T09:00:59.000Z</time>
      </trkpt>
      <trkpt lat="42.34357296489179134368896484375" lon="1.737728454172611236572265625">
        <ele>1267.4000244140625</ele>
        <time>2026-09-05T09:01:04.000Z</time>
      </trkpt>
      <trkpt lat="42.34357682056725025177001953125" lon="1.73772401176393032073974609375">
        <ele>1266.800048828125</ele>
        <time>2026-09-05T09:01:05.000Z</time>
      </trkpt>
      <trkpt lat="42.34358235262334346771240234375" lon="1.73771663568913936614990234375">
        <ele>1265.5999755859375</ele>
        <time>2026-09-05T09:01:07.000Z</time>
      </trkpt>
      <trkpt lat="42.3435953445732593536376953125" lon="1.737697608768939971923828125">
        <ele>1264.800048828125</ele>
        <time>2026-09-05T09:01:10.000Z</time>
      </trkpt>
      <trkpt lat="42.34362266957759857177734375" lon="1.7376525141298770904541015625">
        <ele>1264.5999755859375</ele>
        <time>2026-09-05T09:01:16.000Z</time>
      </trkpt>
      <trkpt lat="42.34362811781466007232666015625" lon="1.73764505423605442047119140625">
        <ele>1264.5999755859375</ele>
        <time>2026-09-05T09:01:17.000Z</time>
      </trkpt>
      <trkpt lat="42.34364571981132030487060546875" lon="1.7375790886580944061279296875">
        <ele>1263.5999755859375</ele>
        <time>2026-09-05T09:01:23.000Z</time>
      </trkpt>
      <trkpt lat="42.3436515033245086669921875" lon="1.7375572957098484039306640625">
        <ele>1263.4000244140625</ele>
        <time>2026-09-05T09:01:25.000Z</time>
      </trkpt>
      <trkpt lat="42.34367589466273784637451171875" lon="1.7375029809772968292236328125">
        <ele>1262.800048828125</ele>
        <time>2026-09-05T09:01:31.000Z</time>
      </trkpt>
      <trkpt lat="42.3436821810901165008544921875" lon="1.73749585635960102081298828125">
        <ele>1262.4000244140625</ele>
        <time>2026-09-05T09:01:32.000Z</time>
      </trkpt>
      <trkpt lat="42.343689389526844024658203125" lon="1.73748881556093692779541015625">
        <ele>1262.199951171875</ele>
        <time>2026-09-05T09:01:33.000Z</time>
      </trkpt>
      <trkpt lat="42.34372182749211788177490234375" lon="1.7374748177826404571533203125">
        <ele>1261.4000244140625</ele>
        <time>2026-09-05T09:01:38.000Z</time>
      </trkpt>
      <trkpt lat="42.3437426984310150146484375" lon="1.7374639213085174560546875">
        <ele>1261.199951171875</ele>
        <time>2026-09-05T09:01:41.000Z</time>
      </trkpt>
      <trkpt lat="42.34377245418727397918701171875" lon="1.73744053579866886138916015625">
        <ele>1260.4000244140625</ele>
        <time>2026-09-05T09:01:45.000Z</time>
      </trkpt>
      <trkpt lat="42.3438028804957866668701171875" lon="1.7374077625572681427001953125">
        <ele>1259.800048828125</ele>
        <time>2026-09-05T09:01:49.000Z</time>
      </trkpt>
      <trkpt lat="42.34381218440830707550048828125" lon="1.73739351332187652587890625">
        <ele>1259.4000244140625</ele>
        <time>2026-09-05T09:01:51.000Z</time>
      </trkpt>
      <trkpt lat="42.34383129514753818511962890625" lon="1.7373440600931644439697265625">
        <ele>1258.5999755859375</ele>
        <time>2026-09-05T09:01:56.000Z</time>
      </trkpt>
      <trkpt lat="42.34385627321898937225341796875" lon="1.737302653491497039794921875">
        <ele>1258.4000244140625</ele>
        <time>2026-09-05T09:02:00.000Z</time>
      </trkpt>
      <trkpt lat="42.3438816703855991363525390625" lon="1.7372887395322322845458984375">
        <ele>1257.5999755859375</ele>
        <time>2026-09-05T09:02:04.000Z</time>
      </trkpt>
      <trkpt lat="42.3438957519829273223876953125" lon="1.73727692104876041412353515625">
        <ele>1257.4000244140625</ele>
        <time>2026-09-05T09:02:06.000Z</time>
      </trkpt>
      <trkpt lat="42.343907989561557769775390625" lon="1.73727189190685749053955078125">
        <ele>1257.199951171875</ele>
        <time>2026-09-05T09:02:08.000Z</time>
      </trkpt>
      <trkpt lat="42.343928776681423187255859375" lon="1.737270466983318328857421875">
        <ele>1257.199951171875</ele>
        <time>2026-09-05T09:02:11.000Z</time>
      </trkpt>
      <trkpt lat="42.34397261403501033782958984375" lon="1.73724867403507232666015625">
        <ele>1257</ele>
        <time>2026-09-05T09:02:17.000Z</time>
      </trkpt>
      <trkpt lat="42.343977391719818115234375" lon="1.737242639064788818359375">
        <ele>1257</ele>
        <time>2026-09-05T09:02:18.000Z</time>
      </trkpt>
      <trkpt lat="42.34402642585337162017822265625" lon="1.73723266460001468658447265625">
        <ele>1256.199951171875</ele>
        <time>2026-09-05T09:02:23.000Z</time>
      </trkpt>
      <trkpt lat="42.34403464011847972869873046875" lon="1.73722746782004833221435546875">
        <ele>1255.800048828125</ele>
        <time>2026-09-05T09:02:24.000Z</time>
      </trkpt>
      <trkpt lat="42.34405760653316974639892578125" lon="1.73720718361437320709228515625">
        <ele>1255</ele>
        <time>2026-09-05T09:02:27.000Z</time>
      </trkpt>
      <trkpt lat="42.34406515024602413177490234375" lon="1.73717784695327281951904296875">
        <ele>1254.5999755859375</ele>
        <time>2026-09-05T09:02:31.000Z</time>
      </trkpt>
      <trkpt lat="42.34406447969377040863037109375" lon="1.7371871508657932281494140625">
        <ele>1254</ele>
        <time>2026-09-05T09:02:34.000Z</time>
      </trkpt>
      <trkpt lat="42.34406464733183383941650390625" lon="1.73718706704676151275634765625">
        <ele>1253.5999755859375</ele>
        <time>2026-09-05T09:02:40.000Z</time>
      </trkpt>
      <trkpt lat="42.34406615607440471649169921875" lon="1.73718187026679515838623046875">
        <ele>1253.5999755859375</ele>
        <time>2026-09-05T09:02:41.000Z</time>
      </trkpt>
      <trkpt lat="42.344103120267391204833984375" lon="1.737108193337917327880859375">
        <ele>1253.4000244140625</ele>
        <time>2026-09-05T09:02:47.000Z</time>
      </trkpt>
      <trkpt lat="42.34412482939660549163818359375" lon="1.73708346672356128692626953125">
        <ele>1253.800048828125</ele>
        <time>2026-09-05T09:02:49.000Z</time>
      </trkpt>
      <trkpt lat="42.3441867716610431671142578125" lon="1.73702060244977474212646484375">
        <ele>1253.800048828125</ele>
        <time>2026-09-05T09:02:55.000Z</time>
      </trkpt>
      <trkpt lat="42.34421384520828723907470703125" lon="1.73700459301471710205078125">
        <ele>1253</ele>
        <time>2026-09-05T09:02:57.000Z</time>
      </trkpt>
      <trkpt lat="42.3442249931395053863525390625" lon="1.73699654638767242431640625">
        <ele>1252.5999755859375</ele>
        <time>2026-09-05T09:02:58.000Z</time>
      </trkpt>
      <trkpt lat="42.34430721960961818695068359375" lon="1.7369625158607959747314453125">
        <ele>1252.199951171875</ele>
        <time>2026-09-05T09:03:04.000Z</time>
      </trkpt>
      <trkpt lat="42.34437637031078338623046875" lon="1.7369377054274082183837890625">
        <ele>1251.4000244140625</ele>
        <time>2026-09-05T09:03:09.000Z</time>
      </trkpt>
      <trkpt lat="42.34440025873482227325439453125" lon="1.7369221150875091552734375">
        <ele>1251</ele>
        <time>2026-09-05T09:03:11.000Z</time>
      </trkpt>
      <trkpt lat="42.3444466106593608856201171875" lon="1.7368926107883453369140625">
        <ele>1250.4000244140625</ele>
        <time>2026-09-05T09:03:15.000Z</time>
      </trkpt>
      <trkpt lat="42.34446463175117969512939453125" lon="1.7368766851723194122314453125">
        <ele>1250.199951171875</ele>
        <time>2026-09-05T09:03:17.000Z</time>
      </trkpt>
      <trkpt lat="42.34453998506069183349609375" lon="1.7368361167609691619873046875">
        <ele>1250</ele>
        <time>2026-09-05T09:03:23.000Z</time>
      </trkpt>
      <trkpt lat="42.34455415047705173492431640625" lon="1.7368284054100513458251953125">
        <ele>1249.800048828125</ele>
        <time>2026-09-05T09:03:24.000Z</time>
      </trkpt>
      <trkpt lat="42.344629503786563873291015625" lon="1.7367906868457794189453125">
        <ele>1249.4000244140625</ele>
        <time>2026-09-05T09:03:30.000Z</time>
      </trkpt>
      <trkpt lat="42.34463931061327457427978515625" lon="1.73678456805646419525146484375">
        <ele>1249.4000244140625</ele>
        <time>2026-09-05T09:03:31.000Z</time>
      </trkpt>
      <trkpt lat="42.34465003944933414459228515625" lon="1.73677601851522922515869140625">
        <ele>1249.4000244140625</ele>
        <time>2026-09-05T09:03:32.000Z</time>
      </trkpt>
      <trkpt lat="42.34473084099590778350830078125" lon="1.73673477955162525177001953125">
        <ele>1249.4000244140625</ele>
        <time>2026-09-05T09:03:38.000Z</time>
      </trkpt>
      <trkpt lat="42.34480929560959339141845703125" lon="1.736690104007720947265625">
        <ele>1249</ele>
        <time>2026-09-05T09:03:44.000Z</time>
      </trkpt>
      <trkpt lat="42.34483125619590282440185546875" lon="1.73666797578334808349609375">
        <ele>1249</ele>
        <time>2026-09-05T09:03:46.000Z</time>
      </trkpt>
      <trkpt lat="42.34489881433546543121337890625" lon="1.7366245575249195098876953125">
        <ele>1248.800048828125</ele>
        <time>2026-09-05T09:03:52.000Z</time>
      </trkpt>
      <trkpt lat="42.3449277319014072418212890625" lon="1.73661039210855960845947265625">
        <ele>1249</ele>
        <time>2026-09-05T09:03:54.000Z</time>
      </trkpt>
      <trkpt lat="42.34500509686768054962158203125" lon="1.73655758611857891082763671875">
        <ele>1248.800048828125</ele>
        <time>2026-09-05T09:04:00.000Z</time>
      </trkpt>
      <trkpt lat="42.34507516957819461822509765625" lon="1.73651500605046749114990234375">
        <ele>1248.800048828125</ele>
        <time>2026-09-05T09:04:06.000Z</time>
      </trkpt>
      <trkpt lat="42.3450859822332859039306640625" lon="1.736506707966327667236328125">
        <ele>1249</ele>
        <time>2026-09-05T09:04:07.000Z</time>
      </trkpt>
      <trkpt lat="42.3451533727347850799560546875" lon="1.7364693246781826019287109375">
        <ele>1249.199951171875</ele>
        <time>2026-09-05T09:04:13.000Z</time>
      </trkpt>
      <trkpt lat="42.34516452066600322723388671875" lon="1.736465133726596832275390625">
        <ele>1249.199951171875</ele>
        <time>2026-09-05T09:04:14.000Z</time>
      </trkpt>
      <trkpt lat="42.34523358754813671112060546875" lon="1.7364046163856983184814453125">
        <ele>1249</ele>
        <time>2026-09-05T09:04:20.000Z</time>
      </trkpt>
      <trkpt lat="42.3452432267367839813232421875" lon="1.73639774322509765625">
        <ele>1249</ele>
        <time>2026-09-05T09:04:21.000Z</time>
      </trkpt>
      <trkpt lat="42.34530969522893428802490234375" lon="1.73634317703545093536376953125">
        <ele>1248.5999755859375</ele>
        <time>2026-09-05T09:04:27.000Z</time>
      </trkpt>
      <trkpt lat="42.3453246988356113433837890625" lon="1.73633445985615253448486328125">
        <ele>1248.800048828125</ele>
        <time>2026-09-05T09:04:28.000Z</time>
      </trkpt>
      <trkpt lat="42.34536887146532535552978515625" lon="1.73630076460540294647216796875">
        <ele>1248.199951171875</ele>
        <time>2026-09-05T09:04:32.000Z</time>
      </trkpt>
      <trkpt lat="42.345411367714405059814453125" lon="1.73628509044647216796875">
        <ele>1247.800048828125</ele>
        <time>2026-09-05T09:04:36.000Z</time>
      </trkpt>
      <trkpt lat="42.34548236243426799774169921875" lon="1.73627897165715694427490234375">
        <ele>1248.199951171875</ele>
        <time>2026-09-05T09:04:42.000Z</time>
      </trkpt>
      <trkpt lat="42.34551589004695415496826171875" lon="1.73629112541675567626953125">
        <ele>1248.4000244140625</ele>
        <time>2026-09-05T09:04:45.000Z</time>
      </trkpt>
      <trkpt lat="42.34553583897650241851806640625" lon="1.73630394972860813140869140625">
        <ele>1248.4000244140625</ele>
        <time>2026-09-05T09:04:47.000Z</time>
      </trkpt>
      <trkpt lat="42.34559945762157440185546875" lon="1.7363442666828632354736328125">
        <ele>1249</ele>
        <time>2026-09-05T09:04:53.000Z</time>
      </trkpt>
      <trkpt lat="42.34563005156815052032470703125" lon="1.7363741062581539154052734375">
        <ele>1248.5999755859375</ele>
        <time>2026-09-05T09:04:56.000Z</time>
      </trkpt>
      <trkpt lat="42.3456747271120548248291015625" lon="1.73640511929988861083984375">
        <ele>1248.5999755859375</ele>
        <time>2026-09-05T09:05:00.000Z</time>
      </trkpt>
      <trkpt lat="42.34571889974176883697509765625" lon="1.7364223860204219818115234375">
        <ele>1249.4000244140625</ele>
        <time>2026-09-05T09:05:04.000Z</time>
      </trkpt>
      <trkpt lat="42.3457618989050388336181640625" lon="1.7364713363349437713623046875">
        <ele>1249.5999755859375</ele>
        <time>2026-09-05T09:05:08.000Z</time>
      </trkpt>
      <trkpt lat="42.34579986892640590667724609375" lon="1.73649723641574382781982421875">
        <ele>1249.5999755859375</ele>
        <time>2026-09-05T09:05:11.000Z</time>
      </trkpt>
      <trkpt lat="42.3458346538245677947998046875" lon="1.73652674071490764617919921875">
        <ele>1249.4000244140625</ele>
        <time>2026-09-05T09:05:14.000Z</time>
      </trkpt>
      <trkpt lat="42.3458683490753173828125" lon="1.73657049424946308135986328125">
        <ele>1249.199951171875</ele>
        <time>2026-09-05T09:05:18.000Z</time>
      </trkpt>
      <trkpt lat="42.3459308780729770660400390625" lon="1.73661977984011173248291015625">
        <ele>1249</ele>
        <time>2026-09-05T09:05:24.000Z</time>
      </trkpt>
      <trkpt lat="42.34594420529901981353759765625" lon="1.73662899993360042572021484375">
        <ele>1249</ele>
        <time>2026-09-05T09:05:25.000Z</time>
      </trkpt>
      <trkpt lat="42.34596298076212406158447265625" lon="1.73665397800505161285400390625">
        <ele>1248.800048828125</ele>
        <time>2026-09-05T09:05:27.000Z</time>
      </trkpt>
      <trkpt lat="42.34599483199417591094970703125" lon="1.73668448813259601593017578125">
        <ele>1248.800048828125</ele>
        <time>2026-09-05T09:05:30.000Z</time>
      </trkpt>
      <trkpt lat="42.34605903737246990203857421875" lon="1.7367154173552989959716796875">
        <ele>1248.5999755859375</ele>
        <time>2026-09-05T09:05:36.000Z</time>
      </trkpt>
      <trkpt lat="42.3460703529417514801025390625" lon="1.7367274872958660125732421875">
        <ele>1248.5999755859375</ele>
        <time>2026-09-05T09:05:37.000Z</time>
      </trkpt>
      <trkpt lat="42.3461323790252208709716796875" lon="1.7367918603122234344482421875">
        <ele>1248.5999755859375</ele>
        <time>2026-09-05T09:05:43.000Z</time>
      </trkpt>
      <trkpt lat="42.34613950364291667938232421875" lon="1.73680367879569530487060546875">
        <ele>1248.4000244140625</ele>
        <time>2026-09-05T09:05:44.000Z</time>
      </trkpt>
      <trkpt lat="42.3461488075554370880126953125" lon="1.73681415617465972900390625">
        <ele>1248.199951171875</ele>
        <time>2026-09-05T09:05:45.000Z</time>
      </trkpt>
      <trkpt lat="42.3461568541824817657470703125" lon="1.73682781867682933807373046875">
        <ele>1247.800048828125</ele>
        <time>2026-09-05T09:05:46.000Z</time>
      </trkpt>
      <trkpt lat="42.34617571346461772918701171875" lon="1.73685162328183650970458984375">
        <ele>1247.199951171875</ele>
        <time>2026-09-05T09:05:48.000Z</time>
      </trkpt>
      <trkpt lat="42.34621929936110973358154296875" lon="1.73692085780203342437744140625">
        <ele>1247.800048828125</ele>
        <time>2026-09-05T09:05:53.000Z</time>
      </trkpt>
      <trkpt lat="42.3462470434606075286865234375" lon="1.7370133101940155029296875">
        <ele>1247</ele>
        <time>2026-09-05T09:05:59.000Z</time>
      </trkpt>
      <trkpt lat="42.34626137651503086090087890625" lon="1.7370674572885036468505859375">
        <ele>1247</ele>
        <time>2026-09-05T09:06:02.000Z</time>
      </trkpt>
      <trkpt lat="42.3462752066552639007568359375" lon="1.737080030143260955810546875">
        <ele>1247.199951171875</ele>
        <time>2026-09-05T09:06:03.000Z</time>
      </trkpt>
      <trkpt lat="42.34629021026194095611572265625" lon="1.73713778145611286163330078125">
        <ele>1247.4000244140625</ele>
        <time>2026-09-05T09:06:07.000Z</time>
      </trkpt>
      <trkpt lat="42.34631870873272418975830078125" lon="1.7372466623783111572265625">
        <ele>1247</ele>
        <time>2026-09-05T09:06:13.000Z</time>
      </trkpt>
      <trkpt lat="42.34634586609899997711181640625" lon="1.7373366840183734893798828125">
        <ele>1246.199951171875</ele>
        <time>2026-09-05T09:06:19.000Z</time>
      </trkpt>
      <trkpt lat="42.3463499732315540313720703125" lon="1.7373557947576045989990234375">
        <ele>1246.199951171875</ele>
        <time>2026-09-05T09:06:20.000Z</time>
      </trkpt>
      <trkpt lat="42.34637067653238773345947265625" lon="1.7374451458454132080078125">
        <ele>1246</ele>
        <time>2026-09-05T09:06:26.000Z</time>
      </trkpt>
      <trkpt lat="42.3463794775307178497314453125" lon="1.73747322522103786468505859375">
        <ele>1245.800048828125</ele>
        <time>2026-09-05T09:06:28.000Z</time>
      </trkpt>
      <trkpt lat="42.34641074202954769134521484375" lon="1.73757313750684261322021484375">
        <ele>1245.4000244140625</ele>
        <time>2026-09-05T09:06:34.000Z</time>
      </trkpt>
      <trkpt lat="42.3464190401136875152587890625" lon="1.73758353106677532196044921875">
        <ele>1245.199951171875</ele>
        <time>2026-09-05T09:06:35.000Z</time>
      </trkpt>
      <trkpt lat="42.34642934985458850860595703125" lon="1.7375955171883106231689453125">
        <ele>1245.199951171875</ele>
        <time>2026-09-05T09:06:36.000Z</time>
      </trkpt>
      <trkpt lat="42.3464505560696125030517578125" lon="1.73767514526844024658203125">
        <ele>1245.199951171875</ele>
        <time>2026-09-05T09:06:41.000Z</time>
      </trkpt>
      <trkpt lat="42.3464743606746196746826171875" lon="1.73775871284306049346923828125">
        <ele>1244.4000244140625</ele>
        <time>2026-09-05T09:06:47.000Z</time>
      </trkpt>
      <trkpt lat="42.3464840836822986602783203125" lon="1.73778972588479518890380859375">
        <ele>1244.4000244140625</ele>
        <time>2026-09-05T09:06:49.000Z</time>
      </trkpt>
      <trkpt lat="42.34650202095508575439453125" lon="1.73785912804305553436279296875">
        <ele>1244.199951171875</ele>
        <time>2026-09-05T09:06:53.000Z</time>
      </trkpt>
      <trkpt lat="42.34652305953204631805419921875" lon="1.73791377805173397064208984375">
        <ele>1244</ele>
        <time>2026-09-05T09:06:57.000Z</time>
      </trkpt>
      <trkpt lat="42.34654669649899005889892578125" lon="1.73799726180732250213623046875">
        <ele>1243.199951171875</ele>
        <time>2026-09-05T09:07:02.000Z</time>
      </trkpt>
      <trkpt lat="42.34655641950666904449462890625" lon="1.7380286939442157745361328125">
        <ele>1243</ele>
        <time>2026-09-05T09:07:04.000Z</time>
      </trkpt>
      <trkpt lat="42.346596233546733856201171875" lon="1.73813246190547943115234375">
        <ele>1243.199951171875</ele>
        <time>2026-09-05T09:07:10.000Z</time>
      </trkpt>
      <trkpt lat="42.34661123715341091156005859375" lon="1.7381671629846096038818359375">
        <ele>1242.800048828125</ele>
        <time>2026-09-05T09:07:12.000Z</time>
      </trkpt>
      <trkpt lat="42.3466198705136775970458984375" lon="1.73820446245372295379638671875">
        <ele>1241.800048828125</ele>
        <time>2026-09-05T09:07:14.000Z</time>
      </trkpt>
      <trkpt lat="42.346635125577449798583984375" lon="1.7382462881505489349365234375">
        <ele>1240.5999755859375</ele>
        <time>2026-09-05T09:07:17.000Z</time>
      </trkpt>
      <trkpt lat="42.34663889743387699127197265625" lon="1.73825810663402080535888671875">
        <ele>1240.4000244140625</ele>
        <time>2026-09-05T09:07:18.000Z</time>
      </trkpt>
      <trkpt lat="42.34665934927761554718017578125" lon="1.73837427981197834014892578125">
        <ele>1240</ele>
        <time>2026-09-05T09:07:24.000Z</time>
      </trkpt>
      <trkpt lat="42.3466671444475650787353515625" lon="1.73842742107808589935302734375">
        <ele>1239.4000244140625</ele>
        <time>2026-09-05T09:07:27.000Z</time>
      </trkpt>
      <trkpt lat="42.34667795710265636444091796875" lon="1.73843949101865291595458984375">
        <ele>1239.199951171875</ele>
        <time>2026-09-05T09:07:32.000Z</time>
      </trkpt>
      <trkpt lat="42.34667795710265636444091796875" lon="1.738439239561557769775390625">
        <ele>1239.199951171875</ele>
        <time>2026-09-05T09:07:36.000Z</time>
      </trkpt>
      <trkpt lat="42.34667795710265636444091796875" lon="1.738439239561557769775390625">
        <ele>1239</ele>
        <time>2026-09-05T09:07:42.000Z</time>
      </trkpt>
      <trkpt lat="42.34667795710265636444091796875" lon="1.738439239561557769775390625">
        <ele>1238.800048828125</ele>
        <time>2026-09-05T09:07:48.000Z</time>
      </trkpt>
      <trkpt lat="42.34667795710265636444091796875" lon="1.738439239561557769775390625">
        <ele>1238.800048828125</ele>
        <time>2026-09-05T09:07:50.000Z</time>
      </trkpt>
      <trkpt lat="42.34667795710265636444091796875" lon="1.738439239561557769775390625">
        <ele>1239.199951171875</ele>
        <time>2026-09-05T09:07:55.000Z</time>
      </trkpt>
      <trkpt lat="42.34667795710265636444091796875" lon="1.738439239561557769775390625">
        <ele>1239.199951171875</ele>
        <time>2026-09-05T09:07:56.000Z</time>
      </trkpt>
      <trkpt lat="42.3466782085597515106201171875" lon="1.73851425759494304656982421875">
        <ele>1238.800048828125</ele>
        <time>2026-09-05T09:08:01.000Z</time>
      </trkpt>
      <trkpt lat="42.3466872610151767730712890625" lon="1.73861115239560604095458984375">
        <ele>1238.4000244140625</ele>
        <time>2026-09-05T09:08:06.000Z</time>
      </trkpt>
      <trkpt lat="42.346699498593807220458984375" lon="1.7387176863849163055419921875">
        <ele>1237.5999755859375</ele>
        <time>2026-09-05T09:08:12.000Z</time>
      </trkpt>
      <trkpt lat="42.3467003367841243743896484375" lon="1.73878557980060577392578125">
        <ele>1237.199951171875</ele>
        <time>2026-09-05T09:08:16.000Z</time>
      </trkpt>
      <trkpt lat="42.346701510250568389892578125" lon="1.73887635581195354461669921875">
        <ele>1236.5999755859375</ele>
        <time>2026-09-05T09:08:21.000Z</time>
      </trkpt>
      <trkpt lat="42.34670125879347324371337890625" lon="1.738911308348178863525390625">
        <ele>1236.5999755859375</ele>
        <time>2026-09-05T09:08:23.000Z</time>
      </trkpt>
      <trkpt lat="42.34670025296509265899658203125" lon="1.738929413259029388427734375">
        <ele>1236.5999755859375</ele>
        <time>2026-09-05T09:08:24.000Z</time>
      </trkpt>
      <trkpt lat="42.34670209698379039764404296875" lon="1.739019267261028289794921875">
        <ele>1236.199951171875</ele>
        <time>2026-09-05T09:08:29.000Z</time>
      </trkpt>
      <trkpt lat="42.34670394100248813629150390625" lon="1.7391347698867321014404296875">
        <ele>1235.5999755859375</ele>
        <time>2026-09-05T09:08:35.000Z</time>
      </trkpt>
      <trkpt lat="42.346702516078948974609375" lon="1.73916955478489398956298828125">
        <ele>1235.199951171875</ele>
        <time>2026-09-05T09:08:37.000Z</time>
      </trkpt>
      <trkpt lat="42.346702851355075836181640625" lon="1.73918682150542736053466796875">
        <ele>1235</ele>
        <time>2026-09-05T09:08:38.000Z</time>
      </trkpt>
      <trkpt lat="42.34670930542051792144775390625" lon="1.739305593073368072509765625">
        <ele>1235.800048828125</ele>
        <time>2026-09-05T09:08:44.000Z</time>
      </trkpt>
      <trkpt lat="42.34671056270599365234375" lon="1.739325039088726043701171875">
        <ele>1236</ele>
        <time>2026-09-05T09:08:45.000Z</time>
      </trkpt>
      <trkpt lat="42.34671793878078460693359375" lon="1.7393637634813785552978515625">
        <ele>1236</ele>
        <time>2026-09-05T09:08:47.000Z</time>
      </trkpt>
      <trkpt lat="42.34673093073070049285888671875" lon="1.73944816924631595611572265625">
        <ele>1235.5999755859375</ele>
        <time>2026-09-05T09:08:52.000Z</time>
      </trkpt>
      <trkpt lat="42.34674735926091670989990234375" lon="1.73955813981592655181884765625">
        <ele>1235.199951171875</ele>
        <time>2026-09-05T09:08:58.000Z</time>
      </trkpt>
      <trkpt lat="42.34674735926091670989990234375" lon="1.73957817256450653076171875">
        <ele>1235.199951171875</ele>
        <time>2026-09-05T09:08:59.000Z</time>
      </trkpt>
      <trkpt lat="42.34675724990665912628173828125" lon="1.73966743983328342437744140625">
        <ele>1235</ele>
        <time>2026-09-05T09:09:04.000Z</time>
      </trkpt>
      <trkpt lat="42.34676848165690898895263671875" lon="1.73973583616316318511962890625">
        <ele>1234.800048828125</ele>
        <time>2026-09-05T09:09:08.000Z</time>
      </trkpt>
      <trkpt lat="42.34677719883620738983154296875" lon="1.73980406485497951507568359375">
        <ele>1234.800048828125</ele>
        <time>2026-09-05T09:09:12.000Z</time>
      </trkpt>
      <trkpt lat="42.34678608365356922149658203125" lon="1.73986005596816539764404296875">
        <ele>1234.4000244140625</ele>
        <time>2026-09-05T09:09:16.000Z</time>
      </trkpt>
      <trkpt lat="42.3468106426298618316650390625" lon="1.7399665899574756622314453125">
        <ele>1234.199951171875</ele>
        <time>2026-09-05T09:09:22.000Z</time>
      </trkpt>
      <trkpt lat="42.346816174685955047607421875" lon="1.7399826832115650177001953125">
        <ele>1234.199951171875</ele>
        <time>2026-09-05T09:09:23.000Z</time>
      </trkpt>
      <trkpt lat="42.346825562417507171630859375" lon="1.7400239221751689910888671875">
        <ele>1234.4000244140625</ele>
        <time>2026-09-05T09:09:26.000Z</time>
      </trkpt>
      <trkpt lat="42.3468391411006450653076171875" lon="1.740074045956134796142578125">
        <ele>1234.4000244140625</ele>
        <time>2026-09-05T09:09:29.000Z</time>
      </trkpt>
      <trkpt lat="42.34687526710331439971923828125" lon="1.7401721142232418060302734375">
        <ele>1234</ele>
        <time>2026-09-05T09:09:35.000Z</time>
      </trkpt>
      <trkpt lat="42.346904017031192779541015625" lon="1.7402361519634723663330078125">
        <ele>1233.5999755859375</ele>
        <time>2026-09-05T09:09:40.000Z</time>
      </trkpt>
      <trkpt lat="42.34695288352668285369873046875" lon="1.74031586386263370513916015625">
        <ele>1233.4000244140625</ele>
        <time>2026-09-05T09:09:46.000Z</time>
      </trkpt>
      <trkpt lat="42.3469586670398712158203125" lon="1.74032826907932758331298828125">
        <ele>1233.4000244140625</ele>
        <time>2026-09-05T09:09:47.000Z</time>
      </trkpt>
      <trkpt lat="42.34701088629662990570068359375" lon="1.740409992635250091552734375">
        <ele>1233.199951171875</ele>
        <time>2026-09-05T09:09:53.000Z</time>
      </trkpt>
      <trkpt lat="42.3470228724181652069091796875" lon="1.7404223978519439697265625">
        <ele>1233.199951171875</ele>
        <time>2026-09-05T09:09:54.000Z</time>
      </trkpt>
      <trkpt lat="42.34707894735038280487060546875" lon="1.7404829151928424835205078125">
        <ele>1232.800048828125</ele>
        <time>2026-09-05T09:10:00.000Z</time>
      </trkpt>
      <trkpt lat="42.34708749689161777496337890625" lon="1.740495823323726654052734375">
        <ele>1232.800048828125</ele>
        <time>2026-09-05T09:10:01.000Z</time>
      </trkpt>
      <trkpt lat="42.34714784659445285797119140625" lon="1.74056530930101871490478515625">
        <ele>1232.800048828125</ele>
        <time>2026-09-05T09:10:07.000Z</time>
      </trkpt>
      <trkpt lat="42.3472062684595584869384765625" lon="1.740621887147426605224609375">
        <ele>1233</ele>
        <time>2026-09-05T09:10:13.000Z</time>
      </trkpt>
      <trkpt lat="42.34725781716406345367431640625" lon="1.7406944744288921356201171875">
        <ele>1232.199951171875</ele>
        <time>2026-09-05T09:10:19.000Z</time>
      </trkpt>
      <trkpt lat="42.3472703061997890472412109375" lon="1.74070277251303195953369140625">
        <ele>1232.199951171875</ele>
        <time>2026-09-05T09:10:20.000Z</time>
      </trkpt>
      <trkpt lat="42.3473261296749114990234375" lon="1.74077804200351238250732421875">
        <ele>1232</ele>
        <time>2026-09-05T09:10:26.000Z</time>
      </trkpt>
      <trkpt lat="42.34737197868525981903076171875" lon="1.7408208735287189483642578125">
        <ele>1231.800048828125</ele>
        <time>2026-09-05T09:10:30.000Z</time>
      </trkpt>
      <trkpt lat="42.34739226289093494415283203125" lon="1.7408594302833080291748046875">
        <ele>1231.5999755859375</ele>
        <time>2026-09-05T09:10:33.000Z</time>
      </trkpt>
      <trkpt lat="42.34744439832866191864013671875" lon="1.7409298382699489593505859375">
        <ele>1231.199951171875</ele>
        <time>2026-09-05T09:10:39.000Z</time>
      </trkpt>
      <trkpt lat="42.3474607430398464202880859375" lon="1.74095548689365386962890625">
        <ele>1231.199951171875</ele>
        <time>2026-09-05T09:10:41.000Z</time>
      </trkpt>
      <trkpt lat="42.347514890134334564208984375" lon="1.7410297505557537078857421875">
        <ele>1231</ele>
        <time>2026-09-05T09:10:47.000Z</time>
      </trkpt>
      <trkpt lat="42.34753358177840709686279296875" lon="1.74105380661785602569580078125">
        <ele>1231</ele>
        <time>2026-09-05T09:10:49.000Z</time>
      </trkpt>
      <trkpt lat="42.34757113270461559295654296875" lon="1.7410934530198574066162109375">
        <ele>1230.800048828125</ele>
        <time>2026-09-05T09:10:53.000Z</time>
      </trkpt>
      <trkpt lat="42.34760683961212635040283203125" lon="1.74114131368696689605712890625">
        <ele>1230.199951171875</ele>
        <time>2026-09-05T09:10:57.000Z</time>
      </trkpt>
      <trkpt lat="42.34766216017305850982666015625" lon="1.7412071116268634796142578125">
        <ele>1230.199951171875</ele>
        <time>2026-09-05T09:11:03.000Z</time>
      </trkpt>
      <trkpt lat="42.34768160618841648101806640625" lon="1.741234101355075836181640625">
        <ele>1230.199951171875</ele>
        <time>2026-09-05T09:11:05.000Z</time>
      </trkpt>
      <trkpt lat="42.347736172378063201904296875" lon="1.7413013242185115814208984375">
        <ele>1230</ele>
        <time>2026-09-05T09:11:11.000Z</time>
      </trkpt>
      <trkpt lat="42.34774648211896419525146484375" lon="1.7413137294352054595947265625">
        <ele>1230</ele>
        <time>2026-09-05T09:11:12.000Z</time>
      </trkpt>
      <trkpt lat="42.3477794229984283447265625" lon="1.7413593269884586334228515625">
        <ele>1229.5999755859375</ele>
        <time>2026-09-05T09:11:16.000Z</time>
      </trkpt>
      <trkpt lat="42.3478198237717151641845703125" lon="1.741403751075267791748046875">
        <ele>1229.199951171875</ele>
        <time>2026-09-05T09:11:20.000Z</time>
      </trkpt>
      <trkpt lat="42.347866594791412353515625" lon="1.74147994257509708404541015625">
        <ele>1229.199951171875</ele>
        <time>2026-09-05T09:11:26.000Z</time>
      </trkpt>
      <trkpt lat="42.3478774912655353546142578125" lon="1.74149192869663238525390625">
        <ele>1229.199951171875</ele>
        <time>2026-09-05T09:11:27.000Z</time>
      </trkpt>
      <trkpt lat="42.3479376733303070068359375" lon="1.7415457405149936676025390625">
        <ele>1228.800048828125</ele>
        <time>2026-09-05T09:11:33.000Z</time>
      </trkpt>
      <trkpt lat="42.34794773161411285400390625" lon="1.74155403859913349151611328125">
        <ele>1228.800048828125</ele>
        <time>2026-09-05T09:11:34.000Z</time>
      </trkpt>
      <trkpt lat="42.34801135025918483734130859375" lon="1.74159980379045009613037109375">
        <ele>1228.800048828125</ele>
        <time>2026-09-05T09:11:39.000Z</time>
      </trkpt>
      <trkpt lat="42.34803180210292339324951171875" lon="1.7416164837777614593505859375">
        <ele>1228.800048828125</ele>
        <time>2026-09-05T09:11:41.000Z</time>
      </trkpt>
      <trkpt lat="42.34810472466051578521728515625" lon="1.741663254797458648681640625">
        <ele>1228.5999755859375</ele>
        <time>2026-09-05T09:11:47.000Z</time>
      </trkpt>
      <trkpt lat="42.34813003800809383392333984375" lon="1.74168211407959461212158203125">
        <ele>1228.4000244140625</ele>
        <time>2026-09-05T09:11:49.000Z</time>
      </trkpt>
      <trkpt lat="42.3481691814959049224853515625" lon="1.74173190258443355560302734375">
        <ele>1228.4000244140625</ele>
        <time>2026-09-05T09:11:54.000Z</time>
      </trkpt>
      <trkpt lat="42.348237074911594390869140625" lon="1.7417878098785877227783203125">
        <ele>1228.5999755859375</ele>
        <time>2026-09-05T09:12:00.000Z</time>
      </trkpt>
      <trkpt lat="42.34828711487352848052978515625" lon="1.741854362189769744873046875">
        <ele>1228.5999755859375</ele>
        <time>2026-09-05T09:12:06.000Z</time>
      </trkpt>
      <trkpt lat="42.348299436271190643310546875" lon="1.741861738264560699462890625">
        <ele>1228.4000244140625</ele>
        <time>2026-09-05T09:12:07.000Z</time>
      </trkpt>
      <trkpt lat="42.3483515717089176177978515625" lon="1.7419324815273284912109375">
        <ele>1228.199951171875</ele>
        <time>2026-09-05T09:12:13.000Z</time>
      </trkpt>
      <trkpt lat="42.34841217286884784698486328125" lon="1.74197866581380367279052734375">
        <ele>1228</ele>
        <time>2026-09-05T09:12:19.000Z</time>
      </trkpt>
      <trkpt lat="42.34842189587652683258056640625" lon="1.74198872409760951995849609375">
        <ele>1228</ele>
        <time>2026-09-05T09:12:20.000Z</time>
      </trkpt>
      <trkpt lat="42.3484860174357891082763671875" lon="1.7420530132949352264404296875">
        <ele>1227.800048828125</ele>
        <time>2026-09-05T09:12:26.000Z</time>
      </trkpt>
      <trkpt lat="42.3484943993389606475830078125" lon="1.74206818453967571258544921875">
        <ele>1227.800048828125</ele>
        <time>2026-09-05T09:12:27.000Z</time>
      </trkpt>
      <trkpt lat="42.34852113761007785797119140625" lon="1.74209668301045894622802734375">
        <ele>1227.5999755859375</ele>
        <time>2026-09-05T09:12:30.000Z</time>
      </trkpt>
      <trkpt lat="42.3485597781836986541748046875" lon="1.74215041100978851318359375">
        <ele>1227.4000244140625</ele>
        <time>2026-09-05T09:12:34.000Z</time>
      </trkpt>
      <trkpt lat="42.34860956668853759765625" lon="1.7422126047313213348388671875">
        <ele>1227.4000244140625</ele>
        <time>2026-09-05T09:12:40.000Z</time>
      </trkpt>
      <trkpt lat="42.34861820004880428314208984375" lon="1.7422275245189666748046875">
        <ele>1227.4000244140625</ele>
        <time>2026-09-05T09:12:41.000Z</time>
      </trkpt>
      <trkpt lat="42.34867938794195652008056640625" lon="1.74228510819375514984130859375">
        <ele>1226.800048828125</ele>
        <time>2026-09-05T09:12:47.000Z</time>
      </trkpt>
      <trkpt lat="42.3487347923219203948974609375" lon="1.7423433624207973480224609375">
        <ele>1227</ele>
        <time>2026-09-05T09:12:53.000Z</time>
      </trkpt>
      <trkpt lat="42.34875331632792949676513671875" lon="1.74235870130360126495361328125">
        <ele>1226.800048828125</ele>
        <time>2026-09-05T09:12:55.000Z</time>
      </trkpt>
      <trkpt lat="42.3487592674791812896728515625" lon="1.74235098995268344879150390625">
        <ele>1226.5999755859375</ele>
        <time>2026-09-05T09:12:58.000Z</time>
      </trkpt>
      <trkpt lat="42.34875918366014957427978515625" lon="1.7423510737717151641845703125">
        <ele>1225.800048828125</ele>
        <time>2026-09-05T09:13:01.000Z</time>
      </trkpt>
      <trkpt lat="42.34875918366014957427978515625" lon="1.7423510737717151641845703125">
        <ele>1225.4000244140625</ele>
        <time>2026-09-05T09:13:03.000Z</time>
      </trkpt>
      <trkpt lat="42.34875918366014957427978515625" lon="1.7423510737717151641845703125">
        <ele>1226</ele>
        <time>2026-09-05T09:13:09.000Z</time>
      </trkpt>
      <trkpt lat="42.34875918366014957427978515625" lon="1.7423510737717151641845703125">
        <ele>1226</ele>
        <time>2026-09-05T09:13:12.000Z</time>
      </trkpt>
      <trkpt lat="42.34875918366014957427978515625" lon="1.7423510737717151641845703125">
        <ele>1226</ele>
        <time>2026-09-05T09:13:13.000Z</time>
      </trkpt>
      <trkpt lat="42.34878147952258586883544921875" lon="1.7424018681049346923828125">
        <ele>1225.5999755859375</ele>
        <time>2026-09-05T09:13:19.000Z</time>
      </trkpt>
      <trkpt lat="42.34878684394061565399169921875" lon="1.74241863191127777099609375">
        <ele>1225.4000244140625</ele>
        <time>2026-09-05T09:13:20.000Z</time>
      </trkpt>
      <trkpt lat="42.34881400130689144134521484375" lon="1.74251519143581390380859375">
        <ele>1226</ele>
        <time>2026-09-05T09:13:26.000Z</time>
      </trkpt>
      <trkpt lat="42.34881542623043060302734375" lon="1.74253036268055438995361328125">
        <ele>1225.800048828125</ele>
        <time>2026-09-05T09:13:27.000Z</time>
      </trkpt>
      <trkpt lat="42.34883244149386882781982421875" lon="1.742619462311267852783203125">
        <ele>1225.199951171875</ele>
        <time>2026-09-05T09:13:33.000Z</time>
      </trkpt>
      <trkpt lat="42.3488481156527996063232421875" lon="1.74269448034465312957763671875">
        <ele>1225.199951171875</ele>
        <time>2026-09-05T09:13:38.000Z</time>
      </trkpt>
      <trkpt lat="42.3488531447947025299072265625" lon="1.74272415228188037872314453125">
        <ele>1225</ele>
        <time>2026-09-05T09:13:40.000Z</time>
      </trkpt>
      <trkpt lat="42.34886705875396728515625" lon="1.74277712590992450714111328125">
        <ele>1225</ele>
        <time>2026-09-05T09:13:43.000Z</time>
      </trkpt>
      <trkpt lat="42.34888382256031036376953125" lon="1.7428471148014068603515625">
        <ele>1224.800048828125</ele>
        <time>2026-09-05T09:13:47.000Z</time>
      </trkpt>
      <trkpt lat="42.34888608567416667938232421875" lon="1.7428633756935596466064453125">
        <ele>1224.800048828125</ele>
        <time>2026-09-05T09:13:48.000Z</time>
      </trkpt>
      <trkpt lat="42.34889446757733821868896484375" lon="1.742918528616428375244140625">
        <ele>1224.4000244140625</ele>
        <time>2026-09-05T09:13:51.000Z</time>
      </trkpt>
      <trkpt lat="42.34891458414494991302490234375" lon="1.74301399849355220794677734375">
        <ele>1224.4000244140625</ele>
        <time>2026-09-05T09:13:57.000Z</time>
      </trkpt>
      <trkpt lat="42.34892807900905609130859375" lon="1.74312145449221134185791015625">
        <ele>1224.5999755859375</ele>
        <time>2026-09-05T09:14:03.000Z</time>
      </trkpt>
      <trkpt lat="42.3489262349903583526611328125" lon="1.74315749667584896087646484375">
        <ele>1224.800048828125</ele>
        <time>2026-09-05T09:14:05.000Z</time>
      </trkpt>
      <trkpt lat="42.34889027662575244903564453125" lon="1.743225641548633575439453125">
        <ele>1224.4000244140625</ele>
        <time>2026-09-05T09:14:10.000Z</time>
      </trkpt>
      <trkpt lat="42.34887552447617053985595703125" lon="1.743250787258148193359375">
        <ele>1224.4000244140625</ele>
        <time>2026-09-05T09:14:12.000Z</time>
      </trkpt>
      <trkpt lat="42.3488308489322662353515625" lon="1.743331253528594970703125">
        <ele>1223.800048828125</ele>
        <time>2026-09-05T09:14:18.000Z</time>
      </trkpt>
      <trkpt lat="42.34882540069520473480224609375" lon="1.74334189854562282562255859375">
        <ele>1223.800048828125</ele>
        <time>2026-09-05T09:14:19.000Z</time>
      </trkpt>
      <trkpt lat="42.3487803898751735687255859375" lon="1.74341180361807346343994140625">
        <ele>1223.4000244140625</ele>
        <time>2026-09-05T09:14:24.000Z</time>
      </trkpt>
      <trkpt lat="42.348774857819080352783203125" lon="1.7434256337583065032958984375">
        <ele>1223.199951171875</ele>
        <time>2026-09-05T09:14:25.000Z</time>
      </trkpt>
      <trkpt lat="42.34875851310789585113525390625" lon="1.7435134761035442352294921875">
        <ele>1222.800048828125</ele>
        <time>2026-09-05T09:14:31.000Z</time>
      </trkpt>
      <trkpt lat="42.348752059042453765869140625" lon="1.7435302399098873138427734375">
        <ele>1222.5999755859375</ele>
        <time>2026-09-05T09:14:32.000Z</time>
      </trkpt>
      <trkpt lat="42.348749376833438873291015625" lon="1.7435694672167301177978515625">
        <ele>1222.199951171875</ele>
        <time>2026-09-05T09:14:34.000Z</time>
      </trkpt>
      <trkpt lat="42.3487572558224201202392578125" lon="1.74367516301572322845458984375">
        <ele>1221.4000244140625</ele>
        <time>2026-09-05T09:14:40.000Z</time>
      </trkpt>
      <trkpt lat="42.34878189861774444580078125" lon="1.7437250353395938873291015625">
        <ele>1221</ele>
        <time>2026-09-05T09:14:44.000Z</time>
      </trkpt>
      <trkpt lat="42.34880603849887847900390625" lon="1.743757389485836029052734375">
        <ele>1219.5999755859375</ele>
        <time>2026-09-05T09:14:47.000Z</time>
      </trkpt>
      <trkpt lat="42.348856665194034576416015625" lon="1.74383374862372875213623046875">
        <ele>1218.800048828125</ele>
        <time>2026-09-05T09:14:53.000Z</time>
      </trkpt>
      <trkpt lat="42.348872087895870208740234375" lon="1.7438554577529430389404296875">
        <ele>1218.4000244140625</ele>
        <time>2026-09-05T09:14:55.000Z</time>
      </trkpt>
      <trkpt lat="42.3488873429596424102783203125" lon="1.74387783743441104888916015625">
        <ele>1218.199951171875</ele>
        <time>2026-09-05T09:14:57.000Z</time>
      </trkpt>
      <trkpt lat="42.3489435017108917236328125" lon="1.74394455738365650177001953125">
        <ele>1217.800048828125</ele>
        <time>2026-09-05T09:15:03.000Z</time>
      </trkpt>
      <trkpt lat="42.34895749948918819427490234375" lon="1.744012534618377685546875">
        <ele>1217.4000244140625</ele>
        <time>2026-09-05T09:15:07.000Z</time>
      </trkpt>
      <trkpt lat="42.3489595949649810791015625" lon="1.74403063952922821044921875">
        <ele>1217.4000244140625</ele>
        <time>2026-09-05T09:15:08.000Z</time>
      </trkpt>
      <trkpt lat="42.3489577509462833404541015625" lon="1.744058132171630859375">
        <ele>1217</ele>
        <time>2026-09-05T09:15:13.000Z</time>
      </trkpt>
      <trkpt lat="42.34895850531756877899169921875" lon="1.74414974637329578399658203125">
        <ele>1216.5999755859375</ele>
        <time>2026-09-05T09:15:19.000Z</time>
      </trkpt>
      <trkpt lat="42.3489661328494548797607421875" lon="1.7441810108721256256103515625">
        <ele>1216.199951171875</ele>
        <time>2026-09-05T09:15:21.000Z</time>
      </trkpt>
      <trkpt lat="42.3489755205810070037841796875" lon="1.74421428702771663665771484375">
        <ele>1215.800048828125</ele>
        <time>2026-09-05T09:15:23.000Z</time>
      </trkpt>
      <trkpt lat="42.34900292940437793731689453125" lon="1.74425058066844940185546875">
        <ele>1215.199951171875</ele>
        <time>2026-09-05T09:15:26.000Z</time>
      </trkpt>
      <trkpt lat="42.34904735349118709564208984375" lon="1.7442836053669452667236328125">
        <ele>1215.199951171875</ele>
        <time>2026-09-05T09:15:30.000Z</time>
      </trkpt>
      <trkpt lat="42.34911105595529079437255859375" lon="1.7443452961742877960205078125">
        <ele>1216.4000244140625</ele>
        <time>2026-09-05T09:15:36.000Z</time>
      </trkpt>
      <trkpt lat="42.34912781976163387298583984375" lon="1.74436029978096485137939453125">
        <ele>1216.5999755859375</ele>
        <time>2026-09-05T09:15:38.000Z</time>
      </trkpt>
      <trkpt lat="42.3491699807345867156982421875" lon="1.7443969286978244781494140625">
        <ele>1216.4000244140625</ele>
        <time>2026-09-05T09:15:42.000Z</time>
      </trkpt>
      <trkpt lat="42.3492038436233997344970703125" lon="1.74443297088146209716796875">
        <ele>1216.199951171875</ele>
        <time>2026-09-05T09:15:45.000Z</time>
      </trkpt>
      <trkpt lat="42.34925606288015842437744140625" lon="1.7444827593863010406494140625">
        <ele>1216</ele>
        <time>2026-09-05T09:15:51.000Z</time>
      </trkpt>
      <trkpt lat="42.3492685519158840179443359375" lon="1.74449558369815349578857421875">
        <ele>1215.800048828125</ele>
        <time>2026-09-05T09:15:52.000Z</time>
      </trkpt>
      <trkpt lat="42.3493305779993534088134765625" lon="1.74455626867711544036865234375">
        <ele>1215.5999755859375</ele>
        <time>2026-09-05T09:15:58.000Z</time>
      </trkpt>
      <trkpt lat="42.34934843145310878753662109375" lon="1.74458459950983524322509765625">
        <ele>1215.199951171875</ele>
        <time>2026-09-05T09:16:00.000Z</time>
      </trkpt>
      <trkpt lat="42.3493919335305690765380859375" lon="1.74459935165941715240478515625">
        <ele>1214.199951171875</ele>
        <time>2026-09-05T09:16:03.000Z</time>
      </trkpt>
      <trkpt lat="42.349429987370967864990234375" lon="1.7446115054190158843994140625">
        <ele>1213.199951171875</ele>
        <time>2026-09-05T09:16:06.000Z</time>
      </trkpt>
      <trkpt lat="42.34945781528949737548828125" lon="1.7446041293442249298095703125">
        <ele>1212.800048828125</ele>
        <time>2026-09-05T09:16:08.000Z</time>
      </trkpt>
      <trkpt lat="42.34951355494558811187744140625" lon="1.74461695365607738494873046875">
        <ele>1213</ele>
        <time>2026-09-05T09:16:12.000Z</time>
      </trkpt>
      <trkpt lat="42.34958195127546787261962890625" lon="1.74461427144706249237060546875">
        <ele>1212.199951171875</ele>
        <time>2026-09-05T09:16:17.000Z</time>
      </trkpt>
      <trkpt lat="42.34961338341236114501953125" lon="1.744616366922855377197265625">
        <ele>1211.5999755859375</ele>
        <time>2026-09-05T09:16:19.000Z</time>
      </trkpt>
      <trkpt lat="42.34969980083405971527099609375" lon="1.744598932564258575439453125">
        <ele>1211.800048828125</ele>
        <time>2026-09-05T09:16:25.000Z</time>
      </trkpt>
      <trkpt lat="42.34972913749516010284423828125" lon="1.7445985972881317138671875">
        <ele>1211.5999755859375</ele>
        <time>2026-09-05T09:16:27.000Z</time>
      </trkpt>
      <trkpt lat="42.3498043231666088104248046875" lon="1.74461133778095245361328125">
        <ele>1211.4000244140625</ele>
        <time>2026-09-05T09:16:33.000Z</time>
      </trkpt>
      <trkpt lat="42.34983189962804317474365234375" lon="1.7446108348667621612548828125">
        <ele>1211</ele>
        <time>2026-09-05T09:16:35.000Z</time>
      </trkpt>
      <trkpt lat="42.3498636670410633087158203125" lon="1.744618713855743408203125">
        <ele>1210.800048828125</ele>
        <time>2026-09-05T09:16:40.000Z</time>
      </trkpt>
      <trkpt lat="42.34985318966209888458251953125" lon="1.7446254193782806396484375">
        <ele>1210.800048828125</ele>
        <time>2026-09-05T09:16:41.000Z</time>
      </trkpt>
      <trkpt lat="42.34977087937295436859130859375" lon="1.744640506803989410400390625">
        <ele>1210.800048828125</ele>
        <time>2026-09-05T09:16:47.000Z</time>
      </trkpt>
      <trkpt lat="42.3497577197849750518798828125" lon="1.744643859565258026123046875">
        <ele>1210.800048828125</ele>
        <time>2026-09-05T09:16:48.000Z</time>
      </trkpt>
      <trkpt lat="42.34968504868447780609130859375" lon="1.744654588401317596435546875">
        <ele>1210.800048828125</ele>
        <time>2026-09-05T09:16:54.000Z</time>
      </trkpt>
      <trkpt lat="42.34963894821703433990478515625" lon="1.7446517385542392730712890625">
        <ele>1211</ele>
        <time>2026-09-05T09:16:58.000Z</time>
      </trkpt>
      <trkpt lat="42.34957759268581867218017578125" lon="1.74464377574622631072998046875">
        <ele>1211.4000244140625</ele>
        <time>2026-09-05T09:17:04.000Z</time>
      </trkpt>
      <trkpt lat="42.349558062851428985595703125" lon="1.74464193172752857208251953125">
        <ele>1212</ele>
        <time>2026-09-05T09:17:06.000Z</time>
      </trkpt>
      <trkpt lat="42.349547334015369415283203125" lon="1.7446416802704334259033203125">
        <ele>1212.199951171875</ele>
        <time>2026-09-05T09:17:07.000Z</time>
      </trkpt>
      <trkpt lat="42.3495163209736347198486328125" lon="1.7446359805762767791748046875">
        <ele>1212.800048828125</ele>
        <time>2026-09-05T09:17:10.000Z</time>
      </trkpt>
      <trkpt lat="42.349479608237743377685546875" lon="1.74463874660432338714599609375">
        <ele>1213</ele>
        <time>2026-09-05T09:17:13.000Z</time>
      </trkpt>
      <trkpt lat="42.34946728684008121490478515625" lon="1.744645871222019195556640625">
        <ele>1213</ele>
        <time>2026-09-05T09:17:14.000Z</time>
      </trkpt>
      <trkpt lat="42.3494469188153743743896484375" lon="1.7446420155465602874755859375">
        <ele>1213.199951171875</ele>
        <time>2026-09-05T09:17:16.000Z</time>
      </trkpt>
      <trkpt lat="42.3494303226470947265625" lon="1.74462701193988323211669921875">
        <ele>1213.5999755859375</ele>
        <time>2026-09-05T09:17:18.000Z</time>
      </trkpt>
      <trkpt lat="42.34937257133424282073974609375" lon="1.74460069276392459869384765625">
        <ele>1214.199951171875</ele>
        <time>2026-09-05T09:17:24.000Z</time>
      </trkpt>
      <trkpt lat="42.34936469234526157379150390625" lon="1.744600273668766021728515625">
        <ele>1214.4000244140625</ele>
        <time>2026-09-05T09:17:25.000Z</time>
      </trkpt>
      <trkpt lat="42.34933937899768352508544921875" lon="1.74460438080132007598876953125">
        <ele>1215.199951171875</ele>
        <time>2026-09-05T09:17:31.000Z</time>
      </trkpt>
      <trkpt lat="42.3493386246263980865478515625" lon="1.74460672773420810699462890625">
        <ele>1215</ele>
        <time>2026-09-05T09:17:32.000Z</time>
      </trkpt>
      <trkpt lat="42.3493386246263980865478515625" lon="1.74460672773420810699462890625">
        <ele>1214</ele>
        <time>2026-09-05T09:17:38.000Z</time>
      </trkpt>
      <trkpt lat="42.3493382893502712249755859375" lon="1.744604296982288360595703125">
        <ele>1214.199951171875</ele>
        <time>2026-09-05T09:17:44.000Z</time>
      </trkpt>
      <trkpt lat="42.34932814724743366241455078125" lon="1.74463279545307159423828125">
        <ele>1214.199951171875</ele>
        <time>2026-09-05T09:17:47.000Z</time>
      </trkpt>
      <trkpt lat="42.34932663850486278533935546875" lon="1.74472943879663944244384765625">
        <ele>1215</ele>
        <time>2026-09-05T09:17:53.000Z</time>
      </trkpt>
      <trkpt lat="42.3493282310664653778076171875" lon="1.74474268220365047454833984375">
        <ele>1214.800048828125</ele>
        <time>2026-09-05T09:17:54.000Z</time>
      </trkpt>
      <trkpt lat="42.34933401457965373992919921875" lon="1.744830608367919921875">
        <ele>1214.199951171875</ele>
        <time>2026-09-05T09:17:59.000Z</time>
      </trkpt>
      <trkpt lat="42.3493584059178829193115234375" lon="1.74492289312183856964111328125">
        <ele>1213.4000244140625</ele>
        <time>2026-09-05T09:18:05.000Z</time>
      </trkpt>
      <trkpt lat="42.349367626011371612548828125" lon="1.7449514754116535186767578125">
        <ele>1213.4000244140625</ele>
        <time>2026-09-05T09:18:07.000Z</time>
      </trkpt>
      <trkpt lat="42.3493952862918376922607421875" lon="1.74505247734487056732177734375">
        <ele>1212.800048828125</ele>
        <time>2026-09-05T09:18:13.000Z</time>
      </trkpt>
      <trkpt lat="42.3494021594524383544921875" lon="1.74506907351315021514892578125">
        <ele>1212.5999755859375</ele>
        <time>2026-09-05T09:18:14.000Z</time>
      </trkpt>
      <trkpt lat="42.34941196627914905548095703125" lon="1.745101176202297210693359375">
        <ele>1212</ele>
        <time>2026-09-05T09:18:16.000Z</time>
      </trkpt>
      <trkpt lat="42.34942722134292125701904296875" lon="1.745146103203296661376953125">
        <ele>1210.5999755859375</ele>
        <time>2026-09-05T09:18:19.000Z</time>
      </trkpt>
      <trkpt lat="42.34946091659367084503173828125" lon="1.74520754255354404449462890625">
        <ele>1209.800048828125</ele>
        <time>2026-09-05T09:18:24.000Z</time>
      </trkpt>
      <trkpt lat="42.34947516582906246185302734375" lon="1.74524224363267421722412109375">
        <ele>1209.5999755859375</ele>
        <time>2026-09-05T09:18:26.000Z</time>
      </trkpt>
      <trkpt lat="42.349516488611698150634765625" lon="1.74532388336956501007080078125">
        <ele>1209.199951171875</ele>
        <time>2026-09-05T09:18:32.000Z</time>
      </trkpt>
      <trkpt lat="42.3495324142277240753173828125" lon="1.74536746926605701446533203125">
        <ele>1209</ele>
        <time>2026-09-05T09:18:35.000Z</time>
      </trkpt>
      <trkpt lat="42.34958480112254619598388671875" lon="1.74543284811079502105712890625">
        <ele>1208.800048828125</ele>
        <time>2026-09-05T09:18:41.000Z</time>
      </trkpt>
      <trkpt lat="42.3496234416961669921875" lon="1.7454721592366695404052734375">
        <ele>1208.5999755859375</ele>
        <time>2026-09-05T09:18:45.000Z</time>
      </trkpt>
      <trkpt lat="42.349682115018367767333984375" lon="1.74553108401596546173095703125">
        <ele>1208.5999755859375</ele>
        <time>2026-09-05T09:18:51.000Z</time>
      </trkpt>
      <trkpt lat="42.34973433427512645721435546875" lon="1.74559260718524456024169921875">
        <ele>1208.199951171875</ele>
        <time>2026-09-05T09:18:57.000Z</time>
      </trkpt>
      <trkpt lat="42.349784709513187408447265625" lon="1.74564801156520843505859375">
        <ele>1208</ele>
        <time>2026-09-05T09:19:03.000Z</time>
      </trkpt>
      <trkpt lat="42.3498190753161907196044921875" lon="1.7456833831965923309326171875">
        <ele>1207.5999755859375</ele>
        <time>2026-09-05T09:19:07.000Z</time>
      </trkpt>
      <trkpt lat="42.34984807670116424560546875" lon="1.7457340098917484283447265625">
        <ele>1207.4000244140625</ele>
        <time>2026-09-05T09:19:11.000Z</time>
      </trkpt>
      <trkpt lat="42.34989912249147891998291015625" lon="1.74579880200326442718505859375">
        <ele>1207.199951171875</ele>
        <time>2026-09-05T09:19:17.000Z</time>
      </trkpt>
      <trkpt lat="42.3499270342290401458740234375" lon="1.74582637846469879150390625">
        <ele>1206.800048828125</ele>
        <time>2026-09-05T09:19:20.000Z</time>
      </trkpt>
      <trkpt lat="42.3499344103038311004638671875" lon="1.74583442509174346923828125">
        <ele>1206.5999755859375</ele>
        <time>2026-09-05T09:19:21.000Z</time>
      </trkpt>
      <trkpt lat="42.34997204504907131195068359375" lon="1.74588530324399471282958984375">
        <ele>1206</ele>
        <time>2026-09-05T09:19:27.000Z</time>
      </trkpt>
      <trkpt lat="42.34998629428446292877197265625" lon="1.7459070123732089996337890625">
        <ele>1205.5999755859375</ele>
        <time>2026-09-05T09:19:29.000Z</time>
      </trkpt>
      <trkpt lat="42.34999367035925388336181640625" lon="1.74591748975217342376708984375">
        <ele>1205.4000244140625</ele>
        <time>2026-09-05T09:19:30.000Z</time>
      </trkpt>
      <trkpt lat="42.350038178265094757080078125" lon="1.74597146920859813690185546875">
        <ele>1204.4000244140625</ele>
        <time>2026-09-05T09:19:35.000Z</time>
      </trkpt>
      <trkpt lat="42.35005334950983524322509765625" lon="1.7459972016513347625732421875">
        <ele>1204.199951171875</ele>
        <time>2026-09-05T09:19:37.000Z</time>
      </trkpt>
      <trkpt lat="42.35010129399597644805908203125" lon="1.74606232903897762298583984375">
        <ele>1203.5999755859375</ele>
        <time>2026-09-05T09:19:43.000Z</time>
      </trkpt>
      <trkpt lat="42.35011755488812923431396484375" lon="1.7460860498249530792236328125">
        <ele>1203.4000244140625</ele>
        <time>2026-09-05T09:19:45.000Z</time>
      </trkpt>
      <trkpt lat="42.35012970864772796630859375" lon="1.74611111171543598175048828125">
        <ele>1203</ele>
        <time>2026-09-05T09:19:47.000Z</time>
      </trkpt>
      <trkpt lat="42.350156195461750030517578125" lon="1.7461561225354671478271484375">
        <ele>1202.4000244140625</ele>
        <time>2026-09-05T09:19:51.000Z</time>
      </trkpt>
      <trkpt lat="42.35016214661300182342529296875" lon="1.74615184776484966278076171875">
        <ele>1202.199951171875</ele>
        <time>2026-09-05T09:19:53.000Z</time>
      </trkpt>
      <trkpt lat="42.350162900984287261962890625" lon="1.74615117721259593963623046875">
        <ele>1202</ele>
        <time>2026-09-05T09:19:55.000Z</time>
      </trkpt>
      <trkpt lat="42.35016197897493839263916015625" lon="1.74616509117186069488525390625">
        <ele>1203.4000244140625</ele>
        <time>2026-09-05T09:20:00.000Z</time>
      </trkpt>
      <trkpt lat="42.350164242088794708251953125" lon="1.7461678571999073028564453125">
        <ele>1203.5999755859375</ele>
        <time>2026-09-05T09:20:01.000Z</time>
      </trkpt>
      <trkpt lat="42.35016415826976299285888671875" lon="1.74617079086601734161376953125">
        <ele>1203.4000244140625</ele>
        <time>2026-09-05T09:20:07.000Z</time>
      </trkpt>
      <trkpt lat="42.35016415826976299285888671875" lon="1.74617079086601734161376953125">
        <ele>1203.5999755859375</ele>
        <time>2026-09-05T09:20:11.000Z</time>
      </trkpt>
      <trkpt lat="42.35016415826976299285888671875" lon="1.74617079086601734161376953125">
        <ele>1203.5999755859375</ele>
        <time>2026-09-05T09:20:12.000Z</time>
      </trkpt>
      <trkpt lat="42.35016415826976299285888671875" lon="1.74617079086601734161376953125">
        <ele>1203.5999755859375</ele>
        <time>2026-09-05T09:20:16.000Z</time>
      </trkpt>
      <trkpt lat="42.35016415826976299285888671875" lon="1.74617079086601734161376953125">
        <ele>1203.199951171875</ele>
        <time>2026-09-05T09:20:22.000Z</time>
      </trkpt>
      <trkpt lat="42.35016415826976299285888671875" lon="1.74617079086601734161376953125">
        <ele>1203.4000244140625</ele>
        <time>2026-09-05T09:20:28.000Z</time>
      </trkpt>
      <trkpt lat="42.35016751103103160858154296875" lon="1.74617598764598369598388671875">
        <ele>1203.199951171875</ele>
        <time>2026-09-05T09:20:32.000Z</time>
      </trkpt>
      <trkpt lat="42.35017807222902774810791015625" lon="1.74623382277786731719970703125">
        <ele>1202.199951171875</ele>
        <time>2026-09-05T09:20:36.000Z</time>
      </trkpt>
      <trkpt lat="42.350187711417675018310546875" lon="1.746257878839969635009765625">
        <ele>1201.800048828125</ele>
        <time>2026-09-05T09:20:38.000Z</time>
      </trkpt>
      <trkpt lat="42.35019768588244915008544921875" lon="1.74631194211542606353759765625">
        <ele>1201.199951171875</ele>
        <time>2026-09-05T09:20:42.000Z</time>
      </trkpt>
      <trkpt lat="42.3502026312053203582763671875" lon="1.74634932540357112884521484375">
        <ele>1200.5999755859375</ele>
        <time>2026-09-05T09:20:45.000Z</time>
      </trkpt>
      <trkpt lat="42.35021344386041164398193359375" lon="1.74642593599855899810791015625">
        <ele>1200.4000244140625</ele>
        <time>2026-09-05T09:20:51.000Z</time>
      </trkpt>
      <trkpt lat="42.35021495260298252105712890625" lon="1.74644253216683864593505859375">
        <ele>1200.5999755859375</ele>
        <time>2026-09-05T09:20:52.000Z</time>
      </trkpt>
      <trkpt lat="42.35022098757326602935791015625" lon="1.74648393876850605010986328125">
        <ele>1200</ele>
        <time>2026-09-05T09:20:55.000Z</time>
      </trkpt>
      <trkpt lat="42.35023758374154567718505859375" lon="1.7465514130890369415283203125">
        <ele>1199.199951171875</ele>
        <time>2026-09-05T09:21:00.000Z</time>
      </trkpt>
      <trkpt lat="42.35024462454020977020263671875" lon="1.746582090854644775390625">
        <ele>1198.800048828125</ele>
        <time>2026-09-05T09:21:02.000Z</time>
      </trkpt>
      <trkpt lat="42.35025904141366481781005859375" lon="1.7466637305915355682373046875">
        <ele>1198.199951171875</ele>
        <time>2026-09-05T09:21:08.000Z</time>
      </trkpt>
      <trkpt lat="42.35026105307042598724365234375" lon="1.746704466640949249267578125">
        <ele>1197.800048828125</ele>
        <time>2026-09-05T09:21:11.000Z</time>
      </trkpt>
      <trkpt lat="42.35026138834655284881591796875" lon="1.74675048328936100006103515625">
        <ele>1197</ele>
        <time>2026-09-05T09:21:15.000Z</time>
      </trkpt>
      <trkpt lat="42.35026918351650238037109375" lon="1.74678929150104522705078125">
        <ele>1196.5999755859375</ele>
        <time>2026-09-05T09:21:18.000Z</time>
      </trkpt>
      <trkpt lat="42.35026893205940723419189453125" lon="1.74681016243994235992431640625">
        <ele>1196.199951171875</ele>
        <time>2026-09-05T09:21:20.000Z</time>
      </trkpt>
      <trkpt lat="42.35027798451483249664306640625" lon="1.74685911275446414947509765625">
        <ele>1195.4000244140625</ele>
        <time>2026-09-05T09:21:24.000Z</time>
      </trkpt>
      <trkpt lat="42.35028066672384738922119140625" lon="1.7468742839992046356201171875">
        <ele>1195.4000244140625</ele>
        <time>2026-09-05T09:21:25.000Z</time>
      </trkpt>
      <trkpt lat="42.35028184019029140472412109375" lon="1.74695567227900028228759765625">
        <ele>1194.5999755859375</ele>
        <time>2026-09-05T09:21:31.000Z</time>
      </trkpt>
      <trkpt lat="42.350290976464748382568359375" lon="1.74700923264026641845703125">
        <ele>1194.4000244140625</ele>
        <time>2026-09-05T09:21:35.000Z</time>
      </trkpt>
      <trkpt lat="42.35029458068311214447021484375" lon="1.7470560036599636077880859375">
        <ele>1193.800048828125</ele>
        <time>2026-09-05T09:21:39.000Z</time>
      </trkpt>
      <trkpt lat="42.3502867855131626129150390625" lon="1.74708944745361804962158203125">
        <ele>1193.4000244140625</ele>
        <time>2026-09-05T09:21:42.000Z</time>
      </trkpt>
      <trkpt lat="42.35027588903903961181640625" lon="1.7471414990723133087158203125">
        <ele>1193</ele>
        <time>2026-09-05T09:21:46.000Z</time>
      </trkpt>
      <trkpt lat="42.3502596281468868255615234375" lon="1.74716102890670299530029296875">
        <ele>1193</ele>
        <time>2026-09-05T09:21:48.000Z</time>
      </trkpt>
      <trkpt lat="42.35022702254354953765869140625" lon="1.747187934815883636474609375">
        <ele>1192.5999755859375</ele>
        <time>2026-09-05T09:21:52.000Z</time>
      </trkpt>
      <trkpt lat="42.35020388849079608917236328125" lon="1.74719438888132572174072265625">
        <ele>1192.199951171875</ele>
        <time>2026-09-05T09:21:54.000Z</time>
      </trkpt>
      <trkpt lat="42.35016114078462123870849609375" lon="1.74722649157047271728515625">
        <ele>1191.199951171875</ele>
        <time>2026-09-05T09:21:59.000Z</time>
      </trkpt>
      <trkpt lat="42.35015946440398693084716796875" lon="1.74723596312105655670166015625">
        <ele>1191.199951171875</ele>
        <time>2026-09-05T09:22:00.000Z</time>
      </trkpt>
      <trkpt lat="42.35015921294689178466796875" lon="1.747250296175479888916015625">
        <ele>1191</ele>
        <time>2026-09-05T09:22:01.000Z</time>
      </trkpt>
      <trkpt lat="42.35015091486275196075439453125" lon="1.74727954901754856109619140625">
        <ele>1190.5999755859375</ele>
        <time>2026-09-05T09:22:04.000Z</time>
      </trkpt>
      <trkpt lat="42.3501531779766082763671875" lon="1.7472658865153789520263671875">
        <ele>1190.4000244140625</ele>
        <time>2026-09-05T09:22:10.000Z</time>
      </trkpt>
      <trkpt lat="42.3501531779766082763671875" lon="1.7472658865153789520263671875">
        <ele>1190.199951171875</ele>
        <time>2026-09-05T09:22:12.000Z</time>
      </trkpt>
      <trkpt lat="42.3501531779766082763671875" lon="1.7472658865153789520263671875">
        <ele>1189.199951171875</ele>
        <time>2026-09-05T09:22:18.000Z</time>
      </trkpt>
      <trkpt lat="42.3501531779766082763671875" lon="1.7472658865153789520263671875">
        <ele>1189.4000244140625</ele>
        <time>2026-09-05T09:22:23.000Z</time>
      </trkpt>
      <trkpt lat="42.3501531779766082763671875" lon="1.7472658865153789520263671875">
        <ele>1189.4000244140625</ele>
        <time>2026-09-05T09:22:25.000Z</time>
      </trkpt>
      <trkpt lat="42.35015292651951313018798828125" lon="1.747268736362457275390625">
        <ele>1189.4000244140625</ele>
        <time>2026-09-05T09:22:27.000Z</time>
      </trkpt>
      <trkpt lat="42.35016851685941219329833984375" lon="1.74728306941688060760498046875">
        <ele>1189.5999755859375</ele>
        <time>2026-09-05T09:22:29.000Z</time>
      </trkpt>
      <trkpt lat="42.3502274416387081146240234375" lon="1.74729128368198871612548828125">
        <ele>1190</ele>
        <time>2026-09-05T09:22:35.000Z</time>
      </trkpt>
      <trkpt lat="42.35028259456157684326171875" lon="1.74725708551704883575439453125">
        <ele>1189</ele>
        <time>2026-09-05T09:22:39.000Z</time>
      </trkpt>
      <trkpt lat="42.35031268559396266937255859375" lon="1.7472347058355808258056640625">
        <ele>1188.800048828125</ele>
        <time>2026-09-05T09:22:42.000Z</time>
      </trkpt>
      <trkpt lat="42.35036917962133884429931640625" lon="1.74718868918716907501220703125">
        <ele>1188</ele>
        <time>2026-09-05T09:22:48.000Z</time>
      </trkpt>
      <trkpt lat="42.3503786511719226837158203125" lon="1.747175864875316619873046875">
        <ele>1188</ele>
        <time>2026-09-05T09:22:49.000Z</time>
      </trkpt>
      <trkpt lat="42.3503870330750942230224609375" lon="1.74716413021087646484375">
        <ele>1187.800048828125</ele>
        <time>2026-09-05T09:22:50.000Z</time>
      </trkpt>
      <trkpt lat="42.35043103806674480438232421875" lon="1.747088693082332611083984375">
        <ele>1187.4000244140625</ele>
        <time>2026-09-05T09:22:56.000Z</time>
      </trkpt>
      <trkpt lat="42.35045568086206912994384765625" lon="1.7470114119350910186767578125">
        <ele>1187</ele>
        <time>2026-09-05T09:23:02.000Z</time>
      </trkpt>
      <trkpt lat="42.35046255402266979217529296875" lon="1.74699858762323856353759765625">
        <ele>1186.800048828125</ele>
        <time>2026-09-05T09:23:03.000Z</time>
      </trkpt>
      <trkpt lat="42.35047076828777790069580078125" lon="1.74698333255946636199951171875">
        <ele>1186.5999755859375</ele>
        <time>2026-09-05T09:23:04.000Z</time>
      </trkpt>
      <trkpt lat="42.35049105249345302581787109375" lon="1.74691535532474517822265625">
        <ele>1185.800048828125</ele>
        <time>2026-09-05T09:23:09.000Z</time>
      </trkpt>
      <trkpt lat="42.350489795207977294921875" lon="1.74689867533743381500244140625">
        <ele>1185.5999755859375</ele>
        <time>2026-09-05T09:23:10.000Z</time>
      </trkpt>
      <trkpt lat="42.3505053855478763580322265625" lon="1.74681653268635272979736328125">
        <ele>1184.800048828125</ele>
        <time>2026-09-05T09:23:16.000Z</time>
      </trkpt>
      <trkpt lat="42.35050681047141551971435546875" lon="1.74680027179419994354248046875">
        <ele>1184.5999755859375</ele>
        <time>2026-09-05T09:23:17.000Z</time>
      </trkpt>
      <trkpt lat="42.3505057208240032196044921875" lon="1.7467854358255863189697265625">
        <ele>1184.4000244140625</ele>
        <time>2026-09-05T09:23:18.000Z</time>
      </trkpt>
      <trkpt lat="42.35051418654620647430419921875" lon="1.74672801978886127471923828125">
        <ele>1183.5999755859375</ele>
        <time>2026-09-05T09:23:22.000Z</time>
      </trkpt>
      <trkpt lat="42.35052307136356830596923828125" lon="1.74669784493744373321533203125">
        <ele>1183.199951171875</ele>
        <time>2026-09-05T09:23:24.000Z</time>
      </trkpt>
      <trkpt lat="42.3505447804927825927734375" lon="1.7466090805828571319580078125">
        <ele>1182.800048828125</ele>
        <time>2026-09-05T09:23:30.000Z</time>
      </trkpt>
      <trkpt lat="42.35054989345371723175048828125" lon="1.74659608863294124603271484375">
        <ele>1182.800048828125</ele>
        <time>2026-09-05T09:23:31.000Z</time>
      </trkpt>
      <trkpt lat="42.35057537443935871124267578125" lon="1.74654713831841945648193359375">
        <ele>1182.5999755859375</ele>
        <time>2026-09-05T09:23:35.000Z</time>
      </trkpt>
      <trkpt lat="42.35057554207742214202880859375" lon="1.7465386725962162017822265625">
        <ele>1182.5999755859375</ele>
        <time>2026-09-05T09:23:36.000Z</time>
      </trkpt>
      <trkpt lat="42.3505764640867710113525390625" lon="1.746495254337787628173828125">
        <ele>1182.4000244140625</ele>
        <time>2026-09-05T09:23:39.000Z</time>
      </trkpt>
      <trkpt lat="42.3505915515124797821044921875" lon="1.746394336223602294921875">
        <ele>1181.800048828125</ele>
        <time>2026-09-05T09:23:45.000Z</time>
      </trkpt>
      <trkpt lat="42.35059213824570178985595703125" lon="1.74637799151241779327392578125">
        <ele>1181.5999755859375</ele>
        <time>2026-09-05T09:23:46.000Z</time>
      </trkpt>
      <trkpt lat="42.35059062950313091278076171875" lon="1.74636005423963069915771484375">
        <ele>1181.5999755859375</ele>
        <time>2026-09-05T09:23:47.000Z</time>
      </trkpt>
      <trkpt lat="42.3505858518183231353759765625" lon="1.7462912388145923614501953125">
        <ele>1181.4000244140625</ele>
        <time>2026-09-05T09:23:52.000Z</time>
      </trkpt>
      <trkpt lat="42.3506143502891063690185546875" lon="1.74625016748905181884765625">
        <ele>1180.800048828125</ele>
        <time>2026-09-05T09:23:58.000Z</time>
      </trkpt>
      <trkpt lat="42.35062030144035816192626953125" lon="1.74625259824097156524658203125">
        <ele>1180.800048828125</ele>
        <time>2026-09-05T09:23:59.000Z</time>
      </trkpt>
      <trkpt lat="42.35062055289745330810546875" lon="1.7462510056793689727783203125">
        <ele>1180.4000244140625</ele>
        <time>2026-09-05T09:24:03.000Z</time>
      </trkpt>
      <trkpt lat="42.35062055289745330810546875" lon="1.7462510056793689727783203125">
        <ele>1180.199951171875</ele>
        <time>2026-09-05T09:24:07.000Z</time>
      </trkpt>
      <trkpt lat="42.35062055289745330810546875" lon="1.7462510056793689727783203125">
        <ele>1180.199951171875</ele>
        <time>2026-09-05T09:24:13.000Z</time>
      </trkpt>
      <trkpt lat="42.35064930282533168792724609375" lon="1.746261231601238250732421875">
        <ele>1180.800048828125</ele>
        <time>2026-09-05T09:24:17.000Z</time>
      </trkpt>
      <trkpt lat="42.350669838488101959228515625" lon="1.74632392823696136474609375">
        <ele>1180.199951171875</ele>
        <time>2026-09-05T09:24:23.000Z</time>
      </trkpt>
      <trkpt lat="42.35066791065037250518798828125" lon="1.74633197486400604248046875">
        <ele>1180</ele>
        <time>2026-09-05T09:24:24.000Z</time>
      </trkpt>
      <trkpt lat="42.3506641387939453125" lon="1.74639022909104824066162109375">
        <ele>1179.4000244140625</ele>
        <time>2026-09-05T09:24:28.000Z</time>
      </trkpt>
      <trkpt lat="42.35066640190780162811279296875" lon="1.7464169673621654510498046875">
        <ele>1179</ele>
        <time>2026-09-05T09:24:30.000Z</time>
      </trkpt>
      <trkpt lat="42.35066137276589870452880859375" lon="1.74651361070573329925537109375">
        <ele>1178.5999755859375</ele>
        <time>2026-09-05T09:24:36.000Z</time>
      </trkpt>
      <trkpt lat="42.35066170804202556610107421875" lon="1.74654093571007251739501953125">
        <ele>1178.199951171875</ele>
        <time>2026-09-05T09:24:38.000Z</time>
      </trkpt>
      <trkpt lat="42.35066791065037250518798828125" lon="1.74660430289804935455322265625">
        <ele>1177.199951171875</ele>
        <time>2026-09-05T09:24:42.000Z</time>
      </trkpt>
      <trkpt lat="42.35067017376422882080078125" lon="1.74665383994579315185546875">
        <ele>1176.800048828125</ele>
        <time>2026-09-05T09:24:45.000Z</time>
      </trkpt>
      <trkpt lat="42.3506681621074676513671875" lon="1.74674277193844318389892578125">
        <ele>1176.800048828125</ele>
        <time>2026-09-05T09:24:51.000Z</time>
      </trkpt>
      <trkpt lat="42.35066724009811878204345703125" lon="1.74676456488668918609619140625">
        <ele>1176.5999755859375</ele>
        <time>2026-09-05T09:24:52.000Z</time>
      </trkpt>
      <trkpt lat="42.3506654798984527587890625" lon="1.74680261872708797454833984375">
        <ele>1176.199951171875</ele>
        <time>2026-09-05T09:24:54.000Z</time>
      </trkpt>
      <trkpt lat="42.350669167935848236083984375" lon="1.7468186281621456146240234375">
        <ele>1176</ele>
        <time>2026-09-05T09:24:55.000Z</time>
      </trkpt>
      <trkpt lat="42.350679226219654083251953125" lon="1.74688844941556453704833984375">
        <ele>1175.5999755859375</ele>
        <time>2026-09-05T09:24:59.000Z</time>
      </trkpt>
      <trkpt lat="42.3506807349622249603271484375" lon="1.74699573777616024017333984375">
        <ele>1176</ele>
        <time>2026-09-05T09:25:05.000Z</time>
      </trkpt>
      <trkpt lat="42.35067687928676605224609375" lon="1.74705139361321926116943359375">
        <ele>1176</ele>
        <time>2026-09-05T09:25:08.000Z</time>
      </trkpt>
      <trkpt lat="42.350669167935848236083984375" lon="1.747162453830242156982421875">
        <ele>1175.5999755859375</ele>
        <time>2026-09-05T09:25:14.000Z</time>
      </trkpt>
      <trkpt lat="42.3506706766784191131591796875" lon="1.7472521401941776275634765625">
        <ele>1175.5999755859375</ele>
        <time>2026-09-05T09:25:20.000Z</time>
      </trkpt>
      <trkpt lat="42.3506686650216579437255859375" lon="1.74727066420018672943115234375">
        <ele>1175.4000244140625</ele>
        <time>2026-09-05T09:25:21.000Z</time>
      </trkpt>
      <trkpt lat="42.35066724009811878204345703125" lon="1.74732632003724575042724609375">
        <ele>1175</ele>
        <time>2026-09-05T09:25:24.000Z</time>
      </trkpt>
      <trkpt lat="42.350665144622325897216796875" lon="1.74734995700418949127197265625">
        <ele>1174.800048828125</ele>
        <time>2026-09-05T09:25:26.000Z</time>
      </trkpt>
      <trkpt lat="42.35066489316523075103759765625" lon="1.74742992036044597625732421875">
        <ele>1174.5999755859375</ele>
        <time>2026-09-05T09:25:32.000Z</time>
      </trkpt>
      <trkpt lat="42.3506574332714080810546875" lon="1.747480295598506927490234375">
        <ele>1173.800048828125</ele>
        <time>2026-09-05T09:25:35.000Z</time>
      </trkpt>
      <trkpt lat="42.35065877437591552734375" lon="1.74751843325793743133544921875">
        <ele>1173</ele>
        <time>2026-09-05T09:25:38.000Z</time>
      </trkpt>
      <trkpt lat="42.350661121308803558349609375" lon="1.74753762781620025634765625">
        <ele>1172.5999755859375</ele>
        <time>2026-09-05T09:25:39.000Z</time>
      </trkpt>
      <trkpt lat="42.35066673718392848968505859375" lon="1.74759018234908580780029296875">
        <ele>1171.5999755859375</ele>
        <time>2026-09-05T09:25:43.000Z</time>
      </trkpt>
      <trkpt lat="42.35067260451614856719970703125" lon="1.747635863721370697021484375">
        <ele>1171.4000244140625</ele>
        <time>2026-09-05T09:25:46.000Z</time>
      </trkpt>
      <trkpt lat="42.35066422261297702789306640625" lon="1.74772831611335277557373046875">
        <ele>1172.199951171875</ele>
        <time>2026-09-05T09:25:52.000Z</time>
      </trkpt>
      <trkpt lat="42.35064326785504817962646484375" lon="1.7477989755570888519287109375">
        <ele>1171.800048828125</ele>
        <time>2026-09-05T09:25:57.000Z</time>
      </trkpt>
      <trkpt lat="42.35060135833919048309326171875" lon="1.74786192364990711212158203125">
        <ele>1170.5999755859375</ele>
        <time>2026-09-05T09:26:03.000Z</time>
      </trkpt>
      <trkpt lat="42.35059482045471668243408203125" lon="1.7478710599243640899658203125">
        <ele>1170.4000244140625</ele>
        <time>2026-09-05T09:26:04.000Z</time>
      </trkpt>
      <trkpt lat="42.3505328781902790069580078125" lon="1.74792160280048847198486328125">
        <ele>1169.800048828125</ele>
        <time>2026-09-05T09:26:10.000Z</time>
      </trkpt>
      <trkpt lat="42.35050127841532230377197265625" lon="1.74792679958045482635498046875">
        <ele>1169.199951171875</ele>
        <time>2026-09-05T09:26:13.000Z</time>
      </trkpt>
      <trkpt lat="42.3504607938230037689208984375" lon="1.7479433119297027587890625">
        <ele>1168.5999755859375</ele>
        <time>2026-09-05T09:26:17.000Z</time>
      </trkpt>
      <trkpt lat="42.35042232088744640350341796875" lon="1.74793719314038753509521484375">
        <ele>1168.199951171875</ele>
        <time>2026-09-05T09:26:21.000Z</time>
      </trkpt>
      <trkpt lat="42.3503880389034748077392578125" lon="1.74796200357377529144287109375">
        <ele>1167.199951171875</ele>
        <time>2026-09-05T09:26:26.000Z</time>
      </trkpt>
      <trkpt lat="42.35038309358060359954833984375" lon="1.74797038547694683074951171875">
        <ele>1167</ele>
        <time>2026-09-05T09:26:27.000Z</time>
      </trkpt>
      <trkpt lat="42.3503799922764301300048828125" lon="1.7479942739009857177734375">
        <ele>1166.800048828125</ele>
        <time>2026-09-05T09:26:29.000Z</time>
      </trkpt>
      <trkpt lat="42.3503838479518890380859375" lon="1.74803911708295345306396484375">
        <ele>1166.199951171875</ele>
        <time>2026-09-05T09:26:32.000Z</time>
      </trkpt>
      <trkpt lat="42.350389547646045684814453125" lon="1.7480511032044887542724609375">
        <ele>1166</ele>
        <time>2026-09-05T09:26:33.000Z</time>
      </trkpt>
      <trkpt lat="42.35040740109980106353759765625" lon="1.74805923365056514739990234375">
        <ele>1165.5999755859375</ele>
        <time>2026-09-05T09:26:35.000Z</time>
      </trkpt>
      <trkpt lat="42.3504262603819370269775390625" lon="1.74805738963186740875244140625">
        <ele>1165.199951171875</ele>
        <time>2026-09-05T09:26:37.000Z</time>
      </trkpt>
      <trkpt lat="42.35043816268444061279296875" lon="1.74804934300482273101806640625">
        <ele>1165</ele>
        <time>2026-09-05T09:26:38.000Z</time>
      </trkpt>
      <trkpt lat="42.35046096146106719970703125" lon="1.74805336631834506988525390625">
        <ele>1164.5999755859375</ele>
        <time>2026-09-05T09:26:40.000Z</time>
      </trkpt>
      <trkpt lat="42.350492142140865325927734375" lon="1.74806476570665836334228515625">
        <ele>1163.800048828125</ele>
        <time>2026-09-05T09:26:43.000Z</time>
      </trkpt>
      <trkpt lat="42.3505090735852718353271484375" lon="1.74807381816208362579345703125">
        <ele>1162.800048828125</ele>
        <time>2026-09-05T09:26:45.000Z</time>
      </trkpt>
      <trkpt lat="42.35051720403134822845458984375" lon="1.74808203242719173431396484375">
        <ele>1162.4000244140625</ele>
        <time>2026-09-05T09:26:46.000Z</time>
      </trkpt>
      <trkpt lat="42.3505550064146518707275390625" lon="1.74809795804321765899658203125">
        <ele>1161.4000244140625</ele>
        <time>2026-09-05T09:26:52.000Z</time>
      </trkpt>
      <trkpt lat="42.35056028701364994049072265625" lon="1.74808773212134838104248046875">
        <ele>1161.4000244140625</ele>
        <time>2026-09-05T09:26:54.000Z</time>
      </trkpt>
      <trkpt lat="42.35056648962199687957763671875" lon="1.7480839602649211883544921875">
        <ele>1161.199951171875</ele>
        <time>2026-09-05T09:26:55.000Z</time>
      </trkpt>
      <trkpt lat="42.350582666695117950439453125" lon="1.74808521755039691925048828125">
        <ele>1161</ele>
        <time>2026-09-05T09:26:59.000Z</time>
      </trkpt>
      <trkpt lat="42.35059113241732120513916015625" lon="1.74808840267360210418701171875">
        <ele>1161</ele>
        <time>2026-09-05T09:27:00.000Z</time>
      </trkpt>
      <trkpt lat="42.3506099916994571685791015625" lon="1.74809955060482025146484375">
        <ele>1160.800048828125</ele>
        <time>2026-09-05T09:27:02.000Z</time>
      </trkpt>
      <trkpt lat="42.35063731670379638671875" lon="1.74810835160315036773681640625">
        <ele>1160.199951171875</ele>
        <time>2026-09-05T09:27:05.000Z</time>
      </trkpt>
      <trkpt lat="42.35067444853484630584716796875" lon="1.74812260083854198455810546875">
        <ele>1160</ele>
        <time>2026-09-05T09:27:09.000Z</time>
      </trkpt>
      <trkpt lat="42.3507191240787506103515625" lon="1.7481235228478908538818359375">
        <ele>1159.4000244140625</ele>
        <time>2026-09-05T09:27:14.000Z</time>
      </trkpt>
      <trkpt lat="42.3507273383438587188720703125" lon="1.748122684657573699951171875">
        <ele>1159.199951171875</ele>
        <time>2026-09-05T09:27:15.000Z</time>
      </trkpt>
      <trkpt lat="42.35074485652148723602294921875" lon="1.74811832606792449951171875">
        <ele>1159</ele>
        <time>2026-09-05T09:27:17.000Z</time>
      </trkpt>
      <trkpt lat="42.3507534898817539215087890625" lon="1.7481148056685924530029296875">
        <ele>1159</ele>
        <time>2026-09-05T09:27:18.000Z</time>
      </trkpt>
      <trkpt lat="42.350797243416309356689453125" lon="1.74808840267360210418701171875">
        <ele>1158.199951171875</ele>
        <time>2026-09-05T09:27:24.000Z</time>
      </trkpt>
      <trkpt lat="42.35082842409610748291015625" lon="1.74806308932602405548095703125">
        <ele>1157.800048828125</ele>
        <time>2026-09-05T09:27:28.000Z</time>
      </trkpt>
      <trkpt lat="42.3508359678089618682861328125" lon="1.74801816232502460479736328125">
        <ele>1157.199951171875</ele>
        <time>2026-09-05T09:27:32.000Z</time>
      </trkpt>
      <trkpt lat="42.3508413322269916534423828125" lon="1.74799402244389057159423828125">
        <ele>1156.800048828125</ele>
        <time>2026-09-05T09:27:34.000Z</time>
      </trkpt>
      <trkpt lat="42.35087041743099689483642578125" lon="1.747927553951740264892578125">
        <ele>1156.4000244140625</ele>
        <time>2026-09-05T09:27:40.000Z</time>
      </trkpt>
      <trkpt lat="42.35087410546839237213134765625" lon="1.74790148623287677764892578125">
        <ele>1156</ele>
        <time>2026-09-05T09:27:42.000Z</time>
      </trkpt>
      <trkpt lat="42.3508758656680583953857421875" lon="1.7478881590068340301513671875">
        <ele>1155.800048828125</ele>
        <time>2026-09-05T09:27:43.000Z</time>
      </trkpt>
      <trkpt lat="42.35089120455086231231689453125" lon="1.74781347624957561492919921875">
        <ele>1155.199951171875</ele>
        <time>2026-09-05T09:27:49.000Z</time>
      </trkpt>
      <trkpt lat="42.3508973233401775360107421875" lon="1.747808195650577545166015625">
        <ele>1155</ele>
        <time>2026-09-05T09:27:50.000Z</time>
      </trkpt>
      <trkpt lat="42.35090914182364940643310546875" lon="1.74778514541685581207275390625">
        <ele>1154.800048828125</ele>
        <time>2026-09-05T09:27:52.000Z</time>
      </trkpt>
      <trkpt lat="42.35093998722732067108154296875" lon="1.7477232031524181365966796875">
        <ele>1154.199951171875</ele>
        <time>2026-09-05T09:27:58.000Z</time>
      </trkpt>
      <trkpt lat="42.35095222480595111846923828125" lon="1.74770434387028217315673828125">
        <ele>1153.800048828125</ele>
        <time>2026-09-05T09:28:00.000Z</time>
      </trkpt>
      <trkpt lat="42.35095272772014141082763671875" lon="1.747692525386810302734375">
        <ele>1153.800048828125</ele>
        <time>2026-09-05T09:28:01.000Z</time>
      </trkpt>
      <trkpt lat="42.3509586788713932037353515625" lon="1.74766511656343936920166015625">
        <ele>1153.199951171875</ele>
        <time>2026-09-05T09:28:04.000Z</time>
      </trkpt>
      <trkpt lat="42.3509620316326618194580078125" lon="1.7476521246135234832763671875">
        <ele>1152.800048828125</ele>
        <time>2026-09-05T09:28:05.000Z</time>
      </trkpt>
      <trkpt lat="42.3509700782597064971923828125" lon="1.7475944571197032928466796875">
        <ele>1152.199951171875</ele>
        <time>2026-09-05T09:28:10.000Z</time>
      </trkpt>
      <trkpt lat="42.35098357312381267547607421875" lon="1.74755933694541454315185546875">
        <ele>1151.5999755859375</ele>
        <time>2026-09-05T09:28:13.000Z</time>
      </trkpt>
      <trkpt lat="42.3509980738162994384765625" lon="1.7475089617073535919189453125">
        <ele>1150.800048828125</ele>
        <time>2026-09-05T09:28:17.000Z</time>
      </trkpt>
      <trkpt lat="42.3510022647678852081298828125" lon="1.74749580211937427520751953125">
        <ele>1150.5999755859375</ele>
        <time>2026-09-05T09:28:18.000Z</time>
      </trkpt>
      <trkpt lat="42.35100771300494670867919921875" lon="1.74745623953640460968017578125">
        <ele>1150</ele>
        <time>2026-09-05T09:28:21.000Z</time>
      </trkpt>
      <trkpt lat="42.35103587619960308074951171875" lon="1.74738700501620769500732421875">
        <ele>1149.5999755859375</ele>
        <time>2026-09-05T09:28:27.000Z</time>
      </trkpt>
      <trkpt lat="42.3510418273508548736572265625" lon="1.74737543798983097076416015625">
        <ele>1149.5999755859375</ele>
        <time>2026-09-05T09:28:28.000Z</time>
      </trkpt>
      <trkpt lat="42.3510475270450115203857421875" lon="1.74736588262021541595458984375">
        <ele>1149.4000244140625</ele>
        <time>2026-09-05T09:28:29.000Z</time>
      </trkpt>
      <trkpt lat="42.351072840392589569091796875" lon="1.7473198659718036651611328125">
        <ele>1148.4000244140625</ele>
        <time>2026-09-05T09:28:34.000Z</time>
      </trkpt>
      <trkpt lat="42.351083569228649139404296875" lon="1.747297905385494232177734375">
        <ele>1148.199951171875</ele>
        <time>2026-09-05T09:28:36.000Z</time>
      </trkpt>
      <trkpt lat="42.351105026900768280029296875" lon="1.7472459375858306884765625">
        <ele>1147.5999755859375</ele>
        <time>2026-09-05T09:28:41.000Z</time>
      </trkpt>
      <trkpt lat="42.3511105589568614959716796875" lon="1.74722389318048954010009765625">
        <ele>1147.4000244140625</ele>
        <time>2026-09-05T09:28:43.000Z</time>
      </trkpt>
      <trkpt lat="42.3511353693902492523193359375" lon="1.74716203473508358001708984375">
        <ele>1146.4000244140625</ele>
        <time>2026-09-05T09:28:49.000Z</time>
      </trkpt>
      <trkpt lat="42.35114970244467258453369140625" lon="1.74713395535945892333984375">
        <ele>1146</ele>
        <time>2026-09-05T09:28:52.000Z</time>
      </trkpt>
      <trkpt lat="42.351171076297760009765625" lon="1.74706614576280117034912109375">
        <ele>1145.4000244140625</ele>
        <time>2026-09-05T09:28:58.000Z</time>
      </trkpt>
      <trkpt lat="42.3511789552867412567138671875" lon="1.7470456101000308990478515625">
        <ele>1145.199951171875</ele>
        <time>2026-09-05T09:29:00.000Z</time>
      </trkpt>
      <trkpt lat="42.35118473879992961883544921875" lon="1.746997833251953125">
        <ele>1144.800048828125</ele>
        <time>2026-09-05T09:29:04.000Z</time>
      </trkpt>
      <trkpt lat="42.3512074537575244903564453125" lon="1.7469393275678157806396484375">
        <ele>1145.5999755859375</ele>
        <time>2026-09-05T09:29:10.000Z</time>
      </trkpt>
      <trkpt lat="42.35122346319258213043212890625" lon="1.74691535532474517822265625">
        <ele>1145.199951171875</ele>
        <time>2026-09-05T09:29:12.000Z</time>
      </trkpt>
      <trkpt lat="42.351261265575885772705078125" lon="1.74688777886331081390380859375">
        <ele>1144.800048828125</ele>
        <time>2026-09-05T09:29:18.000Z</time>
      </trkpt>
      <trkpt lat="42.35127207823097705841064453125" lon="1.74688526429235935211181640625">
        <ele>1144.800048828125</ele>
        <time>2026-09-05T09:29:19.000Z</time>
      </trkpt>
      <trkpt lat="42.3513056896626949310302734375" lon="1.74687487073242664337158203125">
        <ele>1144</ele>
        <time>2026-09-05T09:29:22.000Z</time>
      </trkpt>
      <trkpt lat="42.3513543047010898590087890625" lon="1.746881492435932159423828125">
        <ele>1143.199951171875</ele>
        <time>2026-09-05T09:29:27.000Z</time>
      </trkpt>
      <trkpt lat="42.35137349925935268402099609375" lon="1.74688660539686679840087890625">
        <ele>1143</ele>
        <time>2026-09-05T09:29:29.000Z</time>
      </trkpt>
      <trkpt lat="42.35140568576753139495849609375" lon="1.7469222284853458404541015625">
        <ele>1142.5999755859375</ele>
        <time>2026-09-05T09:29:33.000Z</time>
      </trkpt>
      <trkpt lat="42.35142387449741363525390625" lon="1.7469473741948604583740234375">
        <ele>1141.800048828125</ele>
        <time>2026-09-05T09:29:36.000Z</time>
      </trkpt>
      <trkpt lat="42.35144994221627712249755859375" lon="1.7469765432178974151611328125">
        <ele>1141.4000244140625</ele>
        <time>2026-09-05T09:29:39.000Z</time>
      </trkpt>
      <trkpt lat="42.35147525556385517120361328125" lon="1.7470228113234043121337890625">
        <ele>1140.800048828125</ele>
        <time>2026-09-05T09:29:44.000Z</time>
      </trkpt>
      <trkpt lat="42.35147751867771148681640625" lon="1.74703211523592472076416015625">
        <ele>1140.5999755859375</ele>
        <time>2026-09-05T09:29:45.000Z</time>
      </trkpt>
      <trkpt lat="42.351514734327793121337890625" lon="1.747057847678661346435546875">
        <ele>1139.800048828125</ele>
        <time>2026-09-05T09:29:50.000Z</time>
      </trkpt>
      <trkpt lat="42.3515309952199459075927734375" lon="1.747067905962467193603515625">
        <ele>1139.4000244140625</ele>
        <time>2026-09-05T09:29:53.000Z</time>
      </trkpt>
      <trkpt lat="42.35155530273914337158203125" lon="1.7470653913915157318115234375">
        <ele>1139.199951171875</ele>
        <time>2026-09-05T09:29:57.000Z</time>
      </trkpt>
      <trkpt lat="42.3515722341835498809814453125" lon="1.747076623141765594482421875">
        <ele>1138.800048828125</ele>
        <time>2026-09-05T09:29:59.000Z</time>
      </trkpt>
      <trkpt lat="42.3515843041241168975830078125" lon="1.74708165228366851806640625">
        <ele>1138.4000244140625</ele>
        <time>2026-09-05T09:30:00.000Z</time>
      </trkpt>
      <trkpt lat="42.35161431133747100830078125" lon="1.747106797993183135986328125">
        <ele>1137.800048828125</ele>
        <time>2026-09-05T09:30:05.000Z</time>
      </trkpt>
      <trkpt lat="42.35163166187703609466552734375" lon="1.74711543135344982147216796875">
        <ele>1137.4000244140625</ele>
        <time>2026-09-05T09:30:07.000Z</time>
      </trkpt>
      <trkpt lat="42.35167038626968860626220703125" lon="1.7471492104232311248779296875">
        <ele>1136.4000244140625</ele>
        <time>2026-09-05T09:30:12.000Z</time>
      </trkpt>
      <trkpt lat="42.351714558899402618408203125" lon="1.74718801863491535186767578125">
        <ele>1135.5999755859375</ele>
        <time>2026-09-05T09:30:18.000Z</time>
      </trkpt>
      <trkpt lat="42.35172302462160587310791015625" lon="1.747207380831241607666015625">
        <ele>1135.199951171875</ele>
        <time>2026-09-05T09:30:21.000Z</time>
      </trkpt>
      <trkpt lat="42.35172486864030361175537109375" lon="1.7472016811370849609375">
        <ele>1133.800048828125</ele>
        <time>2026-09-05T09:30:24.000Z</time>
      </trkpt>
      <trkpt lat="42.3517365194857120513916015625" lon="1.74722020514309406280517578125">
        <ele>1133.199951171875</ele>
        <time>2026-09-05T09:30:28.000Z</time>
      </trkpt>
      <trkpt lat="42.3517449013888835906982421875" lon="1.74723587930202484130859375">
        <ele>1133.199951171875</ele>
        <time>2026-09-05T09:30:30.000Z</time>
      </trkpt>
      <trkpt lat="42.35176845453679561614990234375" lon="1.74724183045327663421630859375">
        <ele>1132.800048828125</ele>
        <time>2026-09-05T09:30:32.000Z</time>
      </trkpt>
      <trkpt lat="42.351807765662670135498046875" lon="1.7472548224031925201416015625">
        <ele>1132</ele>
        <time>2026-09-05T09:30:36.000Z</time>
      </trkpt>
      <trkpt lat="42.351827211678028106689453125" lon="1.747261695563793182373046875">
        <ele>1131.800048828125</ele>
        <time>2026-09-05T09:30:38.000Z</time>
      </trkpt>
      <trkpt lat="42.351892925798892974853515625" lon="1.74727150239050388336181640625">
        <ele>1130.5999755859375</ele>
        <time>2026-09-05T09:30:44.000Z</time>
      </trkpt>
      <trkpt lat="42.35191966407001018524169921875" lon="1.74727502278983592987060546875">
        <ele>1130</ele>
        <time>2026-09-05T09:30:47.000Z</time>
      </trkpt>
      <trkpt lat="42.3519383557140827178955078125" lon="1.747287176549434661865234375">
        <ele>1129.4000244140625</ele>
        <time>2026-09-05T09:30:49.000Z</time>
      </trkpt>
      <trkpt lat="42.3519668541848659515380859375" lon="1.74728759564459323883056640625">
        <ele>1128.800048828125</ele>
        <time>2026-09-05T09:30:52.000Z</time>
      </trkpt>
      <trkpt lat="42.35198454000055789947509765625" lon="1.74729296006262302398681640625">
        <ele>1128.4000244140625</ele>
        <time>2026-09-05T09:30:54.000Z</time>
      </trkpt>
      <trkpt lat="42.35204455442726612091064453125" lon="1.747284829616546630859375">
        <ele>1127.4000244140625</ele>
        <time>2026-09-05T09:31:00.000Z</time>
      </trkpt>
      <trkpt lat="42.35205285251140594482421875" lon="1.7472849972546100616455078125">
        <ele>1127.199951171875</ele>
        <time>2026-09-05T09:31:01.000Z</time>
      </trkpt>
      <trkpt lat="42.35210775397717952728271484375" lon="1.747305281460285186767578125">
        <ele>1126.199951171875</ele>
        <time>2026-09-05T09:31:07.000Z</time>
      </trkpt>
      <trkpt lat="42.3521358333528041839599609375" lon="1.74731190316379070281982421875">
        <ele>1125.800048828125</ele>
        <time>2026-09-05T09:31:10.000Z</time>
      </trkpt>
      <trkpt lat="42.35217665322124958038330078125" lon="1.74730829894542694091796875">
        <ele>1125</ele>
        <time>2026-09-05T09:31:14.000Z</time>
      </trkpt>
      <trkpt lat="42.35223934985697269439697265625" lon="1.74729262478649616241455078125">
        <ele>1123.800048828125</ele>
        <time>2026-09-05T09:31:20.000Z</time>
      </trkpt>
      <trkpt lat="42.3522863723337650299072265625" lon="1.74730427563190460205078125">
        <ele>1123</ele>
        <time>2026-09-05T09:31:25.000Z</time>
      </trkpt>
      <trkpt lat="42.35230959020555019378662109375" lon="1.74730871804058551788330078125">
        <ele>1122.5999755859375</ele>
        <time>2026-09-05T09:31:27.000Z</time>
      </trkpt>
      <trkpt lat="42.35237010754644870758056640625" lon="1.7472900263965129852294921875">
        <ele>1121.800048828125</ele>
        <time>2026-09-05T09:31:33.000Z</time>
      </trkpt>
      <trkpt lat="42.35237798653542995452880859375" lon="1.74728441052138805389404296875">
        <ele>1121.5999755859375</ele>
        <time>2026-09-05T09:31:34.000Z</time>
      </trkpt>
      <trkpt lat="42.352399863302707672119140625" lon="1.74729094840586185455322265625">
        <ele>1121.5999755859375</ele>
        <time>2026-09-05T09:31:36.000Z</time>
      </trkpt>
      <trkpt lat="42.35246314667165279388427734375" lon="1.747269071638584136962890625">
        <ele>1122</ele>
        <time>2026-09-05T09:31:42.000Z</time>
      </trkpt>
      <trkpt lat="42.35247169621288776397705078125" lon="1.7472645454108715057373046875">
        <ele>1121.800048828125</ele>
        <time>2026-09-05T09:31:43.000Z</time>
      </trkpt>
      <trkpt lat="42.35253271646797657012939453125" lon="1.74726261757314205169677734375">
        <ele>1121</ele>
        <time>2026-09-05T09:31:49.000Z</time>
      </trkpt>
      <trkpt lat="42.35254394821822643280029296875" lon="1.74726429395377635955810546875">
        <ele>1120.800048828125</ele>
        <time>2026-09-05T09:31:50.000Z</time>
      </trkpt>
      <trkpt lat="42.35255300067365169525146484375" lon="1.74727133475244045257568359375">
        <ele>1120.5999755859375</ele>
        <time>2026-09-05T09:31:51.000Z</time>
      </trkpt>
      <trkpt lat="42.3525760509073734283447265625" lon="1.74727703444659709930419921875">
        <ele>1120</ele>
        <time>2026-09-05T09:31:56.000Z</time>
      </trkpt>
      <trkpt lat="42.3526075668632984161376953125" lon="1.747298575937747955322265625">
        <ele>1119.5999755859375</ele>
        <time>2026-09-05T09:32:00.000Z</time>
      </trkpt>
      <trkpt lat="42.3526162840425968170166015625" lon="1.74731492064893245697021484375">
        <ele>1119.199951171875</ele>
        <time>2026-09-05T09:32:01.000Z</time>
      </trkpt>
      <trkpt lat="42.35264034010469913482666015625" lon="1.74734090454876422882080078125">
        <ele>1118.4000244140625</ele>
        <time>2026-09-05T09:32:04.000Z</time>
      </trkpt>
      <trkpt lat="42.3526632227003574371337890625" lon="1.74737007357180118560791015625">
        <ele>1117.4000244140625</ele>
        <time>2026-09-05T09:32:08.000Z</time>
      </trkpt>
      <trkpt lat="42.352670766413211822509765625" lon="1.74737577326595783233642578125">
        <ele>1117.199951171875</ele>
        <time>2026-09-05T09:32:09.000Z</time>
      </trkpt>
      <trkpt lat="42.35271695069968700408935546875" lon="1.7474231310188770294189453125">
        <ele>1116.4000244140625</ele>
        <time>2026-09-05T09:32:15.000Z</time>
      </trkpt>
      <trkpt lat="42.35272281803190708160400390625" lon="1.7474301718175411224365234375">
        <ele>1116.199951171875</ele>
        <time>2026-09-05T09:32:16.000Z</time>
      </trkpt>
      <trkpt lat="42.352749221026897430419921875" lon="1.7474362067878246307373046875">
        <ele>1115.199951171875</ele>
        <time>2026-09-05T09:32:20.000Z</time>
      </trkpt>
      <trkpt lat="42.35276036895811557769775390625" lon="1.7474308423697948455810546875">
        <ele>1115</ele>
        <time>2026-09-05T09:32:21.000Z</time>
      </trkpt>
      <trkpt lat="42.35281652770936489105224609375" lon="1.74741047434508800506591796875">
        <ele>1114.4000244140625</ele>
        <time>2026-09-05T09:32:27.000Z</time>
      </trkpt>
      <trkpt lat="42.35283111222088336944580078125" lon="1.74738985486328601837158203125">
        <ele>1114.199951171875</ele>
        <time>2026-09-05T09:32:30.000Z</time>
      </trkpt>
      <trkpt lat="42.352850474417209625244140625" lon="1.74737535417079925537109375">
        <ele>1114</ele>
        <time>2026-09-05T09:32:32.000Z</time>
      </trkpt>
      <trkpt lat="42.35286178998649120330810546875" lon="1.7473725043237209320068359375">
        <ele>1113.800048828125</ele>
        <time>2026-09-05T09:32:33.000Z</time>
      </trkpt>
      <trkpt lat="42.35291208140552043914794921875" lon="1.74737594090402126312255859375">
        <ele>1113</ele>
        <time>2026-09-05T09:32:38.000Z</time>
      </trkpt>
      <trkpt lat="42.35292465426027774810791015625" lon="1.74737937748432159423828125">
        <ele>1112.800048828125</ele>
        <time>2026-09-05T09:32:40.000Z</time>
      </trkpt>
      <trkpt lat="42.35292918048799037933349609375" lon="1.74739547073841094970703125">
        <ele>1112.800048828125</ele>
        <time>2026-09-05T09:32:42.000Z</time>
      </trkpt>
      <trkpt lat="42.3529227264225482940673828125" lon="1.747408546507358551025390625">
        <ele>1112.5999755859375</ele>
        <time>2026-09-05T09:32:44.000Z</time>
      </trkpt>
      <trkpt lat="42.352911494672298431396484375" lon="1.7474254779517650604248046875">
        <ele>1112.5999755859375</ele>
        <time>2026-09-05T09:32:46.000Z</time>
      </trkpt>
      <trkpt lat="42.352881319820880889892578125" lon="1.74747887067496776580810546875">
        <ele>1112.4000244140625</ele>
        <time>2026-09-05T09:32:50.000Z</time>
      </trkpt>
      <trkpt lat="42.35287402756512165069580078125" lon="1.7474881745874881744384765625">
        <ele>1112.4000244140625</ele>
        <time>2026-09-05T09:32:51.000Z</time>
      </trkpt>
      <trkpt lat="42.3528446070849895477294921875" lon="1.747531592845916748046875">
        <ele>1112</ele>
        <time>2026-09-05T09:32:55.000Z</time>
      </trkpt>
      <trkpt lat="42.3528273403644561767578125" lon="1.74757040105760097503662109375">
        <ele>1111.5999755859375</ele>
        <time>2026-09-05T09:32:58.000Z</time>
      </trkpt>
      <trkpt lat="42.35279222019016742706298828125" lon="1.74764198251068592071533203125">
        <ele>1110.800048828125</ele>
        <time>2026-09-05T09:33:04.000Z</time>
      </trkpt>
      <trkpt lat="42.35278098843991756439208984375" lon="1.74766411073505878448486328125">
        <ele>1110.800048828125</ele>
        <time>2026-09-05T09:33:06.000Z</time>
      </trkpt>
      <trkpt lat="42.35276305116713047027587890625" lon="1.74771255813539028167724609375">
        <ele>1110.4000244140625</ele>
        <time>2026-09-05T09:33:10.000Z</time>
      </trkpt>
      <trkpt lat="42.35275198705494403839111328125" lon="1.7477287352085113525390625">
        <ele>1110</ele>
        <time>2026-09-05T09:33:12.000Z</time>
      </trkpt>
      <trkpt lat="42.35273949801921844482421875" lon="1.74775966443121433258056640625">
        <ele>1109.5999755859375</ele>
        <time>2026-09-05T09:33:14.000Z</time>
      </trkpt>
      <trkpt lat="42.35272097401320934295654296875" lon="1.74782671965658664703369140625">
        <ele>1109.199951171875</ele>
        <time>2026-09-05T09:33:18.000Z</time>
      </trkpt>
      <trkpt lat="42.35271091572940349578857421875" lon="1.74786175601184368133544921875">
        <ele>1109.199951171875</ele>
        <time>2026-09-05T09:33:21.000Z</time>
      </trkpt>
      <trkpt lat="42.35269096679985523223876953125" lon="1.74791238270699977874755859375">
        <ele>1109</ele>
        <time>2026-09-05T09:33:24.000Z</time>
      </trkpt>
      <trkpt lat="42.352693565189838409423828125" lon="1.74795714206993579864501953125">
        <ele>1109</ele>
        <time>2026-09-05T09:33:27.000Z</time>
      </trkpt>
      <trkpt lat="42.35268845222890377044677734375" lon="1.74798765219748020172119140625">
        <ele>1108.800048828125</ele>
        <time>2026-09-05T09:33:29.000Z</time>
      </trkpt>
      <trkpt lat="42.35268409363925457000732421875" lon="1.74800307489931583404541015625">
        <ele>1108.5999755859375</ele>
        <time>2026-09-05T09:33:30.000Z</time>
      </trkpt>
      <trkpt lat="42.3526571877300739288330078125" lon="1.74806912429630756378173828125">
        <ele>1107.800048828125</ele>
        <time>2026-09-05T09:33:36.000Z</time>
      </trkpt>
      <trkpt lat="42.35263916663825511932373046875" lon="1.74809443764388561248779296875">
        <ele>1107.5999755859375</ele>
        <time>2026-09-05T09:33:38.000Z</time>
      </trkpt>
      <trkpt lat="42.35262944363057613372802734375" lon="1.7481000535190105438232421875">
        <ele>1107.4000244140625</ele>
        <time>2026-09-05T09:33:39.000Z</time>
      </trkpt>
      <trkpt lat="42.35261670313775539398193359375" lon="1.74812327139079570770263671875">
        <ele>1107</ele>
        <time>2026-09-05T09:33:41.000Z</time>
      </trkpt>
      <trkpt lat="42.35260195098817348480224609375" lon="1.74815294332802295684814453125">
        <ele>1106.199951171875</ele>
        <time>2026-09-05T09:33:44.000Z</time>
      </trkpt>
      <trkpt lat="42.3525874502956867218017578125" lon="1.7482080124318599700927734375">
        <ele>1105.4000244140625</ele>
        <time>2026-09-05T09:33:48.000Z</time>
      </trkpt>
      <trkpt lat="42.3525913059711456298828125" lon="1.74825050868093967437744140625">
        <ele>1105.199951171875</ele>
        <time>2026-09-05T09:33:51.000Z</time>
      </trkpt>
      <trkpt lat="42.3525807447731494903564453125" lon="1.7482663504779338836669921875">
        <ele>1104.5999755859375</ele>
        <time>2026-09-05T09:33:53.000Z</time>
      </trkpt>
      <trkpt lat="42.352568171918392181396484375" lon="1.7483119480311870574951171875">
        <ele>1104</ele>
        <time>2026-09-05T09:33:56.000Z</time>
      </trkpt>
      <trkpt lat="42.35256087966263294219970703125" lon="1.748356707394123077392578125">
        <ele>1103.5999755859375</ele>
        <time>2026-09-05T09:33:59.000Z</time>
      </trkpt>
      <trkpt lat="42.352551408112049102783203125" lon="1.74840574152767658233642578125">
        <ele>1103</ele>
        <time>2026-09-05T09:34:03.000Z</time>
      </trkpt>
      <trkpt lat="42.352531291544437408447265625" lon="1.74842334352433681488037109375">
        <ele>1102.5999755859375</ele>
        <time>2026-09-05T09:34:05.000Z</time>
      </trkpt>
      <trkpt lat="42.3524975962936878204345703125" lon="1.74845888279378414154052734375">
        <ele>1102</ele>
        <time>2026-09-05T09:34:09.000Z</time>
      </trkpt>
      <trkpt lat="42.352475635707378387451171875" lon="1.7484705336391925811767578125">
        <ele>1102</ele>
        <time>2026-09-05T09:34:11.000Z</time>
      </trkpt>
      <trkpt lat="42.35246817581355571746826171875" lon="1.7484661750495433807373046875">
        <ele>1101.800048828125</ele>
        <time>2026-09-05T09:34:12.000Z</time>
      </trkpt>
      <trkpt lat="42.3524251766502857208251953125" lon="1.7484889738261699676513671875">
        <ele>1100.800048828125</ele>
        <time>2026-09-05T09:34:16.000Z</time>
      </trkpt>
      <trkpt lat="42.35236541368067264556884765625" lon="1.74849693663418292999267578125">
        <ele>1100.4000244140625</ele>
        <time>2026-09-05T09:34:22.000Z</time>
      </trkpt>
      <trkpt lat="42.35235552303493022918701171875" lon="1.7484997026622295379638671875">
        <ele>1100.199951171875</ele>
        <time>2026-09-05T09:34:23.000Z</time>
      </trkpt>
      <trkpt lat="42.35233540646731853485107421875" lon="1.74849517643451690673828125">
        <ele>1099.199951171875</ele>
        <time>2026-09-05T09:34:25.000Z</time>
      </trkpt>
      <trkpt lat="42.352297939360141754150390625" lon="1.7485067434608936309814453125">
        <ele>1098.4000244140625</ele>
        <time>2026-09-05T09:34:29.000Z</time>
      </trkpt>
      <trkpt lat="42.3522927425801753997802734375" lon="1.74851596355438232421875">
        <ele>1098.4000244140625</ele>
        <time>2026-09-05T09:34:35.000Z</time>
      </trkpt>
      <trkpt lat="42.3522927425801753997802734375" lon="1.74851596355438232421875">
        <ele>1098.4000244140625</ele>
        <time>2026-09-05T09:34:37.000Z</time>
      </trkpt>
      <trkpt lat="42.35228511504828929901123046875" lon="1.7485670931637287139892578125">
        <ele>1099</ele>
        <time>2026-09-05T09:34:41.000Z</time>
      </trkpt>
      <trkpt lat="42.35228461213409900665283203125" lon="1.74857907928526401519775390625">
        <ele>1099.199951171875</ele>
        <time>2026-09-05T09:34:42.000Z</time>
      </trkpt>
      <trkpt lat="42.352311350405216217041015625" lon="1.748650074005126953125">
        <ele>1098.4000244140625</ele>
        <time>2026-09-05T09:34:48.000Z</time>
      </trkpt>
      <trkpt lat="42.3523158766329288482666015625" lon="1.748658120632171630859375">
        <ele>1098</ele>
        <time>2026-09-05T09:34:49.000Z</time>
      </trkpt>
      <trkpt lat="42.35235367901623249053955078125" lon="1.74872039817273616790771484375">
        <ele>1097</ele>
        <time>2026-09-05T09:34:54.000Z</time>
      </trkpt>
      <trkpt lat="42.35239039175212383270263671875" lon="1.74880421720445156097412109375">
        <ele>1096.800048828125</ele>
        <time>2026-09-05T09:35:00.000Z</time>
      </trkpt>
      <trkpt lat="42.35240422189235687255859375" lon="1.748829782009124755859375">
        <ele>1096.5999755859375</ele>
        <time>2026-09-05T09:35:02.000Z</time>
      </trkpt>
      <trkpt lat="42.35242903232574462890625" lon="1.7489127628505229949951171875">
        <ele>1095.800048828125</ele>
        <time>2026-09-05T09:35:08.000Z</time>
      </trkpt>
      <trkpt lat="42.3524322174489498138427734375" lon="1.748928688466548919677734375">
        <ele>1095.5999755859375</ele>
        <time>2026-09-05T09:35:09.000Z</time>
      </trkpt>
      <trkpt lat="42.35243414528667926788330078125" lon="1.749028600752353668212890625">
        <ele>1095.199951171875</ele>
        <time>2026-09-05T09:35:15.000Z</time>
      </trkpt>
      <trkpt lat="42.35244085080921649932861328125" lon="1.74907981418073177337646484375">
        <ele>1094.800048828125</ele>
        <time>2026-09-05T09:35:18.000Z</time>
      </trkpt>
      <trkpt lat="42.3524362407624721527099609375" lon="1.74911485053598880767822265625">
        <ele>1094.800048828125</ele>
        <time>2026-09-05T09:35:20.000Z</time>
      </trkpt>
      <trkpt lat="42.35241654329001903533935546875" lon="1.74920193850994110107421875">
        <ele>1094.4000244140625</ele>
        <time>2026-09-05T09:35:26.000Z</time>
      </trkpt>
      <trkpt lat="42.35237027518451213836669921875" lon="1.74927972257137298583984375">
        <ele>1094.5999755859375</ele>
        <time>2026-09-05T09:35:32.000Z</time>
      </trkpt>
      <trkpt lat="42.352358959615230560302734375" lon="1.749290786683559417724609375">
        <ele>1094.5999755859375</ele>
        <time>2026-09-05T09:35:33.000Z</time>
      </trkpt>
      <trkpt lat="42.35230028629302978515625" lon="1.74936077557504177093505859375">
        <ele>1094</ele>
        <time>2026-09-05T09:35:39.000Z</time>
      </trkpt>
      <trkpt lat="42.35229064710438251495361328125" lon="1.74937519244849681854248046875">
        <ele>1094.199951171875</ele>
        <time>2026-09-05T09:35:40.000Z</time>
      </trkpt>
      <trkpt lat="42.35223524272441864013671875" lon="1.74943319521844387054443359375">
        <ele>1094.4000244140625</ele>
        <time>2026-09-05T09:35:46.000Z</time>
      </trkpt>
      <trkpt lat="42.35222359187901020050048828125" lon="1.74944861792027950286865234375">
        <ele>1094.4000244140625</ele>
        <time>2026-09-05T09:35:47.000Z</time>
      </trkpt>
      <trkpt lat="42.3521971888840198516845703125" lon="1.74952858127653598785400390625">
        <ele>1093.5999755859375</ele>
        <time>2026-09-05T09:35:52.000Z</time>
      </trkpt>
      <trkpt lat="42.3521881364285945892333984375" lon="1.7495427466928958892822265625">
        <ele>1093.4000244140625</ele>
        <time>2026-09-05T09:35:53.000Z</time>
      </trkpt>
      <trkpt lat="42.35216994769871234893798828125" lon="1.74957719631493091583251953125">
        <ele>1092.5999755859375</ele>
        <time>2026-09-05T09:35:56.000Z</time>
      </trkpt>
      <trkpt lat="42.35215871594846248626708984375" lon="1.7496175132691860198974609375">
        <ele>1092</ele>
        <time>2026-09-05T09:35:59.000Z</time>
      </trkpt>
      <trkpt lat="42.3521408624947071075439453125" lon="1.74966218881309032440185546875">
        <ele>1091.4000244140625</ele>
        <time>2026-09-05T09:36:02.000Z</time>
      </trkpt>
      <trkpt lat="42.35211320221424102783203125" lon="1.7497301660478115081787109375">
        <ele>1090.4000244140625</ele>
        <time>2026-09-05T09:36:07.000Z</time>
      </trkpt>
      <trkpt lat="42.3521069996058940887451171875" lon="1.7497455887496471405029296875">
        <ele>1090.199951171875</ele>
        <time>2026-09-05T09:36:08.000Z</time>
      </trkpt>
      <trkpt lat="42.35208394937217235565185546875" lon="1.74983837641775608062744140625">
        <ele>1089.4000244140625</ele>
        <time>2026-09-05T09:36:14.000Z</time>
      </trkpt>
      <trkpt lat="42.35208160243928432464599609375" lon="1.74984826706349849700927734375">
        <ele>1089.199951171875</ele>
        <time>2026-09-05T09:36:15.000Z</time>
      </trkpt>
      <trkpt lat="42.35206224024295806884765625" lon="1.749910376965999603271484375">
        <ele>1088.199951171875</ele>
        <time>2026-09-05T09:36:20.000Z</time>
      </trkpt>
      <trkpt lat="42.3520607315003871917724609375" lon="1.7499226145446300506591796875">
        <ele>1088</ele>
        <time>2026-09-05T09:36:21.000Z</time>
      </trkpt>
      <trkpt lat="42.35205058939754962921142578125" lon="1.7500128038227558135986328125">
        <ele>1087.5999755859375</ele>
        <time>2026-09-05T09:36:27.000Z</time>
      </trkpt>
      <trkpt lat="42.35203315503895282745361328125" lon="1.7500691302120685577392578125">
        <ele>1087</ele>
        <time>2026-09-05T09:36:31.000Z</time>
      </trkpt>
      <trkpt lat="42.35201505012810230255126953125" lon="1.7501227743923664093017578125">
        <ele>1086</ele>
        <time>2026-09-05T09:36:35.000Z</time>
      </trkpt>
      <trkpt lat="42.351998873054981231689453125" lon="1.750192008912563323974609375">
        <ele>1086</ele>
        <time>2026-09-05T09:36:40.000Z</time>
      </trkpt>
      <trkpt lat="42.35199443064630031585693359375" lon="1.750205419957637786865234375">
        <ele>1085.800048828125</ele>
        <time>2026-09-05T09:36:41.000Z</time>
      </trkpt>
      <trkpt lat="42.35195386223495006561279296875" lon="1.75027406774461269378662109375">
        <ele>1085.199951171875</ele>
        <time>2026-09-05T09:36:46.000Z</time>
      </trkpt>
      <trkpt lat="42.351947911083698272705078125" lon="1.7502984590828418731689453125">
        <ele>1084.800048828125</ele>
        <time>2026-09-05T09:36:48.000Z</time>
      </trkpt>
      <trkpt lat="42.3519475758075714111328125" lon="1.7503390274941921234130859375">
        <ele>1084.4000244140625</ele>
        <time>2026-09-05T09:36:51.000Z</time>
      </trkpt>
      <trkpt lat="42.35194765962660312652587890625" lon="1.75035218708217144012451171875">
        <ele>1084.4000244140625</ele>
        <time>2026-09-05T09:36:52.000Z</time>
      </trkpt>
      <trkpt lat="42.351957298815250396728515625" lon="1.75040985457599163055419921875">
        <ele>1083.800048828125</ele>
        <time>2026-09-05T09:36:56.000Z</time>
      </trkpt>
      <trkpt lat="42.35196459107100963592529296875" lon="1.75042259506881237030029296875">
        <ele>1083.5999755859375</ele>
        <time>2026-09-05T09:36:57.000Z</time>
      </trkpt>
      <trkpt lat="42.3519702069461345672607421875" lon="1.75043231807649135589599609375">
        <ele>1083.4000244140625</ele>
        <time>2026-09-05T09:36:58.000Z</time>
      </trkpt>
      <trkpt lat="42.3519715480506420135498046875" lon="1.7504500038921833038330078125">
        <ele>1082.5999755859375</ele>
        <time>2026-09-05T09:37:03.000Z</time>
      </trkpt>
      <trkpt lat="42.3519715480506420135498046875" lon="1.75045008771121501922607421875">
        <ele>1082.4000244140625</ele>
        <time>2026-09-05T09:37:05.000Z</time>
      </trkpt>
      <trkpt lat="42.3519715480506420135498046875" lon="1.75045008771121501922607421875">
        <ele>1082</ele>
        <time>2026-09-05T09:37:11.000Z</time>
      </trkpt>
      <trkpt lat="42.3519715480506420135498046875" lon="1.75045008771121501922607421875">
        <ele>1081.5999755859375</ele>
        <time>2026-09-05T09:37:13.000Z</time>
      </trkpt>
      <trkpt lat="42.3519715480506420135498046875" lon="1.75045008771121501922607421875">
        <ele>1081.199951171875</ele>
        <time>2026-09-05T09:37:19.000Z</time>
      </trkpt>
      <trkpt lat="42.35197238624095916748046875" lon="1.75048763863742351531982421875">
        <ele>1081.199951171875</ele>
        <time>2026-09-05T09:37:25.000Z</time>
      </trkpt>
      <trkpt lat="42.35198303125798702239990234375" lon="1.75055243074893951416015625">
        <ele>1080.5999755859375</ele>
        <time>2026-09-05T09:37:30.000Z</time>
      </trkpt>
      <trkpt lat="42.351986803114414215087890625" lon="1.7505852878093719482421875">
        <ele>1080.4000244140625</ele>
        <time>2026-09-05T09:37:32.000Z</time>
      </trkpt>
      <trkpt lat="42.351986467838287353515625" lon="1.7506236769258975982666015625">
        <ele>1080.199951171875</ele>
        <time>2026-09-05T09:37:36.000Z</time>
      </trkpt>
      <trkpt lat="42.3519846238195896148681640625" lon="1.7506565339863300323486328125">
        <ele>1079.5999755859375</ele>
        <time>2026-09-05T09:37:39.000Z</time>
      </trkpt>
      <trkpt lat="42.35198386944830417633056640625" lon="1.750668771564960479736328125">
        <ele>1079.4000244140625</ele>
        <time>2026-09-05T09:37:40.000Z</time>
      </trkpt>
      <trkpt lat="42.35198571346700191497802734375" lon="1.750727780163288116455078125">
        <ele>1079.199951171875</ele>
        <time>2026-09-05T09:37:45.000Z</time>
      </trkpt>
      <trkpt lat="42.35198487527668476104736328125" lon="1.75081168301403522491455078125">
        <ele>1078.4000244140625</ele>
        <time>2026-09-05T09:37:51.000Z</time>
      </trkpt>
      <trkpt lat="42.35197850503027439117431640625" lon="1.75087806768715381622314453125">
        <ele>1077.800048828125</ele>
        <time>2026-09-05T09:37:56.000Z</time>
      </trkpt>
      <trkpt lat="42.35196241177618503570556640625" lon="1.75096817314624786376953125">
        <ele>1077.4000244140625</ele>
        <time>2026-09-05T09:38:02.000Z</time>
      </trkpt>
      <trkpt lat="42.35196308232843875885009765625" lon="1.75098686479032039642333984375">
        <ele>1077.199951171875</ele>
        <time>2026-09-05T09:38:03.000Z</time>
      </trkpt>
      <trkpt lat="42.35196123830974102020263671875" lon="1.75105073489248752593994140625">
        <ele>1077</ele>
        <time>2026-09-05T09:38:08.000Z</time>
      </trkpt>
      <trkpt lat="42.351959310472011566162109375" lon="1.7511212266981601715087890625">
        <ele>1076.199951171875</ele>
        <time>2026-09-05T09:38:14.000Z</time>
      </trkpt>
      <trkpt lat="42.35195939429104328155517578125" lon="1.75118618644773960113525390625">
        <ele>1076.199951171875</ele>
        <time>2026-09-05T09:38:20.000Z</time>
      </trkpt>
      <trkpt lat="42.35195159912109375" lon="1.75122239626944065093994140625">
        <ele>1076</ele>
        <time>2026-09-05T09:38:26.000Z</time>
      </trkpt>
      <trkpt lat="42.35194983892142772674560546875" lon="1.7512308619916439056396484375">
        <ele>1075.5999755859375</ele>
        <time>2026-09-05T09:38:27.000Z</time>
      </trkpt>
      <trkpt lat="42.3519477434456348419189453125" lon="1.7512449435889720916748046875">
        <ele>1075.199951171875</ele>
        <time>2026-09-05T09:38:29.000Z</time>
      </trkpt>
      <trkpt lat="42.351954281330108642578125" lon="1.7512908764183521270751953125">
        <ele>1074.5999755859375</ele>
        <time>2026-09-05T09:38:35.000Z</time>
      </trkpt>
      <trkpt lat="42.35195520333945751190185546875" lon="1.751301772892475128173828125">
        <ele>1074.5999755859375</ele>
        <time>2026-09-05T09:38:36.000Z</time>
      </trkpt>
      <trkpt lat="42.35195838846266269683837890625" lon="1.75132163800299167633056640625">
        <ele>1074.199951171875</ele>
        <time>2026-09-05T09:38:38.000Z</time>
      </trkpt>
      <trkpt lat="42.351974062621593475341796875" lon="1.75136321224272251129150390625">
        <ele>1073</ele>
        <time>2026-09-05T09:38:44.000Z</time>
      </trkpt>
      <trkpt lat="42.35197381116449832916259765625" lon="1.75135977566242218017578125">
        <ele>1072.800048828125</ele>
        <time>2026-09-05T09:38:50.000Z</time>
      </trkpt>
      <trkpt lat="42.35197381116449832916259765625" lon="1.75135977566242218017578125">
        <ele>1073.199951171875</ele>
        <time>2026-09-05T09:38:56.000Z</time>
      </trkpt>
      <trkpt lat="42.35197381116449832916259765625" lon="1.75135977566242218017578125">
        <ele>1073.199951171875</ele>
        <time>2026-09-05T09:38:57.000Z</time>
      </trkpt>
      <trkpt lat="42.35197381116449832916259765625" lon="1.75135977566242218017578125">
        <ele>1073.199951171875</ele>
        <time>2026-09-05T09:39:00.000Z</time>
      </trkpt>
      <trkpt lat="42.35197381116449832916259765625" lon="1.75135977566242218017578125">
        <ele>1073.4000244140625</ele>
        <time>2026-09-05T09:39:03.000Z</time>
      </trkpt>
      <trkpt lat="42.35197381116449832916259765625" lon="1.75135977566242218017578125">
        <ele>1073.4000244140625</ele>
        <time>2026-09-05T09:39:09.000Z</time>
      </trkpt>
      <trkpt lat="42.35197381116449832916259765625" lon="1.75135977566242218017578125">
        <ele>1073.4000244140625</ele>
        <time>2026-09-05T09:39:15.000Z</time>
      </trkpt>
      <trkpt lat="42.35197381116449832916259765625" lon="1.75135977566242218017578125">
        <ele>1073.4000244140625</ele>
        <time>2026-09-05T09:39:21.000Z</time>
      </trkpt>
      <trkpt lat="42.35197381116449832916259765625" lon="1.75135977566242218017578125">
        <ele>1073.4000244140625</ele>
        <time>2026-09-05T09:39:23.000Z</time>
      </trkpt>
      <trkpt lat="42.35197381116449832916259765625" lon="1.75135977566242218017578125">
        <ele>1073.5999755859375</ele>
        <time>2026-09-05T09:39:29.000Z</time>
      </trkpt>
      <trkpt lat="42.3519772477447986602783203125" lon="1.751383580267429351806640625">
        <ele>1073.800048828125</ele>
        <time>2026-09-05T09:39:34.000Z</time>
      </trkpt>
      <trkpt lat="42.3519772477447986602783203125" lon="1.75138391554355621337890625">
        <ele>1074</ele>
        <time>2026-09-05T09:39:36.000Z</time>
      </trkpt>
      <trkpt lat="42.3519772477447986602783203125" lon="1.75138391554355621337890625">
        <ele>1074</ele>
        <time>2026-09-05T09:39:42.000Z</time>
      </trkpt>
      <trkpt lat="42.3519772477447986602783203125" lon="1.75138391554355621337890625">
        <ele>1074</ele>
        <time>2026-09-05T09:39:43.000Z</time>
      </trkpt>
      <trkpt lat="42.3519772477447986602783203125" lon="1.75138391554355621337890625">
        <ele>1074</ele>
        <time>2026-09-05T09:39:48.000Z</time>
      </trkpt>
      <trkpt lat="42.3519772477447986602783203125" lon="1.75138391554355621337890625">
        <ele>1074</ele>
        <time>2026-09-05T09:39:50.000Z</time>
      </trkpt>
      <trkpt lat="42.35197917558252811431884765625" lon="1.751413084566593170166015625">
        <ele>1074.199951171875</ele>
        <time>2026-09-05T09:39:56.000Z</time>
      </trkpt>
      <trkpt lat="42.35198085196316242218017578125" lon="1.75143060274422168731689453125">
        <ele>1074.800048828125</ele>
        <time>2026-09-05T09:39:58.000Z</time>
      </trkpt>
      <trkpt lat="42.35198336653411388397216796875" lon="1.7514383979141712188720703125">
        <ele>1075.199951171875</ele>
        <time>2026-09-05T09:39:59.000Z</time>
      </trkpt>
      <trkpt lat="42.35197464935481548309326171875" lon="1.75149128772318363189697265625">
        <ele>1076.199951171875</ele>
        <time>2026-09-05T09:40:04.000Z</time>
      </trkpt>
      <trkpt lat="42.351970709860324859619140625" lon="1.75153755582869052886962890625">
        <ele>1077.199951171875</ele>
        <time>2026-09-05T09:40:09.000Z</time>
      </trkpt>
      <trkpt lat="42.35196702182292938232421875" lon="1.75155063159763813018798828125">
        <ele>1077.5999755859375</ele>
        <time>2026-09-05T09:40:11.000Z</time>
      </trkpt>
      <trkpt lat="42.35196769237518310546875" lon="1.751572005450725555419921875">
        <ele>1078.4000244140625</ele>
        <time>2026-09-05T09:40:15.000Z</time>
      </trkpt>
      <trkpt lat="42.35197029076516628265380859375" lon="1.7515899427235126495361328125">
        <ele>1079</ele>
        <time>2026-09-05T09:40:18.000Z</time>
      </trkpt>
      <trkpt lat="42.3519715480506420135498046875" lon="1.75159455277025699615478515625">
        <ele>1079.199951171875</ele>
        <time>2026-09-05T09:40:19.000Z</time>
      </trkpt>
      <trkpt lat="42.3519717156887054443359375" lon="1.751602850854396820068359375">
        <ele>1079.4000244140625</ele>
        <time>2026-09-05T09:40:20.000Z</time>
      </trkpt>
      <trkpt lat="42.35197213478386402130126953125" lon="1.75163294188678264617919921875">
        <ele>1080</ele>
        <time>2026-09-05T09:40:24.000Z</time>
      </trkpt>
      <trkpt lat="42.3519775830209255218505859375" lon="1.7516580037772655487060546875">
        <ele>1080.199951171875</ele>
        <time>2026-09-05T09:40:26.000Z</time>
      </trkpt>
      <trkpt lat="42.35199116170406341552734375" lon="1.75168055109679698944091796875">
        <ele>1080.5999755859375</ele>
        <time>2026-09-05T09:40:28.000Z</time>
      </trkpt>
      <trkpt lat="42.3520339094102382659912109375" lon="1.75173670984804630279541015625">
        <ele>1081.199951171875</ele>
        <time>2026-09-05T09:40:33.000Z</time>
      </trkpt>
      <trkpt lat="42.352068610489368438720703125" lon="1.75180368125438690185546875">
        <ele>1081.199951171875</ele>
        <time>2026-09-05T09:40:39.000Z</time>
      </trkpt>
      <trkpt lat="42.352071292698383331298828125" lon="1.751802675426006317138671875">
        <ele>1081.199951171875</ele>
        <time>2026-09-05T09:40:41.000Z</time>
      </trkpt>
      <trkpt lat="42.35207070596516132354736328125" lon="1.7518025077879428863525390625">
        <ele>1080.5999755859375</ele>
        <time>2026-09-05T09:40:47.000Z</time>
      </trkpt>
      <trkpt lat="42.35207070596516132354736328125" lon="1.7518025077879428863525390625">
        <ele>1080.199951171875</ele>
        <time>2026-09-05T09:40:50.000Z</time>
      </trkpt>
      <trkpt lat="42.35207070596516132354736328125" lon="1.7518025077879428863525390625">
        <ele>1081</ele>
        <time>2026-09-05T09:40:56.000Z</time>
      </trkpt>
      <trkpt lat="42.3520790040493011474609375" lon="1.75182891078293323516845703125">
        <ele>1080.5999755859375</ele>
        <time>2026-09-05T09:41:01.000Z</time>
      </trkpt>
      <trkpt lat="42.352099455893039703369140625" lon="1.751903258264064788818359375">
        <ele>1081.5999755859375</ele>
        <time>2026-09-05T09:41:07.000Z</time>
      </trkpt>
      <trkpt lat="42.35210004262626171112060546875" lon="1.7519171722233295440673828125">
        <ele>1081.5999755859375</ele>
        <time>2026-09-05T09:41:08.000Z</time>
      </trkpt>
      <trkpt lat="42.3520996235311031341552734375" lon="1.75194156356155872344970703125">
        <ele>1081.800048828125</ele>
        <time>2026-09-05T09:41:10.000Z</time>
      </trkpt>
      <trkpt lat="42.35210021026432514190673828125" lon="1.751969642937183380126953125">
        <ele>1082</ele>
        <time>2026-09-05T09:41:12.000Z</time>
      </trkpt>
      <trkpt lat="42.35210624523460865020751953125" lon="1.75203812308609485626220703125">
        <ele>1082.199951171875</ele>
        <time>2026-09-05T09:41:17.000Z</time>
      </trkpt>
      <trkpt lat="42.35210825689136981964111328125" lon="1.75203979946672916412353515625">
        <ele>1082.4000244140625</ele>
        <time>2026-09-05T09:41:23.000Z</time>
      </trkpt>
      <trkpt lat="42.35210825689136981964111328125" lon="1.75203979946672916412353515625">
        <ele>1082.199951171875</ele>
        <time>2026-09-05T09:41:24.000Z</time>
      </trkpt>
      <trkpt lat="42.35210825689136981964111328125" lon="1.75203979946672916412353515625">
        <ele>1082</ele>
        <time>2026-09-05T09:41:30.000Z</time>
      </trkpt>
      <trkpt lat="42.35210825689136981964111328125" lon="1.75203979946672916412353515625">
        <ele>1082.5999755859375</ele>
        <time>2026-09-05T09:41:36.000Z</time>
      </trkpt>
      <trkpt lat="42.35210825689136981964111328125" lon="1.75203979946672916412353515625">
        <ele>1082.800048828125</ele>
        <time>2026-09-05T09:41:37.000Z</time>
      </trkpt>
      <trkpt lat="42.35210825689136981964111328125" lon="1.75203979946672916412353515625">
        <ele>1082.800048828125</ele>
        <time>2026-09-05T09:41:41.000Z</time>
      </trkpt>
      <trkpt lat="42.35210825689136981964111328125" lon="1.75203979946672916412353515625">
        <ele>1081.5999755859375</ele>
        <time>2026-09-05T09:41:46.000Z</time>
      </trkpt>
      <trkpt lat="42.35210825689136981964111328125" lon="1.75203979946672916412353515625">
        <ele>1081.5999755859375</ele>
        <time>2026-09-05T09:41:52.000Z</time>
      </trkpt>
      <trkpt lat="42.35210825689136981964111328125" lon="1.75203979946672916412353515625">
        <ele>1081.5999755859375</ele>
        <time>2026-09-05T09:41:53.000Z</time>
      </trkpt>
      <trkpt lat="42.35210825689136981964111328125" lon="1.75203979946672916412353515625">
        <ele>1081.5999755859375</ele>
        <time>2026-09-05T09:41:54.000Z</time>
      </trkpt>
      <trkpt lat="42.35211865045130252838134765625" lon="1.75205086357891559600830078125">
        <ele>1081.5999755859375</ele>
        <time>2026-09-05T09:41:57.000Z</time>
      </trkpt>
      <trkpt lat="42.35212502069771289825439453125" lon="1.75210031680762767791748046875">
        <ele>1081.800048828125</ele>
        <time>2026-09-05T09:42:00.000Z</time>
      </trkpt>
      <trkpt lat="42.35212770290672779083251953125" lon="1.75212227739393711090087890625">
        <ele>1081.800048828125</ele>
        <time>2026-09-05T09:42:02.000Z</time>
      </trkpt>
      <trkpt lat="42.3521247692406177520751953125" lon="1.75217240117490291595458984375">
        <ele>1082.4000244140625</ele>
        <time>2026-09-05T09:42:08.000Z</time>
      </trkpt>
      <trkpt lat="42.3521244339644908905029296875" lon="1.7521786876022815704345703125">
        <ele>1082.5999755859375</ele>
        <time>2026-09-05T09:42:09.000Z</time>
      </trkpt>
      <trkpt lat="42.35212116502225399017333984375" lon="1.7521904222667217254638671875">
        <ele>1082.800048828125</ele>
        <time>2026-09-05T09:42:10.000Z</time>
      </trkpt>
      <trkpt lat="42.352118231356143951416015625" lon="1.75223358906805515289306640625">
        <ele>1083.199951171875</ele>
        <time>2026-09-05T09:42:16.000Z</time>
      </trkpt>
      <trkpt lat="42.3521192371845245361328125" lon="1.75226795487105846405029296875">
        <ele>1083.4000244140625</ele>
        <time>2026-09-05T09:42:18.000Z</time>
      </trkpt>
      <trkpt lat="42.35212686471641063690185546875" lon="1.7522940225899219512939453125">
        <ele>1083.800048828125</ele>
        <time>2026-09-05T09:42:20.000Z</time>
      </trkpt>
      <trkpt lat="42.3521297983825206756591796875" lon="1.75233651883900165557861328125">
        <ele>1084</ele>
        <time>2026-09-05T09:42:23.000Z</time>
      </trkpt>
      <trkpt lat="42.35212837345898151397705078125" lon="1.75236015580594539642333984375">
        <ele>1084.4000244140625</ele>
        <time>2026-09-05T09:42:25.000Z</time>
      </trkpt>
      <trkpt lat="42.3521304689347743988037109375" lon="1.75239284522831439971923828125">
        <ele>1084.800048828125</ele>
        <time>2026-09-05T09:42:28.000Z</time>
      </trkpt>
      <trkpt lat="42.35213072039186954498291015625" lon="1.75243643112480640411376953125">
        <ele>1085.4000244140625</ele>
        <time>2026-09-05T09:42:32.000Z</time>
      </trkpt>
      <trkpt lat="42.3521299660205841064453125" lon="1.7524630017578601837158203125">
        <ele>1085.800048828125</ele>
        <time>2026-09-05T09:42:34.000Z</time>
      </trkpt>
      <trkpt lat="42.3521311394870281219482421875" lon="1.752475909888744354248046875">
        <ele>1086</ele>
        <time>2026-09-05T09:42:35.000Z</time>
      </trkpt>
      <trkpt lat="42.35213340260088443756103515625" lon="1.75249627791345119476318359375">
        <ele>1086.199951171875</ele>
        <time>2026-09-05T09:42:37.000Z</time>
      </trkpt>
      <trkpt lat="42.352137006819248199462890625" lon="1.75254019908607006072998046875">
        <ele>1086.800048828125</ele>
        <time>2026-09-05T09:42:41.000Z</time>
      </trkpt>
      <trkpt lat="42.35213910229504108428955078125" lon="1.75256065092980861663818359375">
        <ele>1087</ele>
        <time>2026-09-05T09:42:43.000Z</time>
      </trkpt>
      <trkpt lat="42.35213994048535823822021484375" lon="1.7526075057685375213623046875">
        <ele>1087.5999755859375</ele>
        <time>2026-09-05T09:42:47.000Z</time>
      </trkpt>
      <trkpt lat="42.35214195214211940765380859375" lon="1.7526189051568508148193359375">
        <ele>1087.5999755859375</ele>
        <time>2026-09-05T09:42:48.000Z</time>
      </trkpt>
      <trkpt lat="42.35214547254145145416259765625" lon="1.75262988545000553131103515625">
        <ele>1087.5999755859375</ele>
        <time>2026-09-05T09:42:49.000Z</time>
      </trkpt>
      <trkpt lat="42.3521460592746734619140625" lon="1.75263877026736736297607421875">
        <ele>1087.800048828125</ele>
        <time>2026-09-05T09:42:50.000Z</time>
      </trkpt>
      <trkpt lat="42.35214379616081714630126953125" lon="1.75265729427337646484375">
        <ele>1087.800048828125</ele>
        <time>2026-09-05T09:42:52.000Z</time>
      </trkpt>
      <trkpt lat="42.35215117223560810089111328125" lon="1.752722673118114471435546875">
        <ele>1089</ele>
        <time>2026-09-05T09:42:58.000Z</time>
      </trkpt>
      <trkpt lat="42.35215536318719387054443359375" lon="1.75274387933313846588134765625">
        <ele>1089.5999755859375</ele>
        <time>2026-09-05T09:43:00.000Z</time>
      </trkpt>
      <trkpt lat="42.35215586610138416290283203125" lon="1.75275729037821292877197265625">
        <ele>1090.199951171875</ele>
        <time>2026-09-05T09:43:02.000Z</time>
      </trkpt>
      <trkpt lat="42.3521606437861919403076171875" lon="1.75276081077754497528076171875">
        <ele>1090.4000244140625</ele>
        <time>2026-09-05T09:43:07.000Z</time>
      </trkpt>
      <trkpt lat="42.35216391272842884063720703125" lon="1.7527862079441547393798828125">
        <ele>1090.4000244140625</ele>
        <time>2026-09-05T09:43:13.000Z</time>
      </trkpt>
      <trkpt lat="42.352165840566158294677734375" lon="1.7528344877064228057861328125">
        <ele>1091.199951171875</ele>
        <time>2026-09-05T09:43:17.000Z</time>
      </trkpt>
      <trkpt lat="42.35216693021357059478759765625" lon="1.75285435281693935394287109375">
        <ele>1092</ele>
        <time>2026-09-05T09:43:19.000Z</time>
      </trkpt>
      <trkpt lat="42.35216676257550716400146484375" lon="1.7528606392443180084228515625">
        <ele>1092.4000244140625</ele>
        <time>2026-09-05T09:43:20.000Z</time>
      </trkpt>
      <trkpt lat="42.35218134708702564239501953125" lon="1.7529012076556682586669921875">
        <ele>1093.4000244140625</ele>
        <time>2026-09-05T09:43:24.000Z</time>
      </trkpt>
      <trkpt lat="42.35219744034111499786376953125" lon="1.75291688181459903717041015625">
        <ele>1093.800048828125</ele>
        <time>2026-09-05T09:43:26.000Z</time>
      </trkpt>
      <trkpt lat="42.35222811810672283172607421875" lon="1.752985529601573944091796875">
        <ele>1093.5999755859375</ele>
        <time>2026-09-05T09:43:32.000Z</time>
      </trkpt>
      <trkpt lat="42.3522692732512950897216796875" lon="1.75305551849305629730224609375">
        <ele>1092.5999755859375</ele>
        <time>2026-09-05T09:43:38.000Z</time>
      </trkpt>
      <trkpt lat="42.3522749729454517364501953125" lon="1.75307236611843109130859375">
        <ele>1092.5999755859375</ele>
        <time>2026-09-05T09:43:39.000Z</time>
      </trkpt>
      <trkpt lat="42.352314032614231109619140625" lon="1.75315945409238338470458984375">
        <ele>1092.800048828125</ele>
        <time>2026-09-05T09:43:45.000Z</time>
      </trkpt>
      <trkpt lat="42.3523230850696563720703125" lon="1.7531814984977245330810546875">
        <ele>1092.800048828125</ele>
        <time>2026-09-05T09:43:47.000Z</time>
      </trkpt>
      <trkpt lat="42.35232886858284473419189453125" lon="1.75319440662860870361328125">
        <ele>1092.800048828125</ele>
        <time>2026-09-05T09:43:48.000Z</time>
      </trkpt>
      <trkpt lat="42.35234881751239299774169921875" lon="1.75323522649705410003662109375">
        <ele>1093.199951171875</ele>
        <time>2026-09-05T09:43:52.000Z</time>
      </trkpt>
      <trkpt lat="42.3523644916713237762451171875" lon="1.75327545963227748870849609375">
        <ele>1093.199951171875</ele>
        <time>2026-09-05T09:43:55.000Z</time>
      </trkpt>
      <trkpt lat="42.3523939959704875946044921875" lon="1.75334938801825046539306640625">
        <ele>1093.5999755859375</ele>
        <time>2026-09-05T09:44:01.000Z</time>
      </trkpt>
      <trkpt lat="42.352415956556797027587890625" lon="1.75339012406766414642333984375">
        <ele>1093.4000244140625</ele>
        <time>2026-09-05T09:44:04.000Z</time>
      </trkpt>
      <trkpt lat="42.3524523340165615081787109375" lon="1.75345952622592449188232421875">
        <ele>1093.800048828125</ele>
        <time>2026-09-05T09:44:10.000Z</time>
      </trkpt>
      <trkpt lat="42.35246901400387287139892578125" lon="1.75348500721156597137451171875">
        <ele>1094</ele>
        <time>2026-09-05T09:44:12.000Z</time>
      </trkpt>
      <trkpt lat="42.352517545223236083984375" lon="1.753561198711395263671875">
        <ele>1094</ele>
        <time>2026-09-05T09:44:18.000Z</time>
      </trkpt>
      <trkpt lat="42.35254998318850994110107421875" lon="1.75360034219920635223388671875">
        <ele>1094.199951171875</ele>
        <time>2026-09-05T09:44:21.000Z</time>
      </trkpt>
      <trkpt lat="42.35256104730069637298583984375" lon="1.75362817011773586273193359375">
        <ele>1094.4000244140625</ele>
        <time>2026-09-05T09:44:23.000Z</time>
      </trkpt>
      <trkpt lat="42.35258669592440128326416015625" lon="1.75371869467198848724365234375">
        <ele>1094.800048828125</ele>
        <time>2026-09-05T09:44:29.000Z</time>
      </trkpt>
      <trkpt lat="42.35258392989635467529296875" lon="1.75377309322357177734375">
        <ele>1095.199951171875</ele>
        <time>2026-09-05T09:44:33.000Z</time>
      </trkpt>
      <trkpt lat="42.3525827564299106597900390625" lon="1.753802262246608734130859375">
        <ele>1095.4000244140625</ele>
        <time>2026-09-05T09:44:35.000Z</time>
      </trkpt>
      <trkpt lat="42.352582253515720367431640625" lon="1.7538258992135524749755859375">
        <ele>1095.5999755859375</ele>
        <time>2026-09-05T09:44:37.000Z</time>
      </trkpt>
      <trkpt lat="42.352588288486003875732421875" lon="1.75388641655445098876953125">
        <ele>1096.4000244140625</ele>
        <time>2026-09-05T09:44:42.000Z</time>
      </trkpt>
      <trkpt lat="42.35259122215211391448974609375" lon="1.75392421893775463104248046875">
        <ele>1097</ele>
        <time>2026-09-05T09:44:45.000Z</time>
      </trkpt>
      <trkpt lat="42.35259734094142913818359375" lon="1.75395707599818706512451171875">
        <ele>1097.5999755859375</ele>
        <time>2026-09-05T09:44:48.000Z</time>
      </trkpt>
      <trkpt lat="42.35261905007064342498779296875" lon="1.75402186810970306396484375">
        <ele>1098</ele>
        <time>2026-09-05T09:44:53.000Z</time>
      </trkpt>
      <trkpt lat="42.35262692905962467193603515625" lon="1.75406201742589473724365234375">
        <ele>1098.5999755859375</ele>
        <time>2026-09-05T09:44:56.000Z</time>
      </trkpt>
      <trkpt lat="42.3526370711624622344970703125" lon="1.75414214842021465301513671875">
        <ele>1099.4000244140625</ele>
        <time>2026-09-05T09:45:02.000Z</time>
      </trkpt>
      <trkpt lat="42.352638579905033111572265625" lon="1.754156984388828277587890625">
        <ele>1099.4000244140625</ele>
        <time>2026-09-05T09:45:03.000Z</time>
      </trkpt>
      <trkpt lat="42.352641262114048004150390625" lon="1.754172407090663909912109375">
        <ele>1099.5999755859375</ele>
        <time>2026-09-05T09:45:04.000Z</time>
      </trkpt>
      <trkpt lat="42.3526602052152156829833984375" lon="1.75424943678081035614013671875">
        <ele>1100.199951171875</ele>
        <time>2026-09-05T09:45:10.000Z</time>
      </trkpt>
      <trkpt lat="42.35267646610736846923828125" lon="1.75429880619049072265625">
        <ele>1100.5999755859375</ele>
        <time>2026-09-05T09:45:14.000Z</time>
      </trkpt>
      <trkpt lat="42.35268107615411281585693359375" lon="1.75432437099516391754150390625">
        <ele>1100.800048828125</ele>
        <time>2026-09-05T09:45:16.000Z</time>
      </trkpt>
      <trkpt lat="42.3527012765407562255859375" lon="1.7544020712375640869140625">
        <ele>1101.5999755859375</ele>
        <time>2026-09-05T09:45:22.000Z</time>
      </trkpt>
      <trkpt lat="42.3527078144252300262451171875" lon="1.754431240260601043701171875">
        <ele>1101.800048828125</ele>
        <time>2026-09-05T09:45:24.000Z</time>
      </trkpt>
      <trkpt lat="42.3527279309928417205810546875" lon="1.75450156442821025848388671875">
        <ele>1102.800048828125</ele>
        <time>2026-09-05T09:45:30.000Z</time>
      </trkpt>
      <trkpt lat="42.35273488797247409820556640625" lon="1.754528470337390899658203125">
        <ele>1103</ele>
        <time>2026-09-05T09:45:32.000Z</time>
      </trkpt>
      <trkpt lat="42.35275483690202236175537109375" lon="1.754594855010509490966796875">
        <ele>1103.5999755859375</ele>
        <time>2026-09-05T09:45:38.000Z</time>
      </trkpt>
      <trkpt lat="42.35277235507965087890625" lon="1.754632405936717987060546875">
        <ele>1103.800048828125</ele>
        <time>2026-09-05T09:45:41.000Z</time>
      </trkpt>
      <trkpt lat="42.35279154963791370391845703125" lon="1.7547140456736087799072265625">
        <ele>1104</ele>
        <time>2026-09-05T09:45:47.000Z</time>
      </trkpt>
      <trkpt lat="42.352796830236911773681640625" lon="1.75474614836275577545166015625">
        <ele>1104.199951171875</ele>
        <time>2026-09-05T09:45:49.000Z</time>
      </trkpt>
      <trkpt lat="42.352800853550434112548828125" lon="1.75482376478612422943115234375">
        <ele>1104.5999755859375</ele>
        <time>2026-09-05T09:45:55.000Z</time>
      </trkpt>
      <trkpt lat="42.3528005182743072509765625" lon="1.75485360436141490936279296875">
        <ele>1104.800048828125</ele>
        <time>2026-09-05T09:45:58.000Z</time>
      </trkpt>
      <trkpt lat="42.352814264595508575439453125" lon="1.75489551387727260589599609375">
        <ele>1106</ele>
        <time>2026-09-05T09:46:02.000Z</time>
      </trkpt>
      <trkpt lat="42.35282935202121734619140625" lon="1.75492309033870697021484375">
        <ele>1107</ele>
        <time>2026-09-05T09:46:05.000Z</time>
      </trkpt>
      <trkpt lat="42.35283345915377140045166015625" lon="1.7549326457083225250244140625">
        <ele>1107.4000244140625</ele>
        <time>2026-09-05T09:46:06.000Z</time>
      </trkpt>
      <trkpt lat="42.35285751521587371826171875" lon="1.75499282777309417724609375">
        <ele>1108</ele>
        <time>2026-09-05T09:46:12.000Z</time>
      </trkpt>
      <trkpt lat="42.35285751521587371826171875" lon="1.7550054006278514862060546875">
        <ele>1108.199951171875</ele>
        <time>2026-09-05T09:46:13.000Z</time>
      </trkpt>
      <trkpt lat="42.3528600297868251800537109375" lon="1.7550124414265155792236328125">
        <ele>1108.199951171875</ele>
        <time>2026-09-05T09:46:14.000Z</time>
      </trkpt>
      <trkpt lat="42.352877967059612274169921875" lon="1.7550771497189998626708984375">
        <ele>1109</ele>
        <time>2026-09-05T09:46:20.000Z</time>
      </trkpt>
      <trkpt lat="42.35288341529667377471923828125" lon="1.75508913584053516387939453125">
        <ele>1109</ele>
        <time>2026-09-05T09:46:21.000Z</time>
      </trkpt>
      <trkpt lat="42.35288542695343494415283203125" lon="1.755098439753055572509765625">
        <ele>1109.199951171875</ele>
        <time>2026-09-05T09:46:22.000Z</time>
      </trkpt>
      <trkpt lat="42.35290101729333400726318359375" lon="1.75517681054770946502685546875">
        <ele>1110</ele>
        <time>2026-09-05T09:46:28.000Z</time>
      </trkpt>
      <trkpt lat="42.35290235839784145355224609375" lon="1.7551852762699127197265625">
        <ele>1110.199951171875</ele>
        <time>2026-09-05T09:46:29.000Z</time>
      </trkpt>
      <trkpt lat="42.35290571115911006927490234375" lon="1.75519944168627262115478515625">
        <ele>1110.199951171875</ele>
        <time>2026-09-05T09:46:30.000Z</time>
      </trkpt>
      <trkpt lat="42.352920882403850555419921875" lon="1.75528024323284626007080078125">
        <ele>1111</ele>
        <time>2026-09-05T09:46:36.000Z</time>
      </trkpt>
      <trkpt lat="42.3529324494302272796630859375" lon="1.75537311471998691558837890625">
        <ele>1110.800048828125</ele>
        <time>2026-09-05T09:46:42.000Z</time>
      </trkpt>
      <trkpt lat="42.35293370671570301055908203125" lon="1.7553845979273319244384765625">
        <ele>1111</ele>
        <time>2026-09-05T09:46:43.000Z</time>
      </trkpt>
      <trkpt lat="42.3529368080198764801025390625" lon="1.75539993681013584136962890625">
        <ele>1111.199951171875</ele>
        <time>2026-09-05T09:46:44.000Z</time>
      </trkpt>
      <trkpt lat="42.35295181162655353546142578125" lon="1.75545056350529193878173828125">
        <ele>1112.199951171875</ele>
        <time>2026-09-05T09:46:48.000Z</time>
      </trkpt>
      <trkpt lat="42.3529582656919956207275390625" lon="1.75548107363283634185791015625">
        <ele>1112.800048828125</ele>
        <time>2026-09-05T09:46:50.000Z</time>
      </trkpt>
      <trkpt lat="42.35297762788832187652587890625" lon="1.75557511858642101287841796875">
        <ele>1113.199951171875</ele>
        <time>2026-09-05T09:46:56.000Z</time>
      </trkpt>
      <trkpt lat="42.3529864288866519927978515625" lon="1.75558735616505146026611328125">
        <ele>1113.4000244140625</ele>
        <time>2026-09-05T09:46:57.000Z</time>
      </trkpt>
      <trkpt lat="42.353027164936065673828125" lon="1.75565131008625030517578125">
        <ele>1114.199951171875</ele>
        <time>2026-09-05T09:47:02.000Z</time>
      </trkpt>
      <trkpt lat="42.35302406363189220428466796875" lon="1.755685508251190185546875">
        <ele>1114.4000244140625</ele>
        <time>2026-09-05T09:47:04.000Z</time>
      </trkpt>
      <trkpt lat="42.35304099507629871368408203125" lon="1.755757592618465423583984375">
        <ele>1114.800048828125</ele>
        <time>2026-09-05T09:47:10.000Z</time>
      </trkpt>
      <trkpt lat="42.35305189155042171478271484375" lon="1.755776368081569671630859375">
        <ele>1115.4000244140625</ele>
        <time>2026-09-05T09:47:12.000Z</time>
      </trkpt>
      <trkpt lat="42.3530662246048450469970703125" lon="1.75581970252096652984619140625">
        <ele>1116</ele>
        <time>2026-09-05T09:47:16.000Z</time>
      </trkpt>
      <trkpt lat="42.35309279523789882659912109375" lon="1.7558559961616992950439453125">
        <ele>1116.4000244140625</ele>
        <time>2026-09-05T09:47:20.000Z</time>
      </trkpt>
      <trkpt lat="42.35310033895075321197509765625" lon="1.7558734305202960968017578125">
        <ele>1116.5999755859375</ele>
        <time>2026-09-05T09:47:22.000Z</time>
      </trkpt>
      <trkpt lat="42.3531331121921539306640625" lon="1.7559126578271389007568359375">
        <ele>1117.4000244140625</ele>
        <time>2026-09-05T09:47:27.000Z</time>
      </trkpt>
      <trkpt lat="42.35314593650400638580322265625" lon="1.75592229701578617095947265625">
        <ele>1117.800048828125</ele>
        <time>2026-09-05T09:47:29.000Z</time>
      </trkpt>
      <trkpt lat="42.353171668946743011474609375" lon="1.755953393876552581787109375">
        <ele>1117.800048828125</ele>
        <time>2026-09-05T09:47:33.000Z</time>
      </trkpt>
      <trkpt lat="42.3531875945627689361572265625" lon="1.7559669725596904754638671875">
        <ele>1118</ele>
        <time>2026-09-05T09:47:35.000Z</time>
      </trkpt>
      <trkpt lat="42.35319371335208415985107421875" lon="1.75598784349858760833740234375">
        <ele>1118.5999755859375</ele>
        <time>2026-09-05T09:47:37.000Z</time>
      </trkpt>
      <trkpt lat="42.3531996645033359527587890625" lon="1.756010390818119049072265625">
        <ele>1119.199951171875</ele>
        <time>2026-09-05T09:47:40.000Z</time>
      </trkpt>
      <trkpt lat="42.353207878768444061279296875" lon="1.7560182698071002960205078125">
        <ele>1119.199951171875</ele>
        <time>2026-09-05T09:47:41.000Z</time>
      </trkpt>
      <trkpt lat="42.35323746688663959503173828125" lon="1.7560752667486667633056640625">
        <ele>1119.5999755859375</ele>
        <time>2026-09-05T09:47:46.000Z</time>
      </trkpt>
      <trkpt lat="42.3532616905868053436279296875" lon="1.756106950342655181884765625">
        <ele>1120.199951171875</ele>
        <time>2026-09-05T09:47:49.000Z</time>
      </trkpt>
      <trkpt lat="42.353278286755084991455078125" lon="1.7561222054064273834228515625">
        <ele>1120.199951171875</ele>
        <time>2026-09-05T09:47:51.000Z</time>
      </trkpt>
      <trkpt lat="42.35330586321651935577392578125" lon="1.7561584152281284332275390625">
        <ele>1120.199951171875</ele>
        <time>2026-09-05T09:47:55.000Z</time>
      </trkpt>
      <trkpt lat="42.35332245938479900360107421875" lon="1.75617375411093235015869140625">
        <ele>1120.199951171875</ele>
        <time>2026-09-05T09:47:57.000Z</time>
      </trkpt>
      <trkpt lat="42.3533530533313751220703125" lon="1.756203509867191314697265625">
        <ele>1120.5999755859375</ele>
        <time>2026-09-05T09:48:00.000Z</time>
      </trkpt>
      <trkpt lat="42.35338188707828521728515625" lon="1.75624885596334934234619140625">
        <ele>1120.800048828125</ele>
        <time>2026-09-05T09:48:03.000Z</time>
      </trkpt>
      <trkpt lat="42.3534055240452289581298828125" lon="1.7562720738351345062255859375">
        <ele>1120.4000244140625</ele>
        <time>2026-09-05T09:48:08.000Z</time>
      </trkpt>
      <trkpt lat="42.3534061945974826812744140625" lon="1.75627182237803936004638671875">
        <ele>1119.5999755859375</ele>
        <time>2026-09-05T09:48:14.000Z</time>
      </trkpt>
      <trkpt lat="42.35342212021350860595703125" lon="1.75630166195333003997802734375">
        <ele>1119.5999755859375</ele>
        <time>2026-09-05T09:48:17.000Z</time>
      </trkpt>
      <trkpt lat="42.353427819907665252685546875" lon="1.756313480436801910400390625">
        <ele>1119.5999755859375</ele>
        <time>2026-09-05T09:48:18.000Z</time>
      </trkpt>
      <trkpt lat="42.3534484393894672393798828125" lon="1.75637743435800075531005859375">
        <ele>1120</ele>
        <time>2026-09-05T09:48:23.000Z</time>
      </trkpt>
      <trkpt lat="42.3534712381660938262939453125" lon="1.7564460821449756622314453125">
        <ele>1120.4000244140625</ele>
        <time>2026-09-05T09:48:28.000Z</time>
      </trkpt>
      <trkpt lat="42.35350350849330425262451171875" lon="1.75651573576033115386962890625">
        <ele>1120.199951171875</ele>
        <time>2026-09-05T09:48:34.000Z</time>
      </trkpt>
      <trkpt lat="42.35351465642452239990234375" lon="1.75655244849622249603271484375">
        <ele>1120</ele>
        <time>2026-09-05T09:48:37.000Z</time>
      </trkpt>
      <trkpt lat="42.3535181768238544464111328125" lon="1.75656502135097980499267578125">
        <ele>1120</ele>
        <time>2026-09-05T09:48:38.000Z</time>
      </trkpt>
      <trkpt lat="42.35352144576609134674072265625" lon="1.7565785162150859832763671875">
        <ele>1120</ele>
        <time>2026-09-05T09:48:39.000Z</time>
      </trkpt>
      <trkpt lat="42.3535289056599140167236328125" lon="1.75660206936299800872802734375">
        <ele>1120</ele>
        <time>2026-09-05T09:48:41.000Z</time>
      </trkpt>
      <trkpt lat="42.353539802134037017822265625" lon="1.756683625280857086181640625">
        <ele>1120</ele>
        <time>2026-09-05T09:48:47.000Z</time>
      </trkpt>
      <trkpt lat="42.353541143238544464111328125" lon="1.75669359974563121795654296875">
        <ele>1120</ele>
        <time>2026-09-05T09:48:48.000Z</time>
      </trkpt>
      <trkpt lat="42.35354843549430370330810546875" lon="1.756699383258819580078125">
        <ele>1120</ele>
        <time>2026-09-05T09:48:54.000Z</time>
      </trkpt>
      <trkpt lat="42.35354843549430370330810546875" lon="1.756699383258819580078125">
        <ele>1119.800048828125</ele>
        <time>2026-09-05T09:48:55.000Z</time>
      </trkpt>
      <trkpt lat="42.3535523749887943267822265625" lon="1.756703071296215057373046875">
        <ele>1120</ele>
        <time>2026-09-05T09:49:01.000Z</time>
      </trkpt>
      <trkpt lat="42.353567965328693389892578125" lon="1.75671824254095554351806640625">
        <ele>1120.5999755859375</ele>
        <time>2026-09-05T09:49:04.000Z</time>
      </trkpt>
      <trkpt lat="42.3536093719303607940673828125" lon="1.7567652650177478790283203125">
        <ele>1120.199951171875</ele>
        <time>2026-09-05T09:49:10.000Z</time>
      </trkpt>
      <trkpt lat="42.353623621165752410888671875" lon="1.756794266402721405029296875">
        <ele>1119.800048828125</ele>
        <time>2026-09-05T09:49:12.000Z</time>
      </trkpt>
      <trkpt lat="42.35363074578344821929931640625" lon="1.75680625252425670623779296875">
        <ele>1119.5999755859375</ele>
        <time>2026-09-05T09:49:13.000Z</time>
      </trkpt>
      <trkpt lat="42.353660166263580322265625" lon="1.7568750679492950439453125">
        <ele>1119.199951171875</ele>
        <time>2026-09-05T09:49:18.000Z</time>
      </trkpt>
      <trkpt lat="42.3536717332899570465087890625" lon="1.75690390169620513916015625">
        <ele>1118.800048828125</ele>
        <time>2026-09-05T09:49:20.000Z</time>
      </trkpt>
      <trkpt lat="42.35368019901216030120849609375" lon="1.75694053061306476593017578125">
        <ele>1118.5999755859375</ele>
        <time>2026-09-05T09:49:22.000Z</time>
      </trkpt>
      <trkpt lat="42.35369143076241016387939453125" lon="1.75696567632257938385009765625">
        <ele>1118.199951171875</ele>
        <time>2026-09-05T09:49:24.000Z</time>
      </trkpt>
      <trkpt lat="42.35372814349830150604248046875" lon="1.757049076259136199951171875">
        <ele>1117.800048828125</ele>
        <time>2026-09-05T09:49:30.000Z</time>
      </trkpt>
      <trkpt lat="42.35373996198177337646484375" lon="1.75705536268651485443115234375">
        <ele>1117.800048828125</ele>
        <time>2026-09-05T09:49:31.000Z</time>
      </trkpt>
      <trkpt lat="42.3537625931203365325927734375" lon="1.7571191489696502685546875">
        <ele>1118</ele>
        <time>2026-09-05T09:49:35.000Z</time>
      </trkpt>
      <trkpt lat="42.35380089841783046722412109375" lon="1.75718762911856174468994140625">
        <ele>1117.5999755859375</ele>
        <time>2026-09-05T09:49:40.000Z</time>
      </trkpt>
      <trkpt lat="42.353808693587779998779296875" lon="1.75719684921205043792724609375">
        <ele>1117.5999755859375</ele>
        <time>2026-09-05T09:49:41.000Z</time>
      </trkpt>
      <trkpt lat="42.353852279484272003173828125" lon="1.757284104824066162109375">
        <ele>1117.4000244140625</ele>
        <time>2026-09-05T09:49:47.000Z</time>
      </trkpt>
      <trkpt lat="42.3538993857800960540771484375" lon="1.75734839402139186859130859375">
        <ele>1116.800048828125</ele>
        <time>2026-09-05T09:49:53.000Z</time>
      </trkpt>
      <trkpt lat="42.3539040796458721160888671875" lon="1.7573674209415912628173828125">
        <ele>1116.5999755859375</ele>
        <time>2026-09-05T09:49:54.000Z</time>
      </trkpt>
      <trkpt lat="42.35391958616673946380615234375" lon="1.7573898844420909881591796875">
        <ele>1116.4000244140625</ele>
        <time>2026-09-05T09:49:56.000Z</time>
      </trkpt>
      <trkpt lat="42.353949509561061859130859375" lon="1.75743171013891696929931640625">
        <ele>1115.800048828125</ele>
        <time>2026-09-05T09:50:00.000Z</time>
      </trkpt>
      <trkpt lat="42.3539578914642333984375" lon="1.757438667118549346923828125">
        <ele>1115.5999755859375</ele>
        <time>2026-09-05T09:50:01.000Z</time>
      </trkpt>
      <trkpt lat="42.35398982651531696319580078125" lon="1.75748459994792938232421875">
        <ele>1115.4000244140625</ele>
        <time>2026-09-05T09:50:05.000Z</time>
      </trkpt>
      <trkpt lat="42.35402033664286136627197265625" lon="1.75755559466779232025146484375">
        <ele>1114.199951171875</ele>
        <time>2026-09-05T09:50:10.000Z</time>
      </trkpt>
      <trkpt lat="42.35402452759444713592529296875" lon="1.75757336430251598358154296875">
        <ele>1114</ele>
        <time>2026-09-05T09:50:11.000Z</time>
      </trkpt>
      <trkpt lat="42.35403508879244327545166015625" lon="1.75765399821102619171142578125">
        <ele>1113.5999755859375</ele>
        <time>2026-09-05T09:50:16.000Z</time>
      </trkpt>
      <trkpt lat="42.35404036939144134521484375" lon="1.75772055052220821380615234375">
        <ele>1113.5999755859375</ele>
        <time>2026-09-05T09:50:20.000Z</time>
      </trkpt>
      <trkpt lat="42.35403391532599925994873046875" lon="1.75774603150784969329833984375">
        <ele>1113</ele>
        <time>2026-09-05T09:50:22.000Z</time>
      </trkpt>
      <trkpt lat="42.3540110327303409576416015625" lon="1.7578076384961605072021484375">
        <ele>1112</ele>
        <time>2026-09-05T09:50:26.000Z</time>
      </trkpt>
      <trkpt lat="42.354003824293613433837890625" lon="1.7578220553696155548095703125">
        <ele>1111.4000244140625</ele>
        <time>2026-09-05T09:50:27.000Z</time>
      </trkpt>
      <trkpt lat="42.3539801873266696929931640625" lon="1.7578612826764583587646484375">
        <ele>1110.5999755859375</ele>
        <time>2026-09-05T09:50:30.000Z</time>
      </trkpt>
      <trkpt lat="42.35394841991364955902099609375" lon="1.75792188383638858795166015625">
        <ele>1109.5999755859375</ele>
        <time>2026-09-05T09:50:35.000Z</time>
      </trkpt>
      <trkpt lat="42.35394238494336605072021484375" lon="1.7579345405101776123046875">
        <ele>1109.4000244140625</ele>
        <time>2026-09-05T09:50:36.000Z</time>
      </trkpt>
      <trkpt lat="42.353904582560062408447265625" lon="1.75801827572286128997802734375">
        <ele>1109</ele>
        <time>2026-09-05T09:50:42.000Z</time>
      </trkpt>
      <trkpt lat="42.3538963682949542999267578125" lon="1.758036799728870391845703125">
        <ele>1108.800048828125</ele>
        <time>2026-09-05T09:50:44.000Z</time>
      </trkpt>
      <trkpt lat="42.35388882458209991455078125" lon="1.75805180333554744720458984375">
        <ele>1108.4000244140625</ele>
        <time>2026-09-05T09:50:48.000Z</time>
      </trkpt>
      <trkpt lat="42.3538869805634021759033203125" lon="1.75805750302970409393310546875">
        <ele>1107.199951171875</ele>
        <time>2026-09-05T09:50:53.000Z</time>
      </trkpt>
      <trkpt lat="42.35386074520647525787353515625" lon="1.7580798827111721038818359375">
        <ele>1107.4000244140625</ele>
        <time>2026-09-05T09:50:59.000Z</time>
      </trkpt>
      <trkpt lat="42.35382822342216968536376953125" lon="1.75810041837394237518310546875">
        <ele>1107.199951171875</ele>
        <time>2026-09-05T09:51:02.000Z</time>
      </trkpt>
      <trkpt lat="42.35382218845188617706298828125" lon="1.75810343585908412933349609375">
        <ele>1107.4000244140625</ele>
        <time>2026-09-05T09:51:06.000Z</time>
      </trkpt>
      <trkpt lat="42.3538269661366939544677734375" lon="1.75810561515390872955322265625">
        <ele>1107.199951171875</ele>
        <time>2026-09-05T09:51:12.000Z</time>
      </trkpt>
      <trkpt lat="42.35382218845188617706298828125" lon="1.75810326822102069854736328125">
        <ele>1107.4000244140625</ele>
        <time>2026-09-05T09:51:15.000Z</time>
      </trkpt>
      <trkpt lat="42.353856302797794342041015625" lon="1.75805582664906978607177734375">
        <ele>1107.199951171875</ele>
        <time>2026-09-05T09:51:21.000Z</time>
      </trkpt>
      <trkpt lat="42.35386510379612445831298828125" lon="1.75804710946977138519287109375">
        <ele>1107</ele>
        <time>2026-09-05T09:51:22.000Z</time>
      </trkpt>
      <trkpt lat="42.35390248708426952362060546875" lon="1.75798726268112659454345703125">
        <ele>1107.4000244140625</ele>
        <time>2026-09-05T09:51:28.000Z</time>
      </trkpt>
      <trkpt lat="42.35390567220747470855712890625" lon="1.75797133706510066986083984375">
        <ele>1107.5999755859375</ele>
        <time>2026-09-05T09:51:29.000Z</time>
      </trkpt>
      <trkpt lat="42.35391589812934398651123046875" lon="1.7579487897455692291259765625">
        <ele>1108.4000244140625</ele>
        <time>2026-09-05T09:51:31.000Z</time>
      </trkpt>
      <trkpt lat="42.3539431393146514892578125" lon="1.75790528766810894012451171875">
        <ele>1108.800048828125</ele>
        <time>2026-09-05T09:51:36.000Z</time>
      </trkpt>
      <trkpt lat="42.35395696945488452911376953125" lon="1.75785633735358715057373046875">
        <ele>1109.199951171875</ele>
        <time>2026-09-05T09:51:40.000Z</time>
      </trkpt>
      <trkpt lat="42.35395747236907482147216796875" lon="1.757847703993320465087890625">
        <ele>1109.4000244140625</ele>
        <time>2026-09-05T09:51:41.000Z</time>
      </trkpt>
      <trkpt lat="42.35396786592900753021240234375" lon="1.757826916873455047607421875">
        <ele>1109.5999755859375</ele>
        <time>2026-09-05T09:51:43.000Z</time>
      </trkpt>
      <trkpt lat="42.35399083234369754791259765625" lon="1.7577781341969966888427734375">
        <ele>1110.4000244140625</ele>
        <time>2026-09-05T09:51:48.000Z</time>
      </trkpt>
      <trkpt lat="42.3539966158568859100341796875" lon="1.7577717639505863189697265625">
        <ele>1110.5999755859375</ele>
        <time>2026-09-05T09:51:49.000Z</time>
      </trkpt>
      <trkpt lat="42.35400457866489887237548828125" lon="1.75771535374224185943603515625">
        <ele>1111.4000244140625</ele>
        <time>2026-09-05T09:51:54.000Z</time>
      </trkpt>
      <trkpt lat="42.35400491394102573394775390625" lon="1.7577030323445796966552734375">
        <ele>1111.4000244140625</ele>
        <time>2026-09-05T09:51:55.000Z</time>
      </trkpt>
      <trkpt lat="42.3540103621780872344970703125" lon="1.757692806422710418701171875">
        <ele>1111.5999755859375</ele>
        <time>2026-09-05T09:51:56.000Z</time>
      </trkpt>
      <trkpt lat="42.35402016900479793548583984375" lon="1.75764620304107666015625">
        <ele>1112.4000244140625</ele>
        <time>2026-09-05T09:52:01.000Z</time>
      </trkpt>
      <trkpt lat="42.35401933081448078155517578125" lon="1.75763656385242938995361328125">
        <ele>1112.5999755859375</ele>
        <time>2026-09-05T09:52:02.000Z</time>
      </trkpt>
      <trkpt lat="42.35401631332933902740478515625" lon="1.75756447948515415191650390625">
        <ele>1113.4000244140625</ele>
        <time>2026-09-05T09:52:08.000Z</time>
      </trkpt>
      <trkpt lat="42.3540254496037960052490234375" lon="1.7575347237288951873779296875">
        <ele>1113.800048828125</ele>
        <time>2026-09-05T09:52:10.000Z</time>
      </trkpt>
      <trkpt lat="42.354027964174747467041015625" lon="1.7575280182063579559326171875">
        <ele>1114.199951171875</ele>
        <time>2026-09-05T09:52:13.000Z</time>
      </trkpt>
      <trkpt lat="42.35404430888593196868896484375" lon="1.7575434409081935882568359375">
        <ele>1114</ele>
        <time>2026-09-05T09:52:18.000Z</time>
      </trkpt>
      <trkpt lat="42.35409409739077091217041015625" lon="1.75758291967213153839111328125">
        <ele>1112.800048828125</ele>
        <time>2026-09-05T09:52:24.000Z</time>
      </trkpt>
      <trkpt lat="42.354099713265895843505859375" lon="1.75759113393723964691162109375">
        <ele>1112.800048828125</ele>
        <time>2026-09-05T09:52:25.000Z</time>
      </trkpt>
      <trkpt lat="42.3541367612779140472412109375" lon="1.75765232183039188385009765625">
        <ele>1111.800048828125</ele>
        <time>2026-09-05T09:52:30.000Z</time>
      </trkpt>
      <trkpt lat="42.35414170660078525543212890625" lon="1.75766288302838802337646484375">
        <ele>1111.5999755859375</ele>
        <time>2026-09-05T09:52:31.000Z</time>
      </trkpt>
      <trkpt lat="42.35415847040712833404541015625" lon="1.75771049223840236663818359375">
        <ele>1110.5999755859375</ele>
        <time>2026-09-05T09:52:35.000Z</time>
      </trkpt>
      <trkpt lat="42.35416165553033351898193359375" lon="1.7577218078076839447021484375">
        <ele>1110.4000244140625</ele>
        <time>2026-09-05T09:52:36.000Z</time>
      </trkpt>
      <trkpt lat="42.3541577160358428955078125" lon="1.75773915834724903106689453125">
        <ele>1109.5999755859375</ele>
        <time>2026-09-05T09:52:42.000Z</time>
      </trkpt>
      <trkpt lat="42.3541577160358428955078125" lon="1.75773915834724903106689453125">
        <ele>1109.5999755859375</ele>
        <time>2026-09-05T09:52:43.000Z</time>
      </trkpt>
      <trkpt lat="42.35415830276906490325927734375" lon="1.75773999653756618499755859375">
        <ele>1109.199951171875</ele>
        <time>2026-09-05T09:52:49.000Z</time>
      </trkpt>
      <trkpt lat="42.35415243543684482574462890625" lon="1.75776044838130474090576171875">
        <ele>1109.4000244140625</ele>
        <time>2026-09-05T09:52:51.000Z</time>
      </trkpt>
      <trkpt lat="42.35414522700011730194091796875" lon="1.75779045559465885162353515625">
        <ele>1109.199951171875</ele>
        <time>2026-09-05T09:52:53.000Z</time>
      </trkpt>
      <trkpt lat="42.35413416288793087005615234375" lon="1.7578244023025035858154296875">
        <ele>1108.199951171875</ele>
        <time>2026-09-05T09:52:56.000Z</time>
      </trkpt>
      <trkpt lat="42.354110777378082275390625" lon="1.75786706618964672088623046875">
        <ele>1107.199951171875</ele>
        <time>2026-09-05T09:53:00.000Z</time>
      </trkpt>
      <trkpt lat="42.35410382039844989776611328125" lon="1.75787620246410369873046875">
        <ele>1107</ele>
        <time>2026-09-05T09:53:01.000Z</time>
      </trkpt>
      <trkpt lat="42.35408705659210681915283203125" lon="1.75791987217962741851806640625">
        <ele>1106.199951171875</ele>
        <time>2026-09-05T09:53:06.000Z</time>
      </trkpt>
      <trkpt lat="42.3540827818214893341064453125" lon="1.75792993046343326568603515625">
        <ele>1106</ele>
        <time>2026-09-05T09:53:07.000Z</time>
      </trkpt>
      <trkpt lat="42.3540794290602207183837890625" lon="1.7579682357609272003173828125">
        <ele>1105</ele>
        <time>2026-09-05T09:53:10.000Z</time>
      </trkpt>
      <trkpt lat="42.35407792031764984130859375" lon="1.7579772882163524627685546875">
        <ele>1104.800048828125</ele>
        <time>2026-09-05T09:53:11.000Z</time>
      </trkpt>
      <trkpt lat="42.35407498665153980255126953125" lon="1.7579917050898075103759765625">
        <ele>1104.5999755859375</ele>
        <time>2026-09-05T09:53:12.000Z</time>
      </trkpt>
      <trkpt lat="42.354065515100955963134765625" lon="1.75799564458429813385009765625">
        <ele>1104.4000244140625</ele>
        <time>2026-09-05T09:53:13.000Z</time>
      </trkpt>
      <trkpt lat="42.35405822284519672393798828125" lon="1.75801291130483150482177734375">
        <ele>1104</ele>
        <time>2026-09-05T09:53:15.000Z</time>
      </trkpt>
      <trkpt lat="42.35405939631164073944091796875" lon="1.7580453492701053619384765625">
        <ele>1103.5999755859375</ele>
        <time>2026-09-05T09:53:17.000Z</time>
      </trkpt>
      <trkpt lat="42.3540584743022918701171875" lon="1.75809220410883426666259765625">
        <ele>1102.800048828125</ele>
        <time>2026-09-05T09:53:22.000Z</time>
      </trkpt>
      <trkpt lat="42.3540499247610569000244140625" lon="1.7581127397716045379638671875">
        <ele>1102.5999755859375</ele>
        <time>2026-09-05T09:53:24.000Z</time>
      </trkpt>
      <trkpt lat="42.35403609462082386016845703125" lon="1.75815783441066741943359375">
        <ele>1101.4000244140625</ele>
        <time>2026-09-05T09:53:29.000Z</time>
      </trkpt>
      <trkpt lat="42.354021258652210235595703125" lon="1.75821457989513874053955078125">
        <ele>1100.4000244140625</ele>
        <time>2026-09-05T09:53:35.000Z</time>
      </trkpt>
      <trkpt lat="42.35402016900479793548583984375" lon="1.7582203634083271026611328125">
        <ele>1100.199951171875</ele>
        <time>2026-09-05T09:53:36.000Z</time>
      </trkpt>
      <trkpt lat="42.35399753786623477935791015625" lon="1.7582679726183414459228515625">
        <ele>1099.4000244140625</ele>
        <time>2026-09-05T09:53:41.000Z</time>
      </trkpt>
      <trkpt lat="42.35399586148560047149658203125" lon="1.75827585160732269287109375">
        <ele>1099.199951171875</ele>
        <time>2026-09-05T09:53:42.000Z</time>
      </trkpt>
      <trkpt lat="42.353982366621494293212890625" lon="1.75830527208745479583740234375">
        <ele>1098.800048828125</ele>
        <time>2026-09-05T09:53:46.000Z</time>
      </trkpt>
      <trkpt lat="42.35396149568259716033935546875" lon="1.75833662040531635284423828125">
        <ele>1098</ele>
        <time>2026-09-05T09:53:49.000Z</time>
      </trkpt>
      <trkpt lat="42.35394188202917575836181640625" lon="1.7584010772407054901123046875">
        <ele>1097.199951171875</ele>
        <time>2026-09-05T09:53:55.000Z</time>
      </trkpt>
      <trkpt lat="42.35393903218209743499755859375" lon="1.758412979543209075927734375">
        <ele>1097.199951171875</ele>
        <time>2026-09-05T09:53:56.000Z</time>
      </trkpt>
      <trkpt lat="42.353933416306972503662109375" lon="1.7584282346069812774658203125">
        <ele>1097</ele>
        <time>2026-09-05T09:53:57.000Z</time>
      </trkpt>
      <trkpt lat="42.35389997251331806182861328125" lon="1.7584852315485477447509765625">
        <ele>1096.5999755859375</ele>
        <time>2026-09-05T09:54:02.000Z</time>
      </trkpt>
      <trkpt lat="42.35386057756841182708740234375" lon="1.75854331813752651214599609375">
        <ele>1095.800048828125</ele>
        <time>2026-09-05T09:54:07.000Z</time>
      </trkpt>
      <trkpt lat="42.3538504354655742645263671875" lon="1.75855346024036407470703125">
        <ele>1095.5999755859375</ele>
        <time>2026-09-05T09:54:08.000Z</time>
      </trkpt>
      <trkpt lat="42.3538249544799327850341796875" lon="1.7585811205208301544189453125">
        <ele>1094.5999755859375</ele>
        <time>2026-09-05T09:54:11.000Z</time>
      </trkpt>
      <trkpt lat="42.3538125492632389068603515625" lon="1.7585952021181583404541015625">
        <ele>1093.4000244140625</ele>
        <time>2026-09-05T09:54:13.000Z</time>
      </trkpt>
      <trkpt lat="42.353788912296295166015625" lon="1.75862445496022701263427734375">
        <ele>1092.4000244140625</ele>
        <time>2026-09-05T09:54:16.000Z</time>
      </trkpt>
      <trkpt lat="42.353787906467914581298828125" lon="1.75863032229244709014892578125">
        <ele>1092.199951171875</ele>
        <time>2026-09-05T09:54:17.000Z</time>
      </trkpt>
      <trkpt lat="42.3537820391356945037841796875" lon="1.75864775665104389190673828125">
        <ele>1092.199951171875</ele>
        <time>2026-09-05T09:54:18.000Z</time>
      </trkpt>
      <trkpt lat="42.35375546850264072418212890625" lon="1.7586954496800899505615234375">
        <ele>1092.800048828125</ele>
        <time>2026-09-05T09:54:22.000Z</time>
      </trkpt>
      <trkpt lat="42.35370668582618236541748046875" lon="1.7587687075138092041015625">
        <ele>1092.199951171875</ele>
        <time>2026-09-05T09:54:28.000Z</time>
      </trkpt>
      <trkpt lat="42.353698723018169403076171875" lon="1.75877876579761505126953125">
        <ele>1091.800048828125</ele>
        <time>2026-09-05T09:54:29.000Z</time>
      </trkpt>
      <trkpt lat="42.35366863198578357696533203125" lon="1.75880961120128631591796875">
        <ele>1091.199951171875</ele>
        <time>2026-09-05T09:54:32.000Z</time>
      </trkpt>
      <trkpt lat="42.35362387262284755706787109375" lon="1.758848838508129119873046875">
        <ele>1090.800048828125</ele>
        <time>2026-09-05T09:54:36.000Z</time>
      </trkpt>
      <trkpt lat="42.3535805381834506988525390625" lon="1.75891597755253314971923828125">
        <ele>1090.4000244140625</ele>
        <time>2026-09-05T09:54:42.000Z</time>
      </trkpt>
      <trkpt lat="42.35356771387159824371337890625" lon="1.75893592648208141326904296875">
        <ele>1090</ele>
        <time>2026-09-05T09:54:44.000Z</time>
      </trkpt>
      <trkpt lat="42.35353351570665836334228515625" lon="1.7589723877608776092529296875">
        <ele>1089</ele>
        <time>2026-09-05T09:54:48.000Z</time>
      </trkpt>
      <trkpt lat="42.353499568998813629150390625" lon="1.7590101063251495361328125">
        <ele>1088.199951171875</ele>
        <time>2026-09-05T09:54:52.000Z</time>
      </trkpt>
      <trkpt lat="42.35347987152636051177978515625" lon="1.75902645103633403778076171875">
        <ele>1088.199951171875</ele>
        <time>2026-09-05T09:54:54.000Z</time>
      </trkpt>
      <trkpt lat="42.35346126370131969451904296875" lon="1.75905595533549785614013671875">
        <ele>1088.800048828125</ele>
        <time>2026-09-05T09:54:57.000Z</time>
      </trkpt>
      <trkpt lat="42.3534504510462284088134765625" lon="1.75906500779092311859130859375">
        <ele>1088.800048828125</ele>
        <time>2026-09-05T09:54:58.000Z</time>
      </trkpt>
      <trkpt lat="42.353410385549068450927734375" lon="1.759109012782573699951171875">
        <ele>1088</ele>
        <time>2026-09-05T09:55:04.000Z</time>
      </trkpt>
      <trkpt lat="42.353402674198150634765625" lon="1.75911680795252323150634765625">
        <ele>1087.800048828125</ele>
        <time>2026-09-05T09:55:05.000Z</time>
      </trkpt>
      <trkpt lat="42.353402338922023773193359375" lon="1.75912602804601192474365234375">
        <ele>1087.5999755859375</ele>
        <time>2026-09-05T09:55:06.000Z</time>
      </trkpt>
      <trkpt lat="42.35339655540883541107177734375" lon="1.759150587022304534912109375">
        <ele>1087.5999755859375</ele>
        <time>2026-09-05T09:55:07.000Z</time>
      </trkpt>
      <trkpt lat="42.3533745110034942626953125" lon="1.75918084569275379180908203125">
        <ele>1087.5999755859375</ele>
        <time>2026-09-05T09:55:10.000Z</time>
      </trkpt>
      <trkpt lat="42.35336822457611560821533203125" lon="1.75920498557388782501220703125">
        <ele>1087.4000244140625</ele>
        <time>2026-09-05T09:55:12.000Z</time>
      </trkpt>
      <trkpt lat="42.35336353071033954620361328125" lon="1.75925712101161479949951171875">
        <ele>1086.5999755859375</ele>
        <time>2026-09-05T09:55:15.000Z</time>
      </trkpt>
      <trkpt lat="42.35335984267294406890869140625" lon="1.759275309741497039794921875">
        <ele>1086.4000244140625</ele>
        <time>2026-09-05T09:55:16.000Z</time>
      </trkpt>
      <trkpt lat="42.35333972610533237457275390625" lon="1.75936055369675159454345703125">
        <ele>1085.4000244140625</ele>
        <time>2026-09-05T09:55:21.000Z</time>
      </trkpt>
      <trkpt lat="42.35333494842052459716796875" lon="1.7593730427324771881103515625">
        <ele>1085.199951171875</ele>
        <time>2026-09-05T09:55:22.000Z</time>
      </trkpt>
      <trkpt lat="42.35331952571868896484375" lon="1.7594025470316410064697265625">
        <ele>1084.199951171875</ele>
        <time>2026-09-05T09:55:25.000Z</time>
      </trkpt>
      <trkpt lat="42.3532881774008274078369140625" lon="1.759462393820285797119140625">
        <ele>1083.4000244140625</ele>
        <time>2026-09-05T09:55:30.000Z</time>
      </trkpt>
      <trkpt lat="42.353241741657257080078125" lon="1.759539507329463958740234375">
        <ele>1083.199951171875</ele>
        <time>2026-09-05T09:55:36.000Z</time>
      </trkpt>
      <trkpt lat="42.3532355390489101409912109375" lon="1.75955124199390411376953125">
        <ele>1083</ele>
        <time>2026-09-05T09:55:37.000Z</time>
      </trkpt>
      <trkpt lat="42.353230006992816925048828125" lon="1.75956205464899539947509765625">
        <ele>1083</ele>
        <time>2026-09-05T09:55:38.000Z</time>
      </trkpt>
      <trkpt lat="42.35317896120250225067138671875" lon="1.75962860696017742156982421875">
        <ele>1082.5999755859375</ele>
        <time>2026-09-05T09:55:44.000Z</time>
      </trkpt>
      <trkpt lat="42.35316990874707698822021484375" lon="1.759644784033298492431640625">
        <ele>1082.800048828125</ele>
        <time>2026-09-05T09:55:45.000Z</time>
      </trkpt>
      <trkpt lat="42.353142164647579193115234375" lon="1.75970857031643390655517578125">
        <ele>1083.199951171875</ele>
        <time>2026-09-05T09:55:50.000Z</time>
      </trkpt>
      <trkpt lat="42.35311567783355712890625" lon="1.7597753740847110748291015625">
        <ele>1082.4000244140625</ele>
        <time>2026-09-05T09:55:55.000Z</time>
      </trkpt>
      <trkpt lat="42.35310318879783153533935546875" lon="1.75979658029973506927490234375">
        <ele>1082.199951171875</ele>
        <time>2026-09-05T09:55:56.000Z</time>
      </trkpt>
      <trkpt lat="42.3530821502208709716796875" lon="1.75983765162527561187744140625">
        <ele>1082</ele>
        <time>2026-09-05T09:56:00.000Z</time>
      </trkpt>
      <trkpt lat="42.35307938419282436370849609375" lon="1.75984553061425685882568359375">
        <ele>1082</ele>
        <time>2026-09-05T09:56:01.000Z</time>
      </trkpt>
      <trkpt lat="42.35304233618080615997314453125" lon="1.75992549397051334381103515625">
        <ele>1081.199951171875</ele>
        <time>2026-09-05T09:56:07.000Z</time>
      </trkpt>
      <trkpt lat="42.353037893772125244140625" lon="1.759938485920429229736328125">
        <ele>1081.199951171875</ele>
        <time>2026-09-05T09:56:08.000Z</time>
      </trkpt>
      <trkpt lat="42.3530102334916591644287109375" lon="1.7599902860820293426513671875">
        <ele>1081</ele>
        <time>2026-09-05T09:56:12.000Z</time>
      </trkpt>
      <trkpt lat="42.35298500396311283111572265625" lon="1.760015599429607391357421875">
        <ele>1080.800048828125</ele>
        <time>2026-09-05T09:56:14.000Z</time>
      </trkpt>
      <trkpt lat="42.3529398255050182342529296875" lon="1.76009430550038814544677734375">
        <ele>1080.199951171875</ele>
        <time>2026-09-05T09:56:20.000Z</time>
      </trkpt>
      <trkpt lat="42.352920882403850555419921875" lon="1.76013956777751445770263671875">
        <ele>1079.800048828125</ele>
        <time>2026-09-05T09:56:23.000Z</time>
      </trkpt>
      <trkpt lat="42.35290906392037868499755859375" lon="1.760208047926425933837890625">
        <ele>1079.199951171875</ele>
        <time>2026-09-05T09:56:28.000Z</time>
      </trkpt>
      <trkpt lat="42.35289380885660648345947265625" lon="1.760307960212230682373046875">
        <ele>1078.800048828125</ele>
        <time>2026-09-05T09:56:34.000Z</time>
      </trkpt>
      <trkpt lat="42.35289263539016246795654296875" lon="1.76032832823693752288818359375">
        <ele>1078.800048828125</ele>
        <time>2026-09-05T09:56:35.000Z</time>
      </trkpt>
      <trkpt lat="42.35288224183022975921630859375" lon="1.76042673178017139434814453125">
        <ele>1078.199951171875</ele>
        <time>2026-09-05T09:56:41.000Z</time>
      </trkpt>
      <trkpt lat="42.35288157127797603607177734375" lon="1.76044349558651447296142578125">
        <ele>1078.199951171875</ele>
        <time>2026-09-05T09:56:42.000Z</time>
      </trkpt>
      <trkpt lat="42.3528710938990116119384765625" lon="1.76053586415946483612060546875">
        <ele>1077.800048828125</ele>
        <time>2026-09-05T09:56:48.000Z</time>
      </trkpt>
      <trkpt lat="42.3528714291751384735107421875" lon="1.7605501972138881683349609375">
        <ele>1077.800048828125</ele>
        <time>2026-09-05T09:56:49.000Z</time>
      </trkpt>
      <trkpt lat="42.352857850492000579833984375" lon="1.760640554130077362060546875">
        <ele>1077.4000244140625</ele>
        <time>2026-09-05T09:56:55.000Z</time>
      </trkpt>
      <trkpt lat="42.352850474417209625244140625" lon="1.7606650292873382568359375">
        <ele>1077.5999755859375</ele>
        <time>2026-09-05T09:56:57.000Z</time>
      </trkpt>
      <trkpt lat="42.35285407863557338714599609375" lon="1.76074993796646595001220703125">
        <ele>1077.4000244140625</ele>
        <time>2026-09-05T09:57:02.000Z</time>
      </trkpt>
      <trkpt lat="42.35284234397113323211669921875" lon="1.760837696492671966552734375">
        <ele>1076.800048828125</ele>
        <time>2026-09-05T09:57:08.000Z</time>
      </trkpt>
      <trkpt lat="42.35284276306629180908203125" lon="1.7608757503330707550048828125">
        <ele>1076.4000244140625</ele>
        <time>2026-09-05T09:57:10.000Z</time>
      </trkpt>
      <trkpt lat="42.3528459481894969940185546875" lon="1.760971136391162872314453125">
        <ele>1076.4000244140625</ele>
        <time>2026-09-05T09:57:16.000Z</time>
      </trkpt>
      <trkpt lat="42.35283429734408855438232421875" lon="1.76107163541018962860107421875">
        <ele>1076.199951171875</ele>
        <time>2026-09-05T09:57:22.000Z</time>
      </trkpt>
      <trkpt lat="42.352833040058612823486328125" lon="1.7611654289066791534423828125">
        <ele>1076.199951171875</ele>
        <time>2026-09-05T09:57:28.000Z</time>
      </trkpt>
      <trkpt lat="42.35282843001186847686767578125" lon="1.76120038144290447235107421875">
        <ele>1076.199951171875</ele>
        <time>2026-09-05T09:57:30.000Z</time>
      </trkpt>
      <trkpt lat="42.35281334258615970611572265625" lon="1.76129945553839206695556640625">
        <ele>1076.4000244140625</ele>
        <time>2026-09-05T09:57:36.000Z</time>
      </trkpt>
      <trkpt lat="42.352808900177478790283203125" lon="1.76133214496076107025146484375">
        <ele>1076.5999755859375</ele>
        <time>2026-09-05T09:57:38.000Z</time>
      </trkpt>
      <trkpt lat="42.35279507003724575042724609375" lon="1.76142451353371143341064453125">
        <ele>1075.5999755859375</ele>
        <time>2026-09-05T09:57:44.000Z</time>
      </trkpt>
      <trkpt lat="42.35278886742889881134033203125" lon="1.76145963370800018310546875">
        <ele>1075.800048828125</ele>
        <time>2026-09-05T09:57:47.000Z</time>
      </trkpt>
      <trkpt lat="42.35279087908565998077392578125" lon="1.7615533433854579925537109375">
        <ele>1076.199951171875</ele>
        <time>2026-09-05T09:57:53.000Z</time>
      </trkpt>
      <trkpt lat="42.35279423184692859649658203125" lon="1.761565916240215301513671875">
        <ele>1076.199951171875</ele>
        <time>2026-09-05T09:57:54.000Z</time>
      </trkpt>
      <trkpt lat="42.3527872748672962188720703125" lon="1.76164445467293262481689453125">
        <ele>1076.199951171875</ele>
        <time>2026-09-05T09:58:00.000Z</time>
      </trkpt>
      <trkpt lat="42.35278668813407421112060546875" lon="1.76172844134271144866943359375">
        <ele>1076</ele>
        <time>2026-09-05T09:58:06.000Z</time>
      </trkpt>
      <trkpt lat="42.35278300009667873382568359375" lon="1.761750318109989166259765625">
        <ele>1076</ele>
        <time>2026-09-05T09:58:07.000Z</time>
      </trkpt>
      <trkpt lat="42.352775372564792633056640625" lon="1.76181812770664691925048828125">
        <ele>1076</ele>
        <time>2026-09-05T09:58:11.000Z</time>
      </trkpt>
      <trkpt lat="42.352771349251270294189453125" lon="1.76185718737542629241943359375">
        <ele>1076</ele>
        <time>2026-09-05T09:58:13.000Z</time>
      </trkpt>
      <trkpt lat="42.3527758754789829254150390625" lon="1.76193731836974620819091796875">
        <ele>1075.199951171875</ele>
        <time>2026-09-05T09:58:19.000Z</time>
      </trkpt>
      <trkpt lat="42.35276095569133758544921875" lon="1.762031614780426025390625">
        <ele>1075.4000244140625</ele>
        <time>2026-09-05T09:58:25.000Z</time>
      </trkpt>
      <trkpt lat="42.35275248996913433074951171875" lon="1.76206606440246105194091796875">
        <ele>1075.199951171875</ele>
        <time>2026-09-05T09:58:27.000Z</time>
      </trkpt>
      <trkpt lat="42.3527517355978488922119140625" lon="1.76209908910095691680908203125">
        <ele>1075.199951171875</ele>
        <time>2026-09-05T09:58:29.000Z</time>
      </trkpt>
      <trkpt lat="42.35273589380085468292236328125" lon="1.76217486150562763214111328125">
        <ele>1075.4000244140625</ele>
        <time>2026-09-05T09:58:34.000Z</time>
      </trkpt>
      <trkpt lat="42.35272835008800029754638671875" lon="1.76225968636572360992431640625">
        <ele>1075.199951171875</ele>
        <time>2026-09-05T09:58:40.000Z</time>
      </trkpt>
      <trkpt lat="42.35273019410669803619384765625" lon="1.7623456008732318878173828125">
        <ele>1075.5999755859375</ele>
        <time>2026-09-05T09:58:46.000Z</time>
      </trkpt>
      <trkpt lat="42.35271628014743328094482421875" lon="1.76242950372397899627685546875">
        <ele>1075.199951171875</ele>
        <time>2026-09-05T09:58:52.000Z</time>
      </trkpt>
      <trkpt lat="42.35271292738616466522216796875" lon="1.7624942958354949951171875">
        <ele>1074.5999755859375</ele>
        <time>2026-09-05T09:58:57.000Z</time>
      </trkpt>
      <trkpt lat="42.35271359793841838836669921875" lon="1.7625269852578639984130859375">
        <ele>1074.5999755859375</ele>
        <time>2026-09-05T09:58:59.000Z</time>
      </trkpt>
      <trkpt lat="42.35270865261554718017578125" lon="1.76259697414934635162353515625">
        <ele>1074.4000244140625</ele>
        <time>2026-09-05T09:59:04.000Z</time>
      </trkpt>
      <trkpt lat="42.35270672477781772613525390625" lon="1.76262714900076389312744140625">
        <ele>1074</ele>
        <time>2026-09-05T09:59:06.000Z</time>
      </trkpt>
      <trkpt lat="42.35271175391972064971923828125" lon="1.76267090253531932830810546875">
        <ele>1073.4000244140625</ele>
        <time>2026-09-05T09:59:09.000Z</time>
      </trkpt>
      <trkpt lat="42.3527066409587860107421875" lon="1.76271532662212848663330078125">
        <ele>1073.5999755859375</ele>
        <time>2026-09-05T09:59:12.000Z</time>
      </trkpt>
      <trkpt lat="42.35269046388566493988037109375" lon="1.76279528997838497161865234375">
        <ele>1074</ele>
        <time>2026-09-05T09:59:18.000Z</time>
      </trkpt>
      <trkpt lat="42.3526977561414241790771484375" lon="1.76287273876368999481201171875">
        <ele>1074</ele>
        <time>2026-09-05T09:59:24.000Z</time>
      </trkpt>
      <trkpt lat="42.3526893742382526397705078125" lon="1.762943901121616363525390625">
        <ele>1073.800048828125</ele>
        <time>2026-09-05T09:59:29.000Z</time>
      </trkpt>
      <trkpt lat="42.3526974208652973175048828125" lon="1.7630111239850521087646484375">
        <ele>1074</ele>
        <time>2026-09-05T09:59:34.000Z</time>
      </trkpt>
      <trkpt lat="42.35270454548299312591552734375" lon="1.7631043307483196258544921875">
        <ele>1074</ele>
        <time>2026-09-05T09:59:40.000Z</time>
      </trkpt>
      <trkpt lat="42.352742515504360198974609375" lon="1.76317247562110424041748046875">
        <ele>1073.800048828125</ele>
        <time>2026-09-05T09:59:46.000Z</time>
      </trkpt>
      <trkpt lat="42.3527963273227214813232421875" lon="1.76321606151759624481201171875">
        <ele>1073.4000244140625</ele>
        <time>2026-09-05T09:59:52.000Z</time>
      </trkpt>
      <trkpt lat="42.35281904228031635284423828125" lon="1.76322611980140209197998046875">
        <ele>1073.4000244140625</ele>
        <time>2026-09-05T09:59:54.000Z</time>
      </trkpt>
      <trkpt lat="42.35287184827029705047607421875" lon="1.76325378008186817169189453125">
        <ele>1073.5999755859375</ele>
        <time>2026-09-05T10:00:00.000Z</time>
      </trkpt>
      <trkpt lat="42.3528891988098621368408203125" lon="1.76326274871826171875">
        <ele>1073.5999755859375</ele>
        <time>2026-09-05T10:00:02.000Z</time>
      </trkpt>
      <trkpt lat="42.352945022284984588623046875" lon="1.76330004818737506866455078125">
        <ele>1074.4000244140625</ele>
        <time>2026-09-05T10:00:07.000Z</time>
      </trkpt>
      <trkpt lat="42.3529579304158687591552734375" lon="1.76330692134797573089599609375">
        <ele>1074.5999755859375</ele>
        <time>2026-09-05T10:00:08.000Z</time>
      </trkpt>
      <trkpt lat="42.35300713218748569488525390625" lon="1.7633376829326152801513671875">
        <ele>1074.5999755859375</ele>
        <time>2026-09-05T10:00:13.000Z</time>
      </trkpt>
      <trkpt lat="42.35301601700484752655029296875" lon="1.76334614865481853485107421875">
        <ele>1074.800048828125</ele>
        <time>2026-09-05T10:00:14.000Z</time>
      </trkpt>
      <trkpt lat="42.35303764231503009796142578125" lon="1.76336324773728847503662109375">
        <ele>1075.4000244140625</ele>
        <time>2026-09-05T10:00:17.000Z</time>
      </trkpt>
      <trkpt lat="42.35304585658013820648193359375" lon="1.76336911506950855255126953125">
        <ele>1075.5999755859375</ele>
        <time>2026-09-05T10:00:18.000Z</time>
      </trkpt>
      <trkpt lat="42.353083156049251556396484375" lon="1.76338705234229564666748046875">
        <ele>1076</ele>
        <time>2026-09-05T10:00:22.000Z</time>
      </trkpt>
      <trkpt lat="42.3531383089721202850341796875" lon="1.76340985111892223358154296875">
        <ele>1076.5999755859375</ele>
        <time>2026-09-05T10:00:27.000Z</time>
      </trkpt>
      <trkpt lat="42.35315716825425624847412109375" lon="1.7634225077927112579345703125">
        <ele>1076.5999755859375</ele>
        <time>2026-09-05T10:00:29.000Z</time>
      </trkpt>
      <trkpt lat="42.35320494510233402252197265625" lon="1.76344186998903751373291015625">
        <ele>1077</ele>
        <time>2026-09-05T10:00:34.000Z</time>
      </trkpt>
      <trkpt lat="42.35321181826293468475341796875" lon="1.76345058716833591461181640625">
        <ele>1077.199951171875</ele>
        <time>2026-09-05T10:00:35.000Z</time>
      </trkpt>
      <trkpt lat="42.35321667976677417755126953125" lon="1.76346533931791782379150390625">
        <ele>1077.199951171875</ele>
        <time>2026-09-05T10:00:36.000Z</time>
      </trkpt>
      <trkpt lat="42.3532321862876415252685546875" lon="1.763522587716579437255859375">
        <ele>1077.4000244140625</ele>
        <time>2026-09-05T10:00:40.000Z</time>
      </trkpt>
      <trkpt lat="42.35325808636844158172607421875" lon="1.76356575451791286468505859375">
        <ele>1077.800048828125</ele>
        <time>2026-09-05T10:00:45.000Z</time>
      </trkpt>
      <trkpt lat="42.3532754369080066680908203125" lon="1.7635770700871944427490234375">
        <ele>1078</ele>
        <time>2026-09-05T10:00:47.000Z</time>
      </trkpt>
      <trkpt lat="42.3533243872225284576416015625" lon="1.7636156268417835235595703125">
        <ele>1076.800048828125</ele>
        <time>2026-09-05T10:00:53.000Z</time>
      </trkpt>
      <trkpt lat="42.35332983545958995819091796875" lon="1.7636219970881938934326171875">
        <ele>1076.800048828125</ele>
        <time>2026-09-05T10:00:54.000Z</time>
      </trkpt>
      <trkpt lat="42.35333939082920551300048828125" lon="1.7636377550661563873291015625">
        <ele>1077.199951171875</ele>
        <time>2026-09-05T10:00:56.000Z</time>
      </trkpt>
      <trkpt lat="42.3533528856933116912841796875" lon="1.76365996710956096649169921875">
        <ele>1078</ele>
        <time>2026-09-05T10:00:59.000Z</time>
      </trkpt>
      <trkpt lat="42.35337375663220882415771484375" lon="1.76368712447583675384521484375">
        <ele>1078.4000244140625</ele>
        <time>2026-09-05T10:01:03.000Z</time>
      </trkpt>
      <trkpt lat="42.353408373892307281494140625" lon="1.76373993046581745147705078125">
        <ele>1078.5999755859375</ele>
        <time>2026-09-05T10:01:09.000Z</time>
      </trkpt>
      <trkpt lat="42.3534281551837921142578125" lon="1.76376189105212688446044921875">
        <ele>1078.5999755859375</ele>
        <time>2026-09-05T10:01:12.000Z</time>
      </trkpt>
      <trkpt lat="42.353470735251903533935546875" lon="1.76380296237766742706298828125">
        <ele>1079</ele>
        <time>2026-09-05T10:01:18.000Z</time>
      </trkpt>
      <trkpt lat="42.35347802750766277313232421875" lon="1.7638080753386020660400390625">
        <ele>1079</ele>
        <time>2026-09-05T10:01:19.000Z</time>
      </trkpt>
      <trkpt lat="42.3535245470702648162841796875" lon="1.7638327181339263916015625">
        <ele>1080</ele>
        <time>2026-09-05T10:01:24.000Z</time>
      </trkpt>
      <trkpt lat="42.35354776494204998016357421875" lon="1.76384654827415943145751953125">
        <ele>1080.5999755859375</ele>
        <time>2026-09-05T10:01:27.000Z</time>
      </trkpt>
      <trkpt lat="42.35357366502285003662109375" lon="1.76385157741606235504150390625">
        <ele>1081</ele>
        <time>2026-09-05T10:01:30.000Z</time>
      </trkpt>
      <trkpt lat="42.3535916022956371307373046875" lon="1.763875298202037811279296875">
        <ele>1081.199951171875</ele>
        <time>2026-09-05T10:01:33.000Z</time>
      </trkpt>
      <trkpt lat="42.35362462699413299560546875" lon="1.763916872441768646240234375">
        <ele>1082.199951171875</ele>
        <time>2026-09-05T10:01:39.000Z</time>
      </trkpt>
      <trkpt lat="42.3536398820579051971435546875" lon="1.76393321715295314788818359375">
        <ele>1083.199951171875</ele>
        <time>2026-09-05T10:01:41.000Z</time>
      </trkpt>
      <trkpt lat="42.3536480963230133056640625" lon="1.76393908448517322540283203125">
        <ele>1083.5999755859375</ele>
        <time>2026-09-05T10:01:42.000Z</time>
      </trkpt>
      <trkpt lat="42.3536990582942962646484375" lon="1.76395886577665805816650390625">
        <ele>1084.5999755859375</ele>
        <time>2026-09-05T10:01:47.000Z</time>
      </trkpt>
      <trkpt lat="42.35370911657810211181640625" lon="1.7639609612524509429931640625">
        <ele>1084.5999755859375</ele>
        <time>2026-09-05T10:01:48.000Z</time>
      </trkpt>
      <trkpt lat="42.35372277908027172088623046875" lon="1.763974539935588836669921875">
        <ele>1084.800048828125</ele>
        <time>2026-09-05T10:01:50.000Z</time>
      </trkpt>
      <trkpt lat="42.35375362448394298553466796875" lon="1.7639985121786594390869140625">
        <ele>1085.199951171875</ele>
        <time>2026-09-05T10:01:54.000Z</time>
      </trkpt>
      <trkpt lat="42.35375764779746532440185546875" lon="1.76400932483375072479248046875">
        <ele>1085.199951171875</ele>
        <time>2026-09-05T10:01:55.000Z</time>
      </trkpt>
      <trkpt lat="42.35377860255539417266845703125" lon="1.76404586993157863616943359375">
        <ele>1085.800048828125</ele>
        <time>2026-09-05T10:01:59.000Z</time>
      </trkpt>
      <trkpt lat="42.35380894504487514495849609375" lon="1.76410672254860401153564453125">
        <ele>1086.4000244140625</ele>
        <time>2026-09-05T10:02:05.000Z</time>
      </trkpt>
      <trkpt lat="42.35384163446724414825439453125" lon="1.76414494402706623077392578125">
        <ele>1086.800048828125</ele>
        <time>2026-09-05T10:02:10.000Z</time>
      </trkpt>
      <trkpt lat="42.35385722480714321136474609375" lon="1.76417260430753231048583984375">
        <ele>1087</ele>
        <time>2026-09-05T10:02:13.000Z</time>
      </trkpt>
      <trkpt lat="42.35391405411064624786376953125" lon="1.76421987824141979217529296875">
        <ele>1087.4000244140625</ele>
        <time>2026-09-05T10:02:19.000Z</time>
      </trkpt>
      <trkpt lat="42.35392796806991100311279296875" lon="1.764246784150600433349609375">
        <ele>1087.4000244140625</ele>
        <time>2026-09-05T10:02:21.000Z</time>
      </trkpt>
      <trkpt lat="42.35395764000713825225830078125" lon="1.76427754573523998260498046875">
        <ele>1087.800048828125</ele>
        <time>2026-09-05T10:02:25.000Z</time>
      </trkpt>
      <trkpt lat="42.35397054813802242279052734375" lon="1.76429145969450473785400390625">
        <ele>1087.800048828125</ele>
        <time>2026-09-05T10:02:27.000Z</time>
      </trkpt>
      <trkpt lat="42.35399234108626842498779296875" lon="1.76431811414659023284912109375">
        <ele>1087.800048828125</ele>
        <time>2026-09-05T10:02:30.000Z</time>
      </trkpt>
      <trkpt lat="42.35400776378810405731201171875" lon="1.7643317766487598419189453125">
        <ele>1087.800048828125</ele>
        <time>2026-09-05T10:02:32.000Z</time>
      </trkpt>
      <trkpt lat="42.3540167324244976043701171875" lon="1.7643423378467559814453125">
        <ele>1087.800048828125</ele>
        <time>2026-09-05T10:02:33.000Z</time>
      </trkpt>
      <trkpt lat="42.35406911931931972503662109375" lon="1.76438634283840656280517578125">
        <ele>1088.199951171875</ele>
        <time>2026-09-05T10:02:39.000Z</time>
      </trkpt>
      <trkpt lat="42.35411169938743114471435546875" lon="1.7644199542701244354248046875">
        <ele>1087.800048828125</ele>
        <time>2026-09-05T10:02:44.000Z</time>
      </trkpt>
      <trkpt lat="42.35416266135871410369873046875" lon="1.76446127705276012420654296875">
        <ele>1088</ele>
        <time>2026-09-05T10:02:50.000Z</time>
      </trkpt>
      <trkpt lat="42.35417976044118404388427734375" lon="1.76447737030684947967529296875">
        <ele>1088.199951171875</ele>
        <time>2026-09-05T10:02:52.000Z</time>
      </trkpt>
      <trkpt lat="42.3542292974889278411865234375" lon="1.76453336142003536224365234375">
        <ele>1087.800048828125</ele>
        <time>2026-09-05T10:02:58.000Z</time>
      </trkpt>
      <trkpt lat="42.3542423732578754425048828125" lon="1.76458415575325489044189453125">
        <ele>1087.5999755859375</ele>
        <time>2026-09-05T10:03:02.000Z</time>
      </trkpt>
      <trkpt lat="42.35423977486789226531982421875" lon="1.7646274901926517486572265625">
        <ele>1087.800048828125</ele>
        <time>2026-09-05T10:03:05.000Z</time>
      </trkpt>
      <trkpt lat="42.35422812402248382568359375" lon="1.76470150239765644073486328125">
        <ele>1088</ele>
        <time>2026-09-05T10:03:10.000Z</time>
      </trkpt>
      <trkpt lat="42.3542162217199802398681640625" lon="1.7647780291736125946044921875">
        <ele>1088.199951171875</ele>
        <time>2026-09-05T10:03:16.000Z</time>
      </trkpt>
      <trkpt lat="42.35420775599777698516845703125" lon="1.76481214351952075958251953125">
        <ele>1088.5999755859375</ele>
        <time>2026-09-05T10:03:19.000Z</time>
      </trkpt>
      <trkpt lat="42.3542041517794132232666015625" lon="1.7648226208984851837158203125">
        <ele>1089</ele>
        <time>2026-09-05T10:03:20.000Z</time>
      </trkpt>
      <trkpt lat="42.3542085103690624237060546875" lon="1.76488355733454227447509765625">
        <ele>1089.4000244140625</ele>
        <time>2026-09-05T10:03:26.000Z</time>
      </trkpt>
      <trkpt lat="42.35421211458742618560791015625" lon="1.76489428617060184478759765625">
        <ele>1089.4000244140625</ele>
        <time>2026-09-05T10:03:27.000Z</time>
      </trkpt>
      <trkpt lat="42.3542524315416812896728515625" lon="1.7649351060390472412109375">
        <ele>1089.199951171875</ele>
        <time>2026-09-05T10:03:33.000Z</time>
      </trkpt>
      <trkpt lat="42.3542582988739013671875" lon="1.764938794076442718505859375">
        <ele>1089.199951171875</ele>
        <time>2026-09-05T10:03:34.000Z</time>
      </trkpt>
      <trkpt lat="42.3542859591543674468994140625" lon="1.764956228435039520263671875">
        <ele>1089.5999755859375</ele>
        <time>2026-09-05T10:03:37.000Z</time>
      </trkpt>
      <trkpt lat="42.3542919941246509552001953125" lon="1.76495899446308612823486328125">
        <ele>1090</ele>
        <time>2026-09-05T10:03:38.000Z</time>
      </trkpt>
      <trkpt lat="42.35430615954101085662841796875" lon="1.7649738304316997528076171875">
        <ele>1090.199951171875</ele>
        <time>2026-09-05T10:03:40.000Z</time>
      </trkpt>
      <trkpt lat="42.3543674312531948089599609375" lon="1.765007190406322479248046875">
        <ele>1090.4000244140625</ele>
        <time>2026-09-05T10:03:46.000Z</time>
      </trkpt>
      <trkpt lat="42.3543778248131275177001953125" lon="1.76501716487109661102294921875">
        <ele>1090.4000244140625</ele>
        <time>2026-09-05T10:03:47.000Z</time>
      </trkpt>
      <trkpt lat="42.35443373210728168487548828125" lon="1.76507567055523395538330078125">
        <ele>1090</ele>
        <time>2026-09-05T10:03:53.000Z</time>
      </trkpt>
      <trkpt lat="42.35444144345819950103759765625" lon="1.7650794424116611480712890625">
        <ele>1090</ele>
        <time>2026-09-05T10:03:54.000Z</time>
      </trkpt>
      <trkpt lat="42.3544616438448429107666015625" lon="1.765096373856067657470703125">
        <ele>1089.5999755859375</ele>
        <time>2026-09-05T10:03:56.000Z</time>
      </trkpt>
      <trkpt lat="42.35448569990694522857666015625" lon="1.7651062645018100738525390625">
        <ele>1089.199951171875</ele>
        <time>2026-09-05T10:04:00.000Z</time>
      </trkpt>
      <trkpt lat="42.35448687337338924407958984375" lon="1.7651065997779369354248046875">
        <ele>1089.5999755859375</ele>
        <time>2026-09-05T10:04:05.000Z</time>
      </trkpt>
      <trkpt lat="42.35451377928256988525390625" lon="1.76513065584003925323486328125">
        <ele>1089</ele>
        <time>2026-09-05T10:04:09.000Z</time>
      </trkpt>
      <trkpt lat="42.35457706265151500701904296875" lon="1.7651832103729248046875">
        <ele>1088.5999755859375</ele>
        <time>2026-09-05T10:04:15.000Z</time>
      </trkpt>
      <trkpt lat="42.35459248535335063934326171875" lon="1.7651910893619060516357421875">
        <ele>1088.4000244140625</ele>
        <time>2026-09-05T10:04:17.000Z</time>
      </trkpt>
      <trkpt lat="42.3546507395803928375244140625" lon="1.7652328312397003173828125">
        <ele>1089.199951171875</ele>
        <time>2026-09-05T10:04:23.000Z</time>
      </trkpt>
      <trkpt lat="42.35465954057872295379638671875" lon="1.76523861475288867950439453125">
        <ele>1089.199951171875</ele>
        <time>2026-09-05T10:04:24.000Z</time>
      </trkpt>
      <trkpt lat="42.354723997414112091064453125" lon="1.7652946896851062774658203125">
        <ele>1088.4000244140625</ele>
        <time>2026-09-05T10:04:30.000Z</time>
      </trkpt>
      <trkpt lat="42.3547446168959140777587890625" lon="1.765305586159229278564453125">
        <ele>1088.4000244140625</ele>
        <time>2026-09-05T10:04:32.000Z</time>
      </trkpt>
      <trkpt lat="42.35477437265217304229736328125" lon="1.76536316983401775360107421875">
        <ele>1088.4000244140625</ele>
        <time>2026-09-05T10:04:38.000Z</time>
      </trkpt>
      <trkpt lat="42.3547732830047607421875" lon="1.765363253653049468994140625">
        <ele>1088.4000244140625</ele>
        <time>2026-09-05T10:04:39.000Z</time>
      </trkpt>
      <trkpt lat="42.3547727800905704498291015625" lon="1.76536266691982746124267578125">
        <ele>1087.800048828125</ele>
        <time>2026-09-05T10:04:42.000Z</time>
      </trkpt>
      <trkpt lat="42.3547727800905704498291015625" lon="1.76536266691982746124267578125">
        <ele>1088.4000244140625</ele>
        <time>2026-09-05T10:04:48.000Z</time>
      </trkpt>
      <trkpt lat="42.3547727800905704498291015625" lon="1.76536266691982746124267578125">
        <ele>1088.199951171875</ele>
        <time>2026-09-05T10:04:49.000Z</time>
      </trkpt>
      <trkpt lat="42.35479465685784816741943359375" lon="1.7653615772724151611328125">
        <ele>1087.800048828125</ele>
        <time>2026-09-05T10:04:55.000Z</time>
      </trkpt>
      <trkpt lat="42.35482030548155307769775390625" lon="1.76536652259528636932373046875">
        <ele>1087.800048828125</ele>
        <time>2026-09-05T10:04:57.000Z</time>
      </trkpt>
      <trkpt lat="42.35487855970859527587890625" lon="1.7653999663889408111572265625">
        <ele>1087.5999755859375</ele>
        <time>2026-09-05T10:05:03.000Z</time>
      </trkpt>
      <trkpt lat="42.3548881150782108306884765625" lon="1.765406168997287750244140625">
        <ele>1087.5999755859375</ele>
        <time>2026-09-05T10:05:04.000Z</time>
      </trkpt>
      <trkpt lat="42.3549464531242847442626953125" lon="1.7654472403228282928466796875">
        <ele>1087.5999755859375</ele>
        <time>2026-09-05T10:05:10.000Z</time>
      </trkpt>
      <trkpt lat="42.3549699224531650543212890625" lon="1.76546291448175907135009765625">
        <ele>1087.5999755859375</ele>
        <time>2026-09-05T10:05:12.000Z</time>
      </trkpt>
      <trkpt lat="42.35503387637436389923095703125" lon="1.76550197415053844451904296875">
        <ele>1087.4000244140625</ele>
        <time>2026-09-05T10:05:18.000Z</time>
      </trkpt>
      <trkpt lat="42.35504485666751861572265625" lon="1.76550666801631450653076171875">
        <ele>1087.4000244140625</ele>
        <time>2026-09-05T10:05:19.000Z</time>
      </trkpt>
      <trkpt lat="42.3550909571349620819091796875" lon="1.76553256809711456298828125">
        <ele>1087.199951171875</ele>
        <time>2026-09-05T10:05:23.000Z</time>
      </trkpt>
      <trkpt lat="42.35511048696935176849365234375" lon="1.7655401118099689483642578125">
        <ele>1087</ele>
        <time>2026-09-05T10:05:25.000Z</time>
      </trkpt>
      <trkpt lat="42.355119623243808746337890625" lon="1.765544973313808441162109375">
        <ele>1087.199951171875</ele>
        <time>2026-09-05T10:05:26.000Z</time>
      </trkpt>
      <trkpt lat="42.35515893436968326568603515625" lon="1.76556617952883243560791015625">
        <ele>1087</ele>
        <time>2026-09-05T10:05:32.000Z</time>
      </trkpt>
      <trkpt lat="42.35516379587352275848388671875" lon="1.7655676044523715972900390625">
        <ele>1086.5999755859375</ele>
        <time>2026-09-05T10:05:33.000Z</time>
      </trkpt>
      <trkpt lat="42.355191372334957122802734375" lon="1.7655790038406848907470703125">
        <ele>1085.5999755859375</ele>
        <time>2026-09-05T10:05:36.000Z</time>
      </trkpt>
      <trkpt lat="42.35522431321442127227783203125" lon="1.76559585146605968475341796875">
        <ele>1085.5999755859375</ele>
        <time>2026-09-05T10:05:40.000Z</time>
      </trkpt>
      <trkpt lat="42.35525138676166534423828125" lon="1.7656158842146396636962890625">
        <ele>1085.5999755859375</ele>
        <time>2026-09-05T10:05:43.000Z</time>
      </trkpt>
      <trkpt lat="42.35531450249254703521728515625" lon="1.765646226704120635986328125">
        <ele>1085.199951171875</ele>
        <time>2026-09-05T10:05:49.000Z</time>
      </trkpt>
      <trkpt lat="42.3553699068725109100341796875" lon="1.76569593138992786407470703125">
        <ele>1086</ele>
        <time>2026-09-05T10:05:55.000Z</time>
      </trkpt>
      <trkpt lat="42.3554168455302715301513671875" lon="1.765727698802947998046875">
        <ele>1085.5999755859375</ele>
        <time>2026-09-05T10:06:00.000Z</time>
      </trkpt>
      <trkpt lat="42.35547375865280628204345703125" lon="1.76575762219727039337158203125">
        <ele>1085.4000244140625</ele>
        <time>2026-09-05T10:06:06.000Z</time>
      </trkpt>
      <trkpt lat="42.35548163764178752899169921875" lon="1.7657644115388393402099609375">
        <ele>1085.199951171875</ele>
        <time>2026-09-05T10:06:07.000Z</time>
      </trkpt>
      <trkpt lat="42.3555365391075611114501953125" lon="1.7658121883869171142578125">
        <ele>1085</ele>
        <time>2026-09-05T10:06:13.000Z</time>
      </trkpt>
      <trkpt lat="42.3555958829820156097412109375" lon="1.76585309207439422607421875">
        <ele>1084.800048828125</ele>
        <time>2026-09-05T10:06:19.000Z</time>
      </trkpt>
      <trkpt lat="42.3556183464825153350830078125" lon="1.76587698049843311309814453125">
        <ele>1085</ele>
        <time>2026-09-05T10:06:21.000Z</time>
      </trkpt>
      <trkpt lat="42.35566176474094390869140625" lon="1.76591746509075164794921875">
        <ele>1084.5999755859375</ele>
        <time>2026-09-05T10:06:26.000Z</time>
      </trkpt>
      <trkpt lat="42.35567894764244556427001953125" lon="1.765941269695758819580078125">
        <ele>1084.4000244140625</ele>
        <time>2026-09-05T10:06:28.000Z</time>
      </trkpt>
      <trkpt lat="42.35573477111756801605224609375" lon="1.76599583588540554046630859375">
        <ele>1084.199951171875</ele>
        <time>2026-09-05T10:06:34.000Z</time>
      </trkpt>
      <trkpt lat="42.35575497150421142578125" lon="1.7660182155668735504150390625">
        <ele>1084</ele>
        <time>2026-09-05T10:06:36.000Z</time>
      </trkpt>
      <trkpt lat="42.35577584244310855865478515625" lon="1.7660356499254703521728515625">
        <ele>1083.5999755859375</ele>
        <time>2026-09-05T10:06:38.000Z</time>
      </trkpt>
      <trkpt lat="42.3558235354721546173095703125" lon="1.766068674623966217041015625">
        <ele>1083.4000244140625</ele>
        <time>2026-09-05T10:06:43.000Z</time>
      </trkpt>
      <trkpt lat="42.3558828793466091156005859375" lon="1.766117624938488006591796875">
        <ele>1083.5999755859375</ele>
        <time>2026-09-05T10:06:49.000Z</time>
      </trkpt>
      <trkpt lat="42.35590425319969654083251953125" lon="1.7661312036216259002685546875">
        <ele>1083.4000244140625</ele>
        <time>2026-09-05T10:06:51.000Z</time>
      </trkpt>
      <trkpt lat="42.35596812330186367034912109375" lon="1.76616598851978778839111328125">
        <ele>1083.199951171875</ele>
        <time>2026-09-05T10:06:57.000Z</time>
      </trkpt>
      <trkpt lat="42.35598823986947536468505859375" lon="1.76618074066936969757080078125">
        <ele>1082.800048828125</ele>
        <time>2026-09-05T10:06:59.000Z</time>
      </trkpt>
      <trkpt lat="42.35604372806847095489501953125" lon="1.76623119972646236419677734375">
        <ele>1082.5999755859375</ele>
        <time>2026-09-05T10:07:05.000Z</time>
      </trkpt>
      <trkpt lat="42.3561103641986846923828125" lon="1.76625098101794719696044921875">
        <ele>1082.199951171875</ele>
        <time>2026-09-05T10:07:11.000Z</time>
      </trkpt>
      <trkpt lat="42.3561720550060272216796875" lon="1.76628417335450649261474609375">
        <ele>1081.800048828125</ele>
        <time>2026-09-05T10:07:17.000Z</time>
      </trkpt>
      <trkpt lat="42.35618353821337223052978515625" lon="1.76629456691443920135498046875">
        <ele>1081.800048828125</ele>
        <time>2026-09-05T10:07:18.000Z</time>
      </trkpt>
      <trkpt lat="42.3562459833920001983642578125" lon="1.7663352191448211669921875">
        <ele>1082</ele>
        <time>2026-09-05T10:07:24.000Z</time>
      </trkpt>
      <trkpt lat="42.3562634177505970001220703125" lon="1.7663521505892276763916015625">
        <ele>1082.199951171875</ele>
        <time>2026-09-05T10:07:26.000Z</time>
      </trkpt>
      <trkpt lat="42.3563157208263874053955078125" lon="1.7663950659334659576416015625">
        <ele>1081.5999755859375</ele>
        <time>2026-09-05T10:07:32.000Z</time>
      </trkpt>
      <trkpt lat="42.3563274554908275604248046875" lon="1.76640235818922519683837890625">
        <ele>1081.4000244140625</ele>
        <time>2026-09-05T10:07:33.000Z</time>
      </trkpt>
      <trkpt lat="42.35638772137463092803955078125" lon="1.76644359715282917022705078125">
        <ele>1081</ele>
        <time>2026-09-05T10:07:39.000Z</time>
      </trkpt>
      <trkpt lat="42.3564000427722930908203125" lon="1.7664460279047489166259765625">
        <ele>1081</ele>
        <time>2026-09-05T10:07:40.000Z</time>
      </trkpt>
      <trkpt lat="42.35646106302738189697265625" lon="1.7664815671741962432861328125">
        <ele>1080.800048828125</ele>
        <time>2026-09-05T10:07:46.000Z</time>
      </trkpt>
      <trkpt lat="42.35647179186344146728515625" lon="1.766489110887050628662109375">
        <ele>1080.5999755859375</ele>
        <time>2026-09-05T10:07:47.000Z</time>
      </trkpt>
      <trkpt lat="42.35649266280233860015869140625" lon="1.7665000073611736297607421875">
        <ele>1080.4000244140625</ele>
        <time>2026-09-05T10:07:49.000Z</time>
      </trkpt>
      <trkpt lat="42.3565323092043399810791015625" lon="1.76653915084898471832275390625">
        <ele>1079.800048828125</ele>
        <time>2026-09-05T10:07:54.000Z</time>
      </trkpt>
      <trkpt lat="42.3565846122801303863525390625" lon="1.7665700800716876983642578125">
        <ele>1079.4000244140625</ele>
        <time>2026-09-05T10:07:59.000Z</time>
      </trkpt>
      <trkpt lat="42.356616966426372528076171875" lon="1.7666173540055751800537109375">
        <ele>1078.800048828125</ele>
        <time>2026-09-05T10:08:03.000Z</time>
      </trkpt>
      <trkpt lat="42.3566288687288761138916015625" lon="1.76664476282894611358642578125">
        <ele>1078</ele>
        <time>2026-09-05T10:08:05.000Z</time>
      </trkpt>
      <trkpt lat="42.3566523380577564239501953125" lon="1.766678206622600555419921875">
        <ele>1077</ele>
        <time>2026-09-05T10:08:08.000Z</time>
      </trkpt>
      <trkpt lat="42.3566789925098419189453125" lon="1.7667067050933837890625">
        <ele>1076.800048828125</ele>
        <time>2026-09-05T10:08:11.000Z</time>
      </trkpt>
      <trkpt lat="42.356730289757251739501953125" lon="1.76677736453711986541748046875">
        <ele>1076.199951171875</ele>
        <time>2026-09-05T10:08:17.000Z</time>
      </trkpt>
      <trkpt lat="42.35675384290516376495361328125" lon="1.7668161727488040924072265625">
        <ele>1076.199951171875</ele>
        <time>2026-09-05T10:08:20.000Z</time>
      </trkpt>
      <trkpt lat="42.35679541714489459991455078125" lon="1.7668617703020572662353515625">
        <ele>1077.199951171875</ele>
        <time>2026-09-05T10:08:26.000Z</time>
      </trkpt>
      <trkpt lat="42.356805391609668731689453125" lon="1.7668657936155796051025390625">
        <ele>1077.199951171875</ele>
        <time>2026-09-05T10:08:27.000Z</time>
      </trkpt>
      <trkpt lat="42.35686163417994976043701171875" lon="1.76690124906599521636962890625">
        <ele>1077.4000244140625</ele>
        <time>2026-09-05T10:08:33.000Z</time>
      </trkpt>
      <trkpt lat="42.3568903841078281402587890625" lon="1.766915582120418548583984375">
        <ele>1077.4000244140625</ele>
        <time>2026-09-05T10:08:36.000Z</time>
      </trkpt>
      <trkpt lat="42.3569195531308650970458984375" lon="1.76692371256649494171142578125">
        <ele>1077.5999755859375</ele>
        <time>2026-09-05T10:08:39.000Z</time>
      </trkpt>
      <trkpt lat="42.35697529278695583343505859375" lon="1.76695204339921474456787109375">
        <ele>1077.800048828125</ele>
        <time>2026-09-05T10:08:45.000Z</time>
      </trkpt>
      <trkpt lat="42.3569852672517299652099609375" lon="1.76695506088435649871826171875">
        <ele>1077.800048828125</ele>
        <time>2026-09-05T10:08:46.000Z</time>
      </trkpt>
      <trkpt lat="42.357044108211994171142578125" lon="1.76698037423193454742431640625">
        <ele>1077.4000244140625</ele>
        <time>2026-09-05T10:08:52.000Z</time>
      </trkpt>
      <trkpt lat="42.35707336105406284332275390625" lon="1.76699982024729251861572265625">
        <ele>1077.199951171875</ele>
        <time>2026-09-05T10:08:55.000Z</time>
      </trkpt>
      <trkpt lat="42.35712683759629726409912109375" lon="1.7670448310673236846923828125">
        <ele>1077</ele>
        <time>2026-09-05T10:09:01.000Z</time>
      </trkpt>
      <trkpt lat="42.35717427916824817657470703125" lon="1.76708732731640338897705078125">
        <ele>1076.800048828125</ele>
        <time>2026-09-05T10:09:06.000Z</time>
      </trkpt>
      <trkpt lat="42.35723798163235187530517578125" lon="1.76712370477616786956787109375">
        <ele>1076.800048828125</ele>
        <time>2026-09-05T10:09:12.000Z</time>
      </trkpt>
      <trkpt lat="42.35724854283034801483154296875" lon="1.76713041029870510101318359375">
        <ele>1076.800048828125</ele>
        <time>2026-09-05T10:09:13.000Z</time>
      </trkpt>
      <trkpt lat="42.35728659667074680328369140625" lon="1.7671521194279193878173828125">
        <ele>1076.4000244140625</ele>
        <time>2026-09-05T10:09:17.000Z</time>
      </trkpt>
      <trkpt lat="42.35734459944069385528564453125" lon="1.76718858070671558380126953125">
        <ele>1076.199951171875</ele>
        <time>2026-09-05T10:09:23.000Z</time>
      </trkpt>
      <trkpt lat="42.3573534004390239715576171875" lon="1.76719243638217449188232421875">
        <ele>1076.199951171875</ele>
        <time>2026-09-05T10:09:24.000Z</time>
      </trkpt>
      <trkpt lat="42.35741433687508106231689453125" lon="1.76722495816648006439208984375">
        <ele>1076</ele>
        <time>2026-09-05T10:09:30.000Z</time>
      </trkpt>
      <trkpt lat="42.35745892859995365142822265625" lon="1.7672426439821720123291015625">
        <ele>1076</ele>
        <time>2026-09-05T10:09:34.000Z</time>
      </trkpt>
      <trkpt lat="42.35749966464936733245849609375" lon="1.7672600783407688140869140625">
        <ele>1075.800048828125</ele>
        <time>2026-09-05T10:09:38.000Z</time>
      </trkpt>
      <trkpt lat="42.3575435020029544830322265625" lon="1.76728648133575916290283203125">
        <ele>1076.5999755859375</ele>
        <time>2026-09-05T10:09:42.000Z</time>
      </trkpt>
      <trkpt lat="42.35756537877023220062255859375" lon="1.76730014383792877197265625">
        <ele>1077</ele>
        <time>2026-09-05T10:09:44.000Z</time>
      </trkpt>
      <trkpt lat="42.357616089284420013427734375" lon="1.7673328332602977752685546875">
        <ele>1076.5999755859375</ele>
        <time>2026-09-05T10:09:49.000Z</time>
      </trkpt>
      <trkpt lat="42.3576705716550350189208984375" lon="1.76736610941588878631591796875">
        <ele>1077</ele>
        <time>2026-09-05T10:09:55.000Z</time>
      </trkpt>
      <trkpt lat="42.357733435928821563720703125" lon="1.76739762537181377410888671875">
        <ele>1076.5999755859375</ele>
        <time>2026-09-05T10:10:01.000Z</time>
      </trkpt>
      <trkpt lat="42.35774575732648372650146484375" lon="1.767405755817890167236328125">
        <ele>1076.5999755859375</ele>
        <time>2026-09-05T10:10:02.000Z</time>
      </trkpt>
      <trkpt lat="42.35780887305736541748046875" lon="1.76743433810770511627197265625">
        <ele>1076.5999755859375</ele>
        <time>2026-09-05T10:10:08.000Z</time>
      </trkpt>
      <trkpt lat="42.35781666822731494903564453125" lon="1.76744095981121063232421875">
        <ele>1076.5999755859375</ele>
        <time>2026-09-05T10:10:09.000Z</time>
      </trkpt>
      <trkpt lat="42.3578774370253086090087890625" lon="1.7674729786813259124755859375">
        <ele>1076.4000244140625</ele>
        <time>2026-09-05T10:10:15.000Z</time>
      </trkpt>
      <trkpt lat="42.35788774676620960235595703125" lon="1.76748211495578289031982421875">
        <ele>1076.4000244140625</ele>
        <time>2026-09-05T10:10:16.000Z</time>
      </trkpt>
      <trkpt lat="42.35795027576386928558349609375" lon="1.76752637140452861785888671875">
        <ele>1076</ele>
        <time>2026-09-05T10:10:22.000Z</time>
      </trkpt>
      <trkpt lat="42.35795916058123111724853515625" lon="1.7675329931080341339111328125">
        <ele>1075.800048828125</ele>
        <time>2026-09-05T10:10:23.000Z</time>
      </trkpt>
      <trkpt lat="42.3579880781471729278564453125" lon="1.76755554042756557464599609375">
        <ele>1075</ele>
        <time>2026-09-05T10:10:26.000Z</time>
      </trkpt>
      <trkpt lat="42.358045242726802825927734375" lon="1.76759786903858184814453125">
        <ele>1074.800048828125</ele>
        <time>2026-09-05T10:10:32.000Z</time>
      </trkpt>
      <trkpt lat="42.358064018189907073974609375" lon="1.76761203445494174957275390625">
        <ele>1074.800048828125</ele>
        <time>2026-09-05T10:10:34.000Z</time>
      </trkpt>
      <trkpt lat="42.35812076367437839508056640625" lon="1.767659895122051239013671875">
        <ele>1074.4000244140625</ele>
        <time>2026-09-05T10:10:40.000Z</time>
      </trkpt>
      <trkpt lat="42.3581563867628574371337890625" lon="1.7676862142980098724365234375">
        <ele>1075.199951171875</ele>
        <time>2026-09-05T10:10:44.000Z</time>
      </trkpt>
      <trkpt lat="42.35821514390408992767333984375" lon="1.767744384706020355224609375">
        <ele>1075.199951171875</ele>
        <time>2026-09-05T10:10:50.000Z</time>
      </trkpt>
      <trkpt lat="42.3582750745117664337158203125" lon="1.76779828034341335296630859375">
        <ele>1075.199951171875</ele>
        <time>2026-09-05T10:10:56.000Z</time>
      </trkpt>
      <trkpt lat="42.358294017612934112548828125" lon="1.76781470887362957000732421875">
        <ele>1075.4000244140625</ele>
        <time>2026-09-05T10:10:58.000Z</time>
      </trkpt>
      <trkpt lat="42.35834724269807338714599609375" lon="1.76786064170300960540771484375">
        <ele>1074.800048828125</ele>
        <time>2026-09-05T10:11:04.000Z</time>
      </trkpt>
      <trkpt lat="42.35836543142795562744140625" lon="1.76787950098514556884765625">
        <ele>1074.5999755859375</ele>
        <time>2026-09-05T10:11:06.000Z</time>
      </trkpt>
      <trkpt lat="42.35842720605432987213134765625" lon="1.76793582737445831298828125">
        <ele>1074</ele>
        <time>2026-09-05T10:11:12.000Z</time>
      </trkpt>
      <trkpt lat="42.35843743197619915008544921875" lon="1.76794513128697872161865234375">
        <ele>1073.800048828125</ele>
        <time>2026-09-05T10:11:13.000Z</time>
      </trkpt>
      <trkpt lat="42.358498871326446533203125" lon="1.7679926566779613494873046875">
        <ele>1074</ele>
        <time>2026-09-05T10:11:19.000Z</time>
      </trkpt>
      <trkpt lat="42.35851052217185497283935546875" lon="1.7679996974766254425048828125">
        <ele>1074</ele>
        <time>2026-09-05T10:11:20.000Z</time>
      </trkpt>
      <trkpt lat="42.358572296798229217529296875" lon="1.7680489830672740936279296875">
        <ele>1074.199951171875</ele>
        <time>2026-09-05T10:11:26.000Z</time>
      </trkpt>
      <trkpt lat="42.35860054381191730499267578125" lon="1.768072955310344696044921875">
        <ele>1074.199951171875</ele>
        <time>2026-09-05T10:11:29.000Z</time>
      </trkpt>
      <trkpt lat="42.35866491682827472686767578125" lon="1.7681242525577545166015625">
        <ele>1073.5999755859375</ele>
        <time>2026-09-05T10:11:35.000Z</time>
      </trkpt>
      <trkpt lat="42.3586745560169219970703125" lon="1.76813037134706974029541015625">
        <ele>1073.4000244140625</ele>
        <time>2026-09-05T10:11:36.000Z</time>
      </trkpt>
      <trkpt lat="42.35873716883361339569091796875" lon="1.76818267442286014556884765625">
        <ele>1073.199951171875</ele>
        <time>2026-09-05T10:11:42.000Z</time>
      </trkpt>
      <trkpt lat="42.358759380877017974853515625" lon="1.76819625310599803924560546875">
        <ele>1073.199951171875</ele>
        <time>2026-09-05T10:11:44.000Z</time>
      </trkpt>
      <trkpt lat="42.35882149077951908111572265625" lon="1.768239252269268035888671875">
        <ele>1073</ele>
        <time>2026-09-05T10:11:50.000Z</time>
      </trkpt>
      <trkpt lat="42.358852922916412353515625" lon="1.76825811155140399932861328125">
        <ele>1072.800048828125</ele>
        <time>2026-09-05T10:11:53.000Z</time>
      </trkpt>
      <trkpt lat="42.3589141108095645904541015625" lon="1.76830270327627658843994140625">
        <ele>1072.800048828125</ele>
        <time>2026-09-05T10:11:59.000Z</time>
      </trkpt>
      <trkpt lat="42.35893531702458858489990234375" lon="1.76831427030265331268310546875">
        <ele>1072.800048828125</ele>
        <time>2026-09-05T10:12:01.000Z</time>
      </trkpt>
      <trkpt lat="42.35899507999420166015625" lon="1.76836053840816020965576171875">
        <ele>1072.4000244140625</ele>
        <time>2026-09-05T10:12:07.000Z</time>
      </trkpt>
      <trkpt lat="42.3590026237070560455322265625" lon="1.7683658190071582794189453125">
        <ele>1072.199951171875</ele>
        <time>2026-09-05T10:12:08.000Z</time>
      </trkpt>
      <trkpt lat="42.35907219350337982177734375" lon="1.76841652952134609222412109375">
        <ele>1072</ele>
        <time>2026-09-05T10:12:14.000Z</time>
      </trkpt>
      <trkpt lat="42.35909323208034038543701171875" lon="1.76842742599546909332275390625">
        <ele>1072</ele>
        <time>2026-09-05T10:12:16.000Z</time>
      </trkpt>
      <trkpt lat="42.35915358178317546844482421875" lon="1.768469922244548797607421875">
        <ele>1071.800048828125</ele>
        <time>2026-09-05T10:12:22.000Z</time>
      </trkpt>
      <trkpt lat="42.359162382781505584716796875" lon="1.76847788505256175994873046875">
        <ele>1071.800048828125</ele>
        <time>2026-09-05T10:12:23.000Z</time>
      </trkpt>
      <trkpt lat="42.3591721057891845703125" lon="1.76848274655640125274658203125">
        <ele>1071.5999755859375</ele>
        <time>2026-09-05T10:12:24.000Z</time>
      </trkpt>
      <trkpt lat="42.35922734253108501434326171875" lon="1.7685170285403728485107421875">
        <ele>1071.4000244140625</ele>
        <time>2026-09-05T10:12:29.000Z</time>
      </trkpt>
      <trkpt lat="42.35926288180053234100341796875" lon="1.7685384862124919891357421875">
        <ele>1071</ele>
        <time>2026-09-05T10:12:32.000Z</time>
      </trkpt>
      <trkpt lat="42.35932700335979461669921875" lon="1.76857427693903446197509765625">
        <ele>1070.800048828125</ele>
        <time>2026-09-05T10:12:38.000Z</time>
      </trkpt>
      <trkpt lat="42.35935307107865810394287109375" lon="1.76859389059245586395263671875">
        <ele>1071</ele>
        <time>2026-09-05T10:12:41.000Z</time>
      </trkpt>
      <trkpt lat="42.3594210483133792877197265625" lon="1.7686269991099834442138671875">
        <ele>1070.800048828125</ele>
        <time>2026-09-05T10:12:47.000Z</time>
      </trkpt>
      <trkpt lat="42.35943303443491458892822265625" lon="1.76863227970898151397705078125">
        <ele>1070.5999755859375</ele>
        <time>2026-09-05T10:12:48.000Z</time>
      </trkpt>
      <trkpt lat="42.359480224549770355224609375" lon="1.76866496913135051727294921875">
        <ele>1070.199951171875</ele>
        <time>2026-09-05T10:12:53.000Z</time>
      </trkpt>
      <trkpt lat="42.35954753123223781585693359375" lon="1.76869698800146579742431640625">
        <ele>1070</ele>
        <time>2026-09-05T10:12:59.000Z</time>
      </trkpt>
      <trkpt lat="42.35960461199283599853515625" lon="1.768746189773082733154296875">
        <ele>1069.800048828125</ele>
        <time>2026-09-05T10:13:05.000Z</time>
      </trkpt>
      <trkpt lat="42.3596654646098613739013671875" lon="1.76879120059311389923095703125">
        <ele>1069.800048828125</ele>
        <time>2026-09-05T10:13:11.000Z</time>
      </trkpt>
      <trkpt lat="42.35967510379850864410400390625" lon="1.76880310289561748504638671875">
        <ele>1069.5999755859375</ele>
        <time>2026-09-05T10:13:12.000Z</time>
      </trkpt>
      <trkpt lat="42.35968105494976043701171875" lon="1.7688127420842647552490234375">
        <ele>1069.5999755859375</ele>
        <time>2026-09-05T10:13:13.000Z</time>
      </trkpt>
      <trkpt lat="42.3597308434545993804931640625" lon="1.76884518004953861236572265625">
        <ele>1069.800048828125</ele>
        <time>2026-09-05T10:13:18.000Z</time>
      </trkpt>
      <trkpt lat="42.35977602191269397735595703125" lon="1.76889899186789989471435546875">
        <ele>1069.5999755859375</ele>
        <time>2026-09-05T10:13:24.000Z</time>
      </trkpt>
      <trkpt lat="42.35980049706995487213134765625" lon="1.768921874463558197021484375">
        <ele>1068.800048828125</ele>
        <time>2026-09-05T10:13:27.000Z</time>
      </trkpt>
      <trkpt lat="42.359825558960437774658203125" lon="1.768946014344692230224609375">
        <ele>1068.5999755859375</ele>
        <time>2026-09-05T10:13:29.000Z</time>
      </trkpt>
      <trkpt lat="42.35983385704457759857177734375" lon="1.7689518816769123077392578125">
        <ele>1068.5999755859375</ele>
        <time>2026-09-05T10:13:30.000Z</time>
      </trkpt>
      <trkpt lat="42.35986503772437572479248046875" lon="1.7689947970211505889892578125">
        <ele>1068.4000244140625</ele>
        <time>2026-09-05T10:13:34.000Z</time>
      </trkpt>
      <trkpt lat="42.359906695783138275146484375" lon="1.76906478591263294219970703125">
        <ele>1068.4000244140625</ele>
        <time>2026-09-05T10:13:39.000Z</time>
      </trkpt>
      <trkpt lat="42.3599191009998321533203125" lon="1.7691547237336635589599609375">
        <ele>1067.4000244140625</ele>
        <time>2026-09-05T10:13:45.000Z</time>
      </trkpt>
      <trkpt lat="42.3599259741604328155517578125" lon="1.7692281492054462432861328125">
        <ele>1066.4000244140625</ele>
        <time>2026-09-05T10:13:50.000Z</time>
      </trkpt>
      <trkpt lat="42.35992136411368846893310546875" lon="1.7692630179226398468017578125">
        <ele>1066</ele>
        <time>2026-09-05T10:13:52.000Z</time>
      </trkpt>
      <trkpt lat="42.3599056899547576904296875" lon="1.7693186737596988677978515625">
        <ele>1065.199951171875</ele>
        <time>2026-09-05T10:13:57.000Z</time>
      </trkpt>
      <trkpt lat="42.35989093780517578125" lon="1.7693485133349895477294921875">
        <ele>1064.5999755859375</ele>
        <time>2026-09-05T10:14:00.000Z</time>
      </trkpt>
      <trkpt lat="42.3599018342792987823486328125" lon="1.76939117722213268280029296875">
        <ele>1064.199951171875</ele>
        <time>2026-09-05T10:14:04.000Z</time>
      </trkpt>
      <trkpt lat="42.35990644432604312896728515625" lon="1.76941062323749065399169921875">
        <ele>1064</ele>
        <time>2026-09-05T10:14:06.000Z</time>
      </trkpt>
      <trkpt lat="42.3599071986973285675048828125" lon="1.7694103717803955078125">
        <ele>1063.199951171875</ele>
        <time>2026-09-05T10:14:12.000Z</time>
      </trkpt>
      <trkpt lat="42.3599071986973285675048828125" lon="1.7694103717803955078125">
        <ele>1063.199951171875</ele>
        <time>2026-09-05T10:14:13.000Z</time>
      </trkpt>
      <trkpt lat="42.359914071857929229736328125" lon="1.76942043006420135498046875">
        <ele>1063.4000244140625</ele>
        <time>2026-09-05T10:14:19.000Z</time>
      </trkpt>
      <trkpt lat="42.35992572270333766937255859375" lon="1.7694376967847347259521484375">
        <ele>1063</ele>
        <time>2026-09-05T10:14:21.000Z</time>
      </trkpt>
      <trkpt lat="42.35993452370166778564453125" lon="1.76944565959274768829345703125">
        <ele>1062.800048828125</ele>
        <time>2026-09-05T10:14:22.000Z</time>
      </trkpt>
      <trkpt lat="42.35995288006961345672607421875" lon="1.76946594379842281341552734375">
        <ele>1062</ele>
        <time>2026-09-05T10:14:25.000Z</time>
      </trkpt>
      <trkpt lat="42.359977103769779205322265625" lon="1.76948438398540019989013671875">
        <ele>1061.5999755859375</ele>
        <time>2026-09-05T10:14:28.000Z</time>
      </trkpt>
      <trkpt lat="42.36000266857445240020751953125" lon="1.76950651220977306365966796875">
        <ele>1060.800048828125</ele>
        <time>2026-09-05T10:14:32.000Z</time>
      </trkpt>
      <trkpt lat="42.3600305803120136260986328125" lon="1.7695258744060993194580078125">
        <ele>1060</ele>
        <time>2026-09-05T10:14:35.000Z</time>
      </trkpt>
      <trkpt lat="42.3600550554692745208740234375" lon="1.76954590715467929840087890625">
        <ele>1059.5999755859375</ele>
        <time>2026-09-05T10:14:38.000Z</time>
      </trkpt>
      <trkpt lat="42.36008397303521633148193359375" lon="1.769579015672206878662109375">
        <ele>1059.199951171875</ele>
        <time>2026-09-05T10:14:42.000Z</time>
      </trkpt>
      <trkpt lat="42.360124625265598297119140625" lon="1.7696137167513370513916015625">
        <ele>1058.5999755859375</ele>
        <time>2026-09-05T10:14:47.000Z</time>
      </trkpt>
      <trkpt lat="42.3601435683667659759521484375" lon="1.76962670870125293731689453125">
        <ele>1058.199951171875</ele>
        <time>2026-09-05T10:14:49.000Z</time>
      </trkpt>
      <trkpt lat="42.3601687140762805938720703125" lon="1.769654452800750732421875">
        <ele>1057.199951171875</ele>
        <time>2026-09-05T10:14:52.000Z</time>
      </trkpt>
      <trkpt lat="42.3601854778826236724853515625" lon="1.76967498846352100372314453125">
        <ele>1056.800048828125</ele>
        <time>2026-09-05T10:14:54.000Z</time>
      </trkpt>
      <trkpt lat="42.36021456308662891387939453125" lon="1.7697381041944026947021484375">
        <ele>1056.199951171875</ele>
        <time>2026-09-05T10:14:59.000Z</time>
      </trkpt>
      <trkpt lat="42.36021506600081920623779296875" lon="1.76975511945784091949462890625">
        <ele>1056.199951171875</ele>
        <time>2026-09-05T10:15:00.000Z</time>
      </trkpt>
      <trkpt lat="42.3601980507373809814453125" lon="1.7698222585022449493408203125">
        <ele>1055.4000244140625</ele>
        <time>2026-09-05T10:15:04.000Z</time>
      </trkpt>
      <trkpt lat="42.36019344069063663482666015625" lon="1.769837848842144012451171875">
        <ele>1055.4000244140625</ele>
        <time>2026-09-05T10:15:05.000Z</time>
      </trkpt>
      <trkpt lat="42.36018556170165538787841796875" lon="1.76985234953463077545166015625">
        <ele>1055.199951171875</ele>
        <time>2026-09-05T10:15:06.000Z</time>
      </trkpt>
      <trkpt lat="42.36013040877878665924072265625" lon="1.7699188180267810821533203125">
        <ele>1054</ele>
        <time>2026-09-05T10:15:12.000Z</time>
      </trkpt>
      <trkpt lat="42.36006804741919040679931640625" lon="1.76996550522744655609130859375">
        <ele>1053.199951171875</ele>
        <time>2026-09-05T10:15:18.000Z</time>
      </trkpt>
      <trkpt lat="42.3600612580776214599609375" lon="1.7699768207967281341552734375">
        <ele>1052.800048828125</ele>
        <time>2026-09-05T10:15:19.000Z</time>
      </trkpt>
      <trkpt lat="42.3600406385958194732666015625" lon="1.770005486905574798583984375">
        <ele>1051.5999755859375</ele>
        <time>2026-09-05T10:15:23.000Z</time>
      </trkpt>
      <trkpt lat="42.36003200523555278778076171875" lon="1.770020239055156707763671875">
        <ele>1051.5999755859375</ele>
        <time>2026-09-05T10:15:25.000Z</time>
      </trkpt>
      <trkpt lat="42.36001725308597087860107421875" lon="1.7700914852321147918701171875">
        <ele>1050.800048828125</ele>
        <time>2026-09-05T10:15:30.000Z</time>
      </trkpt>
      <trkpt lat="42.3600205220282077789306640625" lon="1.77010514773428440093994140625">
        <ele>1050.5999755859375</ele>
        <time>2026-09-05T10:15:31.000Z</time>
      </trkpt>
      <trkpt lat="42.3600537143647670745849609375" lon="1.77020120434463024139404296875">
        <ele>1049.800048828125</ele>
        <time>2026-09-05T10:15:37.000Z</time>
      </trkpt>
      <trkpt lat="42.3600620962679386138916015625" lon="1.7702363245189189910888671875">
        <ele>1049.5999755859375</ele>
        <time>2026-09-05T10:15:39.000Z</time>
      </trkpt>
      <trkpt lat="42.36009973101317882537841796875" lon="1.7702732048928737640380859375">
        <ele>1049</ele>
        <time>2026-09-05T10:15:43.000Z</time>
      </trkpt>
      <trkpt lat="42.36012093722820281982421875" lon="1.7703127674758434295654296875">
        <ele>1048.4000244140625</ele>
        <time>2026-09-05T10:15:46.000Z</time>
      </trkpt>
      <trkpt lat="42.36015588976442813873291015625" lon="1.77037395536899566650390625">
        <ele>1047.800048828125</ele>
        <time>2026-09-05T10:15:50.000Z</time>
      </trkpt>
      <trkpt lat="42.3601884953677654266357421875" lon="1.77039532922208309173583984375">
        <ele>1047.199951171875</ele>
        <time>2026-09-05T10:15:53.000Z</time>
      </trkpt>
      <trkpt lat="42.36019679345190525054931640625" lon="1.77040639333426952362060546875">
        <ele>1047</ele>
        <time>2026-09-05T10:15:56.000Z</time>
      </trkpt>
      <trkpt lat="42.36019964329898357391357421875" lon="1.77042248658835887908935546875">
        <ele>1046.800048828125</ele>
        <time>2026-09-05T10:15:57.000Z</time>
      </trkpt>
      <trkpt lat="42.36022931523621082305908203125" lon="1.77047780714929103851318359375">
        <ele>1046.4000244140625</ele>
        <time>2026-09-05T10:16:01.000Z</time>
      </trkpt>
      <trkpt lat="42.36024205572903156280517578125" lon="1.7705015279352664947509765625">
        <ele>1046</ele>
        <time>2026-09-05T10:16:03.000Z</time>
      </trkpt>
      <trkpt lat="42.36027290113270282745361328125" lon="1.77054561674594879150390625">
        <ele>1045.5999755859375</ele>
        <time>2026-09-05T10:16:07.000Z</time>
      </trkpt>
      <trkpt lat="42.36033417284488677978515625" lon="1.7706031166017055511474609375">
        <ele>1045</ele>
        <time>2026-09-05T10:16:13.000Z</time>
      </trkpt>
      <trkpt lat="42.36034624278545379638671875" lon="1.7706131748855113983154296875">
        <ele>1044.800048828125</ele>
        <time>2026-09-05T10:16:14.000Z</time>
      </trkpt>
      <trkpt lat="42.36038035713136196136474609375" lon="1.77067033946514129638671875">
        <ele>1044.199951171875</ele>
        <time>2026-09-05T10:16:19.000Z</time>
      </trkpt>
      <trkpt lat="42.3603869788348674774169921875" lon="1.77068081684410572052001953125">
        <ele>1044</ele>
        <time>2026-09-05T10:16:20.000Z</time>
      </trkpt>
      <trkpt lat="42.3603953607380390167236328125" lon="1.7706923000514507293701171875">
        <ele>1043.800048828125</ele>
        <time>2026-09-05T10:16:21.000Z</time>
      </trkpt>
      <trkpt lat="42.36043785698711872100830078125" lon="1.77075457759201526641845703125">
        <ele>1043.199951171875</ele>
        <time>2026-09-05T10:16:26.000Z</time>
      </trkpt>
      <trkpt lat="42.36044573597609996795654296875" lon="1.77076363004744052886962890625">
        <ele>1043.199951171875</ele>
        <time>2026-09-05T10:16:27.000Z</time>
      </trkpt>
      <trkpt lat="42.3604810237884521484375" lon="1.77083521150052547454833984375">
        <ele>1042.800048828125</ele>
        <time>2026-09-05T10:16:32.000Z</time>
      </trkpt>
      <trkpt lat="42.36048781313002109527587890625" lon="1.77084677852690219879150390625">
        <ele>1042.5999755859375</ele>
        <time>2026-09-05T10:16:33.000Z</time>
      </trkpt>
      <trkpt lat="42.36052536405622959136962890625" lon="1.7709165997803211212158203125">
        <ele>1042</ele>
        <time>2026-09-05T10:16:39.000Z</time>
      </trkpt>
      <trkpt lat="42.3605333268642425537109375" lon="1.77092523314058780670166015625">
        <ele>1042</ele>
        <time>2026-09-05T10:16:40.000Z</time>
      </trkpt>
      <trkpt lat="42.360562495887279510498046875" lon="1.77095792256295680999755859375">
        <ele>1041.800048828125</ele>
        <time>2026-09-05T10:16:43.000Z</time>
      </trkpt>
      <trkpt lat="42.36058227717876434326171875" lon="1.77099413238465785980224609375">
        <ele>1041.5999755859375</ele>
        <time>2026-09-05T10:16:46.000Z</time>
      </trkpt>
      <trkpt lat="42.36062242649495601654052734375" lon="1.77105247043073177337646484375">
        <ele>1040.5999755859375</ele>
        <time>2026-09-05T10:16:51.000Z</time>
      </trkpt>
      <trkpt lat="42.3606379330158233642578125" lon="1.77107878960669040679931640625">
        <ele>1040.4000244140625</ele>
        <time>2026-09-05T10:16:53.000Z</time>
      </trkpt>
      <trkpt lat="42.36064405180513858795166015625" lon="1.77110929973423480987548828125">
        <ele>1040.199951171875</ele>
        <time>2026-09-05T10:16:55.000Z</time>
      </trkpt>
      <trkpt lat="42.36066349782049655914306640625" lon="1.77114911377429962158203125">
        <ele>1039.800048828125</ele>
        <time>2026-09-05T10:16:58.000Z</time>
      </trkpt>
      <trkpt lat="42.36068394966423511505126953125" lon="1.77116411738097667694091796875">
        <ele>1039.5999755859375</ele>
        <time>2026-09-05T10:17:00.000Z</time>
      </trkpt>
      <trkpt lat="42.3606984503567218780517578125" lon="1.77119378931820392608642578125">
        <ele>1039.4000244140625</ele>
        <time>2026-09-05T10:17:02.000Z</time>
      </trkpt>
      <trkpt lat="42.360728792846202850341796875" lon="1.77127023227512836456298828125">
        <ele>1038.800048828125</ele>
        <time>2026-09-05T10:17:08.000Z</time>
      </trkpt>
      <trkpt lat="42.3607353307306766510009765625" lon="1.77127861417829990386962890625">
        <ele>1038.800048828125</ele>
        <time>2026-09-05T10:17:09.000Z</time>
      </trkpt>
      <trkpt lat="42.3607403598725795745849609375" lon="1.77129420451819896697998046875">
        <ele>1038.4000244140625</ele>
        <time>2026-09-05T10:17:10.000Z</time>
      </trkpt>
      <trkpt lat="42.36077447421848773956298828125" lon="1.77135840989649295806884765625">
        <ele>1037.800048828125</ele>
        <time>2026-09-05T10:17:15.000Z</time>
      </trkpt>
      <trkpt lat="42.3607876338064670562744140625" lon="1.77138355560600757598876953125">
        <ele>1037.199951171875</ele>
        <time>2026-09-05T10:17:17.000Z</time>
      </trkpt>
      <trkpt lat="42.36080355942249298095703125" lon="1.77140526473522186279296875">
        <ele>1036.800048828125</ele>
        <time>2026-09-05T10:17:19.000Z</time>
      </trkpt>
      <trkpt lat="42.36081789247691631317138671875" lon="1.77142781205475330352783203125">
        <ele>1036.800048828125</ele>
        <time>2026-09-05T10:17:21.000Z</time>
      </trkpt>
      <trkpt lat="42.36087924800813198089599609375" lon="1.77147458307445049285888671875">
        <ele>1036.199951171875</ele>
        <time>2026-09-05T10:17:27.000Z</time>
      </trkpt>
      <trkpt lat="42.36089265905320644378662109375" lon="1.7714823782444000244140625">
        <ele>1036</ele>
        <time>2026-09-05T10:17:28.000Z</time>
      </trkpt>
      <trkpt lat="42.36096558161079883575439453125" lon="1.7715083621442317962646484375">
        <ele>1035</ele>
        <time>2026-09-05T10:17:34.000Z</time>
      </trkpt>
      <trkpt lat="42.3609951697289943695068359375" lon="1.77152923308312892913818359375">
        <ele>1034.199951171875</ele>
        <time>2026-09-05T10:17:37.000Z</time>
      </trkpt>
      <trkpt lat="42.36105526797473430633544921875" lon="1.77155689336359500885009765625">
        <ele>1034.199951171875</ele>
        <time>2026-09-05T10:17:43.000Z</time>
      </trkpt>
      <trkpt lat="42.3610826767981052398681640625" lon="1.77157717756927013397216796875">
        <ele>1034</ele>
        <time>2026-09-05T10:17:46.000Z</time>
      </trkpt>
      <trkpt lat="42.3610913939774036407470703125" lon="1.77158354781568050384521484375">
        <ele>1034</ele>
        <time>2026-09-05T10:17:47.000Z</time>
      </trkpt>
      <trkpt lat="42.36110270954668521881103515625" lon="1.77160240709781646728515625">
        <ele>1034</ele>
        <time>2026-09-05T10:17:49.000Z</time>
      </trkpt>
      <trkpt lat="42.36112081445753574371337890625" lon="1.77160332910716533660888671875">
        <ele>1033.800048828125</ele>
        <time>2026-09-05T10:17:51.000Z</time>
      </trkpt>
      <trkpt lat="42.36113942228257656097412109375" lon="1.7716133035719394683837890625">
        <ele>1033.5999755859375</ele>
        <time>2026-09-05T10:17:53.000Z</time>
      </trkpt>
      <trkpt lat="42.36115090548992156982421875" lon="1.77161657251417636871337890625">
        <ele>1033.5999755859375</ele>
        <time>2026-09-05T10:17:54.000Z</time>
      </trkpt>
      <trkpt lat="42.36122558824717998504638671875" lon="1.77161238156259059906005859375">
        <ele>1033.199951171875</ele>
        <time>2026-09-05T10:18:00.000Z</time>
      </trkpt>
      <trkpt lat="42.361269928514957427978515625" lon="1.77159863524138927459716796875">
        <ele>1033</ele>
        <time>2026-09-05T10:18:04.000Z</time>
      </trkpt>
      <trkpt lat="42.36129214055836200714111328125" lon="1.771586649119853973388671875">
        <ele>1032.800048828125</ele>
        <time>2026-09-05T10:18:06.000Z</time>
      </trkpt>
      <trkpt lat="42.3613567650318145751953125" lon="1.7715485952794551849365234375">
        <ele>1032.5999755859375</ele>
        <time>2026-09-05T10:18:12.000Z</time>
      </trkpt>
      <trkpt lat="42.3613656498491764068603515625" lon="1.77154205739498138427734375">
        <ele>1032.4000244140625</ele>
        <time>2026-09-05T10:18:13.000Z</time>
      </trkpt>
      <trkpt lat="42.361426837742328643798828125" lon="1.7715066857635974884033203125">
        <ele>1031.800048828125</ele>
        <time>2026-09-05T10:18:18.000Z</time>
      </trkpt>
      <trkpt lat="42.361443936824798583984375" lon="1.77148640155792236328125">
        <ele>1032</ele>
        <time>2026-09-05T10:18:20.000Z</time>
      </trkpt>
      <trkpt lat="42.361456342041492462158203125" lon="1.77148816175758838653564453125">
        <ele>1032.199951171875</ele>
        <time>2026-09-05T10:18:21.000Z</time>
      </trkpt>
      <trkpt lat="42.3614947311580181121826171875" lon="1.77147173322737216949462890625">
        <ele>1033</ele>
        <time>2026-09-05T10:18:24.000Z</time>
      </trkpt>
      <trkpt lat="42.36150487326085567474365234375" lon="1.77146385423839092254638671875">
        <ele>1033.199951171875</ele>
        <time>2026-09-05T10:18:25.000Z</time>
      </trkpt>
      <trkpt lat="42.36155013553798198699951171875" lon="1.7714503593742847442626953125">
        <ele>1032.800048828125</ele>
        <time>2026-09-05T10:18:29.000Z</time>
      </trkpt>
      <trkpt lat="42.3615886084735393524169921875" lon="1.77144792862236499786376953125">
        <ele>1032.5999755859375</ele>
        <time>2026-09-05T10:18:32.000Z</time>
      </trkpt>
      <trkpt lat="42.3616254888474941253662109375" lon="1.77141993306577205657958984375">
        <ele>1032.5999755859375</ele>
        <time>2026-09-05T10:18:36.000Z</time>
      </trkpt>
      <trkpt lat="42.361638061702251434326171875" lon="1.77142445929348468780517578125">
        <ele>1032.5999755859375</ele>
        <time>2026-09-05T10:18:37.000Z</time>
      </trkpt>
      <trkpt lat="42.36165759153664112091064453125" lon="1.7714567296206951141357421875">
        <ele>1032.5999755859375</ele>
        <time>2026-09-05T10:18:39.000Z</time>
      </trkpt>
      <trkpt lat="42.3616704158484935760498046875" lon="1.77147634327411651611328125">
        <ele>1032.5999755859375</ele>
        <time>2026-09-05T10:18:41.000Z</time>
      </trkpt>
      <trkpt lat="42.361679971218109130859375" lon="1.77147609181702136993408203125">
        <ele>1032.5999755859375</ele>
        <time>2026-09-05T10:18:42.000Z</time>
      </trkpt>
      <trkpt lat="42.3617247305810451507568359375" lon="1.77151364274322986602783203125">
        <ele>1032.5999755859375</ele>
        <time>2026-09-05T10:18:47.000Z</time>
      </trkpt>
      <trkpt lat="42.36177409999072551727294921875" lon="1.77157424390316009521484375">
        <ele>1032.800048828125</ele>
        <time>2026-09-05T10:18:53.000Z</time>
      </trkpt>
      <trkpt lat="42.361780218780040740966796875" lon="1.77158270962536334991455078125">
        <ele>1032.5999755859375</ele>
        <time>2026-09-05T10:18:54.000Z</time>
      </trkpt>
      <trkpt lat="42.36181609332561492919921875" lon="1.77165806293487548828125">
        <ele>1032.800048828125</ele>
        <time>2026-09-05T10:19:00.000Z</time>
      </trkpt>
      <trkpt lat="42.36182145774364471435546875" lon="1.77167088724672794342041015625">
        <ele>1032.800048828125</ele>
        <time>2026-09-05T10:19:01.000Z</time>
      </trkpt>
      <trkpt lat="42.361851967871189117431640625" lon="1.7717041634023189544677734375">
        <ele>1032.4000244140625</ele>
        <time>2026-09-05T10:19:07.000Z</time>
      </trkpt>
      <trkpt lat="42.36186169087886810302734375" lon="1.77171983756124973297119140625">
        <ele>1031.5999755859375</ele>
        <time>2026-09-05T10:19:09.000Z</time>
      </trkpt>
      <trkpt lat="42.36187719739973545074462890625" lon="1.77179393358528614044189453125">
        <ele>1031.4000244140625</ele>
        <time>2026-09-05T10:19:14.000Z</time>
      </trkpt>
      <trkpt lat="42.36188742332160472869873046875" lon="1.77185679785907268524169921875">
        <ele>1031.800048828125</ele>
        <time>2026-09-05T10:19:19.000Z</time>
      </trkpt>
      <trkpt lat="42.36190066672861576080322265625" lon="1.77195050753653049468994140625">
        <ele>1031.4000244140625</ele>
        <time>2026-09-05T10:19:25.000Z</time>
      </trkpt>
      <trkpt lat="42.36192346550524234771728515625" lon="1.77202862687408924102783203125">
        <ele>1031.4000244140625</ele>
        <time>2026-09-05T10:19:31.000Z</time>
      </trkpt>
      <trkpt lat="42.36193813383579254150390625" lon="1.7720562033355236053466796875">
        <ele>1031.4000244140625</ele>
        <time>2026-09-05T10:19:33.000Z</time>
      </trkpt>
      <trkpt lat="42.36194559372961521148681640625" lon="1.772067435085773468017578125">
        <ele>1031.5999755859375</ele>
        <time>2026-09-05T10:19:34.000Z</time>
      </trkpt>
      <trkpt lat="42.3619480244815349578857421875" lon="1.77212367765605449676513671875">
        <ele>1032.800048828125</ele>
        <time>2026-09-05T10:19:38.000Z</time>
      </trkpt>
      <trkpt lat="42.3619522154331207275390625" lon="1.77214563824236392974853515625">
        <ele>1033.199951171875</ele>
        <time>2026-09-05T10:19:40.000Z</time>
      </trkpt>
      <trkpt lat="42.36197325401008129119873046875" lon="1.77223146893084049224853515625">
        <ele>1033</ele>
        <time>2026-09-05T10:19:46.000Z</time>
      </trkpt>
      <trkpt lat="42.36199772916734218597412109375" lon="1.7723069898784160614013671875">
        <ele>1033.199951171875</ele>
        <time>2026-09-05T10:19:52.000Z</time>
      </trkpt>
      <trkpt lat="42.3620113916695117950439453125" lon="1.77234563045203685760498046875">
        <ele>1033.199951171875</ele>
        <time>2026-09-05T10:19:55.000Z</time>
      </trkpt>
      <trkpt lat="42.36203108914196491241455078125" lon="1.77242374978959560394287109375">
        <ele>1033.199951171875</ele>
        <time>2026-09-05T10:20:01.000Z</time>
      </trkpt>
      <trkpt lat="42.36203561536967754364013671875" lon="1.7724354006350040435791015625">
        <ele>1033.199951171875</ele>
        <time>2026-09-05T10:20:02.000Z</time>
      </trkpt>
      <trkpt lat="42.36203779466450214385986328125" lon="1.77246607840061187744140625">
        <ele>1033.199951171875</ele>
        <time>2026-09-05T10:20:04.000Z</time>
      </trkpt>
      <trkpt lat="42.36204567365348339080810546875" lon="1.77249097265303134918212890625">
        <ele>1033.199951171875</ele>
        <time>2026-09-05T10:20:07.000Z</time>
      </trkpt>
      <trkpt lat="42.36204450018703937530517578125" lon="1.772493906319141387939453125">
        <ele>1032.5999755859375</ele>
        <time>2026-09-05T10:20:13.000Z</time>
      </trkpt>
      <trkpt lat="42.36204450018703937530517578125" lon="1.772493906319141387939453125">
        <ele>1032.800048828125</ele>
        <time>2026-09-05T10:20:16.000Z</time>
      </trkpt>
      <trkpt lat="42.36205137334764003753662109375" lon="1.7725483886897563934326171875">
        <ele>1033</ele>
        <time>2026-09-05T10:20:20.000Z</time>
      </trkpt>
      <trkpt lat="42.3620734177529811859130859375" lon="1.77262256853282451629638671875">
        <ele>1033.199951171875</ele>
        <time>2026-09-05T10:20:26.000Z</time>
      </trkpt>
      <trkpt lat="42.36209076829254627227783203125" lon="1.7726774699985980987548828125">
        <ele>1033.199951171875</ele>
        <time>2026-09-05T10:20:31.000Z</time>
      </trkpt>
      <trkpt lat="42.36210451461374759674072265625" lon="1.77277528680860996246337890625">
        <ele>1033.5999755859375</ele>
        <time>2026-09-05T10:20:37.000Z</time>
      </trkpt>
      <trkpt lat="42.36210786737501621246337890625" lon="1.77279104478657245635986328125">
        <ele>1033.5999755859375</ele>
        <time>2026-09-05T10:20:38.000Z</time>
      </trkpt>
      <trkpt lat="42.3621294088661670684814453125" lon="1.7728722654283046722412109375">
        <ele>1033.800048828125</ele>
        <time>2026-09-05T10:20:44.000Z</time>
      </trkpt>
      <trkpt lat="42.36214340664446353912353515625" lon="1.77289799787104129791259765625">
        <ele>1033.5999755859375</ele>
        <time>2026-09-05T10:20:50.000Z</time>
      </trkpt>
      <trkpt lat="42.36214340664446353912353515625" lon="1.77289799787104129791259765625">
        <ele>1033.5999755859375</ele>
        <time>2026-09-05T10:20:51.000Z</time>
      </trkpt>
      <trkpt lat="42.36214340664446353912353515625" lon="1.77289799787104129791259765625">
        <ele>1033.5999755859375</ele>
        <time>2026-09-05T10:20:56.000Z</time>
      </trkpt>
      <trkpt lat="42.36214340664446353912353515625" lon="1.77289799787104129791259765625">
        <ele>1033.4000244140625</ele>
        <time>2026-09-05T10:20:58.000Z</time>
      </trkpt>
      <trkpt lat="42.36214340664446353912353515625" lon="1.77289799787104129791259765625">
        <ele>1033.199951171875</ele>
        <time>2026-09-05T10:21:04.000Z</time>
      </trkpt>
      <trkpt lat="42.36214340664446353912353515625" lon="1.77289799787104129791259765625">
        <ele>1033.199951171875</ele>
        <time>2026-09-05T10:21:10.000Z</time>
      </trkpt>
      <trkpt lat="42.36214340664446353912353515625" lon="1.77289799787104129791259765625">
        <ele>1033</ele>
        <time>2026-09-05T10:21:16.000Z</time>
      </trkpt>
      <trkpt lat="42.36214726231992244720458984375" lon="1.772899590432643890380859375">
        <ele>1033.199951171875</ele>
        <time>2026-09-05T10:21:22.000Z</time>
      </trkpt>
      <trkpt lat="42.3621807061135768890380859375" lon="1.77292129956185817718505859375">
        <ele>1032.800048828125</ele>
        <time>2026-09-05T10:21:26.000Z</time>
      </trkpt>
      <trkpt lat="42.362239547073841094970703125" lon="1.77294091321527957916259765625">
        <ele>1031.800048828125</ele>
        <time>2026-09-05T10:21:31.000Z</time>
      </trkpt>
      <trkpt lat="42.36224784515798091888427734375" lon="1.7729361355304718017578125">
        <ele>1031.4000244140625</ele>
        <time>2026-09-05T10:21:32.000Z</time>
      </trkpt>
      <trkpt lat="42.36230618320405483245849609375" lon="1.77290864288806915283203125">
        <ele>1030.800048828125</ele>
        <time>2026-09-05T10:21:38.000Z</time>
      </trkpt>
      <trkpt lat="42.36232847906649112701416015625" lon="1.77290621213614940643310546875">
        <ele>1030.800048828125</ele>
        <time>2026-09-05T10:21:40.000Z</time>
      </trkpt>
      <trkpt lat="42.36239452846348285675048828125" lon="1.7729155160486698150634765625">
        <ele>1031</ele>
        <time>2026-09-05T10:21:46.000Z</time>
      </trkpt>
      <trkpt lat="42.362405173480510711669921875" lon="1.77291928790509700775146484375">
        <ele>1031</ele>
        <time>2026-09-05T10:21:47.000Z</time>
      </trkpt>
      <trkpt lat="42.362464852631092071533203125" lon="1.7729389853775501251220703125">
        <ele>1031</ele>
        <time>2026-09-05T10:21:53.000Z</time>
      </trkpt>
      <trkpt lat="42.36250550486147403717041015625" lon="1.77294912748038768768310546875">
        <ele>1031.5999755859375</ele>
        <time>2026-09-05T10:21:57.000Z</time>
      </trkpt>
      <trkpt lat="42.3625337518751621246337890625" lon="1.77295625209808349609375">
        <ele>1031.800048828125</ele>
        <time>2026-09-05T10:22:00.000Z</time>
      </trkpt>
      <trkpt lat="42.3625528626143932342529296875" lon="1.772959269583225250244140625">
        <ele>1031.800048828125</ele>
        <time>2026-09-05T10:22:02.000Z</time>
      </trkpt>
      <trkpt lat="42.36256484873592853546142578125" lon="1.77295868285000324249267578125">
        <ele>1032</ele>
        <time>2026-09-05T10:22:06.000Z</time>
      </trkpt>
      <trkpt lat="42.36256484873592853546142578125" lon="1.77295868285000324249267578125">
        <ele>1032</ele>
        <time>2026-09-05T10:22:12.000Z</time>
      </trkpt>
      <trkpt lat="42.36256484873592853546142578125" lon="1.77295868285000324249267578125">
        <ele>1032</ele>
        <time>2026-09-05T10:22:13.000Z</time>
      </trkpt>
      <trkpt lat="42.36256484873592853546142578125" lon="1.77295868285000324249267578125">
        <ele>1032</ele>
        <time>2026-09-05T10:22:14.000Z</time>
      </trkpt>
      <trkpt lat="42.36256484873592853546142578125" lon="1.77295868285000324249267578125">
        <ele>1032</ele>
        <time>2026-09-05T10:22:16.000Z</time>
      </trkpt>
      <trkpt lat="42.36258831806480884552001953125" lon="1.77295868285000324249267578125">
        <ele>1032.800048828125</ele>
        <time>2026-09-05T10:22:21.000Z</time>
      </trkpt>
      <trkpt lat="42.362610362470149993896484375" lon="1.77296354435384273529052734375">
        <ele>1033.199951171875</ele>
        <time>2026-09-05T10:22:23.000Z</time>
      </trkpt>
      <trkpt lat="42.3626289702951908111572265625" lon="1.77296488545835018157958984375">
        <ele>1034.199951171875</ele>
        <time>2026-09-05T10:22:25.000Z</time>
      </trkpt>
      <trkpt lat="42.3626608215272426605224609375" lon="1.77297075279057025909423828125">
        <ele>1034.199951171875</ele>
        <time>2026-09-05T10:22:28.000Z</time>
      </trkpt>
      <trkpt lat="42.3627111129462718963623046875" lon="1.77298684604465961456298828125">
        <ele>1034.800048828125</ele>
        <time>2026-09-05T10:22:34.000Z</time>
      </trkpt>
      <trkpt lat="42.3627208359539508819580078125" lon="1.77299019880592823028564453125">
        <ele>1035</ele>
        <time>2026-09-05T10:22:35.000Z</time>
      </trkpt>
      <trkpt lat="42.36274874769151210784912109375" lon="1.77301333285868167877197265625">
        <ele>1035.199951171875</ele>
        <time>2026-09-05T10:22:38.000Z</time>
      </trkpt>
      <trkpt lat="42.3627691157162189483642578125" lon="1.77303428761661052703857421875">
        <ele>1035.4000244140625</ele>
        <time>2026-09-05T10:22:40.000Z</time>
      </trkpt>
      <trkpt lat="42.362775318324565887451171875" lon="1.7730429209768772125244140625">
        <ele>1035.5999755859375</ele>
        <time>2026-09-05T10:22:42.000Z</time>
      </trkpt>
      <trkpt lat="42.362776659429073333740234375" lon="1.773045100271701812744140625">
        <ele>1035.199951171875</ele>
        <time>2026-09-05T10:22:48.000Z</time>
      </trkpt>
      <trkpt lat="42.362776659429073333740234375" lon="1.773045100271701812744140625">
        <ele>1034.4000244140625</ele>
        <time>2026-09-05T10:22:51.000Z</time>
      </trkpt>
      <trkpt lat="42.362776659429073333740234375" lon="1.773045100271701812744140625">
        <ele>1034.199951171875</ele>
        <time>2026-09-05T10:22:52.000Z</time>
      </trkpt>
      <trkpt lat="42.362776659429073333740234375" lon="1.773045100271701812744140625">
        <ele>1034.4000244140625</ele>
        <time>2026-09-05T10:22:58.000Z</time>
      </trkpt>
      <trkpt lat="42.36278579570353031158447265625" lon="1.773053817451000213623046875">
        <ele>1034.4000244140625</ele>
        <time>2026-09-05T10:23:00.000Z</time>
      </trkpt>
      <trkpt lat="42.3628051578998565673828125" lon="1.77308072336018085479736328125">
        <ele>1035.199951171875</ele>
        <time>2026-09-05T10:23:03.000Z</time>
      </trkpt>
      <trkpt lat="42.3628100194036960601806640625" lon="1.7730855010449886322021484375">
        <ele>1035.5999755859375</ele>
        <time>2026-09-05T10:23:04.000Z</time>
      </trkpt>
      <trkpt lat="42.362822592258453369140625" lon="1.7731280811131000518798828125">
        <ele>1036.199951171875</ele>
        <time>2026-09-05T10:23:08.000Z</time>
      </trkpt>
      <trkpt lat="42.36282887868583202362060546875" lon="1.7731485329568386077880859375">
        <ele>1036.4000244140625</ele>
        <time>2026-09-05T10:23:10.000Z</time>
      </trkpt>
      <trkpt lat="42.3628321476280689239501953125" lon="1.77315951324999332427978515625">
        <ele>1036.4000244140625</ele>
        <time>2026-09-05T10:23:11.000Z</time>
      </trkpt>
      <trkpt lat="42.36284044571220874786376953125" lon="1.77322573028504848480224609375">
        <ele>1037</ele>
        <time>2026-09-05T10:23:16.000Z</time>
      </trkpt>
      <trkpt lat="42.36284396611154079437255859375" lon="1.77327350713312625885009765625">
        <ele>1037.199951171875</ele>
        <time>2026-09-05T10:23:20.000Z</time>
      </trkpt>
      <trkpt lat="42.36285016871988773345947265625" lon="1.7732876725494861602783203125">
        <ele>1037.199951171875</ele>
        <time>2026-09-05T10:23:21.000Z</time>
      </trkpt>
      <trkpt lat="42.362856455147266387939453125" lon="1.77331156097352504730224609375">
        <ele>1037.4000244140625</ele>
        <time>2026-09-05T10:23:23.000Z</time>
      </trkpt>
      <trkpt lat="42.3628713749349117279052734375" lon="1.7733599245548248291015625">
        <ele>1038</ele>
        <time>2026-09-05T10:23:27.000Z</time>
      </trkpt>
      <trkpt lat="42.3628797568380832672119140625" lon="1.77340191788971424102783203125">
        <ele>1037.5999755859375</ele>
        <time>2026-09-05T10:23:31.000Z</time>
      </trkpt>
      <trkpt lat="42.36288621090352535247802734375" lon="1.7734242975711822509765625">
        <ele>1037.800048828125</ele>
        <time>2026-09-05T10:23:33.000Z</time>
      </trkpt>
      <trkpt lat="42.36289861612021923065185546875" lon="1.77346360869705677032470703125">
        <ele>1038.5999755859375</ele>
        <time>2026-09-05T10:23:36.000Z</time>
      </trkpt>
      <trkpt lat="42.36291219480335712432861328125" lon="1.773515827953815460205078125">
        <ele>1038.800048828125</ele>
        <time>2026-09-05T10:23:40.000Z</time>
      </trkpt>
      <trkpt lat="42.3629230074584484100341796875" lon="1.77358296699821949005126953125">
        <ele>1039</ele>
        <time>2026-09-05T10:23:46.000Z</time>
      </trkpt>
      <trkpt lat="42.36292610876262187957763671875" lon="1.77359528839588165283203125">
        <ele>1039</ele>
        <time>2026-09-05T10:23:47.000Z</time>
      </trkpt>
      <trkpt lat="42.36294941045343875885009765625" lon="1.77367215044796466827392578125">
        <ele>1039.4000244140625</ele>
        <time>2026-09-05T10:23:53.000Z</time>
      </trkpt>
      <trkpt lat="42.36295334994792938232421875" lon="1.77368002943694591522216796875">
        <ele>1039.5999755859375</ele>
        <time>2026-09-05T10:23:54.000Z</time>
      </trkpt>
      <trkpt lat="42.362957708537578582763671875" lon="1.77369427867233753204345703125">
        <ele>1039.5999755859375</ele>
        <time>2026-09-05T10:23:55.000Z</time>
      </trkpt>
      <trkpt lat="42.36297304742038249969482421875" lon="1.7737584002315998077392578125">
        <ele>1040</ele>
        <time>2026-09-05T10:24:01.000Z</time>
      </trkpt>
      <trkpt lat="42.3629753105342388153076171875" lon="1.77376887761056423187255859375">
        <ele>1040</ele>
        <time>2026-09-05T10:24:02.000Z</time>
      </trkpt>
      <trkpt lat="42.3629929125308990478515625" lon="1.773838363587856292724609375">
        <ele>1040.5999755859375</ele>
        <time>2026-09-05T10:24:08.000Z</time>
      </trkpt>
      <trkpt lat="42.36299752257764339447021484375" lon="1.7738462425768375396728515625">
        <ele>1040.5999755859375</ele>
        <time>2026-09-05T10:24:09.000Z</time>
      </trkpt>
      <trkpt lat="42.363002635538578033447265625" lon="1.7738479189574718475341796875">
        <ele>1040.5999755859375</ele>
        <time>2026-09-05T10:24:10.000Z</time>
      </trkpt>
      <trkpt lat="42.3630259372293949127197265625" lon="1.773884631693363189697265625">
        <ele>1041.199951171875</ele>
        <time>2026-09-05T10:24:15.000Z</time>
      </trkpt>
      <trkpt lat="42.36302576959133148193359375" lon="1.773884631693363189697265625">
        <ele>1040</ele>
        <time>2026-09-05T10:24:21.000Z</time>
      </trkpt>
      <trkpt lat="42.36302576959133148193359375" lon="1.773884631693363189697265625">
        <ele>1039.800048828125</ele>
        <time>2026-09-05T10:24:26.000Z</time>
      </trkpt>
      <trkpt lat="42.36302576959133148193359375" lon="1.773884631693363189697265625">
        <ele>1039.800048828125</ele>
        <time>2026-09-05T10:24:28.000Z</time>
      </trkpt>
      <trkpt lat="42.36302576959133148193359375" lon="1.773884631693363189697265625">
        <ele>1039.800048828125</ele>
        <time>2026-09-05T10:24:29.000Z</time>
      </trkpt>
      <trkpt lat="42.36302576959133148193359375" lon="1.773884631693363189697265625">
        <ele>1040.199951171875</ele>
        <time>2026-09-05T10:24:35.000Z</time>
      </trkpt>
      <trkpt lat="42.36302576959133148193359375" lon="1.773884631693363189697265625">
        <ele>1040</ele>
        <time>2026-09-05T10:24:38.000Z</time>
      </trkpt>
      <trkpt lat="42.36302576959133148193359375" lon="1.773884631693363189697265625">
        <ele>1040.800048828125</ele>
        <time>2026-09-05T10:24:44.000Z</time>
      </trkpt>
      <trkpt lat="42.363026775419712066650390625" lon="1.7738958634436130523681640625">
        <ele>1040.199951171875</ele>
        <time>2026-09-05T10:24:49.000Z</time>
      </trkpt>
      <trkpt lat="42.36304110847413539886474609375" lon="1.77394338883459568023681640625">
        <ele>1040.4000244140625</ele>
        <time>2026-09-05T10:24:53.000Z</time>
      </trkpt>
      <trkpt lat="42.36307002604007720947265625" lon="1.77401840686798095703125">
        <ele>1041.4000244140625</ele>
        <time>2026-09-05T10:24:59.000Z</time>
      </trkpt>
      <trkpt lat="42.36307715065777301788330078125" lon="1.77403106354176998138427734375">
        <ele>1041.5999755859375</ele>
        <time>2026-09-05T10:25:00.000Z</time>
      </trkpt>
      <trkpt lat="42.36308100633323192596435546875" lon="1.77403978072106838226318359375">
        <ele>1042</ele>
        <time>2026-09-05T10:25:01.000Z</time>
      </trkpt>
      <trkpt lat="42.363102547824382781982421875" lon="1.77410356700420379638671875">
        <ele>1042.4000244140625</ele>
        <time>2026-09-05T10:25:06.000Z</time>
      </trkpt>
      <trkpt lat="42.36311495304107666015625" lon="1.77415126003324985504150390625">
        <ele>1042.800048828125</ele>
        <time>2026-09-05T10:25:09.000Z</time>
      </trkpt>
      <trkpt lat="42.36313649453222751617431640625" lon="1.77419819869101047515869140625">
        <ele>1043</ele>
        <time>2026-09-05T10:25:13.000Z</time>
      </trkpt>
      <trkpt lat="42.36314856447279453277587890625" lon="1.774283945560455322265625">
        <ele>1043</ele>
        <time>2026-09-05T10:25:19.000Z</time>
      </trkpt>
      <trkpt lat="42.36315040849149227142333984375" lon="1.7742955125868320465087890625">
        <ele>1043.199951171875</ele>
        <time>2026-09-05T10:25:20.000Z</time>
      </trkpt>
      <trkpt lat="42.3631672561168670654296875" lon="1.7743603885173797607421875">
        <ele>1043.800048828125</ele>
        <time>2026-09-05T10:25:24.000Z</time>
      </trkpt>
      <trkpt lat="42.36317102797329425811767578125" lon="1.77436910569667816162109375">
        <ele>1044</ele>
        <time>2026-09-05T10:25:25.000Z</time>
      </trkpt>
      <trkpt lat="42.36319717951118946075439453125" lon="1.77445669658482074737548828125">
        <ele>1044.199951171875</ele>
        <time>2026-09-05T10:25:31.000Z</time>
      </trkpt>
      <trkpt lat="42.363214530050754547119140625" lon="1.77453900687396526336669921875">
        <ele>1044.5999755859375</ele>
        <time>2026-09-05T10:25:36.000Z</time>
      </trkpt>
      <trkpt lat="42.36323959194123744964599609375" lon="1.77462349645793437957763671875">
        <ele>1044.4000244140625</ele>
        <time>2026-09-05T10:25:42.000Z</time>
      </trkpt>
      <trkpt lat="42.36324763856828212738037109375" lon="1.774628944694995880126953125">
        <ele>1044.5999755859375</ele>
        <time>2026-09-05T10:25:43.000Z</time>
      </trkpt>
      <trkpt lat="42.36324931494891643524169921875" lon="1.7746458761394023895263671875">
        <ele>1044.800048828125</ele>
        <time>2026-09-05T10:25:44.000Z</time>
      </trkpt>
      <trkpt lat="42.36327311955392360687255859375" lon="1.77470169961452484130859375">
        <ele>1045.4000244140625</ele>
        <time>2026-09-05T10:25:48.000Z</time>
      </trkpt>
      <trkpt lat="42.36327588558197021484375" lon="1.77473380230367183685302734375">
        <ele>1045.5999755859375</ele>
        <time>2026-09-05T10:25:51.000Z</time>
      </trkpt>
      <trkpt lat="42.36327513121068477630615234375" lon="1.7747343890368938446044921875">
        <ele>1044.4000244140625</ele>
        <time>2026-09-05T10:25:55.000Z</time>
      </trkpt>
      <trkpt lat="42.36327513121068477630615234375" lon="1.7747343890368938446044921875">
        <ele>1043.800048828125</ele>
        <time>2026-09-05T10:25:59.000Z</time>
      </trkpt>
      <trkpt lat="42.36327513121068477630615234375" lon="1.7747343890368938446044921875">
        <ele>1043.800048828125</ele>
        <time>2026-09-05T10:26:00.000Z</time>
      </trkpt>
      <trkpt lat="42.36327513121068477630615234375" lon="1.7747343890368938446044921875">
        <ele>1043.800048828125</ele>
        <time>2026-09-05T10:26:01.000Z</time>
      </trkpt>
      <trkpt lat="42.36327513121068477630615234375" lon="1.7747343890368938446044921875">
        <ele>1043.800048828125</ele>
        <time>2026-09-05T10:26:03.000Z</time>
      </trkpt>
      <trkpt lat="42.36327513121068477630615234375" lon="1.7747343890368938446044921875">
        <ele>1044</ele>
        <time>2026-09-05T10:26:06.000Z</time>
      </trkpt>
      <trkpt lat="42.36327513121068477630615234375" lon="1.7747343890368938446044921875">
        <ele>1044</ele>
        <time>2026-09-05T10:26:12.000Z</time>
      </trkpt>
      <trkpt lat="42.363289296627044677734375" lon="1.7747632227838039398193359375">
        <ele>1044.5999755859375</ele>
        <time>2026-09-05T10:26:17.000Z</time>
      </trkpt>
      <trkpt lat="42.36329658888280391693115234375" lon="1.7747761309146881103515625">
        <ele>1045</ele>
        <time>2026-09-05T10:26:18.000Z</time>
      </trkpt>
      <trkpt lat="42.3633166216313838958740234375" lon="1.7748078145086765289306640625">
        <ele>1045.5999755859375</ele>
        <time>2026-09-05T10:26:21.000Z</time>
      </trkpt>
      <trkpt lat="42.36332056112587451934814453125" lon="1.774821393191814422607421875">
        <ele>1045.800048828125</ele>
        <time>2026-09-05T10:26:22.000Z</time>
      </trkpt>
      <trkpt lat="42.36333154141902923583984375" lon="1.774844191968441009521484375">
        <ele>1046</ele>
        <time>2026-09-05T10:26:24.000Z</time>
      </trkpt>
      <trkpt lat="42.36333983950316905975341796875" lon="1.77485131658613681793212890625">
        <ele>1046</ele>
        <time>2026-09-05T10:26:25.000Z</time>
      </trkpt>
      <trkpt lat="42.363348305225372314453125" lon="1.77486590109765529632568359375">
        <ele>1046</ele>
        <time>2026-09-05T10:26:26.000Z</time>
      </trkpt>
      <trkpt lat="42.3633652366697788238525390625" lon="1.7748986743390560150146484375">
        <ele>1045.800048828125</ele>
        <time>2026-09-05T10:26:28.000Z</time>
      </trkpt>
      <trkpt lat="42.3634084872901439666748046875" lon="1.77497268654406070709228515625">
        <ele>1046.199951171875</ele>
        <time>2026-09-05T10:26:34.000Z</time>
      </trkpt>
      <trkpt lat="42.3634433560073375701904296875" lon="1.775029599666595458984375">
        <ele>1046.800048828125</ele>
        <time>2026-09-05T10:26:39.000Z</time>
      </trkpt>
      <trkpt lat="42.36348886974155902862548828125" lon="1.77510327659547328948974609375">
        <ele>1047</ele>
        <time>2026-09-05T10:26:45.000Z</time>
      </trkpt>
      <trkpt lat="42.3634970001876354217529296875" lon="1.77511350251734256744384765625">
        <ele>1047</ele>
        <time>2026-09-05T10:26:46.000Z</time>
      </trkpt>
      <trkpt lat="42.3635047115385532379150390625" lon="1.7751248180866241455078125">
        <ele>1047.199951171875</ele>
        <time>2026-09-05T10:26:47.000Z</time>
      </trkpt>
      <trkpt lat="42.3635476268827915191650390625" lon="1.775194220244884490966796875">
        <ele>1047.4000244140625</ele>
        <time>2026-09-05T10:26:53.000Z</time>
      </trkpt>
      <trkpt lat="42.3635653965175151824951171875" lon="1.77521777339279651641845703125">
        <ele>1047.4000244140625</ele>
        <time>2026-09-05T10:26:55.000Z</time>
      </trkpt>
      <trkpt lat="42.36361526884138584136962890625" lon="1.77528449334204196929931640625">
        <ele>1046.800048828125</ele>
        <time>2026-09-05T10:27:01.000Z</time>
      </trkpt>
      <trkpt lat="42.363638989627361297607421875" lon="1.7753227986395359039306640625">
        <ele>1047</ele>
        <time>2026-09-05T10:27:04.000Z</time>
      </trkpt>
      <trkpt lat="42.36369372345507144927978515625" lon="1.77538474090397357940673828125">
        <ele>1047.199951171875</ele>
        <time>2026-09-05T10:27:10.000Z</time>
      </trkpt>
      <trkpt lat="42.3637206293642520904541015625" lon="1.77542991936206817626953125">
        <ele>1047.5999755859375</ele>
        <time>2026-09-05T10:27:14.000Z</time>
      </trkpt>
      <trkpt lat="42.36376396380364894866943359375" lon="1.7755058594048023223876953125">
        <ele>1048</ele>
        <time>2026-09-05T10:27:20.000Z</time>
      </trkpt>
      <trkpt lat="42.36379665322601795196533203125" lon="1.77555321715772151947021484375">
        <ele>1048.4000244140625</ele>
        <time>2026-09-05T10:27:24.000Z</time>
      </trkpt>
      <trkpt lat="42.36383051611483097076416015625" lon="1.77561121992766857147216796875">
        <ele>1048.4000244140625</ele>
        <time>2026-09-05T10:27:29.000Z</time>
      </trkpt>
      <trkpt lat="42.36384518444538116455078125" lon="1.775636114180088043212890625">
        <ele>1048.4000244140625</ele>
        <time>2026-09-05T10:27:31.000Z</time>
      </trkpt>
      <trkpt lat="42.36389975063502788543701171875" lon="1.77569604478776454925537109375">
        <ele>1048.800048828125</ele>
        <time>2026-09-05T10:27:37.000Z</time>
      </trkpt>
      <trkpt lat="42.363927662372589111328125" lon="1.7757283151149749755859375">
        <ele>1048.800048828125</ele>
        <time>2026-09-05T10:27:40.000Z</time>
      </trkpt>
      <trkpt lat="42.3639821447432041168212890625" lon="1.775782965123653411865234375">
        <ele>1048.800048828125</ele>
        <time>2026-09-05T10:27:46.000Z</time>
      </trkpt>
      <trkpt lat="42.3640009202063083648681640625" lon="1.77582085132598876953125">
        <ele>1049</ele>
        <time>2026-09-05T10:27:49.000Z</time>
      </trkpt>
      <trkpt lat="42.3640094697475433349609375" lon="1.7758324183523654937744140625">
        <ele>1049.199951171875</ele>
        <time>2026-09-05T10:27:50.000Z</time>
      </trkpt>
      <trkpt lat="42.36405397765338420867919921875" lon="1.77589888684451580047607421875">
        <ele>1049.4000244140625</ele>
        <time>2026-09-05T10:27:56.000Z</time>
      </trkpt>
      <trkpt lat="42.3640632815659046173095703125" lon="1.77592604421079158782958984375">
        <ele>1049.4000244140625</ele>
        <time>2026-09-05T10:27:58.000Z</time>
      </trkpt>
      <trkpt lat="42.36410728655755519866943359375" lon="1.77599343471229076385498046875">
        <ele>1049.199951171875</ele>
        <time>2026-09-05T10:28:04.000Z</time>
      </trkpt>
      <trkpt lat="42.36413125880062580108642578125" lon="1.77603215910494327545166015625">
        <ele>1049.5999755859375</ele>
        <time>2026-09-05T10:28:08.000Z</time>
      </trkpt>
      <trkpt lat="42.364173419773578643798828125" lon="1.77608647383749485015869140625">
        <ele>1049.4000244140625</ele>
        <time>2026-09-05T10:28:14.000Z</time>
      </trkpt>
      <trkpt lat="42.36421088688075542449951171875" lon="1.77610659040510654449462890625">
        <ele>1049.5999755859375</ele>
        <time>2026-09-05T10:28:18.000Z</time>
      </trkpt>
      <trkpt lat="42.36421507783234119415283203125" lon="1.7761143855750560760498046875">
        <ele>1049.5999755859375</ele>
        <time>2026-09-05T10:28:22.000Z</time>
      </trkpt>
      <trkpt lat="42.36421801149845123291015625" lon="1.776123605668544769287109375">
        <ele>1049.5999755859375</ele>
        <time>2026-09-05T10:28:24.000Z</time>
      </trkpt>
      <trkpt lat="42.36424592323601245880126953125" lon="1.7761680297553539276123046875">
        <ele>1050</ele>
        <time>2026-09-05T10:28:28.000Z</time>
      </trkpt>
      <trkpt lat="42.36425631679594516754150390625" lon="1.77618588320910930633544921875">
        <ele>1050.4000244140625</ele>
        <time>2026-09-05T10:28:29.000Z</time>
      </trkpt>
      <trkpt lat="42.364290766417980194091796875" lon="1.7762132920324802398681640625">
        <ele>1051.4000244140625</ele>
        <time>2026-09-05T10:28:33.000Z</time>
      </trkpt>
      <trkpt lat="42.36432923935353755950927734375" lon="1.77627288736402988433837890625">
        <ele>1051.4000244140625</ele>
        <time>2026-09-05T10:28:38.000Z</time>
      </trkpt>
      <trkpt lat="42.36437466926872730255126953125" lon="1.77631932310760021209716796875">
        <ele>1050.199951171875</ele>
        <time>2026-09-05T10:28:43.000Z</time>
      </trkpt>
      <trkpt lat="42.364391349256038665771484375" lon="1.77633223123848438262939453125">
        <ele>1050.5999755859375</ele>
        <time>2026-09-05T10:28:45.000Z</time>
      </trkpt>
      <trkpt lat="42.36440702341496944427490234375" lon="1.776358969509601593017578125">
        <ele>1051.199951171875</ele>
        <time>2026-09-05T10:28:47.000Z</time>
      </trkpt>
      <trkpt lat="42.364437617361545562744140625" lon="1.77639283239841461181640625">
        <ele>1052.199951171875</ele>
        <time>2026-09-05T10:28:51.000Z</time>
      </trkpt>
      <trkpt lat="42.364490590989589691162109375" lon="1.77645276300609111785888671875">
        <ele>1052.4000244140625</ele>
        <time>2026-09-05T10:28:57.000Z</time>
      </trkpt>
      <trkpt lat="42.3645393736660480499267578125" lon="1.77651059813797473907470703125">
        <ele>1052.4000244140625</ele>
        <time>2026-09-05T10:29:03.000Z</time>
      </trkpt>
      <trkpt lat="42.36454867757856845855712890625" lon="1.776523590087890625">
        <ele>1052.4000244140625</ele>
        <time>2026-09-05T10:29:04.000Z</time>
      </trkpt>
      <trkpt lat="42.3645856417715549468994140625" lon="1.77657865919172763824462890625">
        <ele>1052.5999755859375</ele>
        <time>2026-09-05T10:29:09.000Z</time>
      </trkpt>
      <trkpt lat="42.36462704837322235107421875" lon="1.77664470858871936798095703125">
        <ele>1052.5999755859375</ele>
        <time>2026-09-05T10:29:15.000Z</time>
      </trkpt>
      <trkpt lat="42.364634759724140167236328125" lon="1.77665225230157375335693359375">
        <ele>1052.5999755859375</ele>
        <time>2026-09-05T10:29:16.000Z</time>
      </trkpt>
      <trkpt lat="42.36467524431645870208740234375" lon="1.7767152003943920135498046875">
        <ele>1052.4000244140625</ele>
        <time>2026-09-05T10:29:22.000Z</time>
      </trkpt>
      <trkpt lat="42.364713214337825775146484375" lon="1.7767886258661746978759765625">
        <ele>1052.4000244140625</ele>
        <time>2026-09-05T10:29:28.000Z</time>
      </trkpt>
      <trkpt lat="42.36476979218423366546630859375" lon="1.77682139910757541656494140625">
        <ele>1052.5999755859375</ele>
        <time>2026-09-05T10:29:34.000Z</time>
      </trkpt>
      <trkpt lat="42.36477850936353206634521484375" lon="1.77682089619338512420654296875">
        <ele>1052.5999755859375</ele>
        <time>2026-09-05T10:29:35.000Z</time>
      </trkpt>
      <trkpt lat="42.36482813023030757904052734375" lon="1.77681150846183300018310546875">
        <ele>1052.800048828125</ele>
        <time>2026-09-05T10:29:40.000Z</time>
      </trkpt>
      <trkpt lat="42.36484053544700145721435546875" lon="1.77680530585348606109619140625">
        <ele>1052.5999755859375</ele>
        <time>2026-09-05T10:29:41.000Z</time>
      </trkpt>
      <trkpt lat="42.36490574665367603302001953125" lon="1.77678250707685947418212890625">
        <ele>1052.5999755859375</ele>
        <time>2026-09-05T10:29:47.000Z</time>
      </trkpt>
      <trkpt lat="42.364916391670703887939453125" lon="1.77678803913295269012451171875">
        <ele>1052.199951171875</ele>
        <time>2026-09-05T10:29:52.000Z</time>
      </trkpt>
      <trkpt lat="42.364916391670703887939453125" lon="1.776788122951984405517578125">
        <ele>1052</ele>
        <time>2026-09-05T10:29:58.000Z</time>
      </trkpt>
      <trkpt lat="42.364916391670703887939453125" lon="1.776788122951984405517578125">
        <ele>1052</ele>
        <time>2026-09-05T10:30:02.000Z</time>
      </trkpt>
      <trkpt lat="42.364916391670703887939453125" lon="1.776788122951984405517578125">
        <ele>1051.800048828125</ele>
        <time>2026-09-05T10:30:06.000Z</time>
      </trkpt>
      <trkpt lat="42.364932484924793243408203125" lon="1.77678803913295269012451171875">
        <ele>1051.800048828125</ele>
        <time>2026-09-05T10:30:10.000Z</time>
      </trkpt>
      <trkpt lat="42.36496458761394023895263671875" lon="1.77676507271826267242431640625">
        <ele>1052</ele>
        <time>2026-09-05T10:30:13.000Z</time>
      </trkpt>
      <trkpt lat="42.36501085571944713592529296875" lon="1.7767359875142574310302734375">
        <ele>1052</ele>
        <time>2026-09-05T10:30:18.000Z</time>
      </trkpt>
      <trkpt lat="42.365068607032299041748046875" lon="1.77670220844447612762451171875">
        <ele>1052</ele>
        <time>2026-09-05T10:30:24.000Z</time>
      </trkpt>
      <trkpt lat="42.36507556401193141937255859375" lon="1.77669667638838291168212890625">
        <ele>1051.800048828125</ele>
        <time>2026-09-05T10:30:25.000Z</time>
      </trkpt>
      <trkpt lat="42.365118227899074554443359375" lon="1.7766595445573329925537109375">
        <ele>1051.800048828125</ele>
        <time>2026-09-05T10:30:30.000Z</time>
      </trkpt>
      <trkpt lat="42.365177907049655914306640625" lon="1.7766375839710235595703125">
        <ele>1051.5999755859375</ele>
        <time>2026-09-05T10:30:35.000Z</time>
      </trkpt>
      <trkpt lat="42.36519039608538150787353515625" lon="1.7766286991536617279052734375">
        <ele>1051.800048828125</ele>
        <time>2026-09-05T10:30:37.000Z</time>
      </trkpt>
      <trkpt lat="42.36521570943295955657958984375" lon="1.77661545574665069580078125">
        <ele>1051.4000244140625</ele>
        <time>2026-09-05T10:30:40.000Z</time>
      </trkpt>
      <trkpt lat="42.36522576771676540374755859375" lon="1.77660916931927204132080078125">
        <ele>1051.199951171875</ele>
        <time>2026-09-05T10:30:41.000Z</time>
      </trkpt>
      <trkpt lat="42.3652540147304534912109375" lon="1.77658603526651859283447265625">
        <ele>1050.800048828125</ele>
        <time>2026-09-05T10:30:44.000Z</time>
      </trkpt>
      <trkpt lat="42.365277819335460662841796875" lon="1.77656256593763828277587890625">
        <ele>1051</ele>
        <time>2026-09-05T10:30:47.000Z</time>
      </trkpt>
      <trkpt lat="42.365295253694057464599609375" lon="1.77655971609055995941162109375">
        <ele>1051.5999755859375</ele>
        <time>2026-09-05T10:30:49.000Z</time>
      </trkpt>
      <trkpt lat="42.3653624765574932098388671875" lon="1.77652250044047832489013671875">
        <ele>1050.800048828125</ele>
        <time>2026-09-05T10:30:55.000Z</time>
      </trkpt>
      <trkpt lat="42.36543036997318267822265625" lon="1.77646835334599018096923828125">
        <ele>1051.5999755859375</ele>
        <time>2026-09-05T10:31:01.000Z</time>
      </trkpt>
      <trkpt lat="42.3654583655297756195068359375" lon="1.7764577083289623260498046875">
        <ele>1051.800048828125</ele>
        <time>2026-09-05T10:31:04.000Z</time>
      </trkpt>
      <trkpt lat="42.365483678877353668212890625" lon="1.7764686048030853271484375">
        <ele>1051.800048828125</ele>
        <time>2026-09-05T10:31:06.000Z</time>
      </trkpt>
      <trkpt lat="42.36549382098019123077392578125" lon="1.7764627374708652496337890625">
        <ele>1051.800048828125</ele>
        <time>2026-09-05T10:31:07.000Z</time>
      </trkpt>
      <trkpt lat="42.365533299744129180908203125" lon="1.77646533586084842681884765625">
        <ele>1052</ele>
        <time>2026-09-05T10:31:11.000Z</time>
      </trkpt>
      <trkpt lat="42.36559130251407623291015625" lon="1.77644019015133380889892578125">
        <ele>1051.800048828125</ele>
        <time>2026-09-05T10:31:16.000Z</time>
      </trkpt>
      <trkpt lat="42.36566280014812946319580078125" lon="1.776438094675540924072265625">
        <ele>1051.199951171875</ele>
        <time>2026-09-05T10:31:22.000Z</time>
      </trkpt>
      <trkpt lat="42.36568660475313663482666015625" lon="1.77644639275968074798583984375">
        <ele>1051.5999755859375</ele>
        <time>2026-09-05T10:31:24.000Z</time>
      </trkpt>
      <trkpt lat="42.365709654986858367919921875" lon="1.77643566392362117767333984375">
        <ele>1052</ele>
        <time>2026-09-05T10:31:26.000Z</time>
      </trkpt>
      <trkpt lat="42.36574142239987850189208984375" lon="1.77642376162111759185791015625">
        <ele>1052.199951171875</ele>
        <time>2026-09-05T10:31:29.000Z</time>
      </trkpt>
      <trkpt lat="42.36575248651206493377685546875" lon="1.77642636001110076904296875">
        <ele>1052.199951171875</ele>
        <time>2026-09-05T10:31:30.000Z</time>
      </trkpt>
      <trkpt lat="42.36581853590905666351318359375" lon="1.776426695287227630615234375">
        <ele>1052</ele>
        <time>2026-09-05T10:31:36.000Z</time>
      </trkpt>
      <trkpt lat="42.36588257364928722381591796875" lon="1.7764208279550075531005859375">
        <ele>1052</ele>
        <time>2026-09-05T10:31:42.000Z</time>
      </trkpt>
      <trkpt lat="42.36589430831372737884521484375" lon="1.7764221690595149993896484375">
        <ele>1052</ele>
        <time>2026-09-05T10:31:43.000Z</time>
      </trkpt>
      <trkpt lat="42.365932948887348175048828125" lon="1.77641336806118488311767578125">
        <ele>1050.800048828125</ele>
        <time>2026-09-05T10:31:47.000Z</time>
      </trkpt>
      <trkpt lat="42.36600033938884735107421875" lon="1.776406578719615936279296875">
        <ele>1050.800048828125</ele>
        <time>2026-09-05T10:31:53.000Z</time>
      </trkpt>
      <trkpt lat="42.366071753203868865966796875" lon="1.77639626897871494293212890625">
        <ele>1050.5999755859375</ele>
        <time>2026-09-05T10:31:59.000Z</time>
      </trkpt>
      <trkpt lat="42.3661057837307453155517578125" lon="1.77638805471360683441162109375">
        <ele>1050.5999755859375</ele>
        <time>2026-09-05T10:32:02.000Z</time>
      </trkpt>
      <trkpt lat="42.36614040099084377288818359375" lon="1.77638352848589420318603515625">
        <ele>1050.800048828125</ele>
        <time>2026-09-05T10:32:05.000Z</time>
      </trkpt>
      <trkpt lat="42.3662090487778186798095703125" lon="1.77638956345617771148681640625">
        <ele>1050.800048828125</ele>
        <time>2026-09-05T10:32:11.000Z</time>
      </trkpt>
      <trkpt lat="42.366219945251941680908203125" lon="1.77638805471360683441162109375">
        <ele>1050.800048828125</ele>
        <time>2026-09-05T10:32:12.000Z</time>
      </trkpt>
      <trkpt lat="42.36628440208733081817626953125" lon="1.776373721659183502197265625">
        <ele>1050.5999755859375</ele>
        <time>2026-09-05T10:32:18.000Z</time>
      </trkpt>
      <trkpt lat="42.3663203604519367218017578125" lon="1.77637045271694660186767578125">
        <ele>1051</ele>
        <time>2026-09-05T10:32:21.000Z</time>
      </trkpt>
      <trkpt lat="42.36634433269500732421875" lon="1.77635687403380870819091796875">
        <ele>1052</ele>
        <time>2026-09-05T10:32:24.000Z</time>
      </trkpt>
      <trkpt lat="42.3663699813187122344970703125" lon="1.7763514257967472076416015625">
        <ele>1052.4000244140625</ele>
        <time>2026-09-05T10:32:26.000Z</time>
      </trkpt>
      <trkpt lat="42.36642387695610523223876953125" lon="1.77633658982813358306884765625">
        <ele>1052</ele>
        <time>2026-09-05T10:32:31.000Z</time>
      </trkpt>
      <trkpt lat="42.36648959107697010040283203125" lon="1.77631965838372707366943359375">
        <ele>1051.199951171875</ele>
        <time>2026-09-05T10:32:37.000Z</time>
      </trkpt>
      <trkpt lat="42.366509623825550079345703125" lon="1.77630775608122348785400390625">
        <ele>1051.199951171875</ele>
        <time>2026-09-05T10:32:39.000Z</time>
      </trkpt>
      <trkpt lat="42.36657860688865184783935546875" lon="1.776295602321624755859375">
        <ele>1051.800048828125</ele>
        <time>2026-09-05T10:32:45.000Z</time>
      </trkpt>
      <trkpt lat="42.366588748991489410400390625" lon="1.776290573179721832275390625">
        <ele>1051.800048828125</ele>
        <time>2026-09-05T10:32:46.000Z</time>
      </trkpt>
      <trkpt lat="42.3666076920926570892333984375" lon="1.77628420293331146240234375">
        <ele>1051.800048828125</ele>
        <time>2026-09-05T10:32:48.000Z</time>
      </trkpt>
      <trkpt lat="42.36666762270033359527587890625" lon="1.77625696174800395965576171875">
        <ele>1052</ele>
        <time>2026-09-05T10:32:53.000Z</time>
      </trkpt>
      <trkpt lat="42.36670978367328643798828125" lon="1.776261068880558013916015625">
        <ele>1052.199951171875</ele>
        <time>2026-09-05T10:32:57.000Z</time>
      </trkpt>
      <trkpt lat="42.36673015169799327850341796875" lon="1.7762528546154499053955078125">
        <ele>1052.199951171875</ele>
        <time>2026-09-05T10:32:59.000Z</time>
      </trkpt>
      <trkpt lat="42.36679368652403354644775390625" lon="1.77625344134867191314697265625">
        <ele>1052</ele>
        <time>2026-09-05T10:33:05.000Z</time>
      </trkpt>
      <trkpt lat="42.36681262962520122528076171875" lon="1.77625159732997417449951171875">
        <ele>1052</ele>
        <time>2026-09-05T10:33:07.000Z</time>
      </trkpt>
      <trkpt lat="42.3668846301734447479248046875" lon="1.77625025622546672821044921875">
        <ele>1052.199951171875</ele>
        <time>2026-09-05T10:33:13.000Z</time>
      </trkpt>
      <trkpt lat="42.36694606952369213104248046875" lon="1.776232905685901641845703125">
        <ele>1052</ele>
        <time>2026-09-05T10:33:19.000Z</time>
      </trkpt>
      <trkpt lat="42.3669781722128391265869140625" lon="1.776224188506603240966796875">
        <ele>1052</ele>
        <time>2026-09-05T10:33:21.000Z</time>
      </trkpt>
      <trkpt lat="42.36704061739146709442138671875" lon="1.77620868198573589324951171875">
        <ele>1052</ele>
        <time>2026-09-05T10:33:27.000Z</time>
      </trkpt>
      <trkpt lat="42.3671049065887928009033203125" lon="1.7761909961700439453125">
        <ele>1052</ele>
        <time>2026-09-05T10:33:33.000Z</time>
      </trkpt>
      <trkpt lat="42.36717372201383113861083984375" lon="1.7761683650314807891845703125">
        <ele>1052.199951171875</ele>
        <time>2026-09-05T10:33:39.000Z</time>
      </trkpt>
      <trkpt lat="42.36722954548895359039306640625" lon="1.77614715881645679473876953125">
        <ele>1052</ele>
        <time>2026-09-05T10:33:45.000Z</time>
      </trkpt>
      <trkpt lat="42.367282100021839141845703125" lon="1.77611078135669231414794921875">
        <ele>1051.800048828125</ele>
        <time>2026-09-05T10:33:51.000Z</time>
      </trkpt>
      <trkpt lat="42.36731772311031818389892578125" lon="1.776112206280231475830078125">
        <ele>1052.199951171875</ele>
        <time>2026-09-05T10:33:54.000Z</time>
      </trkpt>
      <trkpt lat="42.36738243140280246734619140625" lon="1.77610809914767742156982421875">
        <ele>1052.4000244140625</ele>
        <time>2026-09-05T10:34:00.000Z</time>
      </trkpt>
      <trkpt lat="42.367395423352718353271484375" lon="1.77611061371862888336181640625">
        <ele>1052.4000244140625</ele>
        <time>2026-09-05T10:34:01.000Z</time>
      </trkpt>
      <trkpt lat="42.36745350994169712066650390625" lon="1.7761039920151233673095703125">
        <ele>1052.199951171875</ele>
        <time>2026-09-05T10:34:07.000Z</time>
      </trkpt>
      <trkpt lat="42.367464490234851837158203125" lon="1.776100806891918182373046875">
        <ele>1052.199951171875</ele>
        <time>2026-09-05T10:34:08.000Z</time>
      </trkpt>
      <trkpt lat="42.36751536838710308074951171875" lon="1.7760758288204669952392578125">
        <ele>1052</ele>
        <time>2026-09-05T10:34:14.000Z</time>
      </trkpt>
      <trkpt lat="42.36758125014603137969970703125" lon="1.77606216631829738616943359375">
        <ele>1052</ele>
        <time>2026-09-05T10:34:20.000Z</time>
      </trkpt>
      <trkpt lat="42.36765249632298946380615234375" lon="1.77604280412197113037109375">
        <ele>1052</ele>
        <time>2026-09-05T10:34:26.000Z</time>
      </trkpt>
      <trkpt lat="42.36766389571130275726318359375" lon="1.77604137919843196868896484375">
        <ele>1052</ele>
        <time>2026-09-05T10:34:27.000Z</time>
      </trkpt>
      <trkpt lat="42.3677234910428524017333984375" lon="1.77602109499275684356689453125">
        <ele>1051.4000244140625</ele>
        <time>2026-09-05T10:34:33.000Z</time>
      </trkpt>
      <trkpt lat="42.36774419434368610382080078125" lon="1.77601304836571216583251953125">
        <ele>1051.5999755859375</ele>
        <time>2026-09-05T10:34:35.000Z</time>
      </trkpt>
      <trkpt lat="42.36780974082648754119873046875" lon="1.7760047502815723419189453125">
        <ele>1051.4000244140625</ele>
        <time>2026-09-05T10:34:41.000Z</time>
      </trkpt>
      <trkpt lat="42.3678289353847503662109375" lon="1.77600014023482799530029296875">
        <ele>1051</ele>
        <time>2026-09-05T10:34:43.000Z</time>
      </trkpt>
      <trkpt lat="42.36789263784885406494140625" lon="1.77598454989492893218994140625">
        <ele>1050.4000244140625</ele>
        <time>2026-09-05T10:34:49.000Z</time>
      </trkpt>
      <trkpt lat="42.36794938333332538604736328125" lon="1.77597180940210819244384765625">
        <ele>1050.4000244140625</ele>
        <time>2026-09-05T10:34:54.000Z</time>
      </trkpt>
      <trkpt lat="42.3680138401687145233154296875" lon="1.77594800479710102081298828125">
        <ele>1050.4000244140625</ele>
        <time>2026-09-05T10:35:00.000Z</time>
      </trkpt>
      <trkpt lat="42.368033789098262786865234375" lon="1.77594222128391265869140625">
        <ele>1050.5999755859375</ele>
        <time>2026-09-05T10:35:02.000Z</time>
      </trkpt>
      <trkpt lat="42.36807234585285186767578125" lon="1.77599309943616390228271484375">
        <ele>1050.4000244140625</ele>
        <time>2026-09-05T10:35:07.000Z</time>
      </trkpt>
      <trkpt lat="42.368097491562366485595703125" lon="1.776075325906276702880859375">
        <ele>1050</ele>
        <time>2026-09-05T10:35:13.000Z</time>
      </trkpt>
      <trkpt lat="42.3681006766855716705322265625" lon="1.77608664147555828094482421875">
        <ele>1049.800048828125</ele>
        <time>2026-09-05T10:35:14.000Z</time>
      </trkpt>
      <trkpt lat="42.3681033588945865631103515625" lon="1.77610105834901332855224609375">
        <ele>1049.5999755859375</ele>
        <time>2026-09-05T10:35:15.000Z</time>
      </trkpt>
      <trkpt lat="42.36811987124383449554443359375" lon="1.77618789486587047576904296875">
        <ele>1049.4000244140625</ele>
        <time>2026-09-05T10:35:21.000Z</time>
      </trkpt>
      <trkpt lat="42.36813210882246494293212890625" lon="1.776244640350341796875">
        <ele>1049</ele>
        <time>2026-09-05T10:35:25.000Z</time>
      </trkpt>
      <trkpt lat="42.36813940107822418212890625" lon="1.7762702889740467071533203125">
        <ele>1048.800048828125</ele>
        <time>2026-09-05T10:35:27.000Z</time>
      </trkpt>
      <trkpt lat="42.36815138719975948333740234375" lon="1.77635033614933490753173828125">
        <ele>1048.4000244140625</ele>
        <time>2026-09-05T10:35:33.000Z</time>
      </trkpt>
      <trkpt lat="42.36817561089992523193359375" lon="1.77643683739006519317626953125">
        <ele>1048.199951171875</ele>
        <time>2026-09-05T10:35:39.000Z</time>
      </trkpt>
      <trkpt lat="42.36818709410727024078369140625" lon="1.77647807635366916656494140625">
        <ele>1047.800048828125</ele>
        <time>2026-09-05T10:35:42.000Z</time>
      </trkpt>
      <trkpt lat="42.3681891895830631256103515625" lon="1.7764912359416484832763671875">
        <ele>1047.5999755859375</ele>
        <time>2026-09-05T10:35:43.000Z</time>
      </trkpt>
      <trkpt lat="42.36819664947688579559326171875" lon="1.77653339691460132598876953125">
        <ele>1047.800048828125</ele>
        <time>2026-09-05T10:35:46.000Z</time>
      </trkpt>
      <trkpt lat="42.368202768266201019287109375" lon="1.77659525536000728607177734375">
        <ele>1048.800048828125</ele>
        <time>2026-09-05T10:35:50.000Z</time>
      </trkpt>
      <trkpt lat="42.368214167654514312744140625" lon="1.7766357399523258209228515625">
        <ele>1048.199951171875</ele>
        <time>2026-09-05T10:35:53.000Z</time>
      </trkpt>
      <trkpt lat="42.3682220466434955596923828125" lon="1.77667689509689807891845703125">
        <ele>1047.800048828125</ele>
        <time>2026-09-05T10:35:56.000Z</time>
      </trkpt>
      <trkpt lat="42.368232943117618560791015625" lon="1.77671411074697971343994140625">
        <ele>1047.5999755859375</ele>
        <time>2026-09-05T10:35:59.000Z</time>
      </trkpt>
      <trkpt lat="42.368248365819454193115234375" lon="1.776746213436126708984375">
        <ele>1047.4000244140625</ele>
        <time>2026-09-05T10:36:02.000Z</time>
      </trkpt>
      <trkpt lat="42.36830645240843296051025390625" lon="1.7767916433513164520263671875">
        <ele>1047</ele>
        <time>2026-09-05T10:36:08.000Z</time>
      </trkpt>
      <trkpt lat="42.368340902030467987060546875" lon="1.77681335248053073883056640625">
        <ele>1046.5999755859375</ele>
        <time>2026-09-05T10:36:12.000Z</time>
      </trkpt>
      <trkpt lat="42.36836898140609264373779296875" lon="1.7768322117626667022705078125">
        <ele>1046.4000244140625</ele>
        <time>2026-09-05T10:36:15.000Z</time>
      </trkpt>
      <trkpt lat="42.3684270679950714111328125" lon="1.7768682539463043212890625">
        <ele>1046.199951171875</ele>
        <time>2026-09-05T10:36:21.000Z</time>
      </trkpt>
      <trkpt lat="42.3684362880885601043701171875" lon="1.77687563002109527587890625">
        <ele>1046</ele>
        <time>2026-09-05T10:36:22.000Z</time>
      </trkpt>
      <trkpt lat="42.36849202774465084075927734375" lon="1.776916868984699249267578125">
        <ele>1045.5999755859375</ele>
        <time>2026-09-05T10:36:28.000Z</time>
      </trkpt>
      <trkpt lat="42.368500493466854095458984375" lon="1.77692835219204425811767578125">
        <ele>1045.4000244140625</ele>
        <time>2026-09-05T10:36:29.000Z</time>
      </trkpt>
      <trkpt lat="42.36855187453329563140869140625" lon="1.7769809067249298095703125">
        <ele>1045</ele>
        <time>2026-09-05T10:36:35.000Z</time>
      </trkpt>
      <trkpt lat="42.36856780014932155609130859375" lon="1.777026839554309844970703125">
        <ele>1044.5999755859375</ele>
        <time>2026-09-05T10:36:38.000Z</time>
      </trkpt>
      <trkpt lat="42.36858154647052288055419921875" lon="1.77705793641507625579833984375">
        <ele>1044</ele>
        <time>2026-09-05T10:36:40.000Z</time>
      </trkpt>
      <trkpt lat="42.36859613098204135894775390625" lon="1.77707771770656108856201171875">
        <ele>1043.4000244140625</ele>
        <time>2026-09-05T10:36:42.000Z</time>
      </trkpt>
      <trkpt lat="42.3686374537646770477294921875" lon="1.77714544348418712615966796875">
        <ele>1043.199951171875</ele>
        <time>2026-09-05T10:36:48.000Z</time>
      </trkpt>
      <trkpt lat="42.36864508129656314849853515625" lon="1.7771557532250881195068359375">
        <ele>1043.199951171875</ele>
        <time>2026-09-05T10:36:49.000Z</time>
      </trkpt>
      <trkpt lat="42.368680536746978759765625" lon="1.77721786312758922576904296875">
        <ele>1043.4000244140625</ele>
        <time>2026-09-05T10:36:55.000Z</time>
      </trkpt>
      <trkpt lat="42.36872890032827854156494140625" lon="1.77723982371389865875244140625">
        <ele>1043.5999755859375</ele>
        <time>2026-09-05T10:37:00.000Z</time>
      </trkpt>
      <trkpt lat="42.36876410432159900665283203125" lon="1.77725222893059253692626953125">
        <ele>1043.4000244140625</ele>
        <time>2026-09-05T10:37:04.000Z</time>
      </trkpt>
      <trkpt lat="42.36879126168787479400634765625" lon="1.7772652208805084228515625">
        <ele>1043</ele>
        <time>2026-09-05T10:37:07.000Z</time>
      </trkpt>
      <trkpt lat="42.36885546706616878509521484375" lon="1.77729070186614990234375">
        <ele>1042.4000244140625</ele>
        <time>2026-09-05T10:37:13.000Z</time>
      </trkpt>
      <trkpt lat="42.36886368133127689361572265625" lon="1.77729179151356220245361328125">
        <ele>1042.4000244140625</ele>
        <time>2026-09-05T10:37:14.000Z</time>
      </trkpt>
      <trkpt lat="42.36892369575798511505126953125" lon="1.777303777635097503662109375">
        <ele>1041.5999755859375</ele>
        <time>2026-09-05T10:37:20.000Z</time>
      </trkpt>
      <trkpt lat="42.36897633410990238189697265625" lon="1.7773190326988697052001953125">
        <ele>1041.199951171875</ele>
        <time>2026-09-05T10:37:24.000Z</time>
      </trkpt>
      <trkpt lat="42.3690075986087322235107421875" lon="1.7773223854601383209228515625">
        <ele>1040.800048828125</ele>
        <time>2026-09-05T10:37:27.000Z</time>
      </trkpt>
      <trkpt lat="42.36905529163777828216552734375" lon="1.7773456871509552001953125">
        <ele>1040</ele>
        <time>2026-09-05T10:37:31.000Z</time>
      </trkpt>
      <trkpt lat="42.369092591106891632080078125" lon="1.77735884673893451690673828125">
        <ele>1039.5999755859375</ele>
        <time>2026-09-05T10:37:35.000Z</time>
      </trkpt>
      <trkpt lat="42.3691591434180736541748046875" lon="1.7773971520364284515380859375">
        <ele>1039.199951171875</ele>
        <time>2026-09-05T10:37:40.000Z</time>
      </trkpt>
      <trkpt lat="42.36916593275964260101318359375" lon="1.777405701577663421630859375">
        <ele>1038.800048828125</ele>
        <time>2026-09-05T10:37:41.000Z</time>
      </trkpt>
      <trkpt lat="42.36917649395763874053955078125" lon="1.77744836546480655670166015625">
        <ele>1037.800048828125</ele>
        <time>2026-09-05T10:37:45.000Z</time>
      </trkpt>
      <trkpt lat="42.36917515285313129425048828125" lon="1.7774752713739871978759765625">
        <ele>1037.4000244140625</ele>
        <time>2026-09-05T10:37:47.000Z</time>
      </trkpt>
      <trkpt lat="42.36916559748351573944091796875" lon="1.77756018005311489105224609375">
        <ele>1037.800048828125</ele>
        <time>2026-09-05T10:37:53.000Z</time>
      </trkpt>
      <trkpt lat="42.36917045898735523223876953125" lon="1.777645759284496307373046875">
        <ele>1037.800048828125</ele>
        <time>2026-09-05T10:37:59.000Z</time>
      </trkpt>
      <trkpt lat="42.3691584728658199310302734375" lon="1.77769948728382587432861328125">
        <ele>1036.800048828125</ele>
        <time>2026-09-05T10:38:03.000Z</time>
      </trkpt>
      <trkpt lat="42.36913542263209819793701171875" lon="1.777746677398681640625">
        <ele>1037.4000244140625</ele>
        <time>2026-09-05T10:38:06.000Z</time>
      </trkpt>
      <trkpt lat="42.3691085167229175567626953125" lon="1.77777961827814579010009765625">
        <ele>1037.800048828125</ele>
        <time>2026-09-05T10:38:09.000Z</time>
      </trkpt>
      <trkpt lat="42.36910055391490459442138671875" lon="1.777801997959613800048828125">
        <ele>1037.5999755859375</ele>
        <time>2026-09-05T10:38:11.000Z</time>
      </trkpt>
      <trkpt lat="42.36909938044846057891845703125" lon="1.77781851030886173248291015625">
        <ele>1037.4000244140625</ele>
        <time>2026-09-05T10:38:12.000Z</time>
      </trkpt>
      <trkpt lat="42.36909753642976284027099609375" lon="1.77788288332521915435791015625">
        <ele>1037.4000244140625</ele>
        <time>2026-09-05T10:38:17.000Z</time>
      </trkpt>
      <trkpt lat="42.3690887354314327239990234375" lon="1.777913309633731842041015625">
        <ele>1037.199951171875</ele>
        <time>2026-09-05T10:38:19.000Z</time>
      </trkpt>
      <trkpt lat="42.36909233964979648590087890625" lon="1.77795697934925556182861328125">
        <ele>1037.4000244140625</ele>
        <time>2026-09-05T10:38:22.000Z</time>
      </trkpt>
      <trkpt lat="42.36907876096665859222412109375" lon="1.77802269347012042999267578125">
        <ele>1037.199951171875</ele>
        <time>2026-09-05T10:38:26.000Z</time>
      </trkpt>
      <trkpt lat="42.369077503681182861328125" lon="1.778055131435394287109375">
        <ele>1036.800048828125</ele>
        <time>2026-09-05T10:38:28.000Z</time>
      </trkpt>
      <trkpt lat="42.369077838957309722900390625" lon="1.77807114087045192718505859375">
        <ele>1036.5999755859375</ele>
        <time>2026-09-05T10:38:29.000Z</time>
      </trkpt>
      <trkpt lat="42.3690753243863582611083984375" lon="1.77816309034824371337890625">
        <ele>1036.199951171875</ele>
        <time>2026-09-05T10:38:35.000Z</time>
      </trkpt>
      <trkpt lat="42.369073145091533660888671875" lon="1.7782132141292095184326171875">
        <ele>1036</ele>
        <time>2026-09-05T10:38:39.000Z</time>
      </trkpt>
      <trkpt lat="42.3690800182521343231201171875" lon="1.7782836221158504486083984375">
        <ele>1037</ele>
        <time>2026-09-05T10:38:45.000Z</time>
      </trkpt>
      <trkpt lat="42.36907255835831165313720703125" lon="1.77830390632152557373046875">
        <ele>1037.5999755859375</ele>
        <time>2026-09-05T10:38:47.000Z</time>
      </trkpt>
      <trkpt lat="42.36906987614929676055908203125" lon="1.7783171497285366058349609375">
        <ele>1037.800048828125</ele>
        <time>2026-09-05T10:38:48.000Z</time>
      </trkpt>
      <trkpt lat="42.36906652338802814483642578125" lon="1.77837708033621311187744140625">
        <ele>1037.5999755859375</ele>
        <time>2026-09-05T10:38:52.000Z</time>
      </trkpt>
      <trkpt lat="42.369071803987026214599609375" lon="1.77840708754956722259521484375">
        <ele>1037.5999755859375</ele>
        <time>2026-09-05T10:38:54.000Z</time>
      </trkpt>
      <trkpt lat="42.36907138489186763763427734375" lon="1.7785008810460567474365234375">
        <ele>1038</ele>
        <time>2026-09-05T10:39:00.000Z</time>
      </trkpt>
      <trkpt lat="42.36906853504478931427001953125" lon="1.7785669304430484771728515625">
        <ele>1038.4000244140625</ele>
        <time>2026-09-05T10:39:05.000Z</time>
      </trkpt>
      <trkpt lat="42.3690605722367763519287109375" lon="1.7786028049886226654052734375">
        <ele>1038.800048828125</ele>
        <time>2026-09-05T10:39:08.000Z</time>
      </trkpt>
      <trkpt lat="42.3690622486174106597900390625" lon="1.7786175571382045745849609375">
        <ele>1038.800048828125</ele>
        <time>2026-09-05T10:39:09.000Z</time>
      </trkpt>
      <trkpt lat="42.36906417645514011383056640625" lon="1.778693832457065582275390625">
        <ele>1039.5999755859375</ele>
        <time>2026-09-05T10:39:15.000Z</time>
      </trkpt>
      <trkpt lat="42.36906099133193492889404296875" lon="1.77870481275022029876708984375">
        <ele>1039.800048828125</ele>
        <time>2026-09-05T10:39:16.000Z</time>
      </trkpt>
      <trkpt lat="42.3690592311322689056396484375" lon="1.7787737958133220672607421875">
        <ele>1040</ele>
        <time>2026-09-05T10:39:22.000Z</time>
      </trkpt>
      <trkpt lat="42.369061745703220367431640625" lon="1.77880388684570789337158203125">
        <ele>1040</ele>
        <time>2026-09-05T10:39:24.000Z</time>
      </trkpt>
      <trkpt lat="42.369061745703220367431640625" lon="1.7788852751255035400390625">
        <ele>1039.800048828125</ele>
        <time>2026-09-05T10:39:30.000Z</time>
      </trkpt>
      <trkpt lat="42.36905797384679317474365234375" lon="1.7789132706820964813232421875">
        <ele>1040</ele>
        <time>2026-09-05T10:39:32.000Z</time>
      </trkpt>
      <trkpt lat="42.36904959194362163543701171875" lon="1.77895165979862213134765625">
        <ele>1040.800048828125</ele>
        <time>2026-09-05T10:39:35.000Z</time>
      </trkpt>
      <trkpt lat="42.3690518550574779510498046875" lon="1.77896641194820404052734375">
        <ele>1041</ele>
        <time>2026-09-05T10:39:36.000Z</time>
      </trkpt>
      <trkpt lat="42.369049005210399627685546875" lon="1.7790118418633937835693359375">
        <ele>1040.800048828125</ele>
        <time>2026-09-05T10:39:39.000Z</time>
      </trkpt>
      <trkpt lat="42.3690458200871944427490234375" lon="1.779081411659717559814453125">
        <ele>1041.199951171875</ele>
        <time>2026-09-05T10:39:45.000Z</time>
      </trkpt>
      <trkpt lat="42.36904355697333812713623046875" lon="1.7791154421865940093994140625">
        <ele>1041.800048828125</ele>
        <time>2026-09-05T10:39:48.000Z</time>
      </trkpt>
      <trkpt lat="42.36904858611524105072021484375" lon="1.7791241593658924102783203125">
        <ele>1041.800048828125</ele>
        <time>2026-09-05T10:39:49.000Z</time>
      </trkpt>
      <trkpt lat="42.36905612982809543609619140625" lon="1.77912876941263675689697265625">
        <ele>1041.800048828125</ele>
        <time>2026-09-05T10:39:50.000Z</time>
      </trkpt>
      <trkpt lat="42.36909435130655765533447265625" lon="1.77914368920028209686279296875">
        <ele>1040.800048828125</ele>
        <time>2026-09-05T10:39:54.000Z</time>
      </trkpt>
      <trkpt lat="42.3691041581332683563232421875" lon="1.77914611995220184326171875">
        <ele>1040.800048828125</ele>
        <time>2026-09-05T10:39:55.000Z</time>
      </trkpt>
      <trkpt lat="42.3691762425005435943603515625" lon="1.77914419211447238922119140625">
        <ele>1041</ele>
        <time>2026-09-05T10:40:01.000Z</time>
      </trkpt>
      <trkpt lat="42.3691953532397747039794921875" lon="1.77914167754352092742919921875">
        <ele>1041</ele>
        <time>2026-09-05T10:40:03.000Z</time>
      </trkpt>
      <trkpt lat="42.3692557029426097869873046875" lon="1.77914083935320377349853515625">
        <ele>1040.5999755859375</ele>
        <time>2026-09-05T10:40:09.000Z</time>
      </trkpt>
      <trkpt lat="42.3693267814815044403076171875" lon="1.77913899533450603485107421875">
        <ele>1040.4000244140625</ele>
        <time>2026-09-05T10:40:15.000Z</time>
      </trkpt>
      <trkpt lat="42.3693371750414371490478515625" lon="1.77913832478225231170654296875">
        <ele>1040.4000244140625</ele>
        <time>2026-09-05T10:40:16.000Z</time>
      </trkpt>
      <trkpt lat="42.3693810962140560150146484375" lon="1.779124997556209564208984375">
        <ele>1040.4000244140625</ele>
        <time>2026-09-05T10:40:20.000Z</time>
      </trkpt>
      <trkpt lat="42.36942208372056484222412109375" lon="1.77910731174051761627197265625">
        <ele>1040</ele>
        <time>2026-09-05T10:40:24.000Z</time>
      </trkpt>
      <trkpt lat="42.36945477314293384552001953125" lon="1.779093481600284576416015625">
        <ele>1039.800048828125</ele>
        <time>2026-09-05T10:40:27.000Z</time>
      </trkpt>
      <trkpt lat="42.36952803097665309906005859375" lon="1.779090128839015960693359375">
        <ele>1039</ele>
        <time>2026-09-05T10:40:33.000Z</time>
      </trkpt>
      <trkpt lat="42.36953825689852237701416015625" lon="1.7791020311415195465087890625">
        <ele>1039.199951171875</ele>
        <time>2026-09-05T10:40:34.000Z</time>
      </trkpt>
      <trkpt lat="42.3695795796811580657958984375" lon="1.7791642248630523681640625">
        <ele>1039.199951171875</ele>
        <time>2026-09-05T10:40:39.000Z</time>
      </trkpt>
      <trkpt lat="42.36959659494459629058837890625" lon="1.77921527065336704254150390625">
        <ele>1039</ele>
        <time>2026-09-05T10:40:42.000Z</time>
      </trkpt>
      <trkpt lat="42.3696018755435943603515625" lon="1.7792473733425140380859375">
        <ele>1039.199951171875</ele>
        <time>2026-09-05T10:40:44.000Z</time>
      </trkpt>
      <trkpt lat="42.36962643451988697052001953125" lon="1.77934468723833560943603515625">
        <ele>1039.4000244140625</ele>
        <time>2026-09-05T10:40:50.000Z</time>
      </trkpt>
      <trkpt lat="42.36963548697531223297119140625" lon="1.77939581684768199920654296875">
        <ele>1039.4000244140625</ele>
        <time>2026-09-05T10:40:54.000Z</time>
      </trkpt>
      <trkpt lat="42.3696208186447620391845703125" lon="1.779481060802936553955078125">
        <ele>1039.199951171875</ele>
        <time>2026-09-05T10:41:00.000Z</time>
      </trkpt>
      <trkpt lat="42.3696157895028591156005859375" lon="1.77949673496186733245849609375">
        <ele>1039.199951171875</ele>
        <time>2026-09-05T10:41:01.000Z</time>
      </trkpt>
      <trkpt lat="42.36959986388683319091796875" lon="1.77957401610910892486572265625">
        <ele>1039.4000244140625</ele>
        <time>2026-09-05T10:41:07.000Z</time>
      </trkpt>
      <trkpt lat="42.3695983551442623138427734375" lon="1.779591701924800872802734375">
        <ele>1039.4000244140625</ele>
        <time>2026-09-05T10:41:08.000Z</time>
      </trkpt>
      <trkpt lat="42.36956365406513214111328125" lon="1.77969605661928653717041015625">
        <ele>1039.199951171875</ele>
        <time>2026-09-05T10:41:14.000Z</time>
      </trkpt>
      <trkpt lat="42.3695604689419269561767578125" lon="1.7797206155955791473388671875">
        <ele>1039</ele>
        <time>2026-09-05T10:41:16.000Z</time>
      </trkpt>
      <trkpt lat="42.3695688508450984954833984375" lon="1.779755651950836181640625">
        <ele>1038.5999755859375</ele>
        <time>2026-09-05T10:41:18.000Z</time>
      </trkpt>
      <trkpt lat="42.36959273926913738250732421875" lon="1.77982094697654247283935546875">
        <ele>1038.800048828125</ele>
        <time>2026-09-05T10:41:23.000Z</time>
      </trkpt>
      <trkpt lat="42.36964906565845012664794921875" lon="1.7798433266580104827880859375">
        <ele>1039.5999755859375</ele>
        <time>2026-09-05T10:41:29.000Z</time>
      </trkpt>
      <trkpt lat="42.36970824189484119415283203125" lon="1.77985112182796001434326171875">
        <ele>1039</ele>
        <time>2026-09-05T10:41:35.000Z</time>
      </trkpt>
      <trkpt lat="42.369757108390331268310546875" lon="1.77989135496318340301513671875">
        <ele>1038.5999755859375</ele>
        <time>2026-09-05T10:41:41.000Z</time>
      </trkpt>
      <trkpt lat="42.3697636462748050689697265625" lon="1.77989671938121318817138671875">
        <ele>1038.5999755859375</ele>
        <time>2026-09-05T10:41:42.000Z</time>
      </trkpt>
      <trkpt lat="42.36983128823339939117431640625" lon="1.77990811876952648162841796875">
        <ele>1038.4000244140625</ele>
        <time>2026-09-05T10:41:48.000Z</time>
      </trkpt>
      <trkpt lat="42.369899265468120574951171875" lon="1.77991650067269802093505859375">
        <ele>1038.199951171875</ele>
        <time>2026-09-05T10:41:54.000Z</time>
      </trkpt>
      <trkpt lat="42.3699621297419071197509765625" lon="1.77990116178989410400390625">
        <ele>1037.800048828125</ele>
        <time>2026-09-05T10:42:00.000Z</time>
      </trkpt>
      <trkpt lat="42.37000127322971820831298828125" lon="1.7798959650099277496337890625">
        <ele>1037.5999755859375</ele>
        <time>2026-09-05T10:42:04.000Z</time>
      </trkpt>
      <trkpt lat="42.37003044225275516510009765625" lon="1.779888086020946502685546875">
        <ele>1037.800048828125</ele>
        <time>2026-09-05T10:42:06.000Z</time>
      </trkpt>
      <trkpt lat="42.37010001204907894134521484375" lon="1.77987995557487010955810546875">
        <ele>1037.199951171875</ele>
        <time>2026-09-05T10:42:12.000Z</time>
      </trkpt>
    </trkseg>
  </trk>
</gpx>
